clean_price_id,crop_id,crop_name,state,year_month,avg_modal_price_inr,min_price_inr,max_price_inr,total_arrivals_tonnes,n_source_records
MPC000001,CROP001,Rice (Paddy),Andhra Pradesh,2024-01,4772.0,4390.0,5154.0,124.6,1
MPC000002,CROP001,Rice (Paddy),Andhra Pradesh,2024-02,4665.0,4292.0,5038.0,52.0,1
MPC000003,CROP001,Rice (Paddy),Andhra Pradesh,2024-03,5343.0,4916.0,5770.0,46.7,1
MPC000004,CROP001,Rice (Paddy),Andhra Pradesh,2024-04,5195.0,4779.0,5611.0,186.7,1
MPC000005,CROP001,Rice (Paddy),Andhra Pradesh,2024-05,4661.0,4288.0,5034.0,181.3,1
MPC000006,CROP001,Rice (Paddy),Andhra Pradesh,2024-06,4515.0,4154.0,4876.0,183.6,1
MPC000007,CROP001,Rice (Paddy),Andhra Pradesh,2024-07,4204.0,3868.0,4540.0,160.5,1
MPC000008,CROP001,Rice (Paddy),Andhra Pradesh,2024-08,4078.0,3752.0,4404.0,126.3,1
MPC000009,CROP001,Rice (Paddy),Andhra Pradesh,2024-09,3916.0,3603.0,4229.0,153.1,1
MPC000010,CROP001,Rice (Paddy),Andhra Pradesh,2024-10,4017.0,3696.0,4338.0,332.3,1
MPC000011,CROP001,Rice (Paddy),Andhra Pradesh,2024-11,4698.0,4322.0,5074.0,73.5,1
MPC000012,CROP001,Rice (Paddy),Andhra Pradesh,2024-12,4772.0,4390.0,5154.0,108.9,1
MPC000013,CROP001,Rice (Paddy),Andhra Pradesh,2025-01,4961.0,4564.0,5358.0,115.5,1
MPC000014,CROP001,Rice (Paddy),Andhra Pradesh,2025-02,5104.0,4696.0,5512.0,25.8,1
MPC000015,CROP001,Rice (Paddy),Andhra Pradesh,2025-03,5386.0,4955.0,5817.0,87.5,1
MPC000016,CROP001,Rice (Paddy),Andhra Pradesh,2025-04,4970.0,4572.0,5368.0,325.6,1
MPC000017,CROP001,Rice (Paddy),Andhra Pradesh,2025-05,4978.0,4580.0,5376.0,142.5,1
MPC000018,CROP001,Rice (Paddy),Andhra Pradesh,2025-06,4867.0,4478.0,5256.0,307.9,1
MPC000019,CROP001,Rice (Paddy),Andhra Pradesh,2025-07,4927.0,4533.0,5321.0,177.9,1
MPC000020,CROP001,Rice (Paddy),Andhra Pradesh,2025-08,4511.0,4150.0,4872.0,128.9,1
MPC000021,CROP001,Rice (Paddy),Andhra Pradesh,2025-09,3873.0,3563.0,4183.0,115.3,1
MPC000022,CROP001,Rice (Paddy),Andhra Pradesh,2025-10,4085.0,3758.0,4412.0,50.0,1
MPC000023,CROP001,Rice (Paddy),Andhra Pradesh,2025-11,4350.0,4002.0,4698.0,128.0,1
MPC000024,CROP001,Rice (Paddy),Andhra Pradesh,2025-12,5024.0,4622.0,5426.0,93.0,1
MPC000025,CROP001,Rice (Paddy),Andhra Pradesh,2026-01,4909.0,4516.0,5302.0,177.0,1
MPC000026,CROP001,Rice (Paddy),Andhra Pradesh,2026-02,5223.0,4805.0,5641.0,159.0,1
MPC000027,CROP001,Rice (Paddy),Andhra Pradesh,2026-03,5884.0,5413.0,6355.0,110.8,1
MPC000028,CROP001,Rice (Paddy),Andhra Pradesh,2026-04,5556.0,5112.0,6000.0,86.6,1
MPC000029,CROP001,Rice (Paddy),Andhra Pradesh,2026-05,5407.0,4974.0,5840.0,134.9,1
MPC000030,CROP001,Rice (Paddy),Andhra Pradesh,2026-06,4729.0,4351.0,5107.0,56.1,1
MPC000031,CROP001,Rice (Paddy),Andhra Pradesh,2026-07,4638.0,4267.0,5009.0,128.8,1
MPC000032,CROP001,Rice (Paddy),Andhra Pradesh,2026-08,4499.0,4139.0,4859.0,119.8,1
MPC000033,CROP001,Rice (Paddy),Madhya Pradesh,2024-01,4513.0,4152.0,4874.0,47.9,1
MPC000034,CROP001,Rice (Paddy),Madhya Pradesh,2024-02,4743.0,4364.0,5122.0,228.1,1
MPC000035,CROP001,Rice (Paddy),Madhya Pradesh,2024-03,5445.0,5009.0,5881.0,39.6,1
MPC000036,CROP001,Rice (Paddy),Madhya Pradesh,2024-04,4603.0,4235.0,4971.0,118.4,1
MPC000037,CROP001,Rice (Paddy),Madhya Pradesh,2024-05,4556.0,4192.0,4920.0,166.6,1
MPC000038,CROP001,Rice (Paddy),Madhya Pradesh,2024-06,4294.0,3950.0,4638.0,159.3,1
MPC000039,CROP001,Rice (Paddy),Madhya Pradesh,2024-07,4318.0,3973.0,4663.0,150.7,1
MPC000040,CROP001,Rice (Paddy),Madhya Pradesh,2024-08,3985.0,3666.0,4304.0,200.7,1
MPC000041,CROP001,Rice (Paddy),Madhya Pradesh,2024-09,3888.0,3577.0,4199.0,6.1,1
MPC000042,CROP001,Rice (Paddy),Madhya Pradesh,2024-10,4338.0,3991.0,4685.0,102.4,1
MPC000043,CROP001,Rice (Paddy),Madhya Pradesh,2024-11,3978.0,3660.0,4296.0,105.3,1
MPC000044,CROP001,Rice (Paddy),Madhya Pradesh,2024-12,4690.0,4315.0,5065.0,60.5,1
MPC000045,CROP001,Rice (Paddy),Madhya Pradesh,2025-01,4875.0,4485.0,5265.0,29.3,1
MPC000046,CROP001,Rice (Paddy),Madhya Pradesh,2025-02,4997.0,4597.0,5397.0,317.0,1
MPC000047,CROP001,Rice (Paddy),Madhya Pradesh,2025-03,5476.0,5038.0,5914.0,135.7,1
MPC000048,CROP001,Rice (Paddy),Madhya Pradesh,2025-04,5404.0,4972.0,5836.0,59.5,1
MPC000049,CROP001,Rice (Paddy),Madhya Pradesh,2025-05,5068.0,4663.0,5473.0,92.8,1
MPC000050,CROP001,Rice (Paddy),Madhya Pradesh,2025-06,4617.0,4248.0,4986.0,46.3,1
MPC000051,CROP001,Rice (Paddy),Madhya Pradesh,2025-07,4262.0,3921.0,4603.0,179.3,1
MPC000052,CROP001,Rice (Paddy),Madhya Pradesh,2025-08,4241.0,3902.0,4580.0,87.0,1
MPC000053,CROP001,Rice (Paddy),Madhya Pradesh,2025-09,3948.0,3632.0,4264.0,73.9,1
MPC000054,CROP001,Rice (Paddy),Madhya Pradesh,2025-10,4070.0,3744.0,4396.0,64.0,1
MPC000055,CROP001,Rice (Paddy),Madhya Pradesh,2025-11,4382.0,4031.0,4733.0,92.0,1
MPC000056,CROP001,Rice (Paddy),Madhya Pradesh,2025-12,4661.0,4288.0,5034.0,61.5,1
MPC000057,CROP001,Rice (Paddy),Madhya Pradesh,2026-01,5526.0,5084.0,5968.0,68.0,1
MPC000058,CROP001,Rice (Paddy),Madhya Pradesh,2026-02,5354.0,4926.0,5782.0,116.8,1
MPC000059,CROP001,Rice (Paddy),Madhya Pradesh,2026-03,5733.0,5274.0,6192.0,175.6,1
MPC000060,CROP001,Rice (Paddy),Madhya Pradesh,2026-04,5168.0,4755.0,5581.0,128.6,1
MPC000061,CROP001,Rice (Paddy),Madhya Pradesh,2026-05,5220.0,4802.0,5638.0,86.7,1
MPC000062,CROP001,Rice (Paddy),Madhya Pradesh,2026-06,4750.0,4370.0,5130.0,58.2,1
MPC000063,CROP001,Rice (Paddy),Madhya Pradesh,2026-07,4421.0,4067.0,4775.0,82.1,1
MPC000064,CROP001,Rice (Paddy),Madhya Pradesh,2026-08,4563.0,4198.0,4928.0,148.7,1
MPC000065,CROP001,Rice (Paddy),Maharashtra,2024-01,4988.0,4589.0,5387.0,115.0,1
MPC000066,CROP001,Rice (Paddy),Maharashtra,2024-02,4952.0,4556.0,5348.0,76.0,1
MPC000067,CROP001,Rice (Paddy),Maharashtra,2024-03,4787.0,4404.0,5170.0,86.6,1
MPC000068,CROP001,Rice (Paddy),Maharashtra,2024-04,4572.0,4206.0,4938.0,121.8,1
MPC000069,CROP001,Rice (Paddy),Maharashtra,2024-05,4915.0,4522.0,5308.0,68.4,1
MPC000070,CROP001,Rice (Paddy),Maharashtra,2024-06,4440.0,4085.0,4795.0,50.5,1
MPC000071,CROP001,Rice (Paddy),Maharashtra,2024-07,4386.0,4035.0,4737.0,99.9,1
MPC000072,CROP001,Rice (Paddy),Maharashtra,2024-08,4042.0,3719.0,4365.0,75.8,1
MPC000073,CROP001,Rice (Paddy),Maharashtra,2024-09,4188.0,3853.0,4523.0,223.2,1
MPC000074,CROP001,Rice (Paddy),Maharashtra,2024-10,4069.0,3743.0,4395.0,53.5,1
MPC000075,CROP001,Rice (Paddy),Maharashtra,2024-11,4438.0,4083.0,4793.0,133.2,1
MPC000076,CROP001,Rice (Paddy),Maharashtra,2024-12,4676.0,4302.0,5050.0,54.7,1
MPC000077,CROP001,Rice (Paddy),Maharashtra,2025-01,4758.0,4377.0,5139.0,54.2,1
MPC000078,CROP001,Rice (Paddy),Maharashtra,2025-02,5140.0,4729.0,5551.0,127.2,1
MPC000079,CROP001,Rice (Paddy),Maharashtra,2025-03,4483.0,4124.0,4842.0,242.7,1
MPC000080,CROP001,Rice (Paddy),Maharashtra,2025-04,5512.0,5071.0,5953.0,69.1,1
MPC000081,CROP001,Rice (Paddy),Maharashtra,2025-05,5211.0,4794.0,5628.0,353.3,1
MPC000082,CROP001,Rice (Paddy),Maharashtra,2025-06,5132.0,4721.0,5543.0,99.1,1
MPC000083,CROP001,Rice (Paddy),Maharashtra,2025-07,4748.0,4368.0,5128.0,54.6,1
MPC000084,CROP001,Rice (Paddy),Maharashtra,2025-08,4612.0,4243.0,4981.0,89.8,1
MPC000085,CROP001,Rice (Paddy),Maharashtra,2025-09,4159.0,3826.0,4492.0,138.0,1
MPC000086,CROP001,Rice (Paddy),Maharashtra,2025-10,4325.0,3979.0,4671.0,239.5,1
MPC000087,CROP001,Rice (Paddy),Maharashtra,2025-11,4489.0,4130.0,4848.0,77.0,1
MPC000088,CROP001,Rice (Paddy),Maharashtra,2025-12,5028.0,4626.0,5430.0,133.6,1
MPC000089,CROP001,Rice (Paddy),Maharashtra,2026-01,5334.0,4907.0,5761.0,53.9,1
MPC000090,CROP001,Rice (Paddy),Maharashtra,2026-02,5729.0,5271.0,6187.0,22.5,1
MPC000091,CROP001,Rice (Paddy),Maharashtra,2026-03,5233.0,4814.0,5652.0,97.7,1
MPC000092,CROP001,Rice (Paddy),Maharashtra,2026-04,5410.0,4977.0,5843.0,184.8,1
MPC000093,CROP001,Rice (Paddy),Maharashtra,2026-05,5617.0,5168.0,6066.0,59.6,1
MPC000094,CROP001,Rice (Paddy),Maharashtra,2026-06,5206.0,4790.0,5622.0,48.6,1
MPC000095,CROP001,Rice (Paddy),Maharashtra,2026-07,4572.0,4206.0,4938.0,93.8,1
MPC000096,CROP001,Rice (Paddy),Maharashtra,2026-08,4629.0,4259.0,4999.0,29.2,1
MPC000097,CROP001,Rice (Paddy),Punjab,2024-01,4829.0,4443.0,5215.0,88.8,1
MPC000098,CROP001,Rice (Paddy),Punjab,2024-02,4971.0,4573.0,5369.0,69.9,1
MPC000099,CROP001,Rice (Paddy),Punjab,2024-03,4854.0,4466.0,5242.0,83.5,1
MPC000100,CROP001,Rice (Paddy),Punjab,2024-04,4891.0,4500.0,5282.0,121.2,1
MPC000101,CROP001,Rice (Paddy),Punjab,2024-05,4767.0,4386.0,5148.0,249.7,1
MPC000102,CROP001,Rice (Paddy),Punjab,2024-06,4240.0,3901.0,4579.0,193.2,1
MPC000103,CROP001,Rice (Paddy),Punjab,2024-07,4620.0,4250.0,4990.0,96.9,1
MPC000104,CROP001,Rice (Paddy),Punjab,2024-08,3884.0,3573.0,4195.0,51.8,1
MPC000105,CROP001,Rice (Paddy),Punjab,2024-09,4017.0,3696.0,4338.0,104.3,1
MPC000106,CROP001,Rice (Paddy),Punjab,2024-10,4034.0,3711.0,4357.0,132.5,1
MPC000107,CROP001,Rice (Paddy),Punjab,2024-11,3837.0,3530.0,4144.0,72.8,1
MPC000108,CROP001,Rice (Paddy),Punjab,2024-12,4785.0,4402.0,5168.0,68.7,1
MPC000109,CROP001,Rice (Paddy),Punjab,2025-01,4935.0,4540.0,5330.0,83.0,1
MPC000110,CROP001,Rice (Paddy),Punjab,2025-02,5433.0,4998.0,5868.0,107.9,1
MPC000111,CROP001,Rice (Paddy),Punjab,2025-03,5497.0,5057.0,5937.0,137.7,1
MPC000112,CROP001,Rice (Paddy),Punjab,2025-04,5169.0,4755.0,5583.0,298.7,1
MPC000113,CROP001,Rice (Paddy),Punjab,2025-05,5108.0,4699.0,5517.0,109.6,1
MPC000114,CROP001,Rice (Paddy),Punjab,2025-06,4518.0,4157.0,4879.0,80.0,1
MPC000115,CROP001,Rice (Paddy),Punjab,2025-07,4553.0,4189.0,4917.0,107.2,1
MPC000116,CROP001,Rice (Paddy),Punjab,2025-08,4281.0,3939.0,4623.0,174.4,1
MPC000117,CROP001,Rice (Paddy),Punjab,2025-09,4271.0,3929.0,4613.0,247.4,1
MPC000118,CROP001,Rice (Paddy),Punjab,2025-10,4295.0,3951.0,4639.0,36.0,1
MPC000119,CROP001,Rice (Paddy),Punjab,2025-11,4239.0,3900.0,4578.0,45.4,1
MPC000120,CROP001,Rice (Paddy),Punjab,2025-12,4808.0,4423.0,5193.0,64.8,1
MPC000121,CROP001,Rice (Paddy),Punjab,2026-01,4955.0,4559.0,5351.0,141.1,1
MPC000122,CROP001,Rice (Paddy),Punjab,2026-02,5364.0,4935.0,5793.0,239.1,1
MPC000123,CROP001,Rice (Paddy),Punjab,2026-03,4897.0,4505.0,5289.0,101.0,1
MPC000124,CROP001,Rice (Paddy),Punjab,2026-04,5667.0,5214.0,6120.0,165.6,1
MPC000125,CROP001,Rice (Paddy),Punjab,2026-05,5341.0,4914.0,5768.0,142.3,1
MPC000126,CROP001,Rice (Paddy),Punjab,2026-06,4913.0,4520.0,5306.0,184.3,1
MPC000127,CROP001,Rice (Paddy),Punjab,2026-07,4410.0,4057.0,4763.0,127.4,1
MPC000128,CROP001,Rice (Paddy),Punjab,2026-08,4423.0,4069.0,4777.0,153.4,1
MPC000129,CROP002,Wheat,Andhra Pradesh,2024-01,2824.0,2598.0,3050.0,71.2,1
MPC000130,CROP002,Wheat,Andhra Pradesh,2024-02,3236.0,2977.0,3495.0,203.7,1
MPC000131,CROP002,Wheat,Andhra Pradesh,2024-03,2967.0,2730.0,3204.0,91.1,1
MPC000132,CROP002,Wheat,Andhra Pradesh,2024-04,3257.0,2996.0,3518.0,81.9,1
MPC000133,CROP002,Wheat,Andhra Pradesh,2024-05,3007.0,2766.0,3248.0,150.4,1
MPC000134,CROP002,Wheat,Andhra Pradesh,2024-06,2753.0,2533.0,2973.0,188.4,1
MPC000135,CROP002,Wheat,Andhra Pradesh,2024-07,2591.0,2384.0,2798.0,139.0,1
MPC000136,CROP002,Wheat,Andhra Pradesh,2024-08,2471.0,2273.0,2669.0,91.8,1
MPC000137,CROP002,Wheat,Andhra Pradesh,2024-09,2624.0,2414.0,2834.0,202.2,1
MPC000138,CROP002,Wheat,Andhra Pradesh,2024-10,2674.0,2460.0,2888.0,199.0,1
MPC000139,CROP002,Wheat,Andhra Pradesh,2024-11,2578.0,2372.0,2784.0,149.8,1
MPC000140,CROP002,Wheat,Andhra Pradesh,2024-12,2771.0,2549.0,2993.0,181.7,1
MPC000141,CROP002,Wheat,Andhra Pradesh,2025-01,3017.0,2776.0,3258.0,88.4,1
MPC000142,CROP002,Wheat,Andhra Pradesh,2025-02,3474.0,3196.0,3752.0,96.4,1
MPC000143,CROP002,Wheat,Andhra Pradesh,2025-03,3169.0,2915.0,3423.0,80.9,1
MPC000144,CROP002,Wheat,Andhra Pradesh,2025-04,3211.0,2954.0,3468.0,124.3,1
MPC000145,CROP002,Wheat,Andhra Pradesh,2025-05,3138.0,2887.0,3389.0,180.1,1
MPC000146,CROP002,Wheat,Andhra Pradesh,2025-06,2628.0,2418.0,2838.0,46.6,1
MPC000147,CROP002,Wheat,Andhra Pradesh,2025-07,2869.0,2639.0,3099.0,78.6,1
MPC000148,CROP002,Wheat,Andhra Pradesh,2025-08,2606.0,2398.0,2814.0,79.6,1
MPC000149,CROP002,Wheat,Andhra Pradesh,2025-09,2314.0,2129.0,2499.0,83.9,1
MPC000150,CROP002,Wheat,Andhra Pradesh,2025-10,2464.0,2267.0,2661.0,98.5,1
MPC000151,CROP002,Wheat,Andhra Pradesh,2025-11,2875.0,2645.0,3105.0,124.7,1
MPC000152,CROP002,Wheat,Andhra Pradesh,2025-12,3070.0,2824.0,3316.0,143.9,1
MPC000153,CROP002,Wheat,Andhra Pradesh,2026-01,3319.0,3053.0,3585.0,90.0,1
MPC000154,CROP002,Wheat,Andhra Pradesh,2026-02,3401.0,3129.0,3673.0,80.9,1
MPC000155,CROP002,Wheat,Andhra Pradesh,2026-03,3573.0,3287.0,3859.0,108.9,1
MPC000156,CROP002,Wheat,Andhra Pradesh,2026-04,3694.0,3398.0,3990.0,139.7,1
MPC000157,CROP002,Wheat,Andhra Pradesh,2026-05,3271.0,3009.0,3533.0,103.9,1
MPC000158,CROP002,Wheat,Andhra Pradesh,2026-06,3140.0,2889.0,3391.0,137.9,1
MPC000159,CROP002,Wheat,Andhra Pradesh,2026-07,2806.0,2582.0,3030.0,40.0,1
MPC000160,CROP002,Wheat,Andhra Pradesh,2026-08,2598.0,2390.0,2806.0,185.6,1
MPC000161,CROP002,Wheat,Haryana,2024-01,2943.0,2708.0,3178.0,181.8,1
MPC000162,CROP002,Wheat,Haryana,2024-02,3024.0,2782.0,3266.0,156.0,1
MPC000163,CROP002,Wheat,Haryana,2024-03,3118.0,2869.0,3367.0,105.6,1
MPC000164,CROP002,Wheat,Haryana,2024-04,3028.0,2786.0,3270.0,129.5,1
MPC000165,CROP002,Wheat,Haryana,2024-05,3164.0,2911.0,3417.0,47.3,1
MPC000166,CROP002,Wheat,Haryana,2024-06,2832.0,2605.0,3059.0,114.6,1
MPC000167,CROP002,Wheat,Haryana,2024-07,2634.0,2423.0,2845.0,56.5,1
MPC000168,CROP002,Wheat,Haryana,2024-08,2514.0,2313.0,2715.0,48.2,1
MPC000169,CROP002,Wheat,Haryana,2024-09,2443.0,2248.0,2638.0,176.7,1
MPC000170,CROP002,Wheat,Haryana,2024-10,2407.0,2214.0,2600.0,72.2,1
MPC000171,CROP002,Wheat,Haryana,2024-11,2487.0,2288.0,2686.0,107.5,1
MPC000172,CROP002,Wheat,Haryana,2024-12,2606.0,2398.0,2814.0,52.3,1
MPC000173,CROP002,Wheat,Haryana,2025-01,2920.0,2686.0,3154.0,62.7,1
MPC000174,CROP002,Wheat,Haryana,2025-02,2704.0,2488.0,2920.0,63.3,1
MPC000175,CROP002,Wheat,Haryana,2025-03,3349.0,3081.0,3617.0,64.1,1
MPC000176,CROP002,Wheat,Haryana,2025-04,3120.0,2870.0,3370.0,108.4,1
MPC000177,CROP002,Wheat,Haryana,2025-05,3069.0,2823.0,3315.0,164.6,1
MPC000178,CROP002,Wheat,Haryana,2025-06,2841.0,2614.0,3068.0,16.6,1
MPC000179,CROP002,Wheat,Haryana,2025-07,2880.0,2650.0,3110.0,50.5,1
MPC000180,CROP002,Wheat,Haryana,2025-08,2522.0,2320.0,2724.0,44.9,1
MPC000181,CROP002,Wheat,Haryana,2025-09,2536.0,2333.0,2739.0,70.6,1
MPC000182,CROP002,Wheat,Haryana,2025-10,2422.0,2228.0,2616.0,122.1,1
MPC000183,CROP002,Wheat,Haryana,2025-11,2706.0,2490.0,2922.0,197.9,1
MPC000184,CROP002,Wheat,Haryana,2025-12,3109.0,2860.0,3358.0,168.0,1
MPC000185,CROP002,Wheat,Haryana,2026-01,2904.0,2672.0,3136.0,215.0,1
MPC000186,CROP002,Wheat,Haryana,2026-02,3284.0,3021.0,3547.0,171.4,1
MPC000187,CROP002,Wheat,Haryana,2026-03,3328.0,3062.0,3594.0,292.9,1
MPC000188,CROP002,Wheat,Haryana,2026-04,3491.0,3212.0,3770.0,90.1,1
MPC000189,CROP002,Wheat,Haryana,2026-05,3393.0,3122.0,3664.0,96.2,1
MPC000190,CROP002,Wheat,Haryana,2026-06,2899.0,2667.0,3131.0,80.7,1
MPC000191,CROP002,Wheat,Haryana,2026-07,2916.0,2683.0,3149.0,153.7,1
MPC000192,CROP002,Wheat,Haryana,2026-08,2778.0,2556.0,3000.0,55.4,1
MPC000193,CROP002,Wheat,Punjab,2024-01,3112.0,2863.0,3361.0,135.9,1
MPC000194,CROP002,Wheat,Punjab,2024-02,2965.0,2728.0,3202.0,162.2,1
MPC000195,CROP002,Wheat,Punjab,2024-03,3276.0,3014.0,3538.0,263.0,1
MPC000196,CROP002,Wheat,Punjab,2024-04,3047.0,2803.0,3291.0,88.3,1
MPC000197,CROP002,Wheat,Punjab,2024-05,3164.0,2911.0,3417.0,92.7,1
MPC000198,CROP002,Wheat,Punjab,2024-06,2943.0,2708.0,3178.0,183.7,1
MPC000199,CROP002,Wheat,Punjab,2024-07,2694.0,2478.0,2910.0,38.4,1
MPC000200,CROP002,Wheat,Punjab,2024-08,2421.0,2227.0,2615.0,121.4,1
MPC000201,CROP002,Wheat,Punjab,2024-09,2425.0,2231.0,2619.0,116.8,1
MPC000202,CROP002,Wheat,Punjab,2024-10,2313.0,2128.0,2498.0,78.8,1
MPC000203,CROP002,Wheat,Punjab,2024-11,2779.0,2557.0,3001.0,85.2,1
MPC000204,CROP002,Wheat,Punjab,2024-12,2730.0,2512.0,2948.0,173.4,1
MPC000205,CROP002,Wheat,Punjab,2025-01,3010.0,2769.0,3251.0,30.1,1
MPC000206,CROP002,Wheat,Punjab,2025-02,3181.0,2927.0,3435.0,233.7,1
MPC000207,CROP002,Wheat,Punjab,2025-03,3404.0,3132.0,3676.0,118.3,1
MPC000208,CROP002,Wheat,Punjab,2025-04,3326.0,3060.0,3592.0,91.1,1
MPC000209,CROP002,Wheat,Punjab,2025-05,3076.0,2830.0,3322.0,112.6,1
MPC000210,CROP002,Wheat,Punjab,2025-06,3010.0,2769.0,3251.0,78.9,1
MPC000211,CROP002,Wheat,Punjab,2025-07,2738.0,2519.0,2957.0,95.7,1
MPC000212,CROP002,Wheat,Punjab,2025-08,2461.0,2264.0,2658.0,61.4,1
MPC000213,CROP002,Wheat,Punjab,2025-09,2852.0,2624.0,3080.0,256.3,1
MPC000214,CROP002,Wheat,Punjab,2025-10,2492.0,2293.0,2691.0,158.3,1
MPC000215,CROP002,Wheat,Punjab,2025-11,2682.0,2467.0,2897.0,103.3,1
MPC000216,CROP002,Wheat,Punjab,2025-12,2883.0,2652.0,3114.0,140.8,1
MPC000217,CROP002,Wheat,Punjab,2026-01,3009.0,2768.0,3250.0,146.3,1
MPC000218,CROP002,Wheat,Punjab,2026-02,3421.0,3147.0,3695.0,125.9,1
MPC000219,CROP002,Wheat,Punjab,2026-03,3347.0,3079.0,3615.0,98.4,1
MPC000220,CROP002,Wheat,Punjab,2026-04,3413.0,3140.0,3686.0,77.9,1
MPC000221,CROP002,Wheat,Punjab,2026-05,3430.0,3156.0,3704.0,97.9,1
MPC000222,CROP002,Wheat,Punjab,2026-06,3234.0,2975.0,3493.0,104.8,1
MPC000223,CROP002,Wheat,Punjab,2026-07,2869.0,2639.0,3099.0,86.1,1
MPC000224,CROP002,Wheat,Punjab,2026-08,2552.0,2348.0,2756.0,358.0,1
MPC000225,CROP002,Wheat,Rajasthan,2024-01,2874.0,2644.0,3104.0,125.4,1
MPC000226,CROP002,Wheat,Rajasthan,2024-02,3023.0,2781.0,3265.0,86.8,1
MPC000227,CROP002,Wheat,Rajasthan,2024-03,2727.0,2509.0,2945.0,132.6,1
MPC000228,CROP002,Wheat,Rajasthan,2024-04,2915.0,2682.0,3148.0,197.0,1
MPC000229,CROP002,Wheat,Rajasthan,2024-05,2791.0,2568.0,3014.0,20.4,1
MPC000230,CROP002,Wheat,Rajasthan,2024-06,2594.0,2386.0,2802.0,89.3,1
MPC000231,CROP002,Wheat,Rajasthan,2024-07,2551.0,2347.0,2755.0,141.6,1
MPC000232,CROP002,Wheat,Rajasthan,2024-08,2430.0,2236.0,2624.0,35.9,1
MPC000233,CROP002,Wheat,Rajasthan,2024-09,2592.0,2385.0,2799.0,22.3,1
MPC000234,CROP002,Wheat,Rajasthan,2024-10,2731.0,2513.0,2949.0,15.3,1
MPC000235,CROP002,Wheat,Rajasthan,2024-11,2729.0,2511.0,2947.0,104.3,1
MPC000236,CROP002,Wheat,Rajasthan,2024-12,2795.0,2571.0,3019.0,154.6,1
MPC000237,CROP002,Wheat,Rajasthan,2025-01,3043.0,2800.0,3286.0,61.5,1
MPC000238,CROP002,Wheat,Rajasthan,2025-02,3537.0,3254.0,3820.0,159.8,1
MPC000239,CROP002,Wheat,Rajasthan,2025-03,3342.0,3075.0,3609.0,360.5,1
MPC000240,CROP002,Wheat,Rajasthan,2025-04,3038.0,2795.0,3281.0,43.1,1
MPC000241,CROP002,Wheat,Rajasthan,2025-05,3113.0,2864.0,3362.0,117.7,1
MPC000242,CROP002,Wheat,Rajasthan,2025-06,2852.0,2624.0,3080.0,154.2,1
MPC000243,CROP002,Wheat,Rajasthan,2025-07,2711.0,2494.0,2928.0,85.6,1
MPC000244,CROP002,Wheat,Rajasthan,2025-08,2352.0,2164.0,2540.0,47.3,1
MPC000245,CROP002,Wheat,Rajasthan,2025-09,2618.0,2409.0,2827.0,93.4,1
MPC000246,CROP002,Wheat,Rajasthan,2025-10,2419.0,2225.0,2613.0,168.2,1
MPC000247,CROP002,Wheat,Rajasthan,2025-11,2886.0,2655.0,3117.0,118.4,1
MPC000248,CROP002,Wheat,Rajasthan,2025-12,2841.0,2614.0,3068.0,44.9,1
MPC000249,CROP002,Wheat,Rajasthan,2026-01,3296.0,3032.0,3560.0,240.8,1
MPC000250,CROP002,Wheat,Rajasthan,2026-02,3065.0,2820.0,3310.0,107.0,1
MPC000251,CROP002,Wheat,Rajasthan,2026-03,3591.0,3304.0,3878.0,207.5,1
MPC000252,CROP002,Wheat,Rajasthan,2026-04,3737.0,3438.0,4036.0,117.5,1
MPC000253,CROP002,Wheat,Rajasthan,2026-05,3173.0,2919.0,3427.0,180.1,1
MPC000254,CROP002,Wheat,Rajasthan,2026-06,2990.0,2751.0,3229.0,107.1,1
MPC000255,CROP002,Wheat,Rajasthan,2026-07,2953.0,2717.0,3189.0,73.2,1
MPC000256,CROP002,Wheat,Rajasthan,2026-08,2528.0,2326.0,2730.0,40.2,1
MPC000257,CROP003,Maize,Gujarat,2024-01,2195.0,2019.0,2371.0,172.5,1
MPC000258,CROP003,Maize,Gujarat,2024-02,2390.0,2199.0,2581.0,38.1,1
MPC000259,CROP003,Maize,Gujarat,2024-03,2575.0,2369.0,2781.0,44.7,1
MPC000260,CROP003,Maize,Gujarat,2024-04,2397.0,2205.0,2589.0,221.9,1
MPC000261,CROP003,Maize,Gujarat,2024-05,2364.0,2175.0,2553.0,131.0,1
MPC000262,CROP003,Maize,Gujarat,2024-06,2053.0,1889.0,2217.0,74.1,1
MPC000263,CROP003,Maize,Gujarat,2024-07,2011.0,1850.0,2172.0,86.2,1
MPC000264,CROP003,Maize,Gujarat,2024-08,2035.0,1872.0,2198.0,89.6,1
MPC000265,CROP003,Maize,Gujarat,2024-09,1911.0,1758.0,2064.0,188.1,1
MPC000266,CROP003,Maize,Gujarat,2024-10,1861.0,1712.0,2010.0,245.2,1
MPC000267,CROP003,Maize,Gujarat,2024-11,2046.0,1882.0,2210.0,162.0,1
MPC000268,CROP003,Maize,Gujarat,2024-12,2281.0,2099.0,2463.0,267.0,1
MPC000269,CROP003,Maize,Gujarat,2025-01,2558.0,2353.0,2763.0,50.2,1
MPC000270,CROP003,Maize,Gujarat,2025-02,2620.0,2410.0,2830.0,152.5,1
MPC000271,CROP003,Maize,Gujarat,2025-03,2725.0,2507.0,2943.0,315.3,1
MPC000272,CROP003,Maize,Gujarat,2025-04,2597.0,2389.0,2805.0,117.9,1
MPC000273,CROP003,Maize,Gujarat,2025-05,2671.0,2457.0,2885.0,114.8,1
MPC000274,CROP003,Maize,Gujarat,2025-06,2168.0,1995.0,2341.0,244.0,1
MPC000275,CROP003,Maize,Gujarat,2025-07,2168.0,1995.0,2341.0,90.2,1
MPC000276,CROP003,Maize,Gujarat,2025-08,1972.0,1814.0,2130.0,151.3,1
MPC000277,CROP003,Maize,Gujarat,2025-09,2193.0,2018.0,2368.0,158.4,1
MPC000278,CROP003,Maize,Gujarat,2025-10,2177.0,2003.0,2351.0,175.2,1
MPC000279,CROP003,Maize,Gujarat,2025-11,2066.0,1901.0,2231.0,176.1,1
MPC000280,CROP003,Maize,Gujarat,2025-12,2453.0,2257.0,2649.0,201.0,1
MPC000281,CROP003,Maize,Gujarat,2026-01,2394.0,2202.0,2586.0,207.4,1
MPC000282,CROP003,Maize,Gujarat,2026-02,2701.0,2485.0,2917.0,43.5,1
MPC000283,CROP003,Maize,Gujarat,2026-03,2836.0,2609.0,3063.0,50.8,1
MPC000284,CROP003,Maize,Gujarat,2026-04,2610.0,2401.0,2819.0,35.3,1
MPC000285,CROP003,Maize,Gujarat,2026-05,2629.0,2419.0,2839.0,178.7,1
MPC000286,CROP003,Maize,Gujarat,2026-06,2418.0,2225.0,2611.0,112.4,1
MPC000287,CROP003,Maize,Gujarat,2026-07,2327.0,2141.0,2513.0,196.9,1
MPC000288,CROP003,Maize,Gujarat,2026-08,2217.0,2040.0,2394.0,110.3,1
MPC000289,CROP003,Maize,Karnataka,2024-01,2038.0,1875.0,2201.0,108.5,1
MPC000290,CROP003,Maize,Karnataka,2024-02,2567.0,2362.0,2772.0,162.6,1
MPC000291,CROP003,Maize,Karnataka,2024-03,2693.0,2478.0,2908.0,258.2,1
MPC000292,CROP003,Maize,Karnataka,2024-04,2460.0,2263.0,2657.0,137.7,1
MPC000293,CROP003,Maize,Karnataka,2024-05,2361.0,2172.0,2550.0,26.6,1
MPC000294,CROP003,Maize,Karnataka,2024-06,2285.0,2102.0,2468.0,65.2,1
MPC000295,CROP003,Maize,Karnataka,2024-07,2094.0,1926.0,2262.0,111.8,1
MPC000296,CROP003,Maize,Karnataka,2024-08,2114.0,1945.0,2283.0,104.6,1
MPC000297,CROP003,Maize,Karnataka,2024-09,2013.0,1852.0,2174.0,86.4,1
MPC000298,CROP003,Maize,Karnataka,2024-10,1968.0,1811.0,2125.0,33.5,1
MPC000299,CROP003,Maize,Karnataka,2024-11,2046.0,1882.0,2210.0,222.8,1
MPC000300,CROP003,Maize,Karnataka,2024-12,2158.0,1985.0,2331.0,114.0,1
MPC000301,CROP003,Maize,Karnataka,2025-01,2492.0,2293.0,2691.0,165.8,1
MPC000302,CROP003,Maize,Karnataka,2025-02,2404.0,2212.0,2596.0,105.2,1
MPC000303,CROP003,Maize,Karnataka,2025-03,2386.0,2195.0,2577.0,60.9,1
MPC000304,CROP003,Maize,Karnataka,2025-04,2670.0,2456.0,2884.0,29.9,1
MPC000305,CROP003,Maize,Karnataka,2025-05,2337.0,2150.0,2524.0,149.5,1
MPC000306,CROP003,Maize,Karnataka,2025-06,2443.0,2248.0,2638.0,94.5,1
MPC000307,CROP003,Maize,Karnataka,2025-07,2070.0,1904.0,2236.0,58.4,1
MPC000308,CROP003,Maize,Karnataka,2025-08,2089.0,1922.0,2256.0,172.5,1
MPC000309,CROP003,Maize,Karnataka,2025-09,1996.0,1836.0,2156.0,83.7,1
MPC000310,CROP003,Maize,Karnataka,2025-10,2175.0,2001.0,2349.0,85.4,1
MPC000311,CROP003,Maize,Karnataka,2025-11,2168.0,1995.0,2341.0,144.9,1
MPC000312,CROP003,Maize,Karnataka,2025-12,2197.0,2021.0,2373.0,81.5,1
MPC000313,CROP003,Maize,Karnataka,2026-01,2680.0,2466.0,2894.0,214.5,1
MPC000314,CROP003,Maize,Karnataka,2026-02,2718.0,2501.0,2935.0,147.3,1
MPC000315,CROP003,Maize,Karnataka,2026-03,2723.0,2505.0,2941.0,101.8,1
MPC000316,CROP003,Maize,Karnataka,2026-04,2778.0,2556.0,3000.0,155.0,1
MPC000317,CROP003,Maize,Karnataka,2026-05,2696.0,2480.0,2912.0,23.0,1
MPC000318,CROP003,Maize,Karnataka,2026-06,2658.0,2445.0,2871.0,107.7,1
MPC000319,CROP003,Maize,Karnataka,2026-07,2244.0,2064.0,2424.0,42.3,1
MPC000320,CROP003,Maize,Karnataka,2026-08,2297.0,2113.0,2481.0,67.6,1
MPC000321,CROP003,Maize,Punjab,2024-01,2273.0,2091.0,2455.0,71.9,1
MPC000322,CROP003,Maize,Punjab,2024-02,2583.0,2376.0,2790.0,183.3,1
MPC000323,CROP003,Maize,Punjab,2024-03,2276.0,2094.0,2458.0,190.5,1
MPC000324,CROP003,Maize,Punjab,2024-04,2362.0,2173.0,2551.0,144.3,1
MPC000325,CROP003,Maize,Punjab,2024-05,2453.0,2257.0,2649.0,105.9,1
MPC000326,CROP003,Maize,Punjab,2024-06,2312.0,2127.0,2497.0,73.6,1
MPC000327,CROP003,Maize,Punjab,2024-07,2107.0,1938.0,2276.0,110.4,1
MPC000328,CROP003,Maize,Punjab,2024-08,1973.0,1815.0,2131.0,284.8,1
MPC000329,CROP003,Maize,Punjab,2024-09,1819.0,1673.0,1965.0,174.2,1
MPC000330,CROP003,Maize,Punjab,2024-10,1880.0,1730.0,2030.0,187.5,1
MPC000331,CROP003,Maize,Punjab,2024-11,2073.0,1907.0,2239.0,238.3,1
MPC000332,CROP003,Maize,Punjab,2024-12,2238.0,2059.0,2417.0,166.6,1
MPC000333,CROP003,Maize,Punjab,2025-01,2384.0,2193.0,2575.0,56.7,1
MPC000334,CROP003,Maize,Punjab,2025-02,2440.0,2245.0,2635.0,93.8,1
MPC000335,CROP003,Maize,Punjab,2025-03,2597.0,2389.0,2805.0,112.4,1
MPC000336,CROP003,Maize,Punjab,2025-04,2616.0,2407.0,2825.0,37.2,1
MPC000337,CROP003,Maize,Punjab,2025-05,2538.0,2335.0,2741.0,259.7,1
MPC000338,CROP003,Maize,Punjab,2025-06,2315.0,2130.0,2500.0,64.2,1
MPC000339,CROP003,Maize,Punjab,2025-07,2228.0,2050.0,2406.0,95.8,1
MPC000340,CROP003,Maize,Punjab,2025-08,2018.0,1857.0,2179.0,49.6,1
MPC000341,CROP003,Maize,Punjab,2025-09,1981.0,1823.0,2139.0,133.5,1
MPC000342,CROP003,Maize,Punjab,2025-10,2023.0,1861.0,2185.0,68.5,1
MPC000343,CROP003,Maize,Punjab,2025-11,2090.0,1923.0,2257.0,74.7,1
MPC000344,CROP003,Maize,Punjab,2025-12,2415.0,2222.0,2608.0,274.1,1
MPC000345,CROP003,Maize,Punjab,2026-01,2698.0,2482.0,2914.0,47.1,1
MPC000346,CROP003,Maize,Punjab,2026-02,2641.0,2430.0,2852.0,109.4,1
MPC000347,CROP003,Maize,Punjab,2026-03,2614.0,2405.0,2823.0,145.7,1
MPC000348,CROP003,Maize,Punjab,2026-04,2602.0,2394.0,2810.0,124.5,1
MPC000349,CROP003,Maize,Punjab,2026-05,2570.0,2364.0,2776.0,148.3,1
MPC000350,CROP003,Maize,Punjab,2026-06,2315.0,2130.0,2500.0,163.6,1
MPC000351,CROP003,Maize,Punjab,2026-07,2342.0,2155.0,2529.0,186.4,1
MPC000352,CROP003,Maize,Punjab,2026-08,2317.0,2132.0,2502.0,96.5,1
MPC000353,CROP003,Maize,Tamil Nadu,2024-01,2202.0,2026.0,2378.0,103.4,1
MPC000354,CROP003,Maize,Tamil Nadu,2024-02,2450.0,2254.0,2646.0,152.2,1
MPC000355,CROP003,Maize,Tamil Nadu,2024-03,2500.0,2300.0,2700.0,154.5,1
MPC000356,CROP003,Maize,Tamil Nadu,2024-04,2495.0,2295.0,2695.0,99.0,1
MPC000357,CROP003,Maize,Tamil Nadu,2024-05,2152.0,1980.0,2324.0,144.6,1
MPC000358,CROP003,Maize,Tamil Nadu,2024-06,2192.0,2017.0,2367.0,105.6,1
MPC000359,CROP003,Maize,Tamil Nadu,2024-07,1932.0,1777.0,2087.0,133.8,1
MPC000360,CROP003,Maize,Tamil Nadu,2024-08,1845.0,1697.0,1993.0,273.3,1
MPC000361,CROP003,Maize,Tamil Nadu,2024-09,1802.0,1658.0,1946.0,55.1,1
MPC000362,CROP003,Maize,Tamil Nadu,2024-10,1973.0,1815.0,2131.0,105.9,1
MPC000363,CROP003,Maize,Tamil Nadu,2024-11,1986.0,1827.0,2145.0,53.0,1
MPC000364,CROP003,Maize,Tamil Nadu,2024-12,2203.0,2027.0,2379.0,82.8,1
MPC000365,CROP003,Maize,Tamil Nadu,2025-01,2474.0,2276.0,2672.0,123.3,1
MPC000366,CROP003,Maize,Tamil Nadu,2025-02,2509.0,2308.0,2710.0,25.1,1
MPC000367,CROP003,Maize,Tamil Nadu,2025-03,2762.0,2541.0,2983.0,81.8,1
MPC000368,CROP003,Maize,Tamil Nadu,2025-04,2605.0,2397.0,2813.0,200.6,1
MPC000369,CROP003,Maize,Tamil Nadu,2025-05,2260.0,2079.0,2441.0,36.7,1
MPC000370,CROP003,Maize,Tamil Nadu,2025-06,2374.0,2184.0,2564.0,79.4,1
MPC000371,CROP003,Maize,Tamil Nadu,2025-07,2233.0,2054.0,2412.0,90.9,1
MPC000372,CROP003,Maize,Tamil Nadu,2025-08,2087.0,1920.0,2254.0,150.3,1
MPC000373,CROP003,Maize,Tamil Nadu,2025-09,2064.0,1899.0,2229.0,104.8,1
MPC000374,CROP003,Maize,Tamil Nadu,2025-10,1962.0,1805.0,2119.0,298.8,1
MPC000375,CROP003,Maize,Tamil Nadu,2025-11,2226.0,2048.0,2404.0,94.8,1
MPC000376,CROP003,Maize,Tamil Nadu,2025-12,2452.0,2256.0,2648.0,125.3,1
MPC000377,CROP003,Maize,Tamil Nadu,2026-01,2468.0,2271.0,2665.0,88.8,1
MPC000378,CROP003,Maize,Tamil Nadu,2026-02,2735.0,2516.0,2954.0,266.0,1
MPC000379,CROP003,Maize,Tamil Nadu,2026-03,2649.0,2437.0,2861.0,23.2,1
MPC000380,CROP003,Maize,Tamil Nadu,2026-04,2599.0,2391.0,2807.0,92.4,1
MPC000381,CROP003,Maize,Tamil Nadu,2026-05,2610.0,2401.0,2819.0,147.2,1
MPC000382,CROP003,Maize,Tamil Nadu,2026-06,2569.0,2363.0,2775.0,82.4,1
MPC000383,CROP003,Maize,Tamil Nadu,2026-07,2046.0,1882.0,2210.0,189.2,1
MPC000384,CROP003,Maize,Tamil Nadu,2026-08,2247.0,2067.0,2427.0,100.6,1
MPC000385,CROP004,Sorghum (Jowar),Haryana,2024-01,2204.0,2028.0,2380.0,149.0,1
MPC000386,CROP004,Sorghum (Jowar),Haryana,2024-02,2323.0,2137.0,2509.0,307.7,1
MPC000387,CROP004,Sorghum (Jowar),Haryana,2024-03,2298.0,2114.0,2482.0,99.0,1
MPC000388,CROP004,Sorghum (Jowar),Haryana,2024-04,2144.0,1972.0,2316.0,113.1,1
MPC000389,CROP004,Sorghum (Jowar),Haryana,2024-05,2333.0,2146.0,2520.0,114.0,1
MPC000390,CROP004,Sorghum (Jowar),Haryana,2024-06,2099.0,1931.0,2267.0,176.1,1
MPC000391,CROP004,Sorghum (Jowar),Haryana,2024-07,2063.0,1898.0,2228.0,62.4,1
MPC000392,CROP004,Sorghum (Jowar),Haryana,2024-08,1794.0,1650.0,1938.0,113.6,1
MPC000393,CROP004,Sorghum (Jowar),Haryana,2024-09,1807.0,1662.0,1952.0,89.0,1
MPC000394,CROP004,Sorghum (Jowar),Haryana,2024-10,1893.0,1742.0,2044.0,138.8,1
MPC000395,CROP004,Sorghum (Jowar),Haryana,2024-11,2010.0,1849.0,2171.0,99.8,1
MPC000396,CROP004,Sorghum (Jowar),Haryana,2024-12,2077.0,1911.0,2243.0,126.7,1
MPC000397,CROP004,Sorghum (Jowar),Haryana,2025-01,2427.0,2233.0,2621.0,110.0,1
MPC000398,CROP004,Sorghum (Jowar),Haryana,2025-02,2569.0,2363.0,2775.0,194.2,1
MPC000399,CROP004,Sorghum (Jowar),Haryana,2025-03,2347.0,2159.0,2535.0,61.6,1
MPC000400,CROP004,Sorghum (Jowar),Haryana,2025-04,2353.0,2165.0,2541.0,71.1,1
MPC000401,CROP004,Sorghum (Jowar),Haryana,2025-05,2554.0,2350.0,2758.0,141.3,1
MPC000402,CROP004,Sorghum (Jowar),Haryana,2025-06,2254.0,2074.0,2434.0,171.8,1
MPC000403,CROP004,Sorghum (Jowar),Haryana,2025-07,2153.0,1981.0,2325.0,25.8,1
MPC000404,CROP004,Sorghum (Jowar),Haryana,2025-08,1935.0,1780.0,2090.0,62.2,1
MPC000405,CROP004,Sorghum (Jowar),Haryana,2025-09,2038.0,1875.0,2201.0,148.7,1
MPC000406,CROP004,Sorghum (Jowar),Haryana,2025-10,1649.0,1517.0,1781.0,94.8,1
MPC000407,CROP004,Sorghum (Jowar),Haryana,2025-11,2316.0,2131.0,2501.0,167.9,1
MPC000408,CROP004,Sorghum (Jowar),Haryana,2025-12,2274.0,2092.0,2456.0,54.8,1
MPC000409,CROP004,Sorghum (Jowar),Haryana,2026-01,2553.0,2349.0,2757.0,213.8,1
MPC000410,CROP004,Sorghum (Jowar),Haryana,2026-02,2600.0,2392.0,2808.0,226.5,1
MPC000411,CROP004,Sorghum (Jowar),Haryana,2026-03,2555.0,2351.0,2759.0,82.9,1
MPC000412,CROP004,Sorghum (Jowar),Haryana,2026-04,2504.0,2304.0,2704.0,98.0,1
MPC000413,CROP004,Sorghum (Jowar),Haryana,2026-05,2408.0,2215.0,2601.0,10.6,1
MPC000414,CROP004,Sorghum (Jowar),Haryana,2026-06,2483.0,2284.0,2682.0,164.2,1
MPC000415,CROP004,Sorghum (Jowar),Haryana,2026-07,2110.0,1941.0,2279.0,185.4,1
MPC000416,CROP004,Sorghum (Jowar),Haryana,2026-08,2061.0,1896.0,2226.0,105.6,1
MPC000417,CROP004,Sorghum (Jowar),Karnataka,2024-01,2314.0,2129.0,2499.0,103.2,1
MPC000418,CROP004,Sorghum (Jowar),Karnataka,2024-02,2476.0,2278.0,2674.0,146.9,1
MPC000419,CROP004,Sorghum (Jowar),Karnataka,2024-03,2226.0,2048.0,2404.0,297.6,1
MPC000420,CROP004,Sorghum (Jowar),Karnataka,2024-04,2300.0,2116.0,2484.0,98.5,1
MPC000421,CROP004,Sorghum (Jowar),Karnataka,2024-05,2332.0,2145.0,2519.0,240.7,1
MPC000422,CROP004,Sorghum (Jowar),Karnataka,2024-06,1978.0,1820.0,2136.0,136.6,1
MPC000423,CROP004,Sorghum (Jowar),Karnataka,2024-07,2019.0,1857.0,2181.0,172.9,1
MPC000424,CROP004,Sorghum (Jowar),Karnataka,2024-08,1976.0,1818.0,2134.0,185.3,1
MPC000425,CROP004,Sorghum (Jowar),Karnataka,2024-09,1754.0,1614.0,1894.0,54.1,1
MPC000426,CROP004,Sorghum (Jowar),Karnataka,2024-10,1856.0,1708.0,2004.0,137.6,1
MPC000427,CROP004,Sorghum (Jowar),Karnataka,2024-11,1973.0,1815.0,2131.0,154.9,1
MPC000428,CROP004,Sorghum (Jowar),Karnataka,2024-12,2134.0,1963.0,2305.0,124.5,1
MPC000429,CROP004,Sorghum (Jowar),Karnataka,2025-01,2288.0,2105.0,2471.0,38.5,1
MPC000430,CROP004,Sorghum (Jowar),Karnataka,2025-02,2250.0,2070.0,2430.0,138.5,1
MPC000431,CROP004,Sorghum (Jowar),Karnataka,2025-03,2555.0,2351.0,2759.0,61.2,1
MPC000432,CROP004,Sorghum (Jowar),Karnataka,2025-04,2013.0,1852.0,2174.0,44.3,1
MPC000433,CROP004,Sorghum (Jowar),Karnataka,2025-05,2548.0,2344.0,2752.0,286.2,1
MPC000434,CROP004,Sorghum (Jowar),Karnataka,2025-06,2370.0,2180.0,2560.0,112.4,1
MPC000435,CROP004,Sorghum (Jowar),Karnataka,2025-07,2157.0,1984.0,2330.0,52.1,1
MPC000436,CROP004,Sorghum (Jowar),Karnataka,2025-08,2089.0,1922.0,2256.0,170.6,1
MPC000437,CROP004,Sorghum (Jowar),Karnataka,2025-09,1832.0,1685.0,1979.0,236.2,1
MPC000438,CROP004,Sorghum (Jowar),Karnataka,2025-10,1919.0,1765.0,2073.0,114.0,1
MPC000439,CROP004,Sorghum (Jowar),Karnataka,2025-11,2119.0,1949.0,2289.0,110.9,1
MPC000440,CROP004,Sorghum (Jowar),Karnataka,2025-12,2295.0,2111.0,2479.0,118.7,1
MPC000441,CROP004,Sorghum (Jowar),Karnataka,2026-01,2574.0,2368.0,2780.0,57.5,1
MPC000442,CROP004,Sorghum (Jowar),Karnataka,2026-02,2594.0,2386.0,2802.0,57.3,1
MPC000443,CROP004,Sorghum (Jowar),Karnataka,2026-03,2620.0,2410.0,2830.0,162.4,1
MPC000444,CROP004,Sorghum (Jowar),Karnataka,2026-04,2672.0,2458.0,2886.0,224.5,1
MPC000445,CROP004,Sorghum (Jowar),Karnataka,2026-05,2443.0,2248.0,2638.0,117.1,1
MPC000446,CROP004,Sorghum (Jowar),Karnataka,2026-06,2299.0,2115.0,2483.0,70.0,1
MPC000447,CROP004,Sorghum (Jowar),Karnataka,2026-07,2233.0,2054.0,2412.0,137.6,1
MPC000448,CROP004,Sorghum (Jowar),Karnataka,2026-08,2185.0,2010.0,2360.0,160.0,1
MPC000449,CROP004,Sorghum (Jowar),Tamil Nadu,2024-01,2320.0,2134.0,2506.0,46.6,1
MPC000450,CROP004,Sorghum (Jowar),Tamil Nadu,2024-02,2551.0,2347.0,2755.0,48.7,1
MPC000451,CROP004,Sorghum (Jowar),Tamil Nadu,2024-03,2459.0,2262.0,2656.0,223.4,1
MPC000452,CROP004,Sorghum (Jowar),Tamil Nadu,2024-04,2397.0,2205.0,2589.0,71.2,1
MPC000453,CROP004,Sorghum (Jowar),Tamil Nadu,2024-05,2272.0,2090.0,2454.0,279.0,1
MPC000454,CROP004,Sorghum (Jowar),Tamil Nadu,2024-06,2254.0,2074.0,2434.0,194.7,1
MPC000455,CROP004,Sorghum (Jowar),Tamil Nadu,2024-07,2254.0,2074.0,2434.0,82.7,1
MPC000456,CROP004,Sorghum (Jowar),Tamil Nadu,2024-08,1895.0,1743.0,2047.0,213.9,1
MPC000457,CROP004,Sorghum (Jowar),Tamil Nadu,2024-09,1900.0,1748.0,2052.0,41.5,1
MPC000458,CROP004,Sorghum (Jowar),Tamil Nadu,2024-10,1833.0,1686.0,1980.0,171.7,1
MPC000459,CROP004,Sorghum (Jowar),Tamil Nadu,2024-11,2094.0,1926.0,2262.0,188.7,1
MPC000460,CROP004,Sorghum (Jowar),Tamil Nadu,2024-12,2139.0,1968.0,2310.0,57.4,1
MPC000461,CROP004,Sorghum (Jowar),Tamil Nadu,2025-01,2578.0,2372.0,2784.0,144.1,1
MPC000462,CROP004,Sorghum (Jowar),Tamil Nadu,2025-02,2476.0,2278.0,2674.0,199.3,1
MPC000463,CROP004,Sorghum (Jowar),Tamil Nadu,2025-03,2672.0,2458.0,2886.0,171.0,1
MPC000464,CROP004,Sorghum (Jowar),Tamil Nadu,2025-04,2575.0,2369.0,2781.0,54.6,1
MPC000465,CROP004,Sorghum (Jowar),Tamil Nadu,2025-05,2578.0,2372.0,2784.0,59.7,1
MPC000466,CROP004,Sorghum (Jowar),Tamil Nadu,2025-06,2249.0,2069.0,2429.0,36.9,1
MPC000467,CROP004,Sorghum (Jowar),Tamil Nadu,2025-07,1959.0,1802.0,2116.0,80.9,1
MPC000468,CROP004,Sorghum (Jowar),Tamil Nadu,2025-08,2017.0,1856.0,2178.0,77.7,1
MPC000469,CROP004,Sorghum (Jowar),Tamil Nadu,2025-09,1950.0,1794.0,2106.0,68.4,1
MPC000470,CROP004,Sorghum (Jowar),Tamil Nadu,2025-10,2052.0,1888.0,2216.0,197.8,1
MPC000471,CROP004,Sorghum (Jowar),Tamil Nadu,2025-11,2011.0,1850.0,2172.0,152.7,1
MPC000472,CROP004,Sorghum (Jowar),Tamil Nadu,2025-12,2127.0,1957.0,2297.0,141.4,1
MPC000473,CROP004,Sorghum (Jowar),Tamil Nadu,2026-01,2459.0,2262.0,2656.0,199.2,1
MPC000474,CROP004,Sorghum (Jowar),Tamil Nadu,2026-02,2461.0,2264.0,2658.0,80.1,1
MPC000475,CROP004,Sorghum (Jowar),Tamil Nadu,2026-03,2819.0,2593.0,3045.0,73.6,1
MPC000476,CROP004,Sorghum (Jowar),Tamil Nadu,2026-04,2727.0,2509.0,2945.0,190.9,1
MPC000477,CROP004,Sorghum (Jowar),Tamil Nadu,2026-05,2596.0,2388.0,2804.0,148.6,1
MPC000478,CROP004,Sorghum (Jowar),Tamil Nadu,2026-06,2482.0,2283.0,2681.0,173.9,1
MPC000479,CROP004,Sorghum (Jowar),Tamil Nadu,2026-07,2165.0,1992.0,2338.0,155.8,1
MPC000480,CROP004,Sorghum (Jowar),Tamil Nadu,2026-08,2218.0,2041.0,2395.0,125.7,1
MPC000481,CROP004,Sorghum (Jowar),Uttar Pradesh,2024-01,2238.0,2059.0,2417.0,68.0,1
MPC000482,CROP004,Sorghum (Jowar),Uttar Pradesh,2024-02,2447.0,2251.0,2643.0,127.0,1
MPC000483,CROP004,Sorghum (Jowar),Uttar Pradesh,2024-03,2410.0,2217.0,2603.0,200.7,1
MPC000484,CROP004,Sorghum (Jowar),Uttar Pradesh,2024-04,2358.0,2169.0,2547.0,78.2,1
MPC000485,CROP004,Sorghum (Jowar),Uttar Pradesh,2024-05,2303.0,2119.0,2487.0,128.1,1
MPC000486,CROP004,Sorghum (Jowar),Uttar Pradesh,2024-06,2086.0,1919.0,2253.0,249.6,1
MPC000487,CROP004,Sorghum (Jowar),Uttar Pradesh,2024-07,2016.0,1855.0,2177.0,43.0,1
MPC000488,CROP004,Sorghum (Jowar),Uttar Pradesh,2024-08,1607.0,1478.0,1736.0,160.3,1
MPC000489,CROP004,Sorghum (Jowar),Uttar Pradesh,2024-09,1942.0,1787.0,2097.0,238.8,1
MPC000490,CROP004,Sorghum (Jowar),Uttar Pradesh,2024-10,1990.0,1831.0,2149.0,167.5,1
MPC000491,CROP004,Sorghum (Jowar),Uttar Pradesh,2024-11,1887.0,1736.0,2038.0,110.2,1
MPC000492,CROP004,Sorghum (Jowar),Uttar Pradesh,2024-12,2127.0,1957.0,2297.0,134.3,1
MPC000493,CROP004,Sorghum (Jowar),Uttar Pradesh,2025-01,2283.0,2100.0,2466.0,54.5,1
MPC000494,CROP004,Sorghum (Jowar),Uttar Pradesh,2025-02,2556.0,2352.0,2760.0,68.8,1
MPC000495,CROP004,Sorghum (Jowar),Uttar Pradesh,2025-03,2386.0,2195.0,2577.0,68.0,1
MPC000496,CROP004,Sorghum (Jowar),Uttar Pradesh,2025-04,2385.0,2194.0,2576.0,140.6,1
MPC000497,CROP004,Sorghum (Jowar),Uttar Pradesh,2025-05,2227.0,2049.0,2405.0,126.5,1
MPC000498,CROP004,Sorghum (Jowar),Uttar Pradesh,2025-06,2439.0,2244.0,2634.0,106.9,1
MPC000499,CROP004,Sorghum (Jowar),Uttar Pradesh,2025-07,2133.0,1962.0,2304.0,128.1,1
MPC000500,CROP004,Sorghum (Jowar),Uttar Pradesh,2025-08,2065.0,1900.0,2230.0,31.8,1
MPC000501,CROP004,Sorghum (Jowar),Uttar Pradesh,2025-09,1834.0,1687.0,1981.0,82.3,1
MPC000502,CROP004,Sorghum (Jowar),Uttar Pradesh,2025-10,2061.0,1896.0,2226.0,95.4,1
MPC000503,CROP004,Sorghum (Jowar),Uttar Pradesh,2025-11,2171.0,1997.0,2345.0,50.7,1
MPC000504,CROP004,Sorghum (Jowar),Uttar Pradesh,2025-12,2387.0,2196.0,2578.0,57.9,1
MPC000505,CROP004,Sorghum (Jowar),Uttar Pradesh,2026-01,2545.0,2341.0,2749.0,151.0,1
MPC000506,CROP004,Sorghum (Jowar),Uttar Pradesh,2026-02,2552.0,2348.0,2756.0,149.0,1
MPC000507,CROP004,Sorghum (Jowar),Uttar Pradesh,2026-03,2776.0,2554.0,2998.0,126.5,1
MPC000508,CROP004,Sorghum (Jowar),Uttar Pradesh,2026-04,2642.0,2431.0,2853.0,134.0,1
MPC000509,CROP004,Sorghum (Jowar),Uttar Pradesh,2026-05,2449.0,2253.0,2645.0,72.6,1
MPC000510,CROP004,Sorghum (Jowar),Uttar Pradesh,2026-06,2274.0,2092.0,2456.0,47.2,1
MPC000511,CROP004,Sorghum (Jowar),Uttar Pradesh,2026-07,2230.0,2052.0,2408.0,119.0,1
MPC000512,CROP004,Sorghum (Jowar),Uttar Pradesh,2026-08,1903.0,1751.0,2055.0,109.0,1
MPC000513,CROP005,Pearl Millet (Bajra),Andhra Pradesh,2024-01,6270.0,5768.0,6772.0,128.3,1
MPC000514,CROP005,Pearl Millet (Bajra),Andhra Pradesh,2024-02,6495.0,5975.0,7015.0,132.6,1
MPC000515,CROP005,Pearl Millet (Bajra),Andhra Pradesh,2024-03,6778.0,6236.0,7320.0,84.7,1
MPC000516,CROP005,Pearl Millet (Bajra),Andhra Pradesh,2024-04,6621.0,6091.0,7151.0,107.6,1
MPC000517,CROP005,Pearl Millet (Bajra),Andhra Pradesh,2024-05,6183.0,5688.0,6678.0,109.9,1
MPC000518,CROP005,Pearl Millet (Bajra),Andhra Pradesh,2024-06,6111.0,5622.0,6600.0,60.4,1
MPC000519,CROP005,Pearl Millet (Bajra),Andhra Pradesh,2024-07,5499.0,5059.0,5939.0,92.8,1
MPC000520,CROP005,Pearl Millet (Bajra),Andhra Pradesh,2024-08,5782.0,5319.0,6245.0,138.4,1
MPC000521,CROP005,Pearl Millet (Bajra),Andhra Pradesh,2024-09,5083.0,4676.0,5490.0,147.0,1
MPC000522,CROP005,Pearl Millet (Bajra),Andhra Pradesh,2024-10,5440.0,5005.0,5875.0,163.3,1
MPC000523,CROP005,Pearl Millet (Bajra),Andhra Pradesh,2024-11,5523.0,5081.0,5965.0,51.2,1
MPC000524,CROP005,Pearl Millet (Bajra),Andhra Pradesh,2024-12,6278.0,5776.0,6780.0,90.7,1
MPC000525,CROP005,Pearl Millet (Bajra),Andhra Pradesh,2025-01,6195.0,5699.0,6691.0,73.2,1
MPC000526,CROP005,Pearl Millet (Bajra),Andhra Pradesh,2025-02,7138.0,6567.0,7709.0,29.9,1
MPC000527,CROP005,Pearl Millet (Bajra),Andhra Pradesh,2025-03,6362.0,5853.0,6871.0,76.1,1
MPC000528,CROP005,Pearl Millet (Bajra),Andhra Pradesh,2025-04,6328.0,5822.0,6834.0,135.2,1
MPC000529,CROP005,Pearl Millet (Bajra),Andhra Pradesh,2025-05,6039.0,5556.0,6522.0,227.0,1
MPC000530,CROP005,Pearl Millet (Bajra),Andhra Pradesh,2025-06,6328.0,5822.0,6834.0,154.3,1
MPC000531,CROP005,Pearl Millet (Bajra),Andhra Pradesh,2025-07,5424.0,4990.0,5858.0,256.6,1
MPC000532,CROP005,Pearl Millet (Bajra),Andhra Pradesh,2025-08,5401.0,4969.0,5833.0,126.9,1
MPC000533,CROP005,Pearl Millet (Bajra),Andhra Pradesh,2025-09,5436.0,5001.0,5871.0,109.9,1
MPC000534,CROP005,Pearl Millet (Bajra),Andhra Pradesh,2025-10,5913.0,5440.0,6386.0,64.7,1
MPC000535,CROP005,Pearl Millet (Bajra),Andhra Pradesh,2025-11,5992.0,5513.0,6471.0,69.2,1
MPC000536,CROP005,Pearl Millet (Bajra),Andhra Pradesh,2025-12,6355.0,5847.0,6863.0,208.9,1
MPC000537,CROP005,Pearl Millet (Bajra),Andhra Pradesh,2026-01,6108.0,5619.0,6597.0,135.0,1
MPC000538,CROP005,Pearl Millet (Bajra),Andhra Pradesh,2026-02,6814.0,6269.0,7359.0,107.6,1
MPC000539,CROP005,Pearl Millet (Bajra),Andhra Pradesh,2026-03,7172.0,6598.0,7746.0,99.5,1
MPC000540,CROP005,Pearl Millet (Bajra),Andhra Pradesh,2026-04,7554.0,6950.0,8158.0,93.9,1
MPC000541,CROP005,Pearl Millet (Bajra),Andhra Pradesh,2026-05,7327.0,6741.0,7913.0,42.0,1
MPC000542,CROP005,Pearl Millet (Bajra),Andhra Pradesh,2026-06,6567.0,6042.0,7092.0,116.0,1
MPC000543,CROP005,Pearl Millet (Bajra),Andhra Pradesh,2026-07,6225.0,5727.0,6723.0,76.2,1
MPC000544,CROP005,Pearl Millet (Bajra),Andhra Pradesh,2026-08,5899.0,5427.0,6371.0,88.1,1
MPC000545,CROP005,Pearl Millet (Bajra),Bihar,2024-01,6583.0,6056.0,7110.0,225.0,1
MPC000546,CROP005,Pearl Millet (Bajra),Bihar,2024-02,6682.0,6147.0,7217.0,125.0,1
MPC000547,CROP005,Pearl Millet (Bajra),Bihar,2024-03,6385.0,5874.0,6896.0,67.6,1
MPC000548,CROP005,Pearl Millet (Bajra),Bihar,2024-04,5738.0,5279.0,6197.0,75.0,1
MPC000549,CROP005,Pearl Millet (Bajra),Bihar,2024-05,6498.0,5978.0,7018.0,115.4,1
MPC000550,CROP005,Pearl Millet (Bajra),Bihar,2024-06,6375.0,5865.0,6885.0,60.5,1
MPC000551,CROP005,Pearl Millet (Bajra),Bihar,2024-07,5469.0,5031.0,5907.0,211.4,1
MPC000552,CROP005,Pearl Millet (Bajra),Bihar,2024-08,5343.0,4916.0,5770.0,64.4,1
MPC000553,CROP005,Pearl Millet (Bajra),Bihar,2024-09,4971.0,4573.0,5369.0,198.5,1
MPC000554,CROP005,Pearl Millet (Bajra),Bihar,2024-10,5422.0,4988.0,5856.0,21.5,1
MPC000555,CROP005,Pearl Millet (Bajra),Bihar,2024-11,5616.0,5167.0,6065.0,132.0,1
MPC000556,CROP005,Pearl Millet (Bajra),Bihar,2024-12,5731.0,5273.0,6189.0,107.2,1
MPC000557,CROP005,Pearl Millet (Bajra),Bihar,2025-01,6497.0,5977.0,7017.0,159.0,1
MPC000558,CROP005,Pearl Millet (Bajra),Bihar,2025-02,7038.0,6475.0,7601.0,99.0,1
MPC000559,CROP005,Pearl Millet (Bajra),Bihar,2025-03,7545.0,6941.0,8149.0,115.2,1
MPC000560,CROP005,Pearl Millet (Bajra),Bihar,2025-04,7038.0,6475.0,7601.0,123.8,1
MPC000561,CROP005,Pearl Millet (Bajra),Bihar,2025-05,6621.0,6091.0,7151.0,186.3,1
MPC000562,CROP005,Pearl Millet (Bajra),Bihar,2025-06,6179.0,5685.0,6673.0,127.6,1
MPC000563,CROP005,Pearl Millet (Bajra),Bihar,2025-07,5843.0,5376.0,6310.0,73.6,1
MPC000564,CROP005,Pearl Millet (Bajra),Bihar,2025-08,5404.0,4972.0,5836.0,190.7,1
MPC000565,CROP005,Pearl Millet (Bajra),Bihar,2025-09,5165.0,4752.0,5578.0,97.9,1
MPC000566,CROP005,Pearl Millet (Bajra),Bihar,2025-10,5870.0,5400.0,6340.0,98.5,1
MPC000567,CROP005,Pearl Millet (Bajra),Bihar,2025-11,5996.0,5516.0,6476.0,81.9,1
MPC000568,CROP005,Pearl Millet (Bajra),Bihar,2025-12,5905.0,5433.0,6377.0,198.4,1
MPC000569,CROP005,Pearl Millet (Bajra),Bihar,2026-01,6880.0,6330.0,7430.0,58.9,1
MPC000570,CROP005,Pearl Millet (Bajra),Bihar,2026-02,6886.0,6335.0,7437.0,120.6,1
MPC000571,CROP005,Pearl Millet (Bajra),Bihar,2026-03,7708.0,7091.0,8325.0,147.6,1
MPC000572,CROP005,Pearl Millet (Bajra),Bihar,2026-04,6531.0,6009.0,7053.0,190.2,1
MPC000573,CROP005,Pearl Millet (Bajra),Bihar,2026-05,6568.0,6043.0,7093.0,100.3,1
MPC000574,CROP005,Pearl Millet (Bajra),Bihar,2026-06,6794.0,6250.0,7338.0,293.9,1
MPC000575,CROP005,Pearl Millet (Bajra),Bihar,2026-07,6057.0,5572.0,6542.0,79.9,1
MPC000576,CROP005,Pearl Millet (Bajra),Bihar,2026-08,5939.0,5464.0,6414.0,322.5,1
MPC000577,CROP005,Pearl Millet (Bajra),Haryana,2024-01,6860.0,6311.0,7409.0,139.1,1
MPC000578,CROP005,Pearl Millet (Bajra),Haryana,2024-02,6595.0,6067.0,7123.0,167.2,1
MPC000579,CROP005,Pearl Millet (Bajra),Haryana,2024-03,6693.0,6158.0,7228.0,127.1,1
MPC000580,CROP005,Pearl Millet (Bajra),Haryana,2024-04,5874.0,5404.0,6344.0,117.9,1
MPC000581,CROP005,Pearl Millet (Bajra),Haryana,2024-05,5842.0,5375.0,6309.0,65.0,1
MPC000582,CROP005,Pearl Millet (Bajra),Haryana,2024-06,5551.0,5107.0,5995.0,100.1,1
MPC000583,CROP005,Pearl Millet (Bajra),Haryana,2024-07,5493.0,5054.0,5932.0,133.1,1
MPC000584,CROP005,Pearl Millet (Bajra),Haryana,2024-08,5388.0,4957.0,5819.0,31.3,1
MPC000585,CROP005,Pearl Millet (Bajra),Haryana,2024-09,4796.0,4412.0,5180.0,186.7,1
MPC000586,CROP005,Pearl Millet (Bajra),Haryana,2024-10,5615.0,5166.0,6064.0,130.0,1
MPC000587,CROP005,Pearl Millet (Bajra),Haryana,2024-11,5416.0,4983.0,5849.0,78.3,1
MPC000588,CROP005,Pearl Millet (Bajra),Haryana,2024-12,5411.0,4978.0,5844.0,98.2,1
MPC000589,CROP005,Pearl Millet (Bajra),Haryana,2025-01,6870.0,6320.0,7420.0,115.3,1
MPC000590,CROP005,Pearl Millet (Bajra),Haryana,2025-02,6979.0,6421.0,7537.0,82.5,1
MPC000591,CROP005,Pearl Millet (Bajra),Haryana,2025-03,6994.0,6434.0,7554.0,153.3,1
MPC000592,CROP005,Pearl Millet (Bajra),Haryana,2025-04,7123.0,6553.0,7693.0,72.6,1
MPC000593,CROP005,Pearl Millet (Bajra),Haryana,2025-05,5547.0,5103.0,5991.0,75.6,1
MPC000594,CROP005,Pearl Millet (Bajra),Haryana,2025-06,6807.0,6262.0,7352.0,120.4,1
MPC000595,CROP005,Pearl Millet (Bajra),Haryana,2025-07,5252.0,4832.0,5672.0,90.9,1
MPC000596,CROP005,Pearl Millet (Bajra),Haryana,2025-08,5744.0,5284.0,6204.0,107.4,1
MPC000597,CROP005,Pearl Millet (Bajra),Haryana,2025-09,5834.0,5367.0,6301.0,140.1,1
MPC000598,CROP005,Pearl Millet (Bajra),Haryana,2025-10,5836.0,5369.0,6303.0,25.4,1
MPC000599,CROP005,Pearl Millet (Bajra),Haryana,2025-11,5945.0,5469.0,6421.0,141.7,1
MPC000600,CROP005,Pearl Millet (Bajra),Haryana,2025-12,6766.0,6225.0,7307.0,199.6,1
MPC000601,CROP005,Pearl Millet (Bajra),Haryana,2026-01,6635.0,6104.0,7166.0,25.7,1
MPC000602,CROP005,Pearl Millet (Bajra),Haryana,2026-02,6653.0,6121.0,7185.0,87.9,1
MPC000603,CROP005,Pearl Millet (Bajra),Haryana,2026-03,7758.0,7137.0,8379.0,81.5,1
MPC000604,CROP005,Pearl Millet (Bajra),Haryana,2026-04,7043.0,6480.0,7606.0,119.2,1
MPC000605,CROP005,Pearl Millet (Bajra),Haryana,2026-05,6623.0,6093.0,7153.0,94.4,1
MPC000606,CROP005,Pearl Millet (Bajra),Haryana,2026-06,6141.0,5650.0,6632.0,232.8,1
MPC000607,CROP005,Pearl Millet (Bajra),Haryana,2026-07,6202.0,5706.0,6698.0,99.1,1
MPC000608,CROP005,Pearl Millet (Bajra),Haryana,2026-08,5921.0,5447.0,6395.0,379.0,1
MPC000609,CROP005,Pearl Millet (Bajra),Maharashtra,2024-01,6420.0,5906.0,6934.0,72.9,1
MPC000610,CROP005,Pearl Millet (Bajra),Maharashtra,2024-02,6604.0,6076.0,7132.0,51.8,1
MPC000611,CROP005,Pearl Millet (Bajra),Maharashtra,2024-03,6613.0,6084.0,7142.0,101.4,1
MPC000612,CROP005,Pearl Millet (Bajra),Maharashtra,2024-04,6968.0,6411.0,7525.0,34.5,1
MPC000613,CROP005,Pearl Millet (Bajra),Maharashtra,2024-05,6091.0,5604.0,6578.0,46.4,1
MPC000614,CROP005,Pearl Millet (Bajra),Maharashtra,2024-06,6252.0,5752.0,6752.0,200.6,1
MPC000615,CROP005,Pearl Millet (Bajra),Maharashtra,2024-07,5033.0,4630.0,5436.0,62.0,1
MPC000616,CROP005,Pearl Millet (Bajra),Maharashtra,2024-08,5393.0,4962.0,5824.0,164.5,1
MPC000617,CROP005,Pearl Millet (Bajra),Maharashtra,2024-09,5524.0,5082.0,5966.0,56.1,1
MPC000618,CROP005,Pearl Millet (Bajra),Maharashtra,2024-10,5144.0,4732.0,5556.0,61.3,1
MPC000619,CROP005,Pearl Millet (Bajra),Maharashtra,2024-11,5622.0,5172.0,6072.0,148.0,1
MPC000620,CROP005,Pearl Millet (Bajra),Maharashtra,2024-12,5563.0,5118.0,6008.0,42.1,1
MPC000621,CROP005,Pearl Millet (Bajra),Maharashtra,2025-01,6937.0,6382.0,7492.0,81.3,1
MPC000622,CROP005,Pearl Millet (Bajra),Maharashtra,2025-02,7043.0,6480.0,7606.0,111.6,1
MPC000623,CROP005,Pearl Millet (Bajra),Maharashtra,2025-03,6639.0,6108.0,7170.0,243.6,1
MPC000624,CROP005,Pearl Millet (Bajra),Maharashtra,2025-04,6715.0,6178.0,7252.0,88.3,1
MPC000625,CROP005,Pearl Millet (Bajra),Maharashtra,2025-05,6543.0,6020.0,7066.0,137.2,1
MPC000626,CROP005,Pearl Millet (Bajra),Maharashtra,2025-06,6346.0,5838.0,6854.0,32.7,1
MPC000627,CROP005,Pearl Millet (Bajra),Maharashtra,2025-07,5937.0,5462.0,6412.0,101.6,1
MPC000628,CROP005,Pearl Millet (Bajra),Maharashtra,2025-08,6105.0,5617.0,6593.0,93.1,1
MPC000629,CROP005,Pearl Millet (Bajra),Maharashtra,2025-09,5261.0,4840.0,5682.0,68.3,1
MPC000630,CROP005,Pearl Millet (Bajra),Maharashtra,2025-10,6176.0,5682.0,6670.0,120.7,1
MPC000631,CROP005,Pearl Millet (Bajra),Maharashtra,2025-11,5258.0,4837.0,5679.0,167.0,1
MPC000632,CROP005,Pearl Millet (Bajra),Maharashtra,2025-12,6318.0,5813.0,6823.0,172.4,1
MPC000633,CROP005,Pearl Millet (Bajra),Maharashtra,2026-01,6337.0,5830.0,6844.0,236.1,1
MPC000634,CROP005,Pearl Millet (Bajra),Maharashtra,2026-02,7566.0,6961.0,8171.0,124.9,1
MPC000635,CROP005,Pearl Millet (Bajra),Maharashtra,2026-03,7526.0,6924.0,8128.0,120.8,1
MPC000636,CROP005,Pearl Millet (Bajra),Maharashtra,2026-04,7110.0,6541.0,7679.0,99.0,1
MPC000637,CROP005,Pearl Millet (Bajra),Maharashtra,2026-05,7421.0,6827.0,8015.0,128.5,1
MPC000638,CROP005,Pearl Millet (Bajra),Maharashtra,2026-06,6807.0,6262.0,7352.0,139.8,1
MPC000639,CROP005,Pearl Millet (Bajra),Maharashtra,2026-07,5948.0,5472.0,6424.0,168.3,1
MPC000640,CROP005,Pearl Millet (Bajra),Maharashtra,2026-08,4854.0,4466.0,5242.0,100.3,1
MPC000641,CROP006,Barley,Andhra Pradesh,2024-01,1925.0,1771.0,2079.0,199.1,1
MPC000642,CROP006,Barley,Andhra Pradesh,2024-02,2013.0,1852.0,2174.0,103.1,1
MPC000643,CROP006,Barley,Andhra Pradesh,2024-03,1918.0,1765.0,2071.0,85.8,1
MPC000644,CROP006,Barley,Andhra Pradesh,2024-04,2171.0,1997.0,2345.0,133.7,1
MPC000645,CROP006,Barley,Andhra Pradesh,2024-05,1987.0,1828.0,2146.0,152.7,1
MPC000646,CROP006,Barley,Andhra Pradesh,2024-06,1799.0,1655.0,1943.0,44.6,1
MPC000647,CROP006,Barley,Andhra Pradesh,2024-07,1626.0,1496.0,1756.0,123.0,1
MPC000648,CROP006,Barley,Andhra Pradesh,2024-08,1587.0,1460.0,1714.0,289.0,1
MPC000649,CROP006,Barley,Andhra Pradesh,2024-09,1507.0,1386.0,1628.0,212.5,1
MPC000650,CROP006,Barley,Andhra Pradesh,2024-10,1601.0,1473.0,1729.0,105.8,1
MPC000651,CROP006,Barley,Andhra Pradesh,2024-11,1756.0,1616.0,1896.0,43.2,1
MPC000652,CROP006,Barley,Andhra Pradesh,2024-12,1915.0,1762.0,2068.0,87.5,1
MPC000653,CROP006,Barley,Andhra Pradesh,2025-01,2069.0,1903.0,2235.0,147.6,1
MPC000654,CROP006,Barley,Andhra Pradesh,2025-02,1963.0,1806.0,2120.0,164.5,1
MPC000655,CROP006,Barley,Andhra Pradesh,2025-03,2062.0,1897.0,2227.0,345.1,1
MPC000656,CROP006,Barley,Andhra Pradesh,2025-04,2122.0,1952.0,2292.0,91.4,1
MPC000657,CROP006,Barley,Andhra Pradesh,2025-05,1881.0,1731.0,2031.0,118.1,1
MPC000658,CROP006,Barley,Andhra Pradesh,2025-06,1913.0,1760.0,2066.0,157.1,1
MPC000659,CROP006,Barley,Andhra Pradesh,2025-07,1750.0,1610.0,1890.0,134.1,1
MPC000660,CROP006,Barley,Andhra Pradesh,2025-08,1635.0,1504.0,1766.0,164.0,1
MPC000661,CROP006,Barley,Andhra Pradesh,2025-09,1606.0,1478.0,1734.0,278.2,1
MPC000662,CROP006,Barley,Andhra Pradesh,2025-10,1750.0,1610.0,1890.0,132.0,1
MPC000663,CROP006,Barley,Andhra Pradesh,2025-11,1705.0,1569.0,1841.0,164.9,1
MPC000664,CROP006,Barley,Andhra Pradesh,2025-12,1926.0,1772.0,2080.0,160.3,1
MPC000665,CROP006,Barley,Andhra Pradesh,2026-01,1975.0,1817.0,2133.0,102.3,1
MPC000666,CROP006,Barley,Andhra Pradesh,2026-02,2134.0,1963.0,2305.0,95.7,1
MPC000667,CROP006,Barley,Andhra Pradesh,2026-03,2275.0,2093.0,2457.0,18.1,1
MPC000668,CROP006,Barley,Andhra Pradesh,2026-04,2208.0,2031.0,2385.0,164.1,1
MPC000669,CROP006,Barley,Andhra Pradesh,2026-05,2171.0,1997.0,2345.0,140.9,1
MPC000670,CROP006,Barley,Andhra Pradesh,2026-06,1896.0,1744.0,2048.0,77.5,1
MPC000671,CROP006,Barley,Andhra Pradesh,2026-07,1759.0,1618.0,1900.0,113.9,1
MPC000672,CROP006,Barley,Andhra Pradesh,2026-08,1795.0,1651.0,1939.0,225.5,1
MPC000673,CROP006,Barley,Karnataka,2024-01,1881.0,1731.0,2031.0,42.6,1
MPC000674,CROP006,Barley,Karnataka,2024-02,2002.0,1842.0,2162.0,60.8,1
MPC000675,CROP006,Barley,Karnataka,2024-03,2054.0,1890.0,2218.0,53.1,1
MPC000676,CROP006,Barley,Karnataka,2024-04,1976.0,1818.0,2134.0,41.3,1
MPC000677,CROP006,Barley,Karnataka,2024-05,2004.0,1844.0,2164.0,100.7,1
MPC000678,CROP006,Barley,Karnataka,2024-06,1850.0,1702.0,1998.0,270.0,1
MPC000679,CROP006,Barley,Karnataka,2024-07,1676.0,1542.0,1810.0,55.7,1
MPC000680,CROP006,Barley,Karnataka,2024-08,1718.0,1581.0,1855.0,167.0,1
MPC000681,CROP006,Barley,Karnataka,2024-09,1630.0,1500.0,1760.0,67.2,1
MPC000682,CROP006,Barley,Karnataka,2024-10,1605.0,1477.0,1733.0,65.4,1
MPC000683,CROP006,Barley,Karnataka,2024-11,1743.0,1604.0,1882.0,177.9,1
MPC000684,CROP006,Barley,Karnataka,2024-12,1829.0,1683.0,1975.0,114.2,1
MPC000685,CROP006,Barley,Karnataka,2025-01,2233.0,2054.0,2412.0,200.0,1
MPC000686,CROP006,Barley,Karnataka,2025-02,2066.0,1901.0,2231.0,100.9,1
MPC000687,CROP006,Barley,Karnataka,2025-03,2160.0,1987.0,2333.0,86.1,1
MPC000688,CROP006,Barley,Karnataka,2025-04,2235.0,2056.0,2414.0,200.4,1
MPC000689,CROP006,Barley,Karnataka,2025-05,1936.0,1781.0,2091.0,66.5,1
MPC000690,CROP006,Barley,Karnataka,2025-06,1912.0,1759.0,2065.0,53.9,1
MPC000691,CROP006,Barley,Karnataka,2025-07,1787.0,1644.0,1930.0,161.3,1
MPC000692,CROP006,Barley,Karnataka,2025-08,1639.0,1508.0,1770.0,186.7,1
MPC000693,CROP006,Barley,Karnataka,2025-09,1751.0,1611.0,1891.0,187.3,1
MPC000694,CROP006,Barley,Karnataka,2025-10,1606.0,1478.0,1734.0,286.7,1
MPC000695,CROP006,Barley,Karnataka,2025-11,1781.0,1639.0,1923.0,110.7,1
MPC000696,CROP006,Barley,Karnataka,2025-12,1935.0,1780.0,2090.0,136.2,1
MPC000697,CROP006,Barley,Karnataka,2026-01,2052.0,1888.0,2216.0,66.8,1
MPC000698,CROP006,Barley,Karnataka,2026-02,2280.0,2098.0,2462.0,62.1,1
MPC000699,CROP006,Barley,Karnataka,2026-03,2141.0,1970.0,2312.0,94.0,1
MPC000700,CROP006,Barley,Karnataka,2026-04,2335.0,2148.0,2522.0,51.9,1
MPC000701,CROP006,Barley,Karnataka,2026-05,2258.0,2077.0,2439.0,133.4,1
MPC000702,CROP006,Barley,Karnataka,2026-06,2007.0,1846.0,2168.0,85.5,1
MPC000703,CROP006,Barley,Karnataka,2026-07,1837.0,1690.0,1984.0,196.9,1
MPC000704,CROP006,Barley,Karnataka,2026-08,1635.0,1504.0,1766.0,108.3,1
MPC000705,CROP006,Barley,Rajasthan,2024-01,1896.0,1744.0,2048.0,98.7,1
MPC000706,CROP006,Barley,Rajasthan,2024-02,1914.0,1761.0,2067.0,87.7,1
MPC000707,CROP006,Barley,Rajasthan,2024-03,1941.0,1786.0,2096.0,95.4,1
MPC000708,CROP006,Barley,Rajasthan,2024-04,1926.0,1772.0,2080.0,75.8,1
MPC000709,CROP006,Barley,Rajasthan,2024-05,1800.0,1656.0,1944.0,41.8,1
MPC000710,CROP006,Barley,Rajasthan,2024-06,1910.0,1757.0,2063.0,252.4,1
MPC000711,CROP006,Barley,Rajasthan,2024-07,1658.0,1525.0,1791.0,78.4,1
MPC000712,CROP006,Barley,Rajasthan,2024-08,1623.0,1493.0,1753.0,113.4,1
MPC000713,CROP006,Barley,Rajasthan,2024-09,1628.0,1498.0,1758.0,28.5,1
MPC000714,CROP006,Barley,Rajasthan,2024-10,1597.0,1469.0,1725.0,157.8,1
MPC000715,CROP006,Barley,Rajasthan,2024-11,1921.0,1767.0,2075.0,64.8,1
MPC000716,CROP006,Barley,Rajasthan,2024-12,1785.0,1642.0,1928.0,162.5,1
MPC000717,CROP006,Barley,Rajasthan,2025-01,1969.0,1811.0,2127.0,153.7,1
MPC000718,CROP006,Barley,Rajasthan,2025-02,2094.0,1926.0,2262.0,85.8,1
MPC000719,CROP006,Barley,Rajasthan,2025-03,2001.0,1841.0,2161.0,102.6,1
MPC000720,CROP006,Barley,Rajasthan,2025-04,1930.0,1776.0,2084.0,84.3,1
MPC000721,CROP006,Barley,Rajasthan,2025-05,1938.0,1783.0,2093.0,176.4,1
MPC000722,CROP006,Barley,Rajasthan,2025-06,1996.0,1836.0,2156.0,100.7,1
MPC000723,CROP006,Barley,Rajasthan,2025-07,1642.0,1511.0,1773.0,25.8,1
MPC000724,CROP006,Barley,Rajasthan,2025-08,1551.0,1427.0,1675.0,126.6,1
MPC000725,CROP006,Barley,Rajasthan,2025-09,1626.0,1496.0,1756.0,112.9,1
MPC000726,CROP006,Barley,Rajasthan,2025-10,1763.0,1622.0,1904.0,87.3,1
MPC000727,CROP006,Barley,Rajasthan,2025-11,1863.0,1714.0,2012.0,81.9,1
MPC000728,CROP006,Barley,Rajasthan,2025-12,1781.0,1639.0,1923.0,65.9,1
MPC000729,CROP006,Barley,Rajasthan,2026-01,2022.0,1860.0,2184.0,127.7,1
MPC000730,CROP006,Barley,Rajasthan,2026-02,2113.0,1944.0,2282.0,80.8,1
MPC000731,CROP006,Barley,Rajasthan,2026-03,2072.0,1906.0,2238.0,73.6,1
MPC000732,CROP006,Barley,Rajasthan,2026-04,2231.0,2053.0,2409.0,149.8,1
MPC000733,CROP006,Barley,Rajasthan,2026-05,2090.0,1923.0,2257.0,15.2,1
MPC000734,CROP006,Barley,Rajasthan,2026-06,1930.0,1776.0,2084.0,185.7,1
MPC000735,CROP006,Barley,Rajasthan,2026-07,1861.0,1712.0,2010.0,102.0,1
MPC000736,CROP006,Barley,Rajasthan,2026-08,1842.0,1695.0,1989.0,130.3,1
MPC000737,CROP006,Barley,Uttar Pradesh,2024-01,1869.0,1719.0,2019.0,78.1,1
MPC000738,CROP006,Barley,Uttar Pradesh,2024-02,1973.0,1815.0,2131.0,201.7,1
MPC000739,CROP006,Barley,Uttar Pradesh,2024-03,1943.0,1788.0,2098.0,107.2,1
MPC000740,CROP006,Barley,Uttar Pradesh,2024-04,2044.0,1880.0,2208.0,74.1,1
MPC000741,CROP006,Barley,Uttar Pradesh,2024-05,1900.0,1748.0,2052.0,173.6,1
MPC000742,CROP006,Barley,Uttar Pradesh,2024-06,1874.0,1724.0,2024.0,319.3,1
MPC000743,CROP006,Barley,Uttar Pradesh,2024-07,1644.0,1512.0,1776.0,61.5,1
MPC000744,CROP006,Barley,Uttar Pradesh,2024-08,1718.0,1581.0,1855.0,160.9,1
MPC000745,CROP006,Barley,Uttar Pradesh,2024-09,1405.0,1293.0,1517.0,65.0,1
MPC000746,CROP006,Barley,Uttar Pradesh,2024-10,1551.0,1427.0,1675.0,28.8,1
MPC000747,CROP006,Barley,Uttar Pradesh,2024-11,1734.0,1595.0,1873.0,72.9,1
MPC000748,CROP006,Barley,Uttar Pradesh,2024-12,1863.0,1714.0,2012.0,102.7,1
MPC000749,CROP006,Barley,Uttar Pradesh,2025-01,2043.0,1880.0,2206.0,108.0,1
MPC000750,CROP006,Barley,Uttar Pradesh,2025-02,2069.0,1903.0,2235.0,169.5,1
MPC000751,CROP006,Barley,Uttar Pradesh,2025-03,1898.0,1746.0,2050.0,58.5,1
MPC000752,CROP006,Barley,Uttar Pradesh,2025-04,2099.0,1931.0,2267.0,186.2,1
MPC000753,CROP006,Barley,Uttar Pradesh,2025-05,2042.0,1879.0,2205.0,168.2,1
MPC000754,CROP006,Barley,Uttar Pradesh,2025-06,1722.0,1584.0,1860.0,46.9,1
MPC000755,CROP006,Barley,Uttar Pradesh,2025-07,1635.0,1504.0,1766.0,119.5,1
MPC000756,CROP006,Barley,Uttar Pradesh,2025-08,1800.0,1656.0,1944.0,59.3,1
MPC000757,CROP006,Barley,Uttar Pradesh,2025-09,1584.0,1457.0,1711.0,103.0,1
MPC000758,CROP006,Barley,Uttar Pradesh,2025-10,1766.0,1625.0,1907.0,133.3,1
MPC000759,CROP006,Barley,Uttar Pradesh,2025-11,1778.0,1636.0,1920.0,124.5,1
MPC000760,CROP006,Barley,Uttar Pradesh,2025-12,1870.0,1720.0,2020.0,115.0,1
MPC000761,CROP006,Barley,Uttar Pradesh,2026-01,1928.0,1774.0,2082.0,210.9,1
MPC000762,CROP006,Barley,Uttar Pradesh,2026-02,2262.0,2081.0,2443.0,121.0,1
MPC000763,CROP006,Barley,Uttar Pradesh,2026-03,2326.0,2140.0,2512.0,156.4,1
MPC000764,CROP006,Barley,Uttar Pradesh,2026-04,2253.0,2073.0,2433.0,190.8,1
MPC000765,CROP006,Barley,Uttar Pradesh,2026-05,1970.0,1812.0,2128.0,160.6,1
MPC000766,CROP006,Barley,Uttar Pradesh,2026-06,1839.0,1692.0,1986.0,30.1,1
MPC000767,CROP006,Barley,Uttar Pradesh,2026-07,1789.0,1646.0,1932.0,191.0,1
MPC000768,CROP006,Barley,Uttar Pradesh,2026-08,1692.0,1557.0,1827.0,19.5,1
MPC000769,CROP007,Chickpea (Gram),Punjab,2024-01,3816.0,3511.0,4121.0,237.0,1
MPC000770,CROP007,Chickpea (Gram),Punjab,2024-02,4372.0,4022.0,4722.0,157.7,1
MPC000771,CROP007,Chickpea (Gram),Punjab,2024-03,4555.0,4191.0,4919.0,184.8,1
MPC000772,CROP007,Chickpea (Gram),Punjab,2024-04,4774.0,4392.0,5156.0,154.7,1
MPC000773,CROP007,Chickpea (Gram),Punjab,2024-05,4127.0,3797.0,4457.0,73.1,1
MPC000774,CROP007,Chickpea (Gram),Punjab,2024-06,4040.0,3717.0,4363.0,149.3,1
MPC000775,CROP007,Chickpea (Gram),Punjab,2024-07,3746.0,3446.0,4046.0,107.0,1
MPC000776,CROP007,Chickpea (Gram),Punjab,2024-08,3561.0,3276.0,3846.0,154.3,1
MPC000777,CROP007,Chickpea (Gram),Punjab,2024-09,3254.0,2994.0,3514.0,204.8,1
MPC000778,CROP007,Chickpea (Gram),Punjab,2024-10,3549.0,3265.0,3833.0,89.1,1
MPC000779,CROP007,Chickpea (Gram),Punjab,2024-11,3621.0,3331.0,3911.0,279.7,1
MPC000780,CROP007,Chickpea (Gram),Punjab,2024-12,4149.0,3817.0,4481.0,101.3,1
MPC000781,CROP007,Chickpea (Gram),Punjab,2025-01,4268.0,3927.0,4609.0,111.1,1
MPC000782,CROP007,Chickpea (Gram),Punjab,2025-02,4405.0,4053.0,4757.0,98.4,1
MPC000783,CROP007,Chickpea (Gram),Punjab,2025-03,4505.0,4145.0,4865.0,95.6,1
MPC000784,CROP007,Chickpea (Gram),Punjab,2025-04,4641.0,4270.0,5012.0,225.2,1
MPC000785,CROP007,Chickpea (Gram),Punjab,2025-05,4748.0,4368.0,5128.0,38.6,1
MPC000786,CROP007,Chickpea (Gram),Punjab,2025-06,4155.0,3823.0,4487.0,77.0,1
MPC000787,CROP007,Chickpea (Gram),Punjab,2025-07,3594.0,3306.0,3882.0,73.1,1
MPC000788,CROP007,Chickpea (Gram),Punjab,2025-08,4014.0,3693.0,4335.0,260.0,1
MPC000789,CROP007,Chickpea (Gram),Punjab,2025-09,3684.0,3389.0,3979.0,25.1,1
MPC000790,CROP007,Chickpea (Gram),Punjab,2025-10,3545.0,3261.0,3829.0,86.9,1
MPC000791,CROP007,Chickpea (Gram),Punjab,2025-11,3486.0,3207.0,3765.0,273.2,1
MPC000792,CROP007,Chickpea (Gram),Punjab,2025-12,3957.0,3640.0,4274.0,147.7,1
MPC000793,CROP007,Chickpea (Gram),Punjab,2026-01,4690.0,4315.0,5065.0,128.3,1
MPC000794,CROP007,Chickpea (Gram),Punjab,2026-02,4918.0,4525.0,5311.0,120.0,1
MPC000795,CROP007,Chickpea (Gram),Punjab,2026-03,4562.0,4197.0,4927.0,169.6,1
MPC000796,CROP007,Chickpea (Gram),Punjab,2026-04,4849.0,4461.0,5237.0,93.8,1
MPC000797,CROP007,Chickpea (Gram),Punjab,2026-05,4770.0,4388.0,5152.0,177.1,1
MPC000798,CROP007,Chickpea (Gram),Punjab,2026-06,4117.0,3788.0,4446.0,137.2,1
MPC000799,CROP007,Chickpea (Gram),Punjab,2026-07,4237.0,3898.0,4576.0,109.0,1
MPC000800,CROP007,Chickpea (Gram),Punjab,2026-08,4152.0,3820.0,4484.0,94.6,1
MPC000801,CROP007,Chickpea (Gram),Tamil Nadu,2024-01,4156.0,3824.0,4488.0,245.1,1
MPC000802,CROP007,Chickpea (Gram),Tamil Nadu,2024-02,4690.0,4315.0,5065.0,67.1,1
MPC000803,CROP007,Chickpea (Gram),Tamil Nadu,2024-03,4333.0,3986.0,4680.0,128.8,1
MPC000804,CROP007,Chickpea (Gram),Tamil Nadu,2024-04,4408.0,4055.0,4761.0,158.2,1
MPC000805,CROP007,Chickpea (Gram),Tamil Nadu,2024-05,4468.0,4111.0,4825.0,56.4,1
MPC000806,CROP007,Chickpea (Gram),Tamil Nadu,2024-06,4079.0,3753.0,4405.0,238.1,1
MPC000807,CROP007,Chickpea (Gram),Tamil Nadu,2024-07,3742.0,3443.0,4041.0,110.6,1
MPC000808,CROP007,Chickpea (Gram),Tamil Nadu,2024-08,3463.0,3186.0,3740.0,244.6,1
MPC000809,CROP007,Chickpea (Gram),Tamil Nadu,2024-09,3399.0,3127.0,3671.0,98.9,1
MPC000810,CROP007,Chickpea (Gram),Tamil Nadu,2024-10,3957.0,3640.0,4274.0,51.2,1
MPC000811,CROP007,Chickpea (Gram),Tamil Nadu,2024-11,3548.0,3264.0,3832.0,209.3,1
MPC000812,CROP007,Chickpea (Gram),Tamil Nadu,2024-12,4034.0,3711.0,4357.0,41.2,1
MPC000813,CROP007,Chickpea (Gram),Tamil Nadu,2025-01,4441.0,4086.0,4796.0,213.6,1
MPC000814,CROP007,Chickpea (Gram),Tamil Nadu,2025-02,4724.0,4346.0,5102.0,85.0,1
MPC000815,CROP007,Chickpea (Gram),Tamil Nadu,2025-03,4503.0,4143.0,4863.0,163.4,1
MPC000816,CROP007,Chickpea (Gram),Tamil Nadu,2025-04,4727.0,4349.0,5105.0,123.9,1
MPC000817,CROP007,Chickpea (Gram),Tamil Nadu,2025-05,4457.0,4100.0,4814.0,145.8,1
MPC000818,CROP007,Chickpea (Gram),Tamil Nadu,2025-06,3964.0,3647.0,4281.0,202.1,1
MPC000819,CROP007,Chickpea (Gram),Tamil Nadu,2025-07,3814.0,3509.0,4119.0,75.5,1
MPC000820,CROP007,Chickpea (Gram),Tamil Nadu,2025-08,3668.0,3375.0,3961.0,103.6,1
MPC000821,CROP007,Chickpea (Gram),Tamil Nadu,2025-09,3491.0,3212.0,3770.0,89.4,1
MPC000822,CROP007,Chickpea (Gram),Tamil Nadu,2025-10,3624.0,3334.0,3914.0,101.4,1
MPC000823,CROP007,Chickpea (Gram),Tamil Nadu,2025-11,3654.0,3362.0,3946.0,145.6,1
MPC000824,CROP007,Chickpea (Gram),Tamil Nadu,2025-12,3881.0,3571.0,4191.0,243.4,1
MPC000825,CROP007,Chickpea (Gram),Tamil Nadu,2026-01,4412.0,4059.0,4765.0,139.1,1
MPC000826,CROP007,Chickpea (Gram),Tamil Nadu,2026-02,5013.0,4612.0,5414.0,260.0,1
MPC000827,CROP007,Chickpea (Gram),Tamil Nadu,2026-03,5176.0,4762.0,5590.0,68.4,1
MPC000828,CROP007,Chickpea (Gram),Tamil Nadu,2026-04,4690.0,4315.0,5065.0,52.8,1
MPC000829,CROP007,Chickpea (Gram),Tamil Nadu,2026-05,4931.0,4537.0,5325.0,117.2,1
MPC000830,CROP007,Chickpea (Gram),Tamil Nadu,2026-06,4170.0,3836.0,4504.0,99.5,1
MPC000831,CROP007,Chickpea (Gram),Tamil Nadu,2026-07,3942.0,3627.0,4257.0,91.1,1
MPC000832,CROP007,Chickpea (Gram),Tamil Nadu,2026-08,3627.0,3337.0,3917.0,145.3,1
MPC000833,CROP007,Chickpea (Gram),Uttar Pradesh,2024-01,4123.0,3793.0,4453.0,41.5,1
MPC000834,CROP007,Chickpea (Gram),Uttar Pradesh,2024-02,4273.0,3931.0,4615.0,104.8,1
MPC000835,CROP007,Chickpea (Gram),Uttar Pradesh,2024-03,4330.0,3984.0,4676.0,94.0,1
MPC000836,CROP007,Chickpea (Gram),Uttar Pradesh,2024-04,4320.0,3974.0,4666.0,155.0,1
MPC000837,CROP007,Chickpea (Gram),Uttar Pradesh,2024-05,4463.0,4106.0,4820.0,130.1,1
MPC000838,CROP007,Chickpea (Gram),Uttar Pradesh,2024-06,3985.0,3666.0,4304.0,92.0,1
MPC000839,CROP007,Chickpea (Gram),Uttar Pradesh,2024-07,4011.0,3690.0,4332.0,186.7,1
MPC000840,CROP007,Chickpea (Gram),Uttar Pradesh,2024-08,3797.0,3493.0,4101.0,130.1,1
MPC000841,CROP007,Chickpea (Gram),Uttar Pradesh,2024-09,3300.0,3036.0,3564.0,209.4,1
MPC000842,CROP007,Chickpea (Gram),Uttar Pradesh,2024-10,3399.0,3127.0,3671.0,333.2,1
MPC000843,CROP007,Chickpea (Gram),Uttar Pradesh,2024-11,3558.0,3273.0,3843.0,78.7,1
MPC000844,CROP007,Chickpea (Gram),Uttar Pradesh,2024-12,3745.0,3445.0,4045.0,86.6,1
MPC000845,CROP007,Chickpea (Gram),Uttar Pradesh,2025-01,4451.0,4095.0,4807.0,72.1,1
MPC000846,CROP007,Chickpea (Gram),Uttar Pradesh,2025-02,4710.0,4333.0,5087.0,122.3,1
MPC000847,CROP007,Chickpea (Gram),Uttar Pradesh,2025-03,4396.0,4044.0,4748.0,61.2,1
MPC000848,CROP007,Chickpea (Gram),Uttar Pradesh,2025-04,4598.0,4230.0,4966.0,136.5,1
MPC000849,CROP007,Chickpea (Gram),Uttar Pradesh,2025-05,4207.0,3870.0,4544.0,191.9,1
MPC000850,CROP007,Chickpea (Gram),Uttar Pradesh,2025-06,4290.0,3947.0,4633.0,174.1,1
MPC000851,CROP007,Chickpea (Gram),Uttar Pradesh,2025-07,3934.0,3619.0,4249.0,53.1,1
MPC000852,CROP007,Chickpea (Gram),Uttar Pradesh,2025-08,3963.0,3646.0,4280.0,87.6,1
MPC000853,CROP007,Chickpea (Gram),Uttar Pradesh,2025-09,3851.0,3543.0,4159.0,178.7,1
MPC000854,CROP007,Chickpea (Gram),Uttar Pradesh,2025-10,3811.0,3506.0,4116.0,75.4,1
MPC000855,CROP007,Chickpea (Gram),Uttar Pradesh,2025-11,3795.0,3491.0,4099.0,307.6,1
MPC000856,CROP007,Chickpea (Gram),Uttar Pradesh,2025-12,4244.0,3904.0,4584.0,48.2,1
MPC000857,CROP007,Chickpea (Gram),Uttar Pradesh,2026-01,4790.0,4407.0,5173.0,26.0,1
MPC000858,CROP007,Chickpea (Gram),Uttar Pradesh,2026-02,4324.0,3978.0,4670.0,175.4,1
MPC000859,CROP007,Chickpea (Gram),Uttar Pradesh,2026-03,4697.0,4321.0,5073.0,23.6,1
MPC000860,CROP007,Chickpea (Gram),Uttar Pradesh,2026-04,4945.0,4549.0,5341.0,49.5,1
MPC000861,CROP007,Chickpea (Gram),Uttar Pradesh,2026-05,4636.0,4265.0,5007.0,45.5,1
MPC000862,CROP007,Chickpea (Gram),Uttar Pradesh,2026-06,4252.0,3912.0,4592.0,183.7,1
MPC000863,CROP007,Chickpea (Gram),Uttar Pradesh,2026-07,3996.0,3676.0,4316.0,57.0,1
MPC000864,CROP007,Chickpea (Gram),Uttar Pradesh,2026-08,4060.0,3735.0,4385.0,250.1,1
MPC000865,CROP007,Chickpea (Gram),West Bengal,2024-01,4015.0,3694.0,4336.0,210.7,1
MPC000866,CROP007,Chickpea (Gram),West Bengal,2024-02,4412.0,4059.0,4765.0,120.7,1
MPC000867,CROP007,Chickpea (Gram),West Bengal,2024-03,4314.0,3969.0,4659.0,78.4,1
MPC000868,CROP007,Chickpea (Gram),West Bengal,2024-04,4281.0,3939.0,4623.0,72.5,1
MPC000869,CROP007,Chickpea (Gram),West Bengal,2024-05,4542.0,4179.0,4905.0,41.4,1
MPC000870,CROP007,Chickpea (Gram),West Bengal,2024-06,4104.0,3776.0,4432.0,164.3,1
MPC000871,CROP007,Chickpea (Gram),West Bengal,2024-07,4022.0,3700.0,4344.0,89.0,1
MPC000872,CROP007,Chickpea (Gram),West Bengal,2024-08,3860.0,3551.0,4169.0,131.1,1
MPC000873,CROP007,Chickpea (Gram),West Bengal,2024-09,3252.0,2992.0,3512.0,226.1,1
MPC000874,CROP007,Chickpea (Gram),West Bengal,2024-10,3746.0,3446.0,4046.0,162.1,1
MPC000875,CROP007,Chickpea (Gram),West Bengal,2024-11,3848.0,3540.0,4156.0,18.1,1
MPC000876,CROP007,Chickpea (Gram),West Bengal,2024-12,3927.0,3613.0,4241.0,41.9,1
MPC000877,CROP007,Chickpea (Gram),West Bengal,2025-01,4310.0,3965.0,4655.0,267.0,1
MPC000878,CROP007,Chickpea (Gram),West Bengal,2025-02,4194.0,3858.0,4530.0,139.8,1
MPC000879,CROP007,Chickpea (Gram),West Bengal,2025-03,4589.0,4222.0,4956.0,18.8,1
MPC000880,CROP007,Chickpea (Gram),West Bengal,2025-04,4177.0,3843.0,4511.0,72.4,1
MPC000881,CROP007,Chickpea (Gram),West Bengal,2025-05,4432.0,4077.0,4787.0,55.6,1
MPC000882,CROP007,Chickpea (Gram),West Bengal,2025-06,4578.0,4212.0,4944.0,110.3,1
MPC000883,CROP007,Chickpea (Gram),West Bengal,2025-07,3997.0,3677.0,4317.0,188.3,1
MPC000884,CROP007,Chickpea (Gram),West Bengal,2025-08,3675.0,3381.0,3969.0,288.4,1
MPC000885,CROP007,Chickpea (Gram),West Bengal,2025-09,3597.0,3309.0,3885.0,87.2,1
MPC000886,CROP007,Chickpea (Gram),West Bengal,2025-10,3636.0,3345.0,3927.0,159.6,1
MPC000887,CROP007,Chickpea (Gram),West Bengal,2025-11,3871.0,3561.0,4181.0,83.3,1
MPC000888,CROP007,Chickpea (Gram),West Bengal,2025-12,3984.0,3665.0,4303.0,167.0,1
MPC000889,CROP007,Chickpea (Gram),West Bengal,2026-01,4669.0,4295.0,5043.0,62.2,1
MPC000890,CROP007,Chickpea (Gram),West Bengal,2026-02,4709.0,4332.0,5086.0,69.7,1
MPC000891,CROP007,Chickpea (Gram),West Bengal,2026-03,4849.0,4461.0,5237.0,176.4,1
MPC000892,CROP007,Chickpea (Gram),West Bengal,2026-04,4954.0,4558.0,5350.0,36.5,1
MPC000893,CROP007,Chickpea (Gram),West Bengal,2026-05,4602.0,4234.0,4970.0,88.7,1
MPC000894,CROP007,Chickpea (Gram),West Bengal,2026-06,4294.0,3950.0,4638.0,85.3,1
MPC000895,CROP007,Chickpea (Gram),West Bengal,2026-07,3599.0,3311.0,3887.0,200.1,1
MPC000896,CROP007,Chickpea (Gram),West Bengal,2026-08,3874.0,3564.0,4184.0,111.4,1
MPC000897,CROP008,Pigeon Pea (Tur),Andhra Pradesh,2024-01,2160.0,1987.0,2333.0,336.5,1
MPC000898,CROP008,Pigeon Pea (Tur),Andhra Pradesh,2024-02,2223.0,2045.0,2401.0,52.2,1
MPC000899,CROP008,Pigeon Pea (Tur),Andhra Pradesh,2024-03,2225.0,2047.0,2403.0,71.5,1
MPC000900,CROP008,Pigeon Pea (Tur),Andhra Pradesh,2024-04,2274.0,2092.0,2456.0,109.7,1
MPC000901,CROP008,Pigeon Pea (Tur),Andhra Pradesh,2024-05,2105.0,1937.0,2273.0,190.1,1
MPC000902,CROP008,Pigeon Pea (Tur),Andhra Pradesh,2024-06,1815.0,1670.0,1960.0,122.8,1
MPC000903,CROP008,Pigeon Pea (Tur),Andhra Pradesh,2024-07,1950.0,1794.0,2106.0,34.6,1
MPC000904,CROP008,Pigeon Pea (Tur),Andhra Pradesh,2024-08,1841.0,1694.0,1988.0,180.0,1
MPC000905,CROP008,Pigeon Pea (Tur),Andhra Pradesh,2024-09,1778.0,1636.0,1920.0,35.4,1
MPC000906,CROP008,Pigeon Pea (Tur),Andhra Pradesh,2024-10,1991.0,1832.0,2150.0,103.5,1
MPC000907,CROP008,Pigeon Pea (Tur),Andhra Pradesh,2024-11,1784.0,1641.0,1927.0,102.1,1
MPC000908,CROP008,Pigeon Pea (Tur),Andhra Pradesh,2024-12,1997.0,1837.0,2157.0,189.5,1
MPC000909,CROP008,Pigeon Pea (Tur),Andhra Pradesh,2025-01,2242.0,2063.0,2421.0,79.5,1
MPC000910,CROP008,Pigeon Pea (Tur),Andhra Pradesh,2025-02,2356.0,2168.0,2544.0,178.7,1
MPC000911,CROP008,Pigeon Pea (Tur),Andhra Pradesh,2025-03,2245.0,2065.0,2425.0,188.6,1
MPC000912,CROP008,Pigeon Pea (Tur),Andhra Pradesh,2025-04,2566.0,2361.0,2771.0,42.4,1
MPC000913,CROP008,Pigeon Pea (Tur),Andhra Pradesh,2025-05,2168.0,1995.0,2341.0,74.5,1
MPC000914,CROP008,Pigeon Pea (Tur),Andhra Pradesh,2025-06,2158.0,1985.0,2331.0,122.2,1
MPC000915,CROP008,Pigeon Pea (Tur),Andhra Pradesh,2025-07,1982.0,1823.0,2141.0,54.6,1
MPC000916,CROP008,Pigeon Pea (Tur),Andhra Pradesh,2025-08,1739.0,1600.0,1878.0,130.5,1
MPC000917,CROP008,Pigeon Pea (Tur),Andhra Pradesh,2025-09,1721.0,1583.0,1859.0,69.3,1
MPC000918,CROP008,Pigeon Pea (Tur),Andhra Pradesh,2025-10,1873.0,1723.0,2023.0,190.7,1
MPC000919,CROP008,Pigeon Pea (Tur),Andhra Pradesh,2025-11,2057.0,1892.0,2222.0,153.5,1
MPC000920,CROP008,Pigeon Pea (Tur),Andhra Pradesh,2025-12,2113.0,1944.0,2282.0,12.7,1
MPC000921,CROP008,Pigeon Pea (Tur),Andhra Pradesh,2026-01,2425.0,2231.0,2619.0,55.9,1
MPC000922,CROP008,Pigeon Pea (Tur),Andhra Pradesh,2026-02,2585.0,2378.0,2792.0,125.3,1
MPC000923,CROP008,Pigeon Pea (Tur),Andhra Pradesh,2026-03,2576.0,2370.0,2782.0,173.7,1
MPC000924,CROP008,Pigeon Pea (Tur),Andhra Pradesh,2026-04,2586.0,2379.0,2793.0,66.9,1
MPC000925,CROP008,Pigeon Pea (Tur),Andhra Pradesh,2026-05,2405.0,2213.0,2597.0,97.6,1
MPC000926,CROP008,Pigeon Pea (Tur),Andhra Pradesh,2026-06,2324.0,2138.0,2510.0,5.9,1
MPC000927,CROP008,Pigeon Pea (Tur),Andhra Pradesh,2026-07,2094.0,1926.0,2262.0,123.5,1
MPC000928,CROP008,Pigeon Pea (Tur),Andhra Pradesh,2026-08,1841.0,1694.0,1988.0,116.3,1
MPC000929,CROP008,Pigeon Pea (Tur),Bihar,2024-01,2211.0,2034.0,2388.0,96.1,1
MPC000930,CROP008,Pigeon Pea (Tur),Bihar,2024-02,2183.0,2008.0,2358.0,78.3,1
MPC000931,CROP008,Pigeon Pea (Tur),Bihar,2024-03,2322.0,2136.0,2508.0,162.0,1
MPC000932,CROP008,Pigeon Pea (Tur),Bihar,2024-04,2072.0,1906.0,2238.0,59.4,1
MPC000933,CROP008,Pigeon Pea (Tur),Bihar,2024-05,2031.0,1869.0,2193.0,111.7,1
MPC000934,CROP008,Pigeon Pea (Tur),Bihar,2024-06,1960.0,1803.0,2117.0,66.2,1
MPC000935,CROP008,Pigeon Pea (Tur),Bihar,2024-07,1867.0,1718.0,2016.0,76.1,1
MPC000936,CROP008,Pigeon Pea (Tur),Bihar,2024-08,1841.0,1694.0,1988.0,80.7,1
MPC000937,CROP008,Pigeon Pea (Tur),Bihar,2024-09,2065.0,1900.0,2230.0,184.7,1
MPC000938,CROP008,Pigeon Pea (Tur),Bihar,2024-10,1684.0,1549.0,1819.0,88.7,1
MPC000939,CROP008,Pigeon Pea (Tur),Bihar,2024-11,1896.0,1744.0,2048.0,160.6,1
MPC000940,CROP008,Pigeon Pea (Tur),Bihar,2024-12,2089.0,1922.0,2256.0,108.0,1
MPC000941,CROP008,Pigeon Pea (Tur),Bihar,2025-01,2386.0,2195.0,2577.0,91.9,1
MPC000942,CROP008,Pigeon Pea (Tur),Bihar,2025-02,2353.0,2165.0,2541.0,76.9,1
MPC000943,CROP008,Pigeon Pea (Tur),Bihar,2025-03,2293.0,2110.0,2476.0,170.3,1
MPC000944,CROP008,Pigeon Pea (Tur),Bihar,2025-04,2299.0,2115.0,2483.0,47.3,1
MPC000945,CROP008,Pigeon Pea (Tur),Bihar,2025-05,2332.0,2145.0,2519.0,92.7,1
MPC000946,CROP008,Pigeon Pea (Tur),Bihar,2025-06,2058.0,1893.0,2223.0,114.0,1
MPC000947,CROP008,Pigeon Pea (Tur),Bihar,2025-07,1921.0,1767.0,2075.0,91.5,1
MPC000948,CROP008,Pigeon Pea (Tur),Bihar,2025-08,1924.0,1770.0,2078.0,74.4,1
MPC000949,CROP008,Pigeon Pea (Tur),Bihar,2025-09,1947.0,1791.0,2103.0,168.0,1
MPC000950,CROP008,Pigeon Pea (Tur),Bihar,2025-10,1775.0,1633.0,1917.0,157.6,1
MPC000951,CROP008,Pigeon Pea (Tur),Bihar,2025-11,2128.0,1958.0,2298.0,112.1,1
MPC000952,CROP008,Pigeon Pea (Tur),Bihar,2025-12,1915.0,1762.0,2068.0,106.0,1
MPC000953,CROP008,Pigeon Pea (Tur),Bihar,2026-01,2459.0,2262.0,2656.0,139.1,1
MPC000954,CROP008,Pigeon Pea (Tur),Bihar,2026-02,2267.0,2086.0,2448.0,62.9,1
MPC000955,CROP008,Pigeon Pea (Tur),Bihar,2026-03,2364.0,2175.0,2553.0,11.6,1
MPC000956,CROP008,Pigeon Pea (Tur),Bihar,2026-04,2567.0,2362.0,2772.0,56.2,1
MPC000957,CROP008,Pigeon Pea (Tur),Bihar,2026-05,2400.0,2208.0,2592.0,105.0,1
MPC000958,CROP008,Pigeon Pea (Tur),Bihar,2026-06,2379.0,2189.0,2569.0,84.5,1
MPC000959,CROP008,Pigeon Pea (Tur),Bihar,2026-07,2128.0,1958.0,2298.0,49.6,1
MPC000960,CROP008,Pigeon Pea (Tur),Bihar,2026-08,1973.0,1815.0,2131.0,60.0,1
MPC000961,CROP008,Pigeon Pea (Tur),Gujarat,2024-01,2263.0,2082.0,2444.0,227.7,1
MPC000962,CROP008,Pigeon Pea (Tur),Gujarat,2024-02,2150.0,1978.0,2322.0,94.1,1
MPC000963,CROP008,Pigeon Pea (Tur),Gujarat,2024-03,2343.0,2156.0,2530.0,277.5,1
MPC000964,CROP008,Pigeon Pea (Tur),Gujarat,2024-04,2219.0,2041.0,2397.0,61.6,1
MPC000965,CROP008,Pigeon Pea (Tur),Gujarat,2024-05,2336.0,2149.0,2523.0,94.8,1
MPC000966,CROP008,Pigeon Pea (Tur),Gujarat,2024-06,1976.0,1818.0,2134.0,45.3,1
MPC000967,CROP008,Pigeon Pea (Tur),Gujarat,2024-07,1773.0,1631.0,1915.0,181.6,1
MPC000968,CROP008,Pigeon Pea (Tur),Gujarat,2024-08,1874.0,1724.0,2024.0,52.9,1
MPC000969,CROP008,Pigeon Pea (Tur),Gujarat,2024-09,1816.0,1671.0,1961.0,72.5,1
MPC000970,CROP008,Pigeon Pea (Tur),Gujarat,2024-10,2150.0,1978.0,2322.0,161.8,1
MPC000971,CROP008,Pigeon Pea (Tur),Gujarat,2024-11,1896.0,1744.0,2048.0,46.2,1
MPC000972,CROP008,Pigeon Pea (Tur),Gujarat,2024-12,2176.0,2002.0,2350.0,36.8,1
MPC000973,CROP008,Pigeon Pea (Tur),Gujarat,2025-01,2241.0,2062.0,2420.0,83.4,1
MPC000974,CROP008,Pigeon Pea (Tur),Gujarat,2025-02,2571.0,2365.0,2777.0,80.7,1
MPC000975,CROP008,Pigeon Pea (Tur),Gujarat,2025-03,2431.0,2237.0,2625.0,55.9,1
MPC000976,CROP008,Pigeon Pea (Tur),Gujarat,2025-04,2382.0,2191.0,2573.0,183.0,1
MPC000977,CROP008,Pigeon Pea (Tur),Gujarat,2025-05,2139.0,1968.0,2310.0,49.4,1
MPC000978,CROP008,Pigeon Pea (Tur),Gujarat,2025-06,2030.0,1868.0,2192.0,181.2,1
MPC000979,CROP008,Pigeon Pea (Tur),Gujarat,2025-07,1914.0,1761.0,2067.0,118.5,1
MPC000980,CROP008,Pigeon Pea (Tur),Gujarat,2025-08,1852.0,1704.0,2000.0,14.4,1
MPC000981,CROP008,Pigeon Pea (Tur),Gujarat,2025-09,1722.0,1584.0,1860.0,85.1,1
MPC000982,CROP008,Pigeon Pea (Tur),Gujarat,2025-10,1967.0,1810.0,2124.0,23.3,1
MPC000983,CROP008,Pigeon Pea (Tur),Gujarat,2025-11,1835.0,1688.0,1982.0,89.6,1
MPC000984,CROP008,Pigeon Pea (Tur),Gujarat,2025-12,2322.0,2136.0,2508.0,195.8,1
MPC000985,CROP008,Pigeon Pea (Tur),Gujarat,2026-01,2296.0,2112.0,2480.0,79.4,1
MPC000986,CROP008,Pigeon Pea (Tur),Gujarat,2026-02,2617.0,2408.0,2826.0,60.4,1
MPC000987,CROP008,Pigeon Pea (Tur),Gujarat,2026-03,2448.0,2252.0,2644.0,52.4,1
MPC000988,CROP008,Pigeon Pea (Tur),Gujarat,2026-04,2449.0,2253.0,2645.0,63.3,1
MPC000989,CROP008,Pigeon Pea (Tur),Gujarat,2026-05,2455.0,2259.0,2651.0,84.8,1
MPC000990,CROP008,Pigeon Pea (Tur),Gujarat,2026-06,2329.0,2143.0,2515.0,31.8,1
MPC000991,CROP008,Pigeon Pea (Tur),Gujarat,2026-07,2151.0,1979.0,2323.0,21.8,1
MPC000992,CROP008,Pigeon Pea (Tur),Gujarat,2026-08,2105.0,1937.0,2273.0,96.0,1
MPC000993,CROP008,Pigeon Pea (Tur),Uttar Pradesh,2024-01,2119.0,1949.0,2289.0,103.7,1
MPC000994,CROP008,Pigeon Pea (Tur),Uttar Pradesh,2024-02,2622.0,2412.0,2832.0,121.5,1
MPC000995,CROP008,Pigeon Pea (Tur),Uttar Pradesh,2024-03,2318.0,2133.0,2503.0,142.2,1
MPC000996,CROP008,Pigeon Pea (Tur),Uttar Pradesh,2024-04,2472.0,2274.0,2670.0,67.7,1
MPC000997,CROP008,Pigeon Pea (Tur),Uttar Pradesh,2024-05,2351.0,2163.0,2539.0,161.6,1
MPC000998,CROP008,Pigeon Pea (Tur),Uttar Pradesh,2024-06,2078.0,1912.0,2244.0,48.8,1
MPC000999,CROP008,Pigeon Pea (Tur),Uttar Pradesh,2024-07,2018.0,1857.0,2179.0,96.9,1
MPC001000,CROP008,Pigeon Pea (Tur),Uttar Pradesh,2024-08,1767.0,1626.0,1908.0,235.9,1
MPC001001,CROP008,Pigeon Pea (Tur),Uttar Pradesh,2024-09,1675.0,1541.0,1809.0,167.5,1
MPC001002,CROP008,Pigeon Pea (Tur),Uttar Pradesh,2024-10,1838.0,1691.0,1985.0,129.3,1
MPC001003,CROP008,Pigeon Pea (Tur),Uttar Pradesh,2024-11,1917.0,1764.0,2070.0,44.7,1
MPC001004,CROP008,Pigeon Pea (Tur),Uttar Pradesh,2024-12,2023.0,1861.0,2185.0,66.4,1
MPC001005,CROP008,Pigeon Pea (Tur),Uttar Pradesh,2025-01,2083.0,1916.0,2250.0,67.7,1
MPC001006,CROP008,Pigeon Pea (Tur),Uttar Pradesh,2025-02,2401.0,2209.0,2593.0,83.1,1
MPC001007,CROP008,Pigeon Pea (Tur),Uttar Pradesh,2025-03,2556.0,2352.0,2760.0,214.4,1
MPC001008,CROP008,Pigeon Pea (Tur),Uttar Pradesh,2025-04,2407.0,2214.0,2600.0,192.6,1
MPC001009,CROP008,Pigeon Pea (Tur),Uttar Pradesh,2025-05,2125.0,1955.0,2295.0,119.5,1
MPC001010,CROP008,Pigeon Pea (Tur),Uttar Pradesh,2025-06,2101.0,1933.0,2269.0,40.0,1
MPC001011,CROP008,Pigeon Pea (Tur),Uttar Pradesh,2025-07,2079.0,1913.0,2245.0,59.8,1
MPC001012,CROP008,Pigeon Pea (Tur),Uttar Pradesh,2025-08,1942.0,1787.0,2097.0,143.4,1
MPC001013,CROP008,Pigeon Pea (Tur),Uttar Pradesh,2025-09,1800.0,1656.0,1944.0,82.5,1
MPC001014,CROP008,Pigeon Pea (Tur),Uttar Pradesh,2025-10,2003.0,1843.0,2163.0,151.7,1
MPC001015,CROP008,Pigeon Pea (Tur),Uttar Pradesh,2025-11,2142.0,1971.0,2313.0,35.2,1
MPC001016,CROP008,Pigeon Pea (Tur),Uttar Pradesh,2025-12,2232.0,2053.0,2411.0,147.3,1
MPC001017,CROP008,Pigeon Pea (Tur),Uttar Pradesh,2026-01,2469.0,2271.0,2667.0,26.6,1
MPC001018,CROP008,Pigeon Pea (Tur),Uttar Pradesh,2026-02,2604.0,2396.0,2812.0,112.2,1
MPC001019,CROP008,Pigeon Pea (Tur),Uttar Pradesh,2026-03,2334.0,2147.0,2521.0,52.2,1
MPC001020,CROP008,Pigeon Pea (Tur),Uttar Pradesh,2026-04,2276.0,2094.0,2458.0,109.6,1
MPC001021,CROP008,Pigeon Pea (Tur),Uttar Pradesh,2026-05,2403.0,2211.0,2595.0,152.4,1
MPC001022,CROP008,Pigeon Pea (Tur),Uttar Pradesh,2026-06,2290.0,2107.0,2473.0,105.4,1
MPC001023,CROP008,Pigeon Pea (Tur),Uttar Pradesh,2026-07,1991.0,1832.0,2150.0,82.0,1
MPC001024,CROP008,Pigeon Pea (Tur),Uttar Pradesh,2026-08,1897.0,1745.0,2049.0,19.7,1
MPC001025,CROP009,Green Gram (Moong),Bihar,2024-01,3521.0,3239.0,3803.0,13.7,1
MPC001026,CROP009,Green Gram (Moong),Bihar,2024-02,3807.0,3502.0,4112.0,126.2,1
MPC001027,CROP009,Green Gram (Moong),Bihar,2024-03,3085.0,2838.0,3332.0,99.0,1
MPC001028,CROP009,Green Gram (Moong),Bihar,2024-04,3700.0,3404.0,3996.0,88.3,1
MPC001029,CROP009,Green Gram (Moong),Bihar,2024-05,3413.0,3140.0,3686.0,71.9,1
MPC001030,CROP009,Green Gram (Moong),Bihar,2024-06,3411.0,3138.0,3684.0,116.2,1
MPC001031,CROP009,Green Gram (Moong),Bihar,2024-07,2965.0,2728.0,3202.0,21.9,1
MPC001032,CROP009,Green Gram (Moong),Bihar,2024-08,2810.0,2585.0,3035.0,138.0,1
MPC001033,CROP009,Green Gram (Moong),Bihar,2024-09,2615.0,2406.0,2824.0,48.8,1
MPC001034,CROP009,Green Gram (Moong),Bihar,2024-10,3072.0,2826.0,3318.0,147.3,1
MPC001035,CROP009,Green Gram (Moong),Bihar,2024-11,2661.0,2448.0,2874.0,97.7,1
MPC001036,CROP009,Green Gram (Moong),Bihar,2024-12,2849.0,2621.0,3077.0,87.3,1
MPC001037,CROP009,Green Gram (Moong),Bihar,2025-01,3491.0,3212.0,3770.0,67.8,1
MPC001038,CROP009,Green Gram (Moong),Bihar,2025-02,3512.0,3231.0,3793.0,178.3,1
MPC001039,CROP009,Green Gram (Moong),Bihar,2025-03,3960.0,3643.0,4277.0,86.1,1
MPC001040,CROP009,Green Gram (Moong),Bihar,2025-04,3728.0,3430.0,4026.0,110.3,1
MPC001041,CROP009,Green Gram (Moong),Bihar,2025-05,3517.0,3236.0,3798.0,54.9,1
MPC001042,CROP009,Green Gram (Moong),Bihar,2025-06,3236.0,2977.0,3495.0,233.9,1
MPC001043,CROP009,Green Gram (Moong),Bihar,2025-07,3058.0,2813.0,3303.0,62.3,1
MPC001044,CROP009,Green Gram (Moong),Bihar,2025-08,2975.0,2737.0,3213.0,143.2,1
MPC001045,CROP009,Green Gram (Moong),Bihar,2025-09,3117.0,2868.0,3366.0,50.3,1
MPC001046,CROP009,Green Gram (Moong),Bihar,2025-10,2974.0,2736.0,3212.0,64.3,1
MPC001047,CROP009,Green Gram (Moong),Bihar,2025-11,3304.0,3040.0,3568.0,129.3,1
MPC001048,CROP009,Green Gram (Moong),Bihar,2025-12,3294.0,3030.0,3558.0,13.7,1
MPC001049,CROP009,Green Gram (Moong),Bihar,2026-01,4146.0,3814.0,4478.0,68.6,1
MPC001050,CROP009,Green Gram (Moong),Bihar,2026-02,3913.0,3600.0,4226.0,87.9,1
MPC001051,CROP009,Green Gram (Moong),Bihar,2026-03,3581.0,3295.0,3867.0,125.3,1
MPC001052,CROP009,Green Gram (Moong),Bihar,2026-04,3937.0,3622.0,4252.0,160.8,1
MPC001053,CROP009,Green Gram (Moong),Bihar,2026-05,3563.0,3278.0,3848.0,115.7,1
MPC001054,CROP009,Green Gram (Moong),Bihar,2026-06,3546.0,3262.0,3830.0,74.4,1
MPC001055,CROP009,Green Gram (Moong),Bihar,2026-07,3372.0,3102.0,3642.0,95.7,1
MPC001056,CROP009,Green Gram (Moong),Bihar,2026-08,3392.0,3121.0,3663.0,28.3,1
MPC001057,CROP009,Green Gram (Moong),Gujarat,2024-01,3407.0,3134.0,3680.0,40.2,1
MPC001058,CROP009,Green Gram (Moong),Gujarat,2024-02,3475.0,3197.0,3753.0,269.1,1
MPC001059,CROP009,Green Gram (Moong),Gujarat,2024-03,3241.0,2982.0,3500.0,144.6,1
MPC001060,CROP009,Green Gram (Moong),Gujarat,2024-04,3284.0,3021.0,3547.0,67.4,1
MPC001061,CROP009,Green Gram (Moong),Gujarat,2024-05,3449.0,3173.0,3725.0,86.1,1
MPC001062,CROP009,Green Gram (Moong),Gujarat,2024-06,3145.0,2893.0,3397.0,129.0,1
MPC001063,CROP009,Green Gram (Moong),Gujarat,2024-07,2972.0,2734.0,3210.0,58.2,1
MPC001064,CROP009,Green Gram (Moong),Gujarat,2024-08,2695.0,2479.0,2911.0,256.2,1
MPC001065,CROP009,Green Gram (Moong),Gujarat,2024-09,2855.0,2627.0,3083.0,252.0,1
MPC001066,CROP009,Green Gram (Moong),Gujarat,2024-10,2806.0,2582.0,3030.0,170.9,1
MPC001067,CROP009,Green Gram (Moong),Gujarat,2024-11,2930.0,2696.0,3164.0,132.4,1
MPC001068,CROP009,Green Gram (Moong),Gujarat,2024-12,3125.0,2875.0,3375.0,144.8,1
MPC001069,CROP009,Green Gram (Moong),Gujarat,2025-01,3690.0,3395.0,3985.0,226.0,1
MPC001070,CROP009,Green Gram (Moong),Gujarat,2025-02,3571.0,3285.0,3857.0,89.3,1
MPC001071,CROP009,Green Gram (Moong),Gujarat,2025-03,3835.0,3528.0,4142.0,205.2,1
MPC001072,CROP009,Green Gram (Moong),Gujarat,2025-04,3964.0,3647.0,4281.0,66.0,1
MPC001073,CROP009,Green Gram (Moong),Gujarat,2025-05,3200.0,2944.0,3456.0,65.9,1
MPC001074,CROP009,Green Gram (Moong),Gujarat,2025-06,3232.0,2973.0,3491.0,73.0,1
MPC001075,CROP009,Green Gram (Moong),Gujarat,2025-07,2844.0,2616.0,3072.0,39.9,1
MPC001076,CROP009,Green Gram (Moong),Gujarat,2025-08,2976.0,2738.0,3214.0,97.0,1
MPC001077,CROP009,Green Gram (Moong),Gujarat,2025-09,3013.0,2772.0,3254.0,71.6,1
MPC001078,CROP009,Green Gram (Moong),Gujarat,2025-10,2897.0,2665.0,3129.0,64.2,1
MPC001079,CROP009,Green Gram (Moong),Gujarat,2025-11,2846.0,2618.0,3074.0,61.7,1
MPC001080,CROP009,Green Gram (Moong),Gujarat,2025-12,3334.0,3067.0,3601.0,313.2,1
MPC001081,CROP009,Green Gram (Moong),Gujarat,2026-01,3340.0,3073.0,3607.0,87.5,1
MPC001082,CROP009,Green Gram (Moong),Gujarat,2026-02,3582.0,3295.0,3869.0,117.3,1
MPC001083,CROP009,Green Gram (Moong),Gujarat,2026-03,3936.0,3621.0,4251.0,90.9,1
MPC001084,CROP009,Green Gram (Moong),Gujarat,2026-04,3990.0,3671.0,4309.0,82.1,1
MPC001085,CROP009,Green Gram (Moong),Gujarat,2026-05,3402.0,3130.0,3674.0,174.6,1
MPC001086,CROP009,Green Gram (Moong),Gujarat,2026-06,3574.0,3288.0,3860.0,92.3,1
MPC001087,CROP009,Green Gram (Moong),Gujarat,2026-07,3455.0,3179.0,3731.0,59.3,1
MPC001088,CROP009,Green Gram (Moong),Gujarat,2026-08,2992.0,2753.0,3231.0,168.3,1
MPC001089,CROP009,Green Gram (Moong),Tamil Nadu,2024-01,3414.0,3141.0,3687.0,207.0,1
MPC001090,CROP009,Green Gram (Moong),Tamil Nadu,2024-02,3865.0,3556.0,4174.0,84.4,1
MPC001091,CROP009,Green Gram (Moong),Tamil Nadu,2024-03,3552.0,3268.0,3836.0,124.6,1
MPC001092,CROP009,Green Gram (Moong),Tamil Nadu,2024-04,3339.0,3072.0,3606.0,111.2,1
MPC001093,CROP009,Green Gram (Moong),Tamil Nadu,2024-05,3399.0,3127.0,3671.0,75.2,1
MPC001094,CROP009,Green Gram (Moong),Tamil Nadu,2024-06,2700.0,2484.0,2916.0,219.1,1
MPC001095,CROP009,Green Gram (Moong),Tamil Nadu,2024-07,3137.0,2886.0,3388.0,140.6,1
MPC001096,CROP009,Green Gram (Moong),Tamil Nadu,2024-08,2747.0,2527.0,2967.0,32.5,1
MPC001097,CROP009,Green Gram (Moong),Tamil Nadu,2024-09,2573.0,2367.0,2779.0,9.0,1
MPC001098,CROP009,Green Gram (Moong),Tamil Nadu,2024-10,3005.0,2765.0,3245.0,293.1,1
MPC001099,CROP009,Green Gram (Moong),Tamil Nadu,2024-11,3001.0,2761.0,3241.0,150.6,1
MPC001100,CROP009,Green Gram (Moong),Tamil Nadu,2024-12,3103.0,2855.0,3351.0,44.3,1
MPC001101,CROP009,Green Gram (Moong),Tamil Nadu,2025-01,3504.0,3224.0,3784.0,353.8,1
MPC001102,CROP009,Green Gram (Moong),Tamil Nadu,2025-02,4035.0,3712.0,4358.0,173.7,1
MPC001103,CROP009,Green Gram (Moong),Tamil Nadu,2025-03,3518.0,3237.0,3799.0,119.9,1
MPC001104,CROP009,Green Gram (Moong),Tamil Nadu,2025-04,3813.0,3508.0,4118.0,37.8,1
MPC001105,CROP009,Green Gram (Moong),Tamil Nadu,2025-05,3640.0,3349.0,3931.0,200.1,1
MPC001106,CROP009,Green Gram (Moong),Tamil Nadu,2025-06,3348.0,3080.0,3616.0,136.1,1
MPC001107,CROP009,Green Gram (Moong),Tamil Nadu,2025-07,2888.0,2657.0,3119.0,134.9,1
MPC001108,CROP009,Green Gram (Moong),Tamil Nadu,2025-08,3072.0,2826.0,3318.0,97.2,1
MPC001109,CROP009,Green Gram (Moong),Tamil Nadu,2025-09,2973.0,2735.0,3211.0,75.8,1
MPC001110,CROP009,Green Gram (Moong),Tamil Nadu,2025-10,3171.0,2917.0,3425.0,145.6,1
MPC001111,CROP009,Green Gram (Moong),Tamil Nadu,2025-11,3207.0,2950.0,3464.0,93.7,1
MPC001112,CROP009,Green Gram (Moong),Tamil Nadu,2025-12,3137.0,2886.0,3388.0,75.0,1
MPC001113,CROP009,Green Gram (Moong),Tamil Nadu,2026-01,3889.0,3578.0,4200.0,66.7,1
MPC001114,CROP009,Green Gram (Moong),Tamil Nadu,2026-02,3901.0,3589.0,4213.0,138.9,1
MPC001115,CROP009,Green Gram (Moong),Tamil Nadu,2026-03,3942.0,3627.0,4257.0,88.5,1
MPC001116,CROP009,Green Gram (Moong),Tamil Nadu,2026-04,3602.0,3314.0,3890.0,134.4,1
MPC001117,CROP009,Green Gram (Moong),Tamil Nadu,2026-05,3570.0,3284.0,3856.0,81.5,1
MPC001118,CROP009,Green Gram (Moong),Tamil Nadu,2026-06,3355.0,3087.0,3623.0,158.4,1
MPC001119,CROP009,Green Gram (Moong),Tamil Nadu,2026-07,3505.0,3225.0,3785.0,113.1,1
MPC001120,CROP009,Green Gram (Moong),Tamil Nadu,2026-08,3013.0,2772.0,3254.0,74.0,1
MPC001121,CROP009,Green Gram (Moong),West Bengal,2024-01,3237.0,2978.0,3496.0,77.2,1
MPC001122,CROP009,Green Gram (Moong),West Bengal,2024-02,3626.0,3336.0,3916.0,188.3,1
MPC001123,CROP009,Green Gram (Moong),West Bengal,2024-03,3489.0,3210.0,3768.0,139.0,1
MPC001124,CROP009,Green Gram (Moong),West Bengal,2024-04,3988.0,3669.0,4307.0,111.2,1
MPC001125,CROP009,Green Gram (Moong),West Bengal,2024-05,3892.0,3581.0,4203.0,127.2,1
MPC001126,CROP009,Green Gram (Moong),West Bengal,2024-06,3254.0,2994.0,3514.0,147.7,1
MPC001127,CROP009,Green Gram (Moong),West Bengal,2024-07,3138.0,2887.0,3389.0,143.6,1
MPC001128,CROP009,Green Gram (Moong),West Bengal,2024-08,2552.0,2348.0,2756.0,28.6,1
MPC001129,CROP009,Green Gram (Moong),West Bengal,2024-09,2870.0,2640.0,3100.0,21.4,1
MPC001130,CROP009,Green Gram (Moong),West Bengal,2024-10,2837.0,2610.0,3064.0,33.8,1
MPC001131,CROP009,Green Gram (Moong),West Bengal,2024-11,2954.0,2718.0,3190.0,94.1,1
MPC001132,CROP009,Green Gram (Moong),West Bengal,2024-12,3044.0,2800.0,3288.0,51.8,1
MPC001133,CROP009,Green Gram (Moong),West Bengal,2025-01,3363.0,3094.0,3632.0,154.3,1
MPC001134,CROP009,Green Gram (Moong),West Bengal,2025-02,4027.0,3705.0,4349.0,285.5,1
MPC001135,CROP009,Green Gram (Moong),West Bengal,2025-03,4015.0,3694.0,4336.0,103.2,1
MPC001136,CROP009,Green Gram (Moong),West Bengal,2025-04,3426.0,3152.0,3700.0,86.1,1
MPC001137,CROP009,Green Gram (Moong),West Bengal,2025-05,3599.0,3311.0,3887.0,36.9,1
MPC001138,CROP009,Green Gram (Moong),West Bengal,2025-06,3343.0,3076.0,3610.0,131.8,1
MPC001139,CROP009,Green Gram (Moong),West Bengal,2025-07,3193.0,2938.0,3448.0,92.1,1
MPC001140,CROP009,Green Gram (Moong),West Bengal,2025-08,2898.0,2666.0,3130.0,51.8,1
MPC001141,CROP009,Green Gram (Moong),West Bengal,2025-09,2884.0,2653.0,3115.0,241.0,1
MPC001142,CROP009,Green Gram (Moong),West Bengal,2025-10,3022.0,2780.0,3264.0,114.2,1
MPC001143,CROP009,Green Gram (Moong),West Bengal,2025-11,3187.0,2932.0,3442.0,81.2,1
MPC001144,CROP009,Green Gram (Moong),West Bengal,2025-12,3669.0,3375.0,3963.0,130.4,1
MPC001145,CROP009,Green Gram (Moong),West Bengal,2026-01,3699.0,3403.0,3995.0,25.6,1
MPC001146,CROP009,Green Gram (Moong),West Bengal,2026-02,4023.0,3701.0,4345.0,65.6,1
MPC001147,CROP009,Green Gram (Moong),West Bengal,2026-03,3701.0,3405.0,3997.0,226.4,1
MPC001148,CROP009,Green Gram (Moong),West Bengal,2026-04,3495.0,3215.0,3775.0,183.4,1
MPC001149,CROP009,Green Gram (Moong),West Bengal,2026-05,3942.0,3627.0,4257.0,53.1,1
MPC001150,CROP009,Green Gram (Moong),West Bengal,2026-06,3645.0,3353.0,3937.0,155.1,1
MPC001151,CROP009,Green Gram (Moong),West Bengal,2026-07,3284.0,3021.0,3547.0,149.2,1
MPC001152,CROP009,Green Gram (Moong),West Bengal,2026-08,3182.0,2927.0,3437.0,79.9,1
MPC001153,CROP010,Black Gram (Urad),Bihar,2024-01,2865.0,2636.0,3094.0,91.5,1
MPC001154,CROP010,Black Gram (Urad),Bihar,2024-02,2915.0,2682.0,3148.0,278.4,1
MPC001155,CROP010,Black Gram (Urad),Bihar,2024-03,2949.0,2713.0,3185.0,145.2,1
MPC001156,CROP010,Black Gram (Urad),Bihar,2024-04,3077.0,2831.0,3323.0,60.4,1
MPC001157,CROP010,Black Gram (Urad),Bihar,2024-05,2918.0,2685.0,3151.0,101.4,1
MPC001158,CROP010,Black Gram (Urad),Bihar,2024-06,2513.0,2312.0,2714.0,115.1,1
MPC001159,CROP010,Black Gram (Urad),Bihar,2024-07,2263.0,2082.0,2444.0,89.3,1
MPC001160,CROP010,Black Gram (Urad),Bihar,2024-08,2345.0,2157.0,2533.0,72.4,1
MPC001161,CROP010,Black Gram (Urad),Bihar,2024-09,2474.0,2276.0,2672.0,235.1,1
MPC001162,CROP010,Black Gram (Urad),Bihar,2024-10,2492.0,2293.0,2691.0,37.0,1
MPC001163,CROP010,Black Gram (Urad),Bihar,2024-11,2386.0,2195.0,2577.0,186.6,1
MPC001164,CROP010,Black Gram (Urad),Bihar,2024-12,2504.0,2304.0,2704.0,107.9,1
MPC001165,CROP010,Black Gram (Urad),Bihar,2025-01,2887.0,2656.0,3118.0,431.6,1
MPC001166,CROP010,Black Gram (Urad),Bihar,2025-02,2871.0,2641.0,3101.0,78.3,1
MPC001167,CROP010,Black Gram (Urad),Bihar,2025-03,3243.0,2984.0,3502.0,121.5,1
MPC001168,CROP010,Black Gram (Urad),Bihar,2025-04,3013.0,2772.0,3254.0,150.3,1
MPC001169,CROP010,Black Gram (Urad),Bihar,2025-05,2875.0,2645.0,3105.0,46.7,1
MPC001170,CROP010,Black Gram (Urad),Bihar,2025-06,2762.0,2541.0,2983.0,152.5,1
MPC001171,CROP010,Black Gram (Urad),Bihar,2025-07,2420.0,2226.0,2614.0,75.9,1
MPC001172,CROP010,Black Gram (Urad),Bihar,2025-08,2315.0,2130.0,2500.0,49.3,1
MPC001173,CROP010,Black Gram (Urad),Bihar,2025-09,2221.0,2043.0,2399.0,48.5,1
MPC001174,CROP010,Black Gram (Urad),Bihar,2025-10,2376.0,2186.0,2566.0,52.2,1
MPC001175,CROP010,Black Gram (Urad),Bihar,2025-11,2573.0,2367.0,2779.0,133.5,1
MPC001176,CROP010,Black Gram (Urad),Bihar,2025-12,2640.0,2429.0,2851.0,176.0,1
MPC001177,CROP010,Black Gram (Urad),Bihar,2026-01,3097.0,2849.0,3345.0,104.8,1
MPC001178,CROP010,Black Gram (Urad),Bihar,2026-02,3166.0,2913.0,3419.0,34.2,1
MPC001179,CROP010,Black Gram (Urad),Bihar,2026-03,3216.0,2959.0,3473.0,83.0,1
MPC001180,CROP010,Black Gram (Urad),Bihar,2026-04,3079.0,2833.0,3325.0,148.7,1
MPC001181,CROP010,Black Gram (Urad),Bihar,2026-05,2987.0,2748.0,3226.0,38.2,1
MPC001182,CROP010,Black Gram (Urad),Bihar,2026-06,2725.0,2507.0,2943.0,55.4,1
MPC001183,CROP010,Black Gram (Urad),Bihar,2026-07,2781.0,2559.0,3003.0,52.4,1
MPC001184,CROP010,Black Gram (Urad),Bihar,2026-08,2692.0,2477.0,2907.0,100.6,1
MPC001185,CROP010,Black Gram (Urad),Haryana,2024-01,2994.0,2754.0,3234.0,79.8,1
MPC001186,CROP010,Black Gram (Urad),Haryana,2024-02,2798.0,2574.0,3022.0,130.3,1
MPC001187,CROP010,Black Gram (Urad),Haryana,2024-03,2710.0,2493.0,2927.0,269.0,1
MPC001188,CROP010,Black Gram (Urad),Haryana,2024-04,2791.0,2568.0,3014.0,32.8,1
MPC001189,CROP010,Black Gram (Urad),Haryana,2024-05,2760.0,2539.0,2981.0,185.0,1
MPC001190,CROP010,Black Gram (Urad),Haryana,2024-06,2755.0,2535.0,2975.0,106.3,1
MPC001191,CROP010,Black Gram (Urad),Haryana,2024-07,2508.0,2307.0,2709.0,163.3,1
MPC001192,CROP010,Black Gram (Urad),Haryana,2024-08,2248.0,2068.0,2428.0,109.3,1
MPC001193,CROP010,Black Gram (Urad),Haryana,2024-09,2134.0,1963.0,2305.0,76.7,1
MPC001194,CROP010,Black Gram (Urad),Haryana,2024-10,2327.0,2141.0,2513.0,101.5,1
MPC001195,CROP010,Black Gram (Urad),Haryana,2024-11,2462.0,2265.0,2659.0,44.6,1
MPC001196,CROP010,Black Gram (Urad),Haryana,2024-12,2557.0,2352.0,2762.0,168.6,1
MPC001197,CROP010,Black Gram (Urad),Haryana,2025-01,2780.0,2558.0,3002.0,75.0,1
MPC001198,CROP010,Black Gram (Urad),Haryana,2025-02,2952.0,2716.0,3188.0,69.0,1
MPC001199,CROP010,Black Gram (Urad),Haryana,2025-03,3004.0,2764.0,3244.0,106.5,1
MPC001200,CROP010,Black Gram (Urad),Haryana,2025-04,3099.0,2851.0,3347.0,233.1,1
MPC001201,CROP010,Black Gram (Urad),Haryana,2025-05,2908.0,2675.0,3141.0,35.7,1
MPC001202,CROP010,Black Gram (Urad),Haryana,2025-06,2374.0,2184.0,2564.0,267.2,1
MPC001203,CROP010,Black Gram (Urad),Haryana,2025-07,2305.0,2121.0,2489.0,22.6,1
MPC001204,CROP010,Black Gram (Urad),Haryana,2025-08,2545.0,2341.0,2749.0,247.8,1
MPC001205,CROP010,Black Gram (Urad),Haryana,2025-09,2443.0,2248.0,2638.0,76.7,1
MPC001206,CROP010,Black Gram (Urad),Haryana,2025-10,2598.0,2390.0,2806.0,131.1,1
MPC001207,CROP010,Black Gram (Urad),Haryana,2025-11,2362.0,2173.0,2551.0,159.6,1
MPC001208,CROP010,Black Gram (Urad),Haryana,2025-12,2748.0,2528.0,2968.0,102.4,1
MPC001209,CROP010,Black Gram (Urad),Haryana,2026-01,2875.0,2645.0,3105.0,38.4,1
MPC001210,CROP010,Black Gram (Urad),Haryana,2026-02,3136.0,2885.0,3387.0,206.9,1
MPC001211,CROP010,Black Gram (Urad),Haryana,2026-03,3277.0,3015.0,3539.0,172.0,1
MPC001212,CROP010,Black Gram (Urad),Haryana,2026-04,3062.0,2817.0,3307.0,241.0,1
MPC001213,CROP010,Black Gram (Urad),Haryana,2026-05,2919.0,2685.0,3153.0,460.5,1
MPC001214,CROP010,Black Gram (Urad),Haryana,2026-06,2779.0,2557.0,3001.0,89.5,1
MPC001215,CROP010,Black Gram (Urad),Haryana,2026-07,2711.0,2494.0,2928.0,122.0,1
MPC001216,CROP010,Black Gram (Urad),Haryana,2026-08,2494.0,2294.0,2694.0,128.0,1
MPC001217,CROP010,Black Gram (Urad),Madhya Pradesh,2024-01,2701.0,2485.0,2917.0,62.3,1
MPC001218,CROP010,Black Gram (Urad),Madhya Pradesh,2024-02,2769.0,2547.0,2991.0,141.6,1
MPC001219,CROP010,Black Gram (Urad),Madhya Pradesh,2024-03,2893.0,2662.0,3124.0,115.1,1
MPC001220,CROP010,Black Gram (Urad),Madhya Pradesh,2024-04,2862.0,2633.0,3091.0,55.9,1
MPC001221,CROP010,Black Gram (Urad),Madhya Pradesh,2024-05,2944.0,2708.0,3180.0,214.8,1
MPC001222,CROP010,Black Gram (Urad),Madhya Pradesh,2024-06,2465.0,2268.0,2662.0,38.8,1
MPC001223,CROP010,Black Gram (Urad),Madhya Pradesh,2024-07,2445.0,2249.0,2641.0,141.8,1
MPC001224,CROP010,Black Gram (Urad),Madhya Pradesh,2024-08,1958.0,1801.0,2115.0,142.2,1
MPC001225,CROP010,Black Gram (Urad),Madhya Pradesh,2024-09,2165.0,1992.0,2338.0,238.2,1
MPC001226,CROP010,Black Gram (Urad),Madhya Pradesh,2024-10,2285.0,2102.0,2468.0,73.6,1
MPC001227,CROP010,Black Gram (Urad),Madhya Pradesh,2024-11,2358.0,2169.0,2547.0,103.0,1
MPC001228,CROP010,Black Gram (Urad),Madhya Pradesh,2024-12,2598.0,2390.0,2806.0,59.5,1
MPC001229,CROP010,Black Gram (Urad),Madhya Pradesh,2025-01,2776.0,2554.0,2998.0,119.0,1
MPC001230,CROP010,Black Gram (Urad),Madhya Pradesh,2025-02,2988.0,2749.0,3227.0,85.0,1
MPC001231,CROP010,Black Gram (Urad),Madhya Pradesh,2025-03,3045.0,2801.0,3289.0,207.4,1
MPC001232,CROP010,Black Gram (Urad),Madhya Pradesh,2025-04,2616.0,2407.0,2825.0,151.1,1
MPC001233,CROP010,Black Gram (Urad),Madhya Pradesh,2025-05,2884.0,2653.0,3115.0,85.2,1
MPC001234,CROP010,Black Gram (Urad),Madhya Pradesh,2025-06,2830.0,2604.0,3056.0,65.8,1
MPC001235,CROP010,Black Gram (Urad),Madhya Pradesh,2025-07,2286.0,2103.0,2469.0,44.4,1
MPC001236,CROP010,Black Gram (Urad),Madhya Pradesh,2025-08,2604.0,2396.0,2812.0,51.7,1
MPC001237,CROP010,Black Gram (Urad),Madhya Pradesh,2025-09,2263.0,2082.0,2444.0,51.8,1
MPC001238,CROP010,Black Gram (Urad),Madhya Pradesh,2025-10,2702.0,2486.0,2918.0,123.3,1
MPC001239,CROP010,Black Gram (Urad),Madhya Pradesh,2025-11,2590.0,2383.0,2797.0,31.1,1
MPC001240,CROP010,Black Gram (Urad),Madhya Pradesh,2025-12,2739.0,2520.0,2958.0,227.3,1
MPC001241,CROP010,Black Gram (Urad),Madhya Pradesh,2026-01,2863.0,2634.0,3092.0,83.6,1
MPC001242,CROP010,Black Gram (Urad),Madhya Pradesh,2026-02,2976.0,2738.0,3214.0,136.5,1
MPC001243,CROP010,Black Gram (Urad),Madhya Pradesh,2026-03,2966.0,2729.0,3203.0,34.9,1
MPC001244,CROP010,Black Gram (Urad),Madhya Pradesh,2026-04,3263.0,3002.0,3524.0,152.2,1
MPC001245,CROP010,Black Gram (Urad),Madhya Pradesh,2026-05,3138.0,2887.0,3389.0,126.3,1
MPC001246,CROP010,Black Gram (Urad),Madhya Pradesh,2026-06,2707.0,2490.0,2924.0,76.7,1
MPC001247,CROP010,Black Gram (Urad),Madhya Pradesh,2026-07,2601.0,2393.0,2809.0,150.9,1
MPC001248,CROP010,Black Gram (Urad),Madhya Pradesh,2026-08,2562.0,2357.0,2767.0,42.4,1
MPC001249,CROP010,Black Gram (Urad),Maharashtra,2024-01,2777.0,2555.0,2999.0,78.9,1
MPC001250,CROP010,Black Gram (Urad),Maharashtra,2024-02,2932.0,2697.0,3167.0,70.0,1
MPC001251,CROP010,Black Gram (Urad),Maharashtra,2024-03,2962.0,2725.0,3199.0,72.7,1
MPC001252,CROP010,Black Gram (Urad),Maharashtra,2024-04,2669.0,2455.0,2883.0,121.4,1
MPC001253,CROP010,Black Gram (Urad),Maharashtra,2024-05,2853.0,2625.0,3081.0,171.3,1
MPC001254,CROP010,Black Gram (Urad),Maharashtra,2024-06,2625.0,2415.0,2835.0,69.1,1
MPC001255,CROP010,Black Gram (Urad),Maharashtra,2024-07,2246.0,2066.0,2426.0,110.8,1
MPC001256,CROP010,Black Gram (Urad),Maharashtra,2024-08,2203.0,2027.0,2379.0,173.8,1
MPC001257,CROP010,Black Gram (Urad),Maharashtra,2024-09,2511.0,2310.0,2712.0,159.4,1
MPC001258,CROP010,Black Gram (Urad),Maharashtra,2024-10,2221.0,2043.0,2399.0,118.9,1
MPC001259,CROP010,Black Gram (Urad),Maharashtra,2024-11,2351.0,2163.0,2539.0,180.2,1
MPC001260,CROP010,Black Gram (Urad),Maharashtra,2024-12,2635.0,2424.0,2846.0,33.3,1
MPC001261,CROP010,Black Gram (Urad),Maharashtra,2025-01,2807.0,2582.0,3032.0,116.5,1
MPC001262,CROP010,Black Gram (Urad),Maharashtra,2025-02,3230.0,2972.0,3488.0,107.4,1
MPC001263,CROP010,Black Gram (Urad),Maharashtra,2025-03,2807.0,2582.0,3032.0,125.1,1
MPC001264,CROP010,Black Gram (Urad),Maharashtra,2025-04,2920.0,2686.0,3154.0,89.4,1
MPC001265,CROP010,Black Gram (Urad),Maharashtra,2025-05,2720.0,2502.0,2938.0,180.5,1
MPC001266,CROP010,Black Gram (Urad),Maharashtra,2025-06,2703.0,2487.0,2919.0,73.2,1
MPC001267,CROP010,Black Gram (Urad),Maharashtra,2025-07,2530.0,2328.0,2732.0,117.0,1
MPC001268,CROP010,Black Gram (Urad),Maharashtra,2025-08,2268.0,2087.0,2449.0,176.4,1
MPC001269,CROP010,Black Gram (Urad),Maharashtra,2025-09,2191.0,2016.0,2366.0,89.3,1
MPC001270,CROP010,Black Gram (Urad),Maharashtra,2025-10,2350.0,2162.0,2538.0,117.8,1
MPC001271,CROP010,Black Gram (Urad),Maharashtra,2025-11,2299.0,2115.0,2483.0,57.2,1
MPC001272,CROP010,Black Gram (Urad),Maharashtra,2025-12,2648.0,2436.0,2860.0,208.3,1
MPC001273,CROP010,Black Gram (Urad),Maharashtra,2026-01,3075.0,2829.0,3321.0,167.4,1
MPC001274,CROP010,Black Gram (Urad),Maharashtra,2026-02,3088.0,2841.0,3335.0,286.8,1
MPC001275,CROP010,Black Gram (Urad),Maharashtra,2026-03,2863.0,2634.0,3092.0,62.0,1
MPC001276,CROP010,Black Gram (Urad),Maharashtra,2026-04,3114.0,2865.0,3363.0,155.9,1
MPC001277,CROP010,Black Gram (Urad),Maharashtra,2026-05,3028.0,2786.0,3270.0,82.7,1
MPC001278,CROP010,Black Gram (Urad),Maharashtra,2026-06,2935.0,2700.0,3170.0,39.6,1
MPC001279,CROP010,Black Gram (Urad),Maharashtra,2026-07,2399.0,2207.0,2591.0,169.9,1
MPC001280,CROP010,Black Gram (Urad),Maharashtra,2026-08,2349.0,2161.0,2537.0,143.5,1
MPC001281,CROP011,Soybean,Bihar,2024-01,5338.0,4911.0,5765.0,21.8,1
MPC001282,CROP011,Soybean,Bihar,2024-02,5374.0,4944.0,5804.0,27.2,1
MPC001283,CROP011,Soybean,Bihar,2024-03,5594.0,5146.0,6042.0,53.7,1
MPC001284,CROP011,Soybean,Bihar,2024-04,5187.0,4772.0,5602.0,306.2,1
MPC001285,CROP011,Soybean,Bihar,2024-05,5431.0,4997.0,5865.0,27.2,1
MPC001286,CROP011,Soybean,Bihar,2024-06,5047.0,4643.0,5451.0,93.5,1
MPC001287,CROP011,Soybean,Bihar,2024-07,4365.0,4016.0,4714.0,60.4,1
MPC001288,CROP011,Soybean,Bihar,2024-08,4175.0,3841.0,4509.0,225.4,1
MPC001289,CROP011,Soybean,Bihar,2024-09,4198.0,3862.0,4534.0,82.5,1
MPC001290,CROP011,Soybean,Bihar,2024-10,4702.0,4326.0,5078.0,92.0,1
MPC001291,CROP011,Soybean,Bihar,2024-11,4896.0,4504.0,5288.0,56.3,1
MPC001292,CROP011,Soybean,Bihar,2024-12,4771.0,4389.0,5153.0,118.9,1
MPC001293,CROP011,Soybean,Bihar,2025-01,5660.0,5207.0,6113.0,187.6,1
MPC001294,CROP011,Soybean,Bihar,2025-02,5932.0,5457.0,6407.0,44.3,1
MPC001295,CROP011,Soybean,Bihar,2025-03,5882.0,5411.0,6353.0,59.4,1
MPC001296,CROP011,Soybean,Bihar,2025-04,5578.0,5132.0,6024.0,156.8,1
MPC001297,CROP011,Soybean,Bihar,2025-05,5531.0,5089.0,5973.0,311.0,1
MPC001298,CROP011,Soybean,Bihar,2025-06,5083.0,4676.0,5490.0,185.5,1
MPC001299,CROP011,Soybean,Bihar,2025-07,5081.0,4675.0,5487.0,100.3,1
MPC001300,CROP011,Soybean,Bihar,2025-08,4613.0,4244.0,4982.0,128.6,1
MPC001301,CROP011,Soybean,Bihar,2025-09,4561.0,4196.0,4926.0,157.1,1
MPC001302,CROP011,Soybean,Bihar,2025-10,4652.0,4280.0,5024.0,230.4,1
MPC001303,CROP011,Soybean,Bihar,2025-11,4915.0,4522.0,5308.0,164.9,1
MPC001304,CROP011,Soybean,Bihar,2025-12,4949.0,4553.0,5345.0,121.5,1
MPC001305,CROP011,Soybean,Bihar,2026-01,5953.0,5477.0,6429.0,95.0,1
MPC001306,CROP011,Soybean,Bihar,2026-02,5347.0,4919.0,5775.0,214.0,1
MPC001307,CROP011,Soybean,Bihar,2026-03,6322.0,5816.0,6828.0,215.4,1
MPC001308,CROP011,Soybean,Bihar,2026-04,5441.0,5006.0,5876.0,130.3,1
MPC001309,CROP011,Soybean,Bihar,2026-05,5906.0,5434.0,6378.0,113.6,1
MPC001310,CROP011,Soybean,Bihar,2026-06,5436.0,5001.0,5871.0,74.3,1
MPC001311,CROP011,Soybean,Bihar,2026-07,4642.0,4271.0,5013.0,45.0,1
MPC001312,CROP011,Soybean,Bihar,2026-08,4709.0,4332.0,5086.0,82.3,1
MPC001313,CROP011,Soybean,Gujarat,2024-01,5564.0,5119.0,6009.0,26.2,1
MPC001314,CROP011,Soybean,Gujarat,2024-02,5512.0,5071.0,5953.0,41.3,1
MPC001315,CROP011,Soybean,Gujarat,2024-03,5310.0,4885.0,5735.0,69.4,1
MPC001316,CROP011,Soybean,Gujarat,2024-04,5291.0,4868.0,5714.0,78.4,1
MPC001317,CROP011,Soybean,Gujarat,2024-05,5274.0,4852.0,5696.0,53.7,1
MPC001318,CROP011,Soybean,Gujarat,2024-06,5041.0,4638.0,5444.0,239.4,1
MPC001319,CROP011,Soybean,Gujarat,2024-07,4653.0,4281.0,5025.0,44.4,1
MPC001320,CROP011,Soybean,Gujarat,2024-08,4756.0,4376.0,5136.0,114.2,1
MPC001321,CROP011,Soybean,Gujarat,2024-09,4190.0,3855.0,4525.0,40.3,1
MPC001322,CROP011,Soybean,Gujarat,2024-10,4658.0,4285.0,5031.0,236.7,1
MPC001323,CROP011,Soybean,Gujarat,2024-11,4593.0,4226.0,4960.0,50.5,1
MPC001324,CROP011,Soybean,Gujarat,2024-12,4787.0,4404.0,5170.0,323.2,1
MPC001325,CROP011,Soybean,Gujarat,2025-01,6118.0,5629.0,6607.0,107.1,1
MPC001326,CROP011,Soybean,Gujarat,2025-02,5712.0,5255.0,6169.0,94.2,1
MPC001327,CROP011,Soybean,Gujarat,2025-03,5792.0,5329.0,6255.0,110.7,1
MPC001328,CROP011,Soybean,Gujarat,2025-04,5319.0,4893.0,5745.0,95.1,1
MPC001329,CROP011,Soybean,Gujarat,2025-05,5765.0,5304.0,6226.0,127.8,1
MPC001330,CROP011,Soybean,Gujarat,2025-06,5511.0,5070.0,5952.0,298.9,1
MPC001331,CROP011,Soybean,Gujarat,2025-07,4533.0,4170.0,4896.0,91.5,1
MPC001332,CROP011,Soybean,Gujarat,2025-08,4409.0,4056.0,4762.0,66.9,1
MPC001333,CROP011,Soybean,Gujarat,2025-09,4562.0,4197.0,4927.0,63.4,1
MPC001334,CROP011,Soybean,Gujarat,2025-10,4315.0,3970.0,4660.0,57.0,1
MPC001335,CROP011,Soybean,Gujarat,2025-11,5418.0,4985.0,5851.0,122.1,1
MPC001336,CROP011,Soybean,Gujarat,2025-12,5850.0,5382.0,6318.0,91.5,1
MPC001337,CROP011,Soybean,Gujarat,2026-01,6170.0,5676.0,6664.0,225.5,1
MPC001338,CROP011,Soybean,Gujarat,2026-02,6026.0,5544.0,6508.0,267.6,1
MPC001339,CROP011,Soybean,Gujarat,2026-03,5791.0,5328.0,6254.0,91.7,1
MPC001340,CROP011,Soybean,Gujarat,2026-04,5694.0,5238.0,6150.0,109.5,1
MPC001341,CROP011,Soybean,Gujarat,2026-05,5731.0,5273.0,6189.0,65.9,1
MPC001342,CROP011,Soybean,Gujarat,2026-06,5740.0,5281.0,6199.0,14.9,1
MPC001343,CROP011,Soybean,Gujarat,2026-07,5000.0,4600.0,5400.0,60.2,1
MPC001344,CROP011,Soybean,Gujarat,2026-08,4471.0,4113.0,4829.0,80.6,1
MPC001345,CROP011,Soybean,Maharashtra,2024-01,5290.0,4867.0,5713.0,80.2,1
MPC001346,CROP011,Soybean,Maharashtra,2024-02,5659.0,5206.0,6112.0,161.8,1
MPC001347,CROP011,Soybean,Maharashtra,2024-03,5402.0,4970.0,5834.0,155.9,1
MPC001348,CROP011,Soybean,Maharashtra,2024-04,5604.0,5156.0,6052.0,112.9,1
MPC001349,CROP011,Soybean,Maharashtra,2024-05,5114.0,4705.0,5523.0,72.7,1
MPC001350,CROP011,Soybean,Maharashtra,2024-06,5436.0,5001.0,5871.0,138.2,1
MPC001351,CROP011,Soybean,Maharashtra,2024-07,4583.0,4216.0,4950.0,140.1,1
MPC001352,CROP011,Soybean,Maharashtra,2024-08,4196.0,3860.0,4532.0,94.9,1
MPC001353,CROP011,Soybean,Maharashtra,2024-09,4342.0,3995.0,4689.0,133.0,1
MPC001354,CROP011,Soybean,Maharashtra,2024-10,4605.0,4237.0,4973.0,77.9,1
MPC001355,CROP011,Soybean,Maharashtra,2024-11,4129.0,3799.0,4459.0,124.3,1
MPC001356,CROP011,Soybean,Maharashtra,2024-12,5453.0,5017.0,5889.0,60.3,1
MPC001357,CROP011,Soybean,Maharashtra,2025-01,5643.0,5192.0,6094.0,238.5,1
MPC001358,CROP011,Soybean,Maharashtra,2025-02,5778.0,5316.0,6240.0,81.8,1
MPC001359,CROP011,Soybean,Maharashtra,2025-03,6068.0,5583.0,6553.0,99.4,1
MPC001360,CROP011,Soybean,Maharashtra,2025-04,5766.0,5305.0,6227.0,184.8,1
MPC001361,CROP011,Soybean,Maharashtra,2025-05,5781.0,5319.0,6243.0,62.4,1
MPC001362,CROP011,Soybean,Maharashtra,2025-06,4667.0,4294.0,5040.0,102.0,1
MPC001363,CROP011,Soybean,Maharashtra,2025-07,4976.0,4578.0,5374.0,72.3,1
MPC001364,CROP011,Soybean,Maharashtra,2025-08,4526.0,4164.0,4888.0,202.2,1
MPC001365,CROP011,Soybean,Maharashtra,2025-09,4843.0,4456.0,5230.0,110.9,1
MPC001366,CROP011,Soybean,Maharashtra,2025-10,4764.0,4383.0,5145.0,136.5,1
MPC001367,CROP011,Soybean,Maharashtra,2025-11,4812.0,4427.0,5197.0,173.8,1
MPC001368,CROP011,Soybean,Maharashtra,2025-12,5630.0,5180.0,6080.0,211.3,1
MPC001369,CROP011,Soybean,Maharashtra,2026-01,5863.0,5394.0,6332.0,65.3,1
MPC001370,CROP011,Soybean,Maharashtra,2026-02,5564.0,5119.0,6009.0,137.0,1
MPC001371,CROP011,Soybean,Maharashtra,2026-03,6913.0,6360.0,7466.0,78.2,1
MPC001372,CROP011,Soybean,Maharashtra,2026-04,6293.0,5790.0,6796.0,87.1,1
MPC001373,CROP011,Soybean,Maharashtra,2026-05,6166.0,5673.0,6659.0,103.9,1
MPC001374,CROP011,Soybean,Maharashtra,2026-06,5874.0,5404.0,6344.0,75.7,1
MPC001375,CROP011,Soybean,Maharashtra,2026-07,5061.0,4656.0,5466.0,170.5,1
MPC001376,CROP011,Soybean,Maharashtra,2026-08,4769.0,4387.0,5151.0,43.7,1
MPC001377,CROP011,Soybean,Uttar Pradesh,2024-01,5293.0,4870.0,5716.0,110.9,1
MPC001378,CROP011,Soybean,Uttar Pradesh,2024-02,5277.0,4855.0,5699.0,76.3,1
MPC001379,CROP011,Soybean,Uttar Pradesh,2024-03,5040.0,4637.0,5443.0,216.3,1
MPC001380,CROP011,Soybean,Uttar Pradesh,2024-04,5200.0,4784.0,5616.0,186.0,1
MPC001381,CROP011,Soybean,Uttar Pradesh,2024-05,5519.0,5077.0,5961.0,124.8,1
MPC001382,CROP011,Soybean,Uttar Pradesh,2024-06,4939.0,4544.0,5334.0,181.2,1
MPC001383,CROP011,Soybean,Uttar Pradesh,2024-07,4292.0,3949.0,4635.0,69.9,1
MPC001384,CROP011,Soybean,Uttar Pradesh,2024-08,4271.0,3929.0,4613.0,162.0,1
MPC001385,CROP011,Soybean,Uttar Pradesh,2024-09,4310.0,3965.0,4655.0,137.7,1
MPC001386,CROP011,Soybean,Uttar Pradesh,2024-10,4568.0,4203.0,4933.0,88.1,1
MPC001387,CROP011,Soybean,Uttar Pradesh,2024-11,5041.0,4638.0,5444.0,315.8,1
MPC001388,CROP011,Soybean,Uttar Pradesh,2024-12,4824.0,4438.0,5210.0,93.6,1
MPC001389,CROP011,Soybean,Uttar Pradesh,2025-01,5758.0,5297.0,6219.0,116.0,1
MPC001390,CROP011,Soybean,Uttar Pradesh,2025-02,5667.0,5214.0,6120.0,144.3,1
MPC001391,CROP011,Soybean,Uttar Pradesh,2025-03,5598.0,5150.0,6046.0,149.9,1
MPC001392,CROP011,Soybean,Uttar Pradesh,2025-04,6046.0,5562.0,6530.0,94.5,1
MPC001393,CROP011,Soybean,Uttar Pradesh,2025-05,5067.0,4662.0,5472.0,74.7,1
MPC001394,CROP011,Soybean,Uttar Pradesh,2025-06,5315.0,4890.0,5740.0,66.8,1
MPC001395,CROP011,Soybean,Uttar Pradesh,2025-07,5156.0,4744.0,5568.0,112.0,1
MPC001396,CROP011,Soybean,Uttar Pradesh,2025-08,4492.0,4133.0,4851.0,107.9,1
MPC001397,CROP011,Soybean,Uttar Pradesh,2025-09,4662.0,4289.0,5035.0,159.9,1
MPC001398,CROP011,Soybean,Uttar Pradesh,2025-10,4856.0,4468.0,5244.0,188.9,1
MPC001399,CROP011,Soybean,Uttar Pradesh,2025-11,5091.0,4684.0,5498.0,71.8,1
MPC001400,CROP011,Soybean,Uttar Pradesh,2025-12,5511.0,5070.0,5952.0,63.7,1
MPC001401,CROP011,Soybean,Uttar Pradesh,2026-01,5649.0,5197.0,6101.0,144.4,1
MPC001402,CROP011,Soybean,Uttar Pradesh,2026-02,5873.0,5403.0,6343.0,120.1,1
MPC001403,CROP011,Soybean,Uttar Pradesh,2026-03,6287.0,5784.0,6790.0,49.1,1
MPC001404,CROP011,Soybean,Uttar Pradesh,2026-04,6071.0,5585.0,6557.0,107.1,1
MPC001405,CROP011,Soybean,Uttar Pradesh,2026-05,5814.0,5349.0,6279.0,120.8,1
MPC001406,CROP011,Soybean,Uttar Pradesh,2026-06,5354.0,4926.0,5782.0,25.4,1
MPC001407,CROP011,Soybean,Uttar Pradesh,2026-07,5301.0,4877.0,5725.0,224.6,1
MPC001408,CROP011,Soybean,Uttar Pradesh,2026-08,5179.0,4765.0,5593.0,195.9,1
MPC001409,CROP012,Groundnut,Gujarat,2024-01,4725.0,4347.0,5103.0,61.9,1
MPC001410,CROP012,Groundnut,Gujarat,2024-02,4970.0,4572.0,5368.0,84.7,1
MPC001411,CROP012,Groundnut,Gujarat,2024-03,4937.0,4542.0,5332.0,94.0,1
MPC001412,CROP012,Groundnut,Gujarat,2024-04,4996.0,4596.0,5396.0,209.0,1
MPC001413,CROP012,Groundnut,Gujarat,2024-05,5353.0,4925.0,5781.0,105.3,1
MPC001414,CROP012,Groundnut,Gujarat,2024-06,4603.0,4235.0,4971.0,73.2,1
MPC001415,CROP012,Groundnut,Gujarat,2024-07,4626.0,4256.0,4996.0,224.6,1
MPC001416,CROP012,Groundnut,Gujarat,2024-08,4158.0,3825.0,4491.0,110.3,1
MPC001417,CROP012,Groundnut,Gujarat,2024-09,4369.0,4019.0,4719.0,113.7,1
MPC001418,CROP012,Groundnut,Gujarat,2024-10,3952.0,3636.0,4268.0,49.5,1
MPC001419,CROP012,Groundnut,Gujarat,2024-11,4217.0,3880.0,4554.0,57.0,1
MPC001420,CROP012,Groundnut,Gujarat,2024-12,4170.0,3836.0,4504.0,95.8,1
MPC001421,CROP012,Groundnut,Gujarat,2025-01,5106.0,4698.0,5514.0,104.1,1
MPC001422,CROP012,Groundnut,Gujarat,2025-02,5610.0,5161.0,6059.0,48.7,1
MPC001423,CROP012,Groundnut,Gujarat,2025-03,5503.0,5063.0,5943.0,67.8,1
MPC001424,CROP012,Groundnut,Gujarat,2025-04,5236.0,4817.0,5655.0,55.3,1
MPC001425,CROP012,Groundnut,Gujarat,2025-05,5118.0,4709.0,5527.0,42.9,1
MPC001426,CROP012,Groundnut,Gujarat,2025-06,5453.0,5017.0,5889.0,52.8,1
MPC001427,CROP012,Groundnut,Gujarat,2025-07,4943.0,4548.0,5338.0,126.1,1
MPC001428,CROP012,Groundnut,Gujarat,2025-08,4494.0,4134.0,4854.0,377.6,1
MPC001429,CROP012,Groundnut,Gujarat,2025-09,4614.0,4245.0,4983.0,85.6,1
MPC001430,CROP012,Groundnut,Gujarat,2025-10,4759.0,4378.0,5140.0,69.5,1
MPC001431,CROP012,Groundnut,Gujarat,2025-11,4843.0,4456.0,5230.0,122.8,1
MPC001432,CROP012,Groundnut,Gujarat,2025-12,4609.0,4240.0,4978.0,218.0,1
MPC001433,CROP012,Groundnut,Gujarat,2026-01,5826.0,5360.0,6292.0,82.4,1
MPC001434,CROP012,Groundnut,Gujarat,2026-02,5250.0,4830.0,5670.0,68.9,1
MPC001435,CROP012,Groundnut,Gujarat,2026-03,6084.0,5597.0,6571.0,216.8,1
MPC001436,CROP012,Groundnut,Gujarat,2026-04,5863.0,5394.0,6332.0,66.2,1
MPC001437,CROP012,Groundnut,Gujarat,2026-05,5491.0,5052.0,5930.0,205.0,1
MPC001438,CROP012,Groundnut,Gujarat,2026-06,5307.0,4882.0,5732.0,113.7,1
MPC001439,CROP012,Groundnut,Gujarat,2026-07,5386.0,4955.0,5817.0,154.1,1
MPC001440,CROP012,Groundnut,Gujarat,2026-08,4253.0,3913.0,4593.0,145.1,1
MPC001441,CROP012,Groundnut,Maharashtra,2024-01,5200.0,4784.0,5616.0,212.1,1
MPC001442,CROP012,Groundnut,Maharashtra,2024-02,5129.0,4719.0,5539.0,173.7,1
MPC001443,CROP012,Groundnut,Maharashtra,2024-03,4437.0,4082.0,4792.0,128.6,1
MPC001444,CROP012,Groundnut,Maharashtra,2024-04,4981.0,4583.0,5379.0,325.4,1
MPC001445,CROP012,Groundnut,Maharashtra,2024-05,4679.0,4305.0,5053.0,160.6,1
MPC001446,CROP012,Groundnut,Maharashtra,2024-06,4824.0,4438.0,5210.0,34.9,1
MPC001447,CROP012,Groundnut,Maharashtra,2024-07,4160.0,3827.0,4493.0,145.2,1
MPC001448,CROP012,Groundnut,Maharashtra,2024-08,4085.0,3758.0,4412.0,159.6,1
MPC001449,CROP012,Groundnut,Maharashtra,2024-09,3920.0,3606.0,4234.0,126.4,1
MPC001450,CROP012,Groundnut,Maharashtra,2024-10,4094.0,3766.0,4422.0,76.5,1
MPC001451,CROP012,Groundnut,Maharashtra,2024-11,4445.0,4089.0,4801.0,119.8,1
MPC001452,CROP012,Groundnut,Maharashtra,2024-12,4865.0,4476.0,5254.0,95.0,1
MPC001453,CROP012,Groundnut,Maharashtra,2025-01,5423.0,4989.0,5857.0,91.7,1
MPC001454,CROP012,Groundnut,Maharashtra,2025-02,5286.0,4863.0,5709.0,92.0,1
MPC001455,CROP012,Groundnut,Maharashtra,2025-03,5426.0,4992.0,5860.0,107.6,1
MPC001456,CROP012,Groundnut,Maharashtra,2025-04,5213.0,4796.0,5630.0,112.2,1
MPC001457,CROP012,Groundnut,Maharashtra,2025-05,4968.0,4571.0,5365.0,87.3,1
MPC001458,CROP012,Groundnut,Maharashtra,2025-06,4870.0,4480.0,5260.0,236.2,1
MPC001459,CROP012,Groundnut,Maharashtra,2025-07,4530.0,4168.0,4892.0,243.1,1
MPC001460,CROP012,Groundnut,Maharashtra,2025-08,4282.0,3939.0,4625.0,106.5,1
MPC001461,CROP012,Groundnut,Maharashtra,2025-09,4423.0,4069.0,4777.0,262.5,1
MPC001462,CROP012,Groundnut,Maharashtra,2025-10,4346.0,3998.0,4694.0,76.0,1
MPC001463,CROP012,Groundnut,Maharashtra,2025-11,4563.0,4198.0,4928.0,78.5,1
MPC001464,CROP012,Groundnut,Maharashtra,2025-12,4721.0,4343.0,5099.0,57.5,1
MPC001465,CROP012,Groundnut,Maharashtra,2026-01,5376.0,4946.0,5806.0,40.1,1
MPC001466,CROP012,Groundnut,Maharashtra,2026-02,5500.0,5060.0,5940.0,138.0,1
MPC001467,CROP012,Groundnut,Maharashtra,2026-03,6081.0,5595.0,6567.0,151.4,1
MPC001468,CROP012,Groundnut,Maharashtra,2026-04,5525.0,5083.0,5967.0,87.6,1
MPC001469,CROP012,Groundnut,Maharashtra,2026-05,4992.0,4593.0,5391.0,56.0,1
MPC001470,CROP012,Groundnut,Maharashtra,2026-06,4825.0,4439.0,5211.0,62.3,1
MPC001471,CROP012,Groundnut,Maharashtra,2026-07,4800.0,4416.0,5184.0,150.6,1
MPC001472,CROP012,Groundnut,Maharashtra,2026-08,4524.0,4162.0,4886.0,113.2,1
MPC001473,CROP012,Groundnut,Uttar Pradesh,2024-01,4554.0,4190.0,4918.0,90.1,1
MPC001474,CROP012,Groundnut,Uttar Pradesh,2024-02,5158.0,4745.0,5571.0,98.9,1
MPC001475,CROP012,Groundnut,Uttar Pradesh,2024-03,4927.0,4533.0,5321.0,51.7,1
MPC001476,CROP012,Groundnut,Uttar Pradesh,2024-04,5097.0,4689.0,5505.0,130.6,1
MPC001477,CROP012,Groundnut,Uttar Pradesh,2024-05,5297.0,4873.0,5721.0,166.3,1
MPC001478,CROP012,Groundnut,Uttar Pradesh,2024-06,4846.0,4458.0,5234.0,25.5,1
MPC001479,CROP012,Groundnut,Uttar Pradesh,2024-07,4633.0,4262.0,5004.0,127.5,1
MPC001480,CROP012,Groundnut,Uttar Pradesh,2024-08,4019.0,3697.0,4341.0,97.6,1
MPC001481,CROP012,Groundnut,Uttar Pradesh,2024-09,4208.0,3871.0,4545.0,147.8,1
MPC001482,CROP012,Groundnut,Uttar Pradesh,2024-10,4020.0,3698.0,4342.0,327.8,1
MPC001483,CROP012,Groundnut,Uttar Pradesh,2024-11,4145.0,3813.0,4477.0,190.7,1
MPC001484,CROP012,Groundnut,Uttar Pradesh,2024-12,4631.0,4261.0,5001.0,152.1,1
MPC001485,CROP012,Groundnut,Uttar Pradesh,2025-01,4659.0,4286.0,5032.0,125.1,1
MPC001486,CROP012,Groundnut,Uttar Pradesh,2025-02,4855.0,4467.0,5243.0,170.1,1
MPC001487,CROP012,Groundnut,Uttar Pradesh,2025-03,5536.0,5093.0,5979.0,89.9,1
MPC001488,CROP012,Groundnut,Uttar Pradesh,2025-04,5129.0,4719.0,5539.0,242.7,1
MPC001489,CROP012,Groundnut,Uttar Pradesh,2025-05,5085.0,4678.0,5492.0,41.0,1
MPC001490,CROP012,Groundnut,Uttar Pradesh,2025-06,5102.0,4694.0,5510.0,251.8,1
MPC001491,CROP012,Groundnut,Uttar Pradesh,2025-07,4409.0,4056.0,4762.0,152.8,1
MPC001492,CROP012,Groundnut,Uttar Pradesh,2025-08,4028.0,3706.0,4350.0,143.3,1
MPC001493,CROP012,Groundnut,Uttar Pradesh,2025-09,4748.0,4368.0,5128.0,41.8,1
MPC001494,CROP012,Groundnut,Uttar Pradesh,2025-10,4264.0,3923.0,4605.0,166.4,1
MPC001495,CROP012,Groundnut,Uttar Pradesh,2025-11,4953.0,4557.0,5349.0,69.9,1
MPC001496,CROP012,Groundnut,Uttar Pradesh,2025-12,4700.0,4324.0,5076.0,452.6,1
MPC001497,CROP012,Groundnut,Uttar Pradesh,2026-01,5529.0,5087.0,5971.0,130.3,1
MPC001498,CROP012,Groundnut,Uttar Pradesh,2026-02,5495.0,5055.0,5935.0,25.5,1
MPC001499,CROP012,Groundnut,Uttar Pradesh,2026-03,5501.0,5061.0,5941.0,126.8,1
MPC001500,CROP012,Groundnut,Uttar Pradesh,2026-04,5598.0,5150.0,6046.0,31.8,1
MPC001501,CROP012,Groundnut,Uttar Pradesh,2026-05,5731.0,5273.0,6189.0,120.3,1
MPC001502,CROP012,Groundnut,Uttar Pradesh,2026-06,5726.0,5268.0,6184.0,150.4,1
MPC001503,CROP012,Groundnut,Uttar Pradesh,2026-07,4839.0,4452.0,5226.0,394.9,1
MPC001504,CROP012,Groundnut,Uttar Pradesh,2026-08,4671.0,4297.0,5045.0,127.6,1
MPC001505,CROP012,Groundnut,West Bengal,2024-01,5003.0,4603.0,5403.0,45.6,1
MPC001506,CROP012,Groundnut,West Bengal,2024-02,5260.0,4839.0,5681.0,138.7,1
MPC001507,CROP012,Groundnut,West Bengal,2024-03,4996.0,4596.0,5396.0,89.5,1
MPC001508,CROP012,Groundnut,West Bengal,2024-04,5226.0,4808.0,5644.0,80.5,1
MPC001509,CROP012,Groundnut,West Bengal,2024-05,4812.0,4427.0,5197.0,93.6,1
MPC001510,CROP012,Groundnut,West Bengal,2024-06,4302.0,3958.0,4646.0,135.7,1
MPC001511,CROP012,Groundnut,West Bengal,2024-07,4608.0,4239.0,4977.0,116.7,1
MPC001512,CROP012,Groundnut,West Bengal,2024-08,4330.0,3984.0,4676.0,139.7,1
MPC001513,CROP012,Groundnut,West Bengal,2024-09,4156.0,3824.0,4488.0,20.3,1
MPC001514,CROP012,Groundnut,West Bengal,2024-10,3925.0,3611.0,4239.0,140.8,1
MPC001515,CROP012,Groundnut,West Bengal,2024-11,4712.0,4335.0,5089.0,136.0,1
MPC001516,CROP012,Groundnut,West Bengal,2024-12,4700.0,4324.0,5076.0,317.0,1
MPC001517,CROP012,Groundnut,West Bengal,2025-01,4887.0,4496.0,5278.0,196.3,1
MPC001518,CROP012,Groundnut,West Bengal,2025-02,5359.0,4930.0,5788.0,79.2,1
MPC001519,CROP012,Groundnut,West Bengal,2025-03,5890.0,5419.0,6361.0,110.6,1
MPC001520,CROP012,Groundnut,West Bengal,2025-04,5181.0,4767.0,5595.0,206.4,1
MPC001521,CROP012,Groundnut,West Bengal,2025-05,4890.0,4499.0,5281.0,82.5,1
MPC001522,CROP012,Groundnut,West Bengal,2025-06,4582.0,4215.0,4949.0,71.6,1
MPC001523,CROP012,Groundnut,West Bengal,2025-07,4402.0,4050.0,4754.0,75.8,1
MPC001524,CROP012,Groundnut,West Bengal,2025-08,4238.0,3899.0,4577.0,89.9,1
MPC001525,CROP012,Groundnut,West Bengal,2025-09,4103.0,3775.0,4431.0,160.1,1
MPC001526,CROP012,Groundnut,West Bengal,2025-10,4364.0,4015.0,4713.0,110.0,1
MPC001527,CROP012,Groundnut,West Bengal,2025-11,4312.0,3967.0,4657.0,187.8,1
MPC001528,CROP012,Groundnut,West Bengal,2025-12,5439.0,5004.0,5874.0,198.9,1
MPC001529,CROP012,Groundnut,West Bengal,2026-01,5605.0,5157.0,6053.0,120.0,1
MPC001530,CROP012,Groundnut,West Bengal,2026-02,5438.0,5003.0,5873.0,59.2,1
MPC001531,CROP012,Groundnut,West Bengal,2026-03,5932.0,5457.0,6407.0,178.8,1
MPC001532,CROP012,Groundnut,West Bengal,2026-04,4962.0,4565.0,5359.0,98.6,1
MPC001533,CROP012,Groundnut,West Bengal,2026-05,5568.0,5123.0,6013.0,181.6,1
MPC001534,CROP012,Groundnut,West Bengal,2026-06,4658.0,4285.0,5031.0,115.0,1
MPC001535,CROP012,Groundnut,West Bengal,2026-07,4631.0,4261.0,5001.0,203.9,1
MPC001536,CROP012,Groundnut,West Bengal,2026-08,4051.0,3727.0,4375.0,44.0,1
MPC001537,CROP013,Mustard,Punjab,2024-01,2315.0,2130.0,2500.0,91.6,1
MPC001538,CROP013,Mustard,Punjab,2024-02,2221.0,2043.0,2399.0,85.2,1
MPC001539,CROP013,Mustard,Punjab,2024-03,2280.0,2098.0,2462.0,93.6,1
MPC001540,CROP013,Mustard,Punjab,2024-04,2403.0,2211.0,2595.0,101.3,1
MPC001541,CROP013,Mustard,Punjab,2024-05,2415.0,2222.0,2608.0,115.9,1
MPC001542,CROP013,Mustard,Punjab,2024-06,2070.0,1904.0,2236.0,95.9,1
MPC001543,CROP013,Mustard,Punjab,2024-07,2195.0,2019.0,2371.0,32.4,1
MPC001544,CROP013,Mustard,Punjab,2024-08,1902.0,1750.0,2054.0,192.7,1
MPC001545,CROP013,Mustard,Punjab,2024-09,1843.0,1696.0,1990.0,59.0,1
MPC001546,CROP013,Mustard,Punjab,2024-10,1920.0,1766.0,2074.0,64.8,1
MPC001547,CROP013,Mustard,Punjab,2024-11,1870.0,1720.0,2020.0,233.2,1
MPC001548,CROP013,Mustard,Punjab,2024-12,2010.0,1849.0,2171.0,96.0,1
MPC001549,CROP013,Mustard,Punjab,2025-01,2380.0,2190.0,2570.0,132.1,1
MPC001550,CROP013,Mustard,Punjab,2025-02,2587.0,2380.0,2794.0,141.7,1
MPC001551,CROP013,Mustard,Punjab,2025-03,2658.0,2445.0,2871.0,46.6,1
MPC001552,CROP013,Mustard,Punjab,2025-04,2336.0,2149.0,2523.0,135.6,1
MPC001553,CROP013,Mustard,Punjab,2025-05,2501.0,2301.0,2701.0,189.6,1
MPC001554,CROP013,Mustard,Punjab,2025-06,2020.0,1858.0,2182.0,103.1,1
MPC001555,CROP013,Mustard,Punjab,2025-07,2191.0,2016.0,2366.0,120.7,1
MPC001556,CROP013,Mustard,Punjab,2025-08,1845.0,1697.0,1993.0,123.6,1
MPC001557,CROP013,Mustard,Punjab,2025-09,1831.0,1685.0,1977.0,55.8,1
MPC001558,CROP013,Mustard,Punjab,2025-10,1921.0,1767.0,2075.0,42.3,1
MPC001559,CROP013,Mustard,Punjab,2025-11,1979.0,1821.0,2137.0,336.7,1
MPC001560,CROP013,Mustard,Punjab,2025-12,2280.0,2098.0,2462.0,134.4,1
MPC001561,CROP013,Mustard,Punjab,2026-01,2397.0,2205.0,2589.0,66.4,1
MPC001562,CROP013,Mustard,Punjab,2026-02,2433.0,2238.0,2628.0,266.0,1
MPC001563,CROP013,Mustard,Punjab,2026-03,2552.0,2348.0,2756.0,92.9,1
MPC001564,CROP013,Mustard,Punjab,2026-04,2634.0,2423.0,2845.0,89.4,1
MPC001565,CROP013,Mustard,Punjab,2026-05,2352.0,2164.0,2540.0,141.2,1
MPC001566,CROP013,Mustard,Punjab,2026-06,2279.0,2097.0,2461.0,61.7,1
MPC001567,CROP013,Mustard,Punjab,2026-07,2170.0,1996.0,2344.0,285.0,1
MPC001568,CROP013,Mustard,Punjab,2026-08,1987.0,1828.0,2146.0,163.4,1
MPC001569,CROP013,Mustard,Uttar Pradesh,2024-01,2228.5,1989.0,2479.0,617.7,2
MPC001570,CROP013,Mustard,Uttar Pradesh,2024-02,2379.0,2131.0,2637.0,306.79999999999995,2
MPC001571,CROP013,Mustard,Uttar Pradesh,2024-03,2379.5,2180.0,2580.0,217.79999999999998,2
MPC001572,CROP013,Mustard,Uttar Pradesh,2024-04,2334.5,2072.0,2610.0,375.4,2
MPC001573,CROP013,Mustard,Uttar Pradesh,2024-05,2248.5,2051.0,2449.0,222.4,2
MPC001574,CROP013,Mustard,Uttar Pradesh,2024-06,2154.0,1951.0,2362.0,175.3,2
MPC001575,CROP013,Mustard,Uttar Pradesh,2024-07,1931.0,1769.0,2094.0,281.8,2
MPC001576,CROP013,Mustard,Uttar Pradesh,2024-08,1916.5,1760.0,2074.0,175.7,2
MPC001577,CROP013,Mustard,Uttar Pradesh,2024-09,1779.5,1631.0,1929.0,138.5,2
MPC001578,CROP013,Mustard,Uttar Pradesh,2024-10,2096.0,1832.0,2377.0,157.0,2
MPC001579,CROP013,Mustard,Uttar Pradesh,2024-11,1991.0,1775.0,2217.0,272.9,2
MPC001580,CROP013,Mustard,Uttar Pradesh,2024-12,2186.5,2011.0,2362.0,171.3,2
MPC001581,CROP013,Mustard,Uttar Pradesh,2025-01,2424.5,2186.0,2671.0,341.9,2
MPC001582,CROP013,Mustard,Uttar Pradesh,2025-02,2535.5,2332.0,2739.0,240.9,2
MPC001583,CROP013,Mustard,Uttar Pradesh,2025-03,2340.0,2152.0,2528.0,105.1,2
MPC001584,CROP013,Mustard,Uttar Pradesh,2025-04,2382.5,2145.0,2628.0,256.9,2
MPC001585,CROP013,Mustard,Uttar Pradesh,2025-05,2364.5,2145.0,2590.0,273.2,2
MPC001586,CROP013,Mustard,Uttar Pradesh,2025-06,2255.0,1915.0,2622.0,229.1,2
MPC001587,CROP013,Mustard,Uttar Pradesh,2025-07,2116.5,1947.0,2286.0,381.1,2
MPC001588,CROP013,Mustard,Uttar Pradesh,2025-08,1937.5,1742.0,2139.0,357.4,2
MPC001589,CROP013,Mustard,Uttar Pradesh,2025-09,1923.5,1758.0,2091.0,227.3,2
MPC001590,CROP013,Mustard,Uttar Pradesh,2025-10,1850.5,1620.0,2095.0,199.6,2
MPC001591,CROP013,Mustard,Uttar Pradesh,2025-11,2127.5,1909.0,2354.0,175.6,2
MPC001592,CROP013,Mustard,Uttar Pradesh,2025-12,2231.0,2018.0,2449.0,160.6,2
MPC001593,CROP013,Mustard,Uttar Pradesh,2026-01,2378.5,2101.0,2671.0,180.7,2
MPC001594,CROP013,Mustard,Uttar Pradesh,2026-02,2564.5,2329.0,2806.0,180.70000000000002,2
MPC001595,CROP013,Mustard,Uttar Pradesh,2026-03,2771.5,2517.0,3032.0,178.5,2
MPC001596,CROP013,Mustard,Uttar Pradesh,2026-04,2491.5,2208.0,2790.0,234.6,2
MPC001597,CROP013,Mustard,Uttar Pradesh,2026-05,2503.0,2193.0,2832.0,265.1,2
MPC001598,CROP013,Mustard,Uttar Pradesh,2026-06,2276.5,2049.0,2512.0,401.1,2
MPC001599,CROP013,Mustard,Uttar Pradesh,2026-07,2272.5,1963.0,2604.0,293.7,2
MPC001600,CROP013,Mustard,Uttar Pradesh,2026-08,2254.5,1986.0,2538.0,181.60000000000002,2
MPC001601,CROP013,Mustard,West Bengal,2024-01,2070.0,1904.0,2236.0,240.6,1
MPC001602,CROP013,Mustard,West Bengal,2024-02,2470.0,2272.0,2668.0,65.4,1
MPC001603,CROP013,Mustard,West Bengal,2024-03,2457.0,2260.0,2654.0,91.3,1
MPC001604,CROP013,Mustard,West Bengal,2024-04,2211.0,2034.0,2388.0,127.8,1
MPC001605,CROP013,Mustard,West Bengal,2024-05,2264.0,2083.0,2445.0,315.9,1
MPC001606,CROP013,Mustard,West Bengal,2024-06,2148.0,1976.0,2320.0,114.8,1
MPC001607,CROP013,Mustard,West Bengal,2024-07,1876.0,1726.0,2026.0,48.8,1
MPC001608,CROP013,Mustard,West Bengal,2024-08,1943.0,1788.0,2098.0,115.4,1
MPC001609,CROP013,Mustard,West Bengal,2024-09,1695.0,1559.0,1831.0,66.3,1
MPC001610,CROP013,Mustard,West Bengal,2024-10,1940.0,1785.0,2095.0,116.3,1
MPC001611,CROP013,Mustard,West Bengal,2024-11,2020.0,1858.0,2182.0,67.1,1
MPC001612,CROP013,Mustard,West Bengal,2024-12,2111.0,1942.0,2280.0,88.2,1
MPC001613,CROP013,Mustard,West Bengal,2025-01,2241.0,2062.0,2420.0,48.0,1
MPC001614,CROP013,Mustard,West Bengal,2025-02,2205.0,2029.0,2381.0,86.6,1
MPC001615,CROP013,Mustard,West Bengal,2025-03,2616.0,2407.0,2825.0,87.7,1
MPC001616,CROP013,Mustard,West Bengal,2025-04,2408.0,2215.0,2601.0,111.9,1
MPC001617,CROP013,Mustard,West Bengal,2025-05,2399.0,2207.0,2591.0,237.8,1
MPC001618,CROP013,Mustard,West Bengal,2025-06,2017.0,1856.0,2178.0,130.5,1
MPC001619,CROP013,Mustard,West Bengal,2025-07,2091.0,1924.0,2258.0,72.9,1
MPC001620,CROP013,Mustard,West Bengal,2025-08,1892.0,1741.0,2043.0,117.1,1
MPC001621,CROP013,Mustard,West Bengal,2025-09,1990.0,1831.0,2149.0,103.2,1
MPC001622,CROP013,Mustard,West Bengal,2025-10,1849.0,1701.0,1997.0,67.9,1
MPC001623,CROP013,Mustard,West Bengal,2025-11,2197.0,2021.0,2373.0,95.9,1
MPC001624,CROP013,Mustard,West Bengal,2025-12,2156.0,1984.0,2328.0,65.8,1
MPC001625,CROP013,Mustard,West Bengal,2026-01,2427.0,2233.0,2621.0,45.0,1
MPC001626,CROP013,Mustard,West Bengal,2026-02,2495.0,2295.0,2695.0,67.4,1
MPC001627,CROP013,Mustard,West Bengal,2026-03,2590.0,2383.0,2797.0,289.5,1
MPC001628,CROP013,Mustard,West Bengal,2026-04,2550.0,2346.0,2754.0,44.2,1
MPC001629,CROP013,Mustard,West Bengal,2026-05,2345.0,2157.0,2533.0,136.0,1
MPC001630,CROP013,Mustard,West Bengal,2026-06,2294.0,2110.0,2478.0,20.8,1
MPC001631,CROP013,Mustard,West Bengal,2026-07,2223.0,2045.0,2401.0,75.4,1
MPC001632,CROP013,Mustard,West Bengal,2026-08,2045.0,1881.0,2209.0,54.1,1
MPC001633,CROP014,Sunflower,Bihar,2024-01,1832.0,1685.0,1979.0,138.3,1
MPC001634,CROP014,Sunflower,Bihar,2024-02,1826.0,1680.0,1972.0,69.1,1
MPC001635,CROP014,Sunflower,Bihar,2024-03,2101.0,1933.0,2269.0,86.2,1
MPC001636,CROP014,Sunflower,Bihar,2024-04,1753.0,1613.0,1893.0,56.7,1
MPC001637,CROP014,Sunflower,Bihar,2024-05,1849.0,1701.0,1997.0,77.7,1
MPC001638,CROP014,Sunflower,Bihar,2024-06,1791.0,1648.0,1934.0,49.5,1
MPC001639,CROP014,Sunflower,Bihar,2024-07,1416.0,1303.0,1529.0,97.3,1
MPC001640,CROP014,Sunflower,Bihar,2024-08,1476.0,1358.0,1594.0,198.9,1
MPC001641,CROP014,Sunflower,Bihar,2024-09,1407.0,1294.0,1520.0,63.3,1
MPC001642,CROP014,Sunflower,Bihar,2024-10,1532.0,1409.0,1655.0,94.0,1
MPC001643,CROP014,Sunflower,Bihar,2024-11,1442.0,1327.0,1557.0,108.8,1
MPC001644,CROP014,Sunflower,Bihar,2024-12,1879.0,1729.0,2029.0,152.5,1
MPC001645,CROP014,Sunflower,Bihar,2025-01,1825.0,1679.0,1971.0,185.4,1
MPC001646,CROP014,Sunflower,Bihar,2025-02,2203.0,2027.0,2379.0,209.1,1
MPC001647,CROP014,Sunflower,Bihar,2025-03,2018.0,1857.0,2179.0,181.9,1
MPC001648,CROP014,Sunflower,Bihar,2025-04,1894.0,1742.0,2046.0,154.3,1
MPC001649,CROP014,Sunflower,Bihar,2025-05,1773.0,1631.0,1915.0,73.9,1
MPC001650,CROP014,Sunflower,Bihar,2025-06,1795.0,1651.0,1939.0,153.4,1
MPC001651,CROP014,Sunflower,Bihar,2025-07,1758.0,1617.0,1899.0,201.4,1
MPC001652,CROP014,Sunflower,Bihar,2025-08,1586.0,1459.0,1713.0,126.7,1
MPC001653,CROP014,Sunflower,Bihar,2025-09,1528.0,1406.0,1650.0,173.0,1
MPC001654,CROP014,Sunflower,Bihar,2025-10,1547.0,1423.0,1671.0,75.5,1
MPC001655,CROP014,Sunflower,Bihar,2025-11,1729.0,1591.0,1867.0,128.9,1
MPC001656,CROP014,Sunflower,Bihar,2025-12,1677.0,1543.0,1811.0,91.8,1
MPC001657,CROP014,Sunflower,Bihar,2026-01,2052.0,1888.0,2216.0,207.8,1
MPC001658,CROP014,Sunflower,Bihar,2026-02,2053.0,1889.0,2217.0,206.1,1
MPC001659,CROP014,Sunflower,Bihar,2026-03,2116.0,1947.0,2285.0,94.7,1
MPC001660,CROP014,Sunflower,Bihar,2026-04,2270.0,2088.0,2452.0,79.6,1
MPC001661,CROP014,Sunflower,Bihar,2026-05,1904.0,1752.0,2056.0,259.5,1
MPC001662,CROP014,Sunflower,Bihar,2026-06,1863.0,1714.0,2012.0,85.4,1
MPC001663,CROP014,Sunflower,Bihar,2026-07,1488.0,1369.0,1607.0,114.9,1
MPC001664,CROP014,Sunflower,Bihar,2026-08,1696.0,1560.0,1832.0,129.0,1
MPC001665,CROP014,Sunflower,Madhya Pradesh,2024-01,1871.0,1721.0,2021.0,105.5,1
MPC001666,CROP014,Sunflower,Madhya Pradesh,2024-02,1859.0,1710.0,2008.0,158.6,1
MPC001667,CROP014,Sunflower,Madhya Pradesh,2024-03,2052.0,1888.0,2216.0,113.6,1
MPC001668,CROP014,Sunflower,Madhya Pradesh,2024-04,1918.0,1765.0,2071.0,119.2,1
MPC001669,CROP014,Sunflower,Madhya Pradesh,2024-05,1932.0,1777.0,2087.0,48.1,1
MPC001670,CROP014,Sunflower,Madhya Pradesh,2024-06,1805.0,1661.0,1949.0,71.6,1
MPC001671,CROP014,Sunflower,Madhya Pradesh,2024-07,1619.0,1489.0,1749.0,87.3,1
MPC001672,CROP014,Sunflower,Madhya Pradesh,2024-08,1474.0,1356.0,1592.0,115.4,1
MPC001673,CROP014,Sunflower,Madhya Pradesh,2024-09,1400.0,1288.0,1512.0,197.5,1
MPC001674,CROP014,Sunflower,Madhya Pradesh,2024-10,1617.0,1488.0,1746.0,82.1,1
MPC001675,CROP014,Sunflower,Madhya Pradesh,2024-11,1543.0,1420.0,1666.0,191.5,1
MPC001676,CROP014,Sunflower,Madhya Pradesh,2024-12,1818.0,1673.0,1963.0,168.7,1
MPC001677,CROP014,Sunflower,Madhya Pradesh,2025-01,1950.0,1794.0,2106.0,196.4,1
MPC001678,CROP014,Sunflower,Madhya Pradesh,2025-02,2011.0,1850.0,2172.0,125.4,1
MPC001679,CROP014,Sunflower,Madhya Pradesh,2025-03,2058.0,1893.0,2223.0,61.4,1
MPC001680,CROP014,Sunflower,Madhya Pradesh,2025-04,2080.0,1914.0,2246.0,113.4,1
MPC001681,CROP014,Sunflower,Madhya Pradesh,2025-05,1816.0,1671.0,1961.0,46.2,1
MPC001682,CROP014,Sunflower,Madhya Pradesh,2025-06,1828.0,1682.0,1974.0,183.1,1
MPC001683,CROP014,Sunflower,Madhya Pradesh,2025-07,1806.0,1662.0,1950.0,37.4,1
MPC001684,CROP014,Sunflower,Madhya Pradesh,2025-08,1658.0,1525.0,1791.0,136.7,1
MPC001685,CROP014,Sunflower,Madhya Pradesh,2025-09,1567.0,1442.0,1692.0,54.5,1
MPC001686,CROP014,Sunflower,Madhya Pradesh,2025-10,1638.0,1507.0,1769.0,94.0,1
MPC001687,CROP014,Sunflower,Madhya Pradesh,2025-11,1643.0,1512.0,1774.0,185.3,1
MPC001688,CROP014,Sunflower,Madhya Pradesh,2025-12,1872.0,1722.0,2022.0,64.3,1
MPC001689,CROP014,Sunflower,Madhya Pradesh,2026-01,1931.0,1777.0,2085.0,49.1,1
MPC001690,CROP014,Sunflower,Madhya Pradesh,2026-02,2054.0,1890.0,2218.0,222.0,1
MPC001691,CROP014,Sunflower,Madhya Pradesh,2026-03,2128.0,1958.0,2298.0,75.2,1
MPC001692,CROP014,Sunflower,Madhya Pradesh,2026-04,1985.0,1826.0,2144.0,173.3,1
MPC001693,CROP014,Sunflower,Madhya Pradesh,2026-05,1808.0,1663.0,1953.0,107.9,1
MPC001694,CROP014,Sunflower,Madhya Pradesh,2026-06,1889.0,1738.0,2040.0,117.6,1
MPC001695,CROP014,Sunflower,Madhya Pradesh,2026-07,1752.0,1612.0,1892.0,72.9,1
MPC001696,CROP014,Sunflower,Madhya Pradesh,2026-08,1774.0,1632.0,1916.0,171.8,1
MPC001697,CROP014,Sunflower,Rajasthan,2024-01,1887.0,1736.0,2038.0,231.7,1
MPC001698,CROP014,Sunflower,Rajasthan,2024-02,1964.0,1807.0,2121.0,37.6,1
MPC001699,CROP014,Sunflower,Rajasthan,2024-03,1941.0,1786.0,2096.0,131.5,1
MPC001700,CROP014,Sunflower,Rajasthan,2024-04,1902.0,1750.0,2054.0,63.1,1
MPC001701,CROP014,Sunflower,Rajasthan,2024-05,1856.0,1708.0,2004.0,102.7,1
MPC001702,CROP014,Sunflower,Rajasthan,2024-06,1744.0,1604.0,1884.0,70.6,1
MPC001703,CROP014,Sunflower,Rajasthan,2024-07,1577.0,1451.0,1703.0,226.3,1
MPC001704,CROP014,Sunflower,Rajasthan,2024-08,1450.0,1334.0,1566.0,114.8,1
MPC001705,CROP014,Sunflower,Rajasthan,2024-09,1517.0,1396.0,1638.0,128.4,1
MPC001706,CROP014,Sunflower,Rajasthan,2024-10,1528.0,1406.0,1650.0,20.8,1
MPC001707,CROP014,Sunflower,Rajasthan,2024-11,1713.0,1576.0,1850.0,132.5,1
MPC001708,CROP014,Sunflower,Rajasthan,2024-12,1778.0,1636.0,1920.0,104.4,1
MPC001709,CROP014,Sunflower,Rajasthan,2025-01,1903.0,1751.0,2055.0,67.7,1
MPC001710,CROP014,Sunflower,Rajasthan,2025-02,2007.0,1846.0,2168.0,175.0,1
MPC001711,CROP014,Sunflower,Rajasthan,2025-03,2116.0,1947.0,2285.0,74.3,1
MPC001712,CROP014,Sunflower,Rajasthan,2025-04,1945.0,1789.0,2101.0,68.9,1
MPC001713,CROP014,Sunflower,Rajasthan,2025-05,1804.0,1660.0,1948.0,162.7,1
MPC001714,CROP014,Sunflower,Rajasthan,2025-06,1866.0,1717.0,2015.0,91.1,1
MPC001715,CROP014,Sunflower,Rajasthan,2025-07,1647.0,1515.0,1779.0,103.6,1
MPC001716,CROP014,Sunflower,Rajasthan,2025-08,1654.0,1522.0,1786.0,39.3,1
MPC001717,CROP014,Sunflower,Rajasthan,2025-09,1742.0,1603.0,1881.0,136.6,1
MPC001718,CROP014,Sunflower,Rajasthan,2025-10,1653.0,1521.0,1785.0,63.2,1
MPC001719,CROP014,Sunflower,Rajasthan,2025-11,1641.0,1510.0,1772.0,45.2,1
MPC001720,CROP014,Sunflower,Rajasthan,2025-12,1851.0,1703.0,1999.0,177.9,1
MPC001721,CROP014,Sunflower,Rajasthan,2026-01,2071.0,1905.0,2237.0,58.1,1
MPC001722,CROP014,Sunflower,Rajasthan,2026-02,2227.0,2049.0,2405.0,104.5,1
MPC001723,CROP014,Sunflower,Rajasthan,2026-03,2281.0,2099.0,2463.0,122.3,1
MPC001724,CROP014,Sunflower,Rajasthan,2026-04,2087.0,1920.0,2254.0,52.4,1
MPC001725,CROP014,Sunflower,Rajasthan,2026-05,2064.0,1899.0,2229.0,131.5,1
MPC001726,CROP014,Sunflower,Rajasthan,2026-06,1824.0,1678.0,1970.0,160.0,1
MPC001727,CROP014,Sunflower,Rajasthan,2026-07,1787.0,1644.0,1930.0,83.9,1
MPC001728,CROP014,Sunflower,Rajasthan,2026-08,1697.0,1561.0,1833.0,166.4,1
MPC001729,CROP014,Sunflower,Uttar Pradesh,2024-01,1789.0,1646.0,1932.0,67.2,1
MPC001730,CROP014,Sunflower,Uttar Pradesh,2024-02,1896.0,1744.0,2048.0,63.1,1
MPC001731,CROP014,Sunflower,Uttar Pradesh,2024-03,1934.0,1779.0,2089.0,308.2,1
MPC001732,CROP014,Sunflower,Uttar Pradesh,2024-04,1931.0,1777.0,2085.0,34.3,1
MPC001733,CROP014,Sunflower,Uttar Pradesh,2024-05,1779.0,1637.0,1921.0,123.1,1
MPC001734,CROP014,Sunflower,Uttar Pradesh,2024-06,1728.0,1590.0,1866.0,105.2,1
MPC001735,CROP014,Sunflower,Uttar Pradesh,2024-07,1592.0,1465.0,1719.0,107.0,1
MPC001736,CROP014,Sunflower,Uttar Pradesh,2024-08,1623.0,1493.0,1753.0,55.8,1
MPC001737,CROP014,Sunflower,Uttar Pradesh,2024-09,1483.0,1364.0,1602.0,519.1,1
MPC001738,CROP014,Sunflower,Uttar Pradesh,2024-10,1478.0,1360.0,1596.0,211.8,1
MPC001739,CROP014,Sunflower,Uttar Pradesh,2024-11,1568.0,1443.0,1693.0,150.3,1
MPC001740,CROP014,Sunflower,Uttar Pradesh,2024-12,1673.0,1539.0,1807.0,137.1,1
MPC001741,CROP014,Sunflower,Uttar Pradesh,2025-01,1897.0,1745.0,2049.0,105.9,1
MPC001742,CROP014,Sunflower,Uttar Pradesh,2025-02,1900.0,1748.0,2052.0,70.9,1
MPC001743,CROP014,Sunflower,Uttar Pradesh,2025-03,1961.0,1804.0,2118.0,56.4,1
MPC001744,CROP014,Sunflower,Uttar Pradesh,2025-04,2069.0,1903.0,2235.0,174.3,1
MPC001745,CROP014,Sunflower,Uttar Pradesh,2025-05,1939.0,1784.0,2094.0,168.8,1
MPC001746,CROP014,Sunflower,Uttar Pradesh,2025-06,1902.0,1750.0,2054.0,159.5,1
MPC001747,CROP014,Sunflower,Uttar Pradesh,2025-07,1682.0,1547.0,1817.0,67.0,1
MPC001748,CROP014,Sunflower,Uttar Pradesh,2025-08,1665.0,1532.0,1798.0,67.8,1
MPC001749,CROP014,Sunflower,Uttar Pradesh,2025-09,1504.0,1384.0,1624.0,105.4,1
MPC001750,CROP014,Sunflower,Uttar Pradesh,2025-10,1480.0,1362.0,1598.0,85.6,1
MPC001751,CROP014,Sunflower,Uttar Pradesh,2025-11,1810.0,1665.0,1955.0,90.5,1
MPC001752,CROP014,Sunflower,Uttar Pradesh,2025-12,1843.0,1696.0,1990.0,80.7,1
MPC001753,CROP014,Sunflower,Uttar Pradesh,2026-01,2121.0,1951.0,2291.0,101.4,1
MPC001754,CROP014,Sunflower,Uttar Pradesh,2026-02,2173.0,1999.0,2347.0,159.1,1
MPC001755,CROP014,Sunflower,Uttar Pradesh,2026-03,2363.0,2174.0,2552.0,64.9,1
MPC001756,CROP014,Sunflower,Uttar Pradesh,2026-04,2227.0,2049.0,2405.0,206.9,1
MPC001757,CROP014,Sunflower,Uttar Pradesh,2026-05,2177.0,2003.0,2351.0,65.8,1
MPC001758,CROP014,Sunflower,Uttar Pradesh,2026-06,1713.0,1576.0,1850.0,138.8,1
MPC001759,CROP014,Sunflower,Uttar Pradesh,2026-07,1695.0,1559.0,1831.0,137.6,1
MPC001760,CROP014,Sunflower,Uttar Pradesh,2026-08,1715.0,1578.0,1852.0,78.9,1
MPC001761,CROP015,Sesame,Madhya Pradesh,2024-01,3198.0,2942.0,3454.0,166.8,1
MPC001762,CROP015,Sesame,Madhya Pradesh,2024-02,3599.0,3311.0,3887.0,105.9,1
MPC001763,CROP015,Sesame,Madhya Pradesh,2024-03,3448.0,3172.0,3724.0,98.1,1
MPC001764,CROP015,Sesame,Madhya Pradesh,2024-04,3224.0,2966.0,3482.0,38.3,1
MPC001765,CROP015,Sesame,Madhya Pradesh,2024-05,3291.0,3028.0,3554.0,164.3,1
MPC001766,CROP015,Sesame,Madhya Pradesh,2024-06,3009.0,2768.0,3250.0,90.1,1
MPC001767,CROP015,Sesame,Madhya Pradesh,2024-07,2849.0,2621.0,3077.0,95.0,1
MPC001768,CROP015,Sesame,Madhya Pradesh,2024-08,2935.0,2700.0,3170.0,149.9,1
MPC001769,CROP015,Sesame,Madhya Pradesh,2024-09,2695.0,2479.0,2911.0,44.3,1
MPC001770,CROP015,Sesame,Madhya Pradesh,2024-10,2799.0,2575.0,3023.0,182.6,1
MPC001771,CROP015,Sesame,Madhya Pradesh,2024-11,2913.0,2680.0,3146.0,72.5,1
MPC001772,CROP015,Sesame,Madhya Pradesh,2024-12,3204.0,2948.0,3460.0,133.6,1
MPC001773,CROP015,Sesame,Madhya Pradesh,2025-01,3416.0,3143.0,3689.0,81.4,1
MPC001774,CROP015,Sesame,Madhya Pradesh,2025-02,3522.0,3240.0,3804.0,122.0,1
MPC001775,CROP015,Sesame,Madhya Pradesh,2025-03,3647.0,3355.0,3939.0,75.3,1
MPC001776,CROP015,Sesame,Madhya Pradesh,2025-04,3630.0,3340.0,3920.0,186.5,1
MPC001777,CROP015,Sesame,Madhya Pradesh,2025-05,3781.0,3479.0,4083.0,113.7,1
MPC001778,CROP015,Sesame,Madhya Pradesh,2025-06,3038.0,2795.0,3281.0,36.5,1
MPC001779,CROP015,Sesame,Madhya Pradesh,2025-07,2697.0,2481.0,2913.0,66.1,1
MPC001780,CROP015,Sesame,Madhya Pradesh,2025-08,3063.0,2818.0,3308.0,43.6,1
MPC001781,CROP015,Sesame,Madhya Pradesh,2025-09,2764.0,2543.0,2985.0,347.4,1
MPC001782,CROP015,Sesame,Madhya Pradesh,2025-10,2914.0,2681.0,3147.0,179.4,1
MPC001783,CROP015,Sesame,Madhya Pradesh,2025-11,3125.0,2875.0,3375.0,87.5,1
MPC001784,CROP015,Sesame,Madhya Pradesh,2025-12,3288.0,3025.0,3551.0,49.4,1
MPC001785,CROP015,Sesame,Madhya Pradesh,2026-01,3608.0,3319.0,3897.0,89.7,1
MPC001786,CROP015,Sesame,Madhya Pradesh,2026-02,3586.0,3299.0,3873.0,99.5,1
MPC001787,CROP015,Sesame,Madhya Pradesh,2026-03,3598.0,3310.0,3886.0,66.6,1
MPC001788,CROP015,Sesame,Madhya Pradesh,2026-04,3811.0,3506.0,4116.0,98.3,1
MPC001789,CROP015,Sesame,Madhya Pradesh,2026-05,3689.0,3394.0,3984.0,198.8,1
MPC001790,CROP015,Sesame,Madhya Pradesh,2026-06,3181.0,2927.0,3435.0,199.0,1
MPC001791,CROP015,Sesame,Madhya Pradesh,2026-07,3290.0,3027.0,3553.0,63.7,1
MPC001792,CROP015,Sesame,Madhya Pradesh,2026-08,2906.0,2674.0,3138.0,144.4,1
MPC001793,CROP015,Sesame,Rajasthan,2024-01,3322.0,3056.0,3588.0,174.1,1
MPC001794,CROP015,Sesame,Rajasthan,2024-02,3471.0,3193.0,3749.0,174.8,1
MPC001795,CROP015,Sesame,Rajasthan,2024-03,3667.0,3374.0,3960.0,138.7,1
MPC001796,CROP015,Sesame,Rajasthan,2024-04,3423.0,3149.0,3697.0,177.0,1
MPC001797,CROP015,Sesame,Rajasthan,2024-05,3323.0,3057.0,3589.0,60.2,1
MPC001798,CROP015,Sesame,Rajasthan,2024-06,2980.0,2742.0,3218.0,84.6,1
MPC001799,CROP015,Sesame,Rajasthan,2024-07,2834.0,2607.0,3061.0,75.4,1
MPC001800,CROP015,Sesame,Rajasthan,2024-08,2841.0,2614.0,3068.0,212.7,1
MPC001801,CROP015,Sesame,Rajasthan,2024-09,2532.0,2329.0,2735.0,86.7,1
MPC001802,CROP015,Sesame,Rajasthan,2024-10,2643.0,2432.0,2854.0,137.7,1
MPC001803,CROP015,Sesame,Rajasthan,2024-11,2854.0,2626.0,3082.0,110.9,1
MPC001804,CROP015,Sesame,Rajasthan,2024-12,3127.0,2877.0,3377.0,93.9,1
MPC001805,CROP015,Sesame,Rajasthan,2025-01,3314.0,3049.0,3579.0,82.8,1
MPC001806,CROP015,Sesame,Rajasthan,2025-02,3324.0,3058.0,3590.0,36.1,1
MPC001807,CROP015,Sesame,Rajasthan,2025-03,3484.0,3205.0,3763.0,147.7,1
MPC001808,CROP015,Sesame,Rajasthan,2025-04,3563.0,3278.0,3848.0,56.8,1
MPC001809,CROP015,Sesame,Rajasthan,2025-05,3332.0,3065.0,3599.0,124.2,1
MPC001810,CROP015,Sesame,Rajasthan,2025-06,3331.0,3065.0,3597.0,104.2,1
MPC001811,CROP015,Sesame,Rajasthan,2025-07,3175.0,2921.0,3429.0,175.9,1
MPC001812,CROP015,Sesame,Rajasthan,2025-08,2792.0,2569.0,3015.0,109.7,1
MPC001813,CROP015,Sesame,Rajasthan,2025-09,2801.0,2577.0,3025.0,137.8,1
MPC001814,CROP015,Sesame,Rajasthan,2025-10,2778.0,2556.0,3000.0,62.6,1
MPC001815,CROP015,Sesame,Rajasthan,2025-11,2895.0,2663.0,3127.0,123.4,1
MPC001816,CROP015,Sesame,Rajasthan,2025-12,3208.0,2951.0,3465.0,54.9,1
MPC001817,CROP015,Sesame,Rajasthan,2026-01,3562.0,3277.0,3847.0,157.4,1
MPC001818,CROP015,Sesame,Rajasthan,2026-02,3765.0,3464.0,4066.0,115.0,1
MPC001819,CROP015,Sesame,Rajasthan,2026-03,3721.0,3423.0,4019.0,205.7,1
MPC001820,CROP015,Sesame,Rajasthan,2026-04,3709.0,3412.0,4006.0,74.8,1
MPC001821,CROP015,Sesame,Rajasthan,2026-05,3557.0,3272.0,3842.0,169.2,1
MPC001822,CROP015,Sesame,Rajasthan,2026-06,3502.0,3222.0,3782.0,42.3,1
MPC001823,CROP015,Sesame,Rajasthan,2026-07,3142.0,2891.0,3393.0,61.3,1
MPC001824,CROP015,Sesame,Rajasthan,2026-08,3194.0,2938.0,3450.0,66.8,1
MPC001825,CROP015,Sesame,Uttar Pradesh,2024-01,3299.0,3035.0,3563.0,77.6,1
MPC001826,CROP015,Sesame,Uttar Pradesh,2024-02,3488.0,3209.0,3767.0,86.1,1
MPC001827,CROP015,Sesame,Uttar Pradesh,2024-03,3578.0,3292.0,3864.0,92.8,1
MPC001828,CROP015,Sesame,Uttar Pradesh,2024-04,3463.0,3186.0,3740.0,133.4,1
MPC001829,CROP015,Sesame,Uttar Pradesh,2024-05,3557.0,3272.0,3842.0,225.5,1
MPC001830,CROP015,Sesame,Uttar Pradesh,2024-06,3045.0,2801.0,3289.0,65.7,1
MPC001831,CROP015,Sesame,Uttar Pradesh,2024-07,3091.0,2844.0,3338.0,153.6,1
MPC001832,CROP015,Sesame,Uttar Pradesh,2024-08,2686.0,2471.0,2901.0,22.5,1
MPC001833,CROP015,Sesame,Uttar Pradesh,2024-09,2529.0,2327.0,2731.0,131.7,1
MPC001834,CROP015,Sesame,Uttar Pradesh,2024-10,2861.0,2632.0,3090.0,220.9,1
MPC001835,CROP015,Sesame,Uttar Pradesh,2024-11,2699.0,2483.0,2915.0,293.3,1
MPC001836,CROP015,Sesame,Uttar Pradesh,2024-12,2740.0,2521.0,2959.0,132.6,1
MPC001837,CROP015,Sesame,Uttar Pradesh,2025-01,3373.0,3103.0,3643.0,170.8,1
MPC001838,CROP015,Sesame,Uttar Pradesh,2025-02,3678.0,3384.0,3972.0,107.7,1
MPC001839,CROP015,Sesame,Uttar Pradesh,2025-03,3511.0,3230.0,3792.0,123.7,1
MPC001840,CROP015,Sesame,Uttar Pradesh,2025-04,3602.0,3314.0,3890.0,81.2,1
MPC001841,CROP015,Sesame,Uttar Pradesh,2025-05,3536.0,3253.0,3819.0,148.2,1
MPC001842,CROP015,Sesame,Uttar Pradesh,2025-06,2987.0,2748.0,3226.0,49.6,1
MPC001843,CROP015,Sesame,Uttar Pradesh,2025-07,3010.0,2769.0,3251.0,71.7,1
MPC001844,CROP015,Sesame,Uttar Pradesh,2025-08,2827.0,2601.0,3053.0,84.9,1
MPC001845,CROP015,Sesame,Uttar Pradesh,2025-09,2562.0,2357.0,2767.0,256.1,1
MPC001846,CROP015,Sesame,Uttar Pradesh,2025-10,2851.0,2623.0,3079.0,217.9,1
MPC001847,CROP015,Sesame,Uttar Pradesh,2025-11,3170.0,2916.0,3424.0,257.1,1
MPC001848,CROP015,Sesame,Uttar Pradesh,2025-12,3291.0,3028.0,3554.0,166.3,1
MPC001849,CROP015,Sesame,Uttar Pradesh,2026-01,3551.0,3267.0,3835.0,62.5,1
MPC001850,CROP015,Sesame,Uttar Pradesh,2026-02,3525.0,3243.0,3807.0,49.7,1
MPC001851,CROP015,Sesame,Uttar Pradesh,2026-03,3433.0,3158.0,3708.0,131.1,1
MPC001852,CROP015,Sesame,Uttar Pradesh,2026-04,3607.0,3318.0,3896.0,154.2,1
MPC001853,CROP015,Sesame,Uttar Pradesh,2026-05,3093.0,2846.0,3340.0,78.2,1
MPC001854,CROP015,Sesame,Uttar Pradesh,2026-06,3326.0,3060.0,3592.0,157.7,1
MPC001855,CROP015,Sesame,Uttar Pradesh,2026-07,3146.0,2894.0,3398.0,111.0,1
MPC001856,CROP015,Sesame,Uttar Pradesh,2026-08,2790.0,2567.0,3013.0,133.2,1
MPC001857,CROP015,Sesame,West Bengal,2024-01,3145.0,2893.0,3397.0,76.8,1
MPC001858,CROP015,Sesame,West Bengal,2024-02,3484.0,3205.0,3763.0,107.4,1
MPC001859,CROP015,Sesame,West Bengal,2024-03,3407.0,3134.0,3680.0,158.3,1
MPC001860,CROP015,Sesame,West Bengal,2024-04,3631.0,3341.0,3921.0,74.5,1
MPC001861,CROP015,Sesame,West Bengal,2024-05,3287.0,3024.0,3550.0,165.7,1
MPC001862,CROP015,Sesame,West Bengal,2024-06,2948.0,2712.0,3184.0,42.9,1
MPC001863,CROP015,Sesame,West Bengal,2024-07,3067.0,2822.0,3312.0,242.8,1
MPC001864,CROP015,Sesame,West Bengal,2024-08,2952.0,2716.0,3188.0,144.0,1
MPC001865,CROP015,Sesame,West Bengal,2024-09,2651.0,2439.0,2863.0,104.6,1
MPC001866,CROP015,Sesame,West Bengal,2024-10,2912.0,2679.0,3145.0,219.3,1
MPC001867,CROP015,Sesame,West Bengal,2024-11,2656.0,2444.0,2868.0,118.2,1
MPC001868,CROP015,Sesame,West Bengal,2024-12,3082.0,2835.0,3329.0,146.3,1
MPC001869,CROP015,Sesame,West Bengal,2025-01,3534.0,3251.0,3817.0,38.4,1
MPC001870,CROP015,Sesame,West Bengal,2025-02,3512.0,3231.0,3793.0,172.4,1
MPC001871,CROP015,Sesame,West Bengal,2025-03,3661.0,3368.0,3954.0,142.4,1
MPC001872,CROP015,Sesame,West Bengal,2025-04,3599.0,3311.0,3887.0,325.9,1
MPC001873,CROP015,Sesame,West Bengal,2025-05,3252.0,2992.0,3512.0,110.8,1
MPC001874,CROP015,Sesame,West Bengal,2025-06,3225.0,2967.0,3483.0,43.5,1
MPC001875,CROP015,Sesame,West Bengal,2025-07,2919.0,2685.0,3153.0,45.4,1
MPC001876,CROP015,Sesame,West Bengal,2025-08,3066.0,2821.0,3311.0,98.7,1
MPC001877,CROP015,Sesame,West Bengal,2025-09,2678.0,2464.0,2892.0,159.8,1
MPC001878,CROP015,Sesame,West Bengal,2025-10,2854.0,2626.0,3082.0,23.1,1
MPC001879,CROP015,Sesame,West Bengal,2025-11,2833.0,2606.0,3060.0,171.1,1
MPC001880,CROP015,Sesame,West Bengal,2025-12,3149.0,2897.0,3401.0,151.6,1
MPC001881,CROP015,Sesame,West Bengal,2026-01,3465.0,3188.0,3742.0,63.8,1
MPC001882,CROP015,Sesame,West Bengal,2026-02,3691.0,3396.0,3986.0,183.2,1
MPC001883,CROP015,Sesame,West Bengal,2026-03,3793.0,3490.0,4096.0,227.1,1
MPC001884,CROP015,Sesame,West Bengal,2026-04,3545.0,3261.0,3829.0,139.1,1
MPC001885,CROP015,Sesame,West Bengal,2026-05,3474.0,3196.0,3752.0,65.2,1
MPC001886,CROP015,Sesame,West Bengal,2026-06,3370.0,3100.0,3640.0,184.3,1
MPC001887,CROP015,Sesame,West Bengal,2026-07,3235.0,2976.0,3494.0,79.0,1
MPC001888,CROP015,Sesame,West Bengal,2026-08,3020.0,2778.0,3262.0,65.2,1
MPC001889,CROP016,Cotton,Andhra Pradesh,2024-01,3413.0,3072.0,3766.0,282.4,2
MPC001890,CROP016,Cotton,Andhra Pradesh,2024-02,3674.0,3276.0,4090.0,263.4,2
MPC001891,CROP016,Cotton,Andhra Pradesh,2024-03,3734.0,3387.0,4089.0,352.7,2
MPC001892,CROP016,Cotton,Andhra Pradesh,2024-04,3718.0,3250.0,4215.0,280.8,2
MPC001893,CROP016,Cotton,Andhra Pradesh,2024-05,3487.5,3122.0,3867.0,152.9,2
MPC001894,CROP016,Cotton,Andhra Pradesh,2024-06,3343.0,2949.0,3759.0,306.4,2
MPC001895,CROP016,Cotton,Andhra Pradesh,2024-07,2958.0,2715.0,3202.0,174.3,2
MPC001896,CROP016,Cotton,Andhra Pradesh,2024-08,2985.0,2550.0,3454.0,255.6,2
MPC001897,CROP016,Cotton,Andhra Pradesh,2024-09,2861.5,2464.0,3289.0,336.8,2
MPC001898,CROP016,Cotton,Andhra Pradesh,2024-10,3094.5,2797.0,3401.0,283.4,2
MPC001899,CROP016,Cotton,Andhra Pradesh,2024-11,3135.5,2781.0,3508.0,133.7,2
MPC001900,CROP016,Cotton,Andhra Pradesh,2024-12,3429.5,3141.0,3721.0,304.1,2
MPC001901,CROP016,Cotton,Andhra Pradesh,2025-01,3743.5,3391.0,4105.0,199.5,2
MPC001902,CROP016,Cotton,Andhra Pradesh,2025-02,3755.0,3287.0,4252.0,613.3,2
MPC001903,CROP016,Cotton,Andhra Pradesh,2025-03,3787.5,3412.0,4175.0,223.79999999999998,2
MPC001904,CROP016,Cotton,Andhra Pradesh,2025-04,3797.0,3391.0,4221.0,256.6,2
MPC001905,CROP016,Cotton,Andhra Pradesh,2025-05,3751.5,3389.0,4125.0,298.6,2
MPC001906,CROP016,Cotton,Andhra Pradesh,2025-06,3422.0,3008.0,3860.0,347.4,2
MPC001907,CROP016,Cotton,Andhra Pradesh,2025-07,3334.0,2998.0,3682.0,147.0,2
MPC001908,CROP016,Cotton,Andhra Pradesh,2025-08,3123.5,2801.0,3458.0,225.5,2
MPC001909,CROP016,Cotton,Andhra Pradesh,2025-09,3034.0,2583.0,3521.0,225.3,2
MPC001910,CROP016,Cotton,Andhra Pradesh,2025-10,3114.5,2828.0,3407.0,179.3,2
MPC001911,CROP016,Cotton,Andhra Pradesh,2025-11,3275.0,3001.0,3551.0,405.90000000000003,2
MPC001912,CROP016,Cotton,Andhra Pradesh,2025-12,3573.0,3122.0,4052.0,219.0,2
MPC001913,CROP016,Cotton,Andhra Pradesh,2026-01,3738.0,3287.0,4215.0,347.9,2
MPC001914,CROP016,Cotton,Andhra Pradesh,2026-02,3731.5,3377.0,4095.0,151.6,2
MPC001915,CROP016,Cotton,Andhra Pradesh,2026-03,3761.5,3451.0,4074.0,285.9,2
MPC001916,CROP016,Cotton,Andhra Pradesh,2026-04,4221.0,3820.0,4633.0,223.7,2
MPC001917,CROP016,Cotton,Andhra Pradesh,2026-05,3662.5,3311.0,4024.0,568.7,2
MPC001918,CROP016,Cotton,Andhra Pradesh,2026-06,3379.5,3068.0,3698.0,334.1,2
MPC001919,CROP016,Cotton,Andhra Pradesh,2026-07,3523.5,3194.0,3861.0,224.1,2
MPC001920,CROP016,Cotton,Andhra Pradesh,2026-08,3274.0,2996.0,3555.0,167.0,2
MPC001921,CROP016,Cotton,Bihar,2024-01,3513.0,3232.0,3794.0,128.9,1
MPC001922,CROP016,Cotton,Bihar,2024-02,3429.0,3155.0,3703.0,72.7,1
MPC001923,CROP016,Cotton,Bihar,2024-03,3696.0,3400.0,3992.0,93.6,1
MPC001924,CROP016,Cotton,Bihar,2024-04,3859.0,3550.0,4168.0,42.8,1
MPC001925,CROP016,Cotton,Bihar,2024-05,3352.0,3084.0,3620.0,107.5,1
MPC001926,CROP016,Cotton,Bihar,2024-06,3176.0,2922.0,3430.0,194.3,1
MPC001927,CROP016,Cotton,Bihar,2024-07,2973.0,2735.0,3211.0,90.0,1
MPC001928,CROP016,Cotton,Bihar,2024-08,2837.0,2610.0,3064.0,81.0,1
MPC001929,CROP016,Cotton,Bihar,2024-09,2934.0,2699.0,3169.0,51.4,1
MPC001930,CROP016,Cotton,Bihar,2024-10,2991.0,2752.0,3230.0,125.8,1
MPC001931,CROP016,Cotton,Bihar,2024-11,2935.0,2700.0,3170.0,34.3,1
MPC001932,CROP016,Cotton,Bihar,2024-12,3017.0,2776.0,3258.0,80.4,1
MPC001933,CROP016,Cotton,Bihar,2025-01,3516.0,3235.0,3797.0,210.7,1
MPC001934,CROP016,Cotton,Bihar,2025-02,3690.0,3395.0,3985.0,327.0,1
MPC001935,CROP016,Cotton,Bihar,2025-03,3494.0,3214.0,3774.0,146.7,1
MPC001936,CROP016,Cotton,Bihar,2025-04,3848.0,3540.0,4156.0,54.0,1
MPC001937,CROP016,Cotton,Bihar,2025-05,3502.0,3222.0,3782.0,102.3,1
MPC001938,CROP016,Cotton,Bihar,2025-06,3402.0,3130.0,3674.0,97.1,1
MPC001939,CROP016,Cotton,Bihar,2025-07,3163.0,2910.0,3416.0,95.7,1
MPC001940,CROP016,Cotton,Bihar,2025-08,2858.0,2629.0,3087.0,180.4,1
MPC001941,CROP016,Cotton,Bihar,2025-09,3117.0,2868.0,3366.0,108.3,1
MPC001942,CROP016,Cotton,Bihar,2025-10,3145.0,2893.0,3397.0,158.8,1
MPC001943,CROP016,Cotton,Bihar,2025-11,3117.0,2868.0,3366.0,120.2,1
MPC001944,CROP016,Cotton,Bihar,2025-12,3335.0,3068.0,3602.0,58.1,1
MPC001945,CROP016,Cotton,Bihar,2026-01,3542.0,3259.0,3825.0,19.8,1
MPC001946,CROP016,Cotton,Bihar,2026-02,3891.0,3580.0,4202.0,90.0,1
MPC001947,CROP016,Cotton,Bihar,2026-03,4005.0,3685.0,4325.0,47.6,1
MPC001948,CROP016,Cotton,Bihar,2026-04,3996.0,3676.0,4316.0,67.4,1
MPC001949,CROP016,Cotton,Bihar,2026-05,3650.0,3358.0,3942.0,114.6,1
MPC001950,CROP016,Cotton,Bihar,2026-06,3551.0,3267.0,3835.0,73.9,1
MPC001951,CROP016,Cotton,Bihar,2026-07,3180.0,2926.0,3434.0,46.5,1
MPC001952,CROP016,Cotton,Bihar,2026-08,3530.0,3248.0,3812.0,96.8,1
MPC001953,CROP016,Cotton,Haryana,2024-01,3741.0,3442.0,4040.0,52.7,1
MPC001954,CROP016,Cotton,Haryana,2024-02,3470.0,3192.0,3748.0,117.2,1
MPC001955,CROP016,Cotton,Haryana,2024-03,3696.0,3400.0,3992.0,170.6,1
MPC001956,CROP016,Cotton,Haryana,2024-04,3635.0,3344.0,3926.0,143.3,1
MPC001957,CROP016,Cotton,Haryana,2024-05,3533.0,3250.0,3816.0,280.9,1
MPC001958,CROP016,Cotton,Haryana,2024-06,3146.0,2894.0,3398.0,108.9,1
MPC001959,CROP016,Cotton,Haryana,2024-07,2933.0,2698.0,3168.0,64.7,1
MPC001960,CROP016,Cotton,Haryana,2024-08,2843.0,2616.0,3070.0,91.3,1
MPC001961,CROP016,Cotton,Haryana,2024-09,2914.0,2681.0,3147.0,138.3,1
MPC001962,CROP016,Cotton,Haryana,2024-10,2939.0,2704.0,3174.0,51.4,1
MPC001963,CROP016,Cotton,Haryana,2024-11,3014.0,2773.0,3255.0,63.1,1
MPC001964,CROP016,Cotton,Haryana,2024-12,3280.0,3018.0,3542.0,53.3,1
MPC001965,CROP016,Cotton,Haryana,2025-01,3807.0,3502.0,4112.0,106.2,1
MPC001966,CROP016,Cotton,Haryana,2025-02,3508.0,3227.0,3789.0,49.6,1
MPC001967,CROP016,Cotton,Haryana,2025-03,3534.0,3251.0,3817.0,25.7,1
MPC001968,CROP016,Cotton,Haryana,2025-04,3936.0,3621.0,4251.0,140.8,1
MPC001969,CROP016,Cotton,Haryana,2025-05,3335.0,3068.0,3602.0,87.9,1
MPC001970,CROP016,Cotton,Haryana,2025-06,3327.0,3061.0,3593.0,197.0,1
MPC001971,CROP016,Cotton,Haryana,2025-07,3311.0,3046.0,3576.0,222.7,1
MPC001972,CROP016,Cotton,Haryana,2025-08,2639.0,2428.0,2850.0,116.6,1
MPC001973,CROP016,Cotton,Haryana,2025-09,2760.0,2539.0,2981.0,99.6,1
MPC001974,CROP016,Cotton,Haryana,2025-10,2964.0,2727.0,3201.0,188.8,1
MPC001975,CROP016,Cotton,Haryana,2025-11,3274.0,3012.0,3536.0,143.5,1
MPC001976,CROP016,Cotton,Haryana,2025-12,3045.0,2801.0,3289.0,104.7,1
MPC001977,CROP016,Cotton,Haryana,2026-01,3679.0,3385.0,3973.0,164.6,1
MPC001978,CROP016,Cotton,Haryana,2026-02,3928.0,3614.0,4242.0,287.5,1
MPC001979,CROP016,Cotton,Haryana,2026-03,3787.0,3484.0,4090.0,225.9,1
MPC001980,CROP016,Cotton,Haryana,2026-04,3867.0,3558.0,4176.0,74.5,1
MPC001981,CROP016,Cotton,Haryana,2026-05,3674.0,3380.0,3968.0,109.8,1
MPC001982,CROP016,Cotton,Haryana,2026-06,3686.0,3391.0,3981.0,19.9,1
MPC001983,CROP016,Cotton,Haryana,2026-07,3360.0,3091.0,3629.0,136.6,1
MPC001984,CROP016,Cotton,Haryana,2026-08,3131.0,2881.0,3381.0,61.2,1
MPC001985,CROP017,Sugarcane,Maharashtra,2024-01,3949.0,3633.0,4265.0,96.0,1
MPC001986,CROP017,Sugarcane,Maharashtra,2024-02,4339.0,3992.0,4686.0,215.9,1
MPC001987,CROP017,Sugarcane,Maharashtra,2024-03,4007.0,3686.0,4328.0,173.8,1
MPC001988,CROP017,Sugarcane,Maharashtra,2024-04,4256.0,3916.0,4596.0,201.4,1
MPC001989,CROP017,Sugarcane,Maharashtra,2024-05,4051.0,3727.0,4375.0,210.3,1
MPC001990,CROP017,Sugarcane,Maharashtra,2024-06,3725.0,3427.0,4023.0,270.5,1
MPC001991,CROP017,Sugarcane,Maharashtra,2024-07,3479.0,3201.0,3757.0,293.3,1
MPC001992,CROP017,Sugarcane,Maharashtra,2024-08,3482.0,3203.0,3761.0,96.5,1
MPC001993,CROP017,Sugarcane,Maharashtra,2024-09,3328.0,3062.0,3594.0,75.2,1
MPC001994,CROP017,Sugarcane,Maharashtra,2024-10,3487.0,3208.0,3766.0,163.7,1
MPC001995,CROP017,Sugarcane,Maharashtra,2024-11,3460.0,3183.0,3737.0,125.4,1
MPC001996,CROP017,Sugarcane,Maharashtra,2024-12,3873.0,3563.0,4183.0,82.5,1
MPC001997,CROP017,Sugarcane,Maharashtra,2025-01,4528.0,4166.0,4890.0,198.0,1
MPC001998,CROP017,Sugarcane,Maharashtra,2025-02,4637.0,4266.0,5008.0,61.5,1
MPC001999,CROP017,Sugarcane,Maharashtra,2025-03,4767.0,4386.0,5148.0,132.0,1
MPC002000,CROP017,Sugarcane,Maharashtra,2025-04,4554.0,4190.0,4918.0,93.9,1
MPC002001,CROP017,Sugarcane,Maharashtra,2025-05,3881.0,3571.0,4191.0,253.7,1
MPC002002,CROP017,Sugarcane,Maharashtra,2025-06,3733.0,3434.0,4032.0,155.7,1
MPC002003,CROP017,Sugarcane,Maharashtra,2025-07,3624.0,3334.0,3914.0,96.2,1
MPC002004,CROP017,Sugarcane,Maharashtra,2025-08,3314.0,3049.0,3579.0,91.4,1
MPC002005,CROP017,Sugarcane,Maharashtra,2025-09,3412.0,3139.0,3685.0,138.5,1
MPC002006,CROP017,Sugarcane,Maharashtra,2025-10,3569.0,3283.0,3855.0,177.3,1
MPC002007,CROP017,Sugarcane,Maharashtra,2025-11,3557.0,3272.0,3842.0,54.4,1
MPC002008,CROP017,Sugarcane,Maharashtra,2025-12,3822.0,3516.0,4128.0,59.1,1
MPC002009,CROP017,Sugarcane,Maharashtra,2026-01,4430.0,4076.0,4784.0,113.8,1
MPC002010,CROP017,Sugarcane,Maharashtra,2026-02,4538.0,4175.0,4901.0,85.9,1
MPC002011,CROP017,Sugarcane,Maharashtra,2026-03,4671.0,4297.0,5045.0,30.4,1
MPC002012,CROP017,Sugarcane,Maharashtra,2026-04,4667.0,4294.0,5040.0,148.1,1
MPC002013,CROP017,Sugarcane,Maharashtra,2026-05,4552.0,4188.0,4916.0,107.6,1
MPC002014,CROP017,Sugarcane,Maharashtra,2026-06,4316.0,3971.0,4661.0,137.3,1
MPC002015,CROP017,Sugarcane,Maharashtra,2026-07,3842.0,3535.0,4149.0,171.0,1
MPC002016,CROP017,Sugarcane,Maharashtra,2026-08,3515.0,3234.0,3796.0,124.0,1
MPC002017,CROP017,Sugarcane,Punjab,2024-01,3866.0,3557.0,4175.0,137.5,1
MPC002018,CROP017,Sugarcane,Punjab,2024-02,4116.0,3787.0,4445.0,43.3,1
MPC002019,CROP017,Sugarcane,Punjab,2024-03,4452.0,4096.0,4808.0,167.6,1
MPC002020,CROP017,Sugarcane,Punjab,2024-04,4223.0,3885.0,4561.0,52.5,1
MPC002021,CROP017,Sugarcane,Punjab,2024-05,3860.0,3551.0,4169.0,76.7,1
MPC002022,CROP017,Sugarcane,Punjab,2024-06,3869.0,3559.0,4179.0,63.5,1
MPC002023,CROP017,Sugarcane,Punjab,2024-07,3501.0,3221.0,3781.0,155.6,1
MPC002024,CROP017,Sugarcane,Punjab,2024-08,3197.0,2941.0,3453.0,77.2,1
MPC002025,CROP017,Sugarcane,Punjab,2024-09,3413.0,3140.0,3686.0,77.6,1
MPC002026,CROP017,Sugarcane,Punjab,2024-10,3414.0,3141.0,3687.0,200.2,1
MPC002027,CROP017,Sugarcane,Punjab,2024-11,3527.0,3245.0,3809.0,67.7,1
MPC002028,CROP017,Sugarcane,Punjab,2024-12,3703.0,3407.0,3999.0,36.1,1
MPC002029,CROP017,Sugarcane,Punjab,2025-01,4028.0,3706.0,4350.0,98.8,1
MPC002030,CROP017,Sugarcane,Punjab,2025-02,4328.0,3982.0,4674.0,88.6,1
MPC002031,CROP017,Sugarcane,Punjab,2025-03,4524.0,4162.0,4886.0,175.4,1
MPC002032,CROP017,Sugarcane,Punjab,2025-04,4237.0,3898.0,4576.0,30.2,1
MPC002033,CROP017,Sugarcane,Punjab,2025-05,4382.0,4031.0,4733.0,83.1,1
MPC002034,CROP017,Sugarcane,Punjab,2025-06,4353.0,4005.0,4701.0,237.5,1
MPC002035,CROP017,Sugarcane,Punjab,2025-07,3813.0,3508.0,4118.0,13.9,1
MPC002036,CROP017,Sugarcane,Punjab,2025-08,3794.0,3490.0,4098.0,89.3,1
MPC002037,CROP017,Sugarcane,Punjab,2025-09,3466.0,3189.0,3743.0,191.8,1
MPC002038,CROP017,Sugarcane,Punjab,2025-10,3692.0,3397.0,3987.0,29.9,1
MPC002039,CROP017,Sugarcane,Punjab,2025-11,3668.0,3375.0,3961.0,151.3,1
MPC002040,CROP017,Sugarcane,Punjab,2025-12,3856.0,3548.0,4164.0,98.0,1
MPC002041,CROP017,Sugarcane,Punjab,2026-01,4575.0,4209.0,4941.0,87.1,1
MPC002042,CROP017,Sugarcane,Punjab,2026-02,4815.0,4430.0,5200.0,142.0,1
MPC002043,CROP017,Sugarcane,Punjab,2026-03,4518.0,4157.0,4879.0,79.2,1
MPC002044,CROP017,Sugarcane,Punjab,2026-04,4425.0,4071.0,4779.0,124.9,1
MPC002045,CROP017,Sugarcane,Punjab,2026-05,4139.0,3808.0,4470.0,34.8,1
MPC002046,CROP017,Sugarcane,Punjab,2026-06,4446.0,4090.0,4802.0,141.7,1
MPC002047,CROP017,Sugarcane,Punjab,2026-07,3456.0,3180.0,3732.0,126.1,1
MPC002048,CROP017,Sugarcane,Punjab,2026-08,3895.0,3583.0,4207.0,142.2,1
MPC002049,CROP017,Sugarcane,Rajasthan,2024-01,3741.0,3442.0,4040.0,114.3,1
MPC002050,CROP017,Sugarcane,Rajasthan,2024-02,4114.0,3785.0,4443.0,63.2,1
MPC002051,CROP017,Sugarcane,Rajasthan,2024-03,4307.0,3962.0,4652.0,150.4,1
MPC002052,CROP017,Sugarcane,Rajasthan,2024-04,4308.0,3963.0,4653.0,169.9,1
MPC002053,CROP017,Sugarcane,Rajasthan,2024-05,4024.0,3702.0,4346.0,262.1,1
MPC002054,CROP017,Sugarcane,Rajasthan,2024-06,3788.0,3485.0,4091.0,66.7,1
MPC002055,CROP017,Sugarcane,Rajasthan,2024-07,3589.0,3302.0,3876.0,127.8,1
MPC002056,CROP017,Sugarcane,Rajasthan,2024-08,3446.0,3170.0,3722.0,68.1,1
MPC002057,CROP017,Sugarcane,Rajasthan,2024-09,3328.0,3062.0,3594.0,53.9,1
MPC002058,CROP017,Sugarcane,Rajasthan,2024-10,3503.0,3223.0,3783.0,52.1,1
MPC002059,CROP017,Sugarcane,Rajasthan,2024-11,3713.0,3416.0,4010.0,34.7,1
MPC002060,CROP017,Sugarcane,Rajasthan,2024-12,3811.0,3506.0,4116.0,233.8,1
MPC002061,CROP017,Sugarcane,Rajasthan,2025-01,4475.0,4117.0,4833.0,78.9,1
MPC002062,CROP017,Sugarcane,Rajasthan,2025-02,4254.0,3914.0,4594.0,297.0,1
MPC002063,CROP017,Sugarcane,Rajasthan,2025-03,4111.0,3782.0,4440.0,185.5,1
MPC002064,CROP017,Sugarcane,Rajasthan,2025-04,4519.0,4157.0,4881.0,148.9,1
MPC002065,CROP017,Sugarcane,Rajasthan,2025-05,4198.0,3862.0,4534.0,200.1,1
MPC002066,CROP017,Sugarcane,Rajasthan,2025-06,4073.0,3747.0,4399.0,98.3,1
MPC002067,CROP017,Sugarcane,Rajasthan,2025-07,3822.0,3516.0,4128.0,177.3,1
MPC002068,CROP017,Sugarcane,Rajasthan,2025-08,3173.0,2919.0,3427.0,40.8,1
MPC002069,CROP017,Sugarcane,Rajasthan,2025-09,3316.0,3051.0,3581.0,99.3,1
MPC002070,CROP017,Sugarcane,Rajasthan,2025-10,3782.0,3479.0,4085.0,165.5,1
MPC002071,CROP017,Sugarcane,Rajasthan,2025-11,3551.0,3267.0,3835.0,93.0,1
MPC002072,CROP017,Sugarcane,Rajasthan,2025-12,3846.0,3538.0,4154.0,175.0,1
MPC002073,CROP017,Sugarcane,Rajasthan,2026-01,4810.0,4425.0,5195.0,114.1,1
MPC002074,CROP017,Sugarcane,Rajasthan,2026-02,4004.0,3684.0,4324.0,196.3,1
MPC002075,CROP017,Sugarcane,Rajasthan,2026-03,4668.0,4295.0,5041.0,84.5,1
MPC002076,CROP017,Sugarcane,Rajasthan,2026-04,4933.0,4538.0,5328.0,174.2,1
MPC002077,CROP017,Sugarcane,Rajasthan,2026-05,4587.0,4220.0,4954.0,56.8,1
MPC002078,CROP017,Sugarcane,Rajasthan,2026-06,4197.0,3861.0,4533.0,80.6,1
MPC002079,CROP017,Sugarcane,Rajasthan,2026-07,3991.0,3672.0,4310.0,30.4,1
MPC002080,CROP017,Sugarcane,Rajasthan,2026-08,3786.0,3483.0,4089.0,172.5,1
MPC002081,CROP017,Sugarcane,Tamil Nadu,2024-01,4243.0,3904.0,4582.0,209.6,1
MPC002082,CROP017,Sugarcane,Tamil Nadu,2024-02,4087.0,3760.0,4414.0,69.8,1
MPC002083,CROP017,Sugarcane,Tamil Nadu,2024-03,4150.0,3818.0,4482.0,25.0,1
MPC002084,CROP017,Sugarcane,Tamil Nadu,2024-04,4318.0,3973.0,4663.0,82.3,1
MPC002085,CROP017,Sugarcane,Tamil Nadu,2024-05,3744.0,3444.0,4044.0,115.5,1
MPC002086,CROP017,Sugarcane,Tamil Nadu,2024-06,3663.0,3370.0,3956.0,128.2,1
MPC002087,CROP017,Sugarcane,Tamil Nadu,2024-07,3820.0,3514.0,4126.0,110.8,1
MPC002088,CROP017,Sugarcane,Tamil Nadu,2024-08,3080.0,2834.0,3326.0,157.3,1
MPC002089,CROP017,Sugarcane,Tamil Nadu,2024-09,3261.0,3000.0,3522.0,157.2,1
MPC002090,CROP017,Sugarcane,Tamil Nadu,2024-10,3398.0,3126.0,3670.0,260.6,1
MPC002091,CROP017,Sugarcane,Tamil Nadu,2024-11,3445.0,3169.0,3721.0,103.3,1
MPC002092,CROP017,Sugarcane,Tamil Nadu,2024-12,3744.0,3444.0,4044.0,141.1,1
MPC002093,CROP017,Sugarcane,Tamil Nadu,2025-01,4457.0,4100.0,4814.0,82.9,1
MPC002094,CROP017,Sugarcane,Tamil Nadu,2025-02,4551.0,4187.0,4915.0,148.5,1
MPC002095,CROP017,Sugarcane,Tamil Nadu,2025-03,3963.0,3646.0,4280.0,106.7,1
MPC002096,CROP017,Sugarcane,Tamil Nadu,2025-04,4445.0,4089.0,4801.0,118.8,1
MPC002097,CROP017,Sugarcane,Tamil Nadu,2025-05,4533.0,4170.0,4896.0,83.6,1
MPC002098,CROP017,Sugarcane,Tamil Nadu,2025-06,4506.0,4146.0,4866.0,135.3,1
MPC002099,CROP017,Sugarcane,Tamil Nadu,2025-07,3534.0,3251.0,3817.0,89.9,1
MPC002100,CROP017,Sugarcane,Tamil Nadu,2025-08,3749.0,3449.0,4049.0,112.2,1
MPC002101,CROP017,Sugarcane,Tamil Nadu,2025-09,3587.0,3300.0,3874.0,214.2,1
MPC002102,CROP017,Sugarcane,Tamil Nadu,2025-10,3866.0,3557.0,4175.0,121.7,1
MPC002103,CROP017,Sugarcane,Tamil Nadu,2025-11,3666.0,3373.0,3959.0,185.2,1
MPC002104,CROP017,Sugarcane,Tamil Nadu,2025-12,4226.0,3888.0,4564.0,67.8,1
MPC002105,CROP017,Sugarcane,Tamil Nadu,2026-01,4522.0,4160.0,4884.0,240.8,1
MPC002106,CROP017,Sugarcane,Tamil Nadu,2026-02,4537.0,4174.0,4900.0,92.9,1
MPC002107,CROP017,Sugarcane,Tamil Nadu,2026-03,4451.0,4095.0,4807.0,97.0,1
MPC002108,CROP017,Sugarcane,Tamil Nadu,2026-04,4556.0,4192.0,4920.0,208.3,1
MPC002109,CROP017,Sugarcane,Tamil Nadu,2026-05,4906.0,4514.0,5298.0,139.5,1
MPC002110,CROP017,Sugarcane,Tamil Nadu,2026-06,4324.0,3978.0,4670.0,15.6,1
MPC002111,CROP017,Sugarcane,Tamil Nadu,2026-07,3953.0,3637.0,4269.0,207.5,1
MPC002112,CROP017,Sugarcane,Tamil Nadu,2026-08,3685.0,3390.0,3980.0,76.0,1
MPC002113,CROP018,Jute,Madhya Pradesh,2024-01,4180.0,3846.0,4514.0,162.1,1
MPC002114,CROP018,Jute,Madhya Pradesh,2024-02,4454.0,4098.0,4810.0,110.7,1
MPC002115,CROP018,Jute,Madhya Pradesh,2024-03,4868.0,4479.0,5257.0,141.5,1
MPC002116,CROP018,Jute,Madhya Pradesh,2024-04,4773.0,4391.0,5155.0,107.7,1
MPC002117,CROP018,Jute,Madhya Pradesh,2024-05,4395.0,4043.0,4747.0,101.4,1
MPC002118,CROP018,Jute,Madhya Pradesh,2024-06,4230.0,3892.0,4568.0,25.1,1
MPC002119,CROP018,Jute,Madhya Pradesh,2024-07,4206.0,3870.0,4542.0,83.2,1
MPC002120,CROP018,Jute,Madhya Pradesh,2024-08,4191.0,3856.0,4526.0,127.3,1
MPC002121,CROP018,Jute,Madhya Pradesh,2024-09,3522.0,3240.0,3804.0,339.5,1
MPC002122,CROP018,Jute,Madhya Pradesh,2024-10,4215.0,3878.0,4552.0,61.4,1
MPC002123,CROP018,Jute,Madhya Pradesh,2024-11,4155.0,3823.0,4487.0,181.2,1
MPC002124,CROP018,Jute,Madhya Pradesh,2024-12,4440.0,4085.0,4795.0,74.3,1
MPC002125,CROP018,Jute,Madhya Pradesh,2025-01,5192.0,4777.0,5607.0,171.4,1
MPC002126,CROP018,Jute,Madhya Pradesh,2025-02,4693.0,4318.0,5068.0,170.0,1
MPC002127,CROP018,Jute,Madhya Pradesh,2025-03,5266.0,4845.0,5687.0,99.5,1
MPC002128,CROP018,Jute,Madhya Pradesh,2025-04,4666.0,4293.0,5039.0,52.7,1
MPC002129,CROP018,Jute,Madhya Pradesh,2025-05,4697.0,4321.0,5073.0,71.1,1
MPC002130,CROP018,Jute,Madhya Pradesh,2025-06,4237.0,3898.0,4576.0,62.4,1
MPC002131,CROP018,Jute,Madhya Pradesh,2025-07,4395.0,4043.0,4747.0,234.7,1
MPC002132,CROP018,Jute,Madhya Pradesh,2025-08,4100.0,3772.0,4428.0,84.4,1
MPC002133,CROP018,Jute,Madhya Pradesh,2025-09,3793.0,3490.0,4096.0,152.8,1
MPC002134,CROP018,Jute,Madhya Pradesh,2025-10,3606.0,3318.0,3894.0,76.5,1
MPC002135,CROP018,Jute,Madhya Pradesh,2025-11,4000.0,3680.0,4320.0,131.3,1
MPC002136,CROP018,Jute,Madhya Pradesh,2025-12,4177.0,3843.0,4511.0,277.3,1
MPC002137,CROP018,Jute,Madhya Pradesh,2026-01,4911.0,4518.0,5304.0,33.6,1
MPC002138,CROP018,Jute,Madhya Pradesh,2026-02,5132.0,4721.0,5543.0,79.6,1
MPC002139,CROP018,Jute,Madhya Pradesh,2026-03,5869.0,5399.0,6339.0,13.7,1
MPC002140,CROP018,Jute,Madhya Pradesh,2026-04,5487.0,5048.0,5926.0,64.0,1
MPC002141,CROP018,Jute,Madhya Pradesh,2026-05,4809.0,4424.0,5194.0,50.0,1
MPC002142,CROP018,Jute,Madhya Pradesh,2026-06,4722.0,4344.0,5100.0,126.6,1
MPC002143,CROP018,Jute,Madhya Pradesh,2026-07,4372.0,4022.0,4722.0,347.9,1
MPC002144,CROP018,Jute,Madhya Pradesh,2026-08,4257.0,3916.0,4598.0,149.3,1
MPC002145,CROP018,Jute,Maharashtra,2024-01,4369.0,4019.0,4719.0,61.7,1
MPC002146,CROP018,Jute,Maharashtra,2024-02,4887.0,4496.0,5278.0,367.6,1
MPC002147,CROP018,Jute,Maharashtra,2024-03,4508.0,4147.0,4869.0,139.7,1
MPC002148,CROP018,Jute,Maharashtra,2024-04,5336.0,4909.0,5763.0,104.4,1
MPC002149,CROP018,Jute,Maharashtra,2024-05,4394.0,4042.0,4746.0,46.5,1
MPC002150,CROP018,Jute,Maharashtra,2024-06,4530.0,4168.0,4892.0,66.9,1
MPC002151,CROP018,Jute,Maharashtra,2024-07,3747.0,3447.0,4047.0,143.8,1
MPC002152,CROP018,Jute,Maharashtra,2024-08,3967.0,3650.0,4284.0,160.8,1
MPC002153,CROP018,Jute,Maharashtra,2024-09,4272.0,3930.0,4614.0,76.8,1
MPC002154,CROP018,Jute,Maharashtra,2024-10,3707.0,3410.0,4004.0,38.5,1
MPC002155,CROP018,Jute,Maharashtra,2024-11,3910.0,3597.0,4223.0,24.1,1
MPC002156,CROP018,Jute,Maharashtra,2024-12,4421.0,4067.0,4775.0,180.1,1
MPC002157,CROP018,Jute,Maharashtra,2025-01,4677.0,4303.0,5051.0,56.7,1
MPC002158,CROP018,Jute,Maharashtra,2025-02,4906.0,4514.0,5298.0,12.7,1
MPC002159,CROP018,Jute,Maharashtra,2025-03,4904.0,4512.0,5296.0,27.4,1
MPC002160,CROP018,Jute,Maharashtra,2025-04,5221.0,4803.0,5639.0,225.2,1
MPC002161,CROP018,Jute,Maharashtra,2025-05,4858.0,4469.0,5247.0,134.1,1
MPC002162,CROP018,Jute,Maharashtra,2025-06,4761.0,4380.0,5142.0,211.4,1
MPC002163,CROP018,Jute,Maharashtra,2025-07,4473.0,4115.0,4831.0,122.1,1
MPC002164,CROP018,Jute,Maharashtra,2025-08,4076.0,3750.0,4402.0,61.2,1
MPC002165,CROP018,Jute,Maharashtra,2025-09,4297.0,3953.0,4641.0,281.6,1
MPC002166,CROP018,Jute,Maharashtra,2025-10,4656.0,4284.0,5028.0,86.5,1
MPC002167,CROP018,Jute,Maharashtra,2025-11,4390.0,4039.0,4741.0,84.6,1
MPC002168,CROP018,Jute,Maharashtra,2025-12,4515.0,4154.0,4876.0,140.4,1
MPC002169,CROP018,Jute,Maharashtra,2026-01,4634.0,4263.0,5005.0,169.2,1
MPC002170,CROP018,Jute,Maharashtra,2026-02,5313.0,4888.0,5738.0,110.5,1
MPC002171,CROP018,Jute,Maharashtra,2026-03,5495.0,5055.0,5935.0,144.7,1
MPC002172,CROP018,Jute,Maharashtra,2026-04,5229.0,4811.0,5647.0,137.5,1
MPC002173,CROP018,Jute,Maharashtra,2026-05,4506.0,4146.0,4866.0,113.9,1
MPC002174,CROP018,Jute,Maharashtra,2026-06,4714.0,4337.0,5091.0,131.7,1
MPC002175,CROP018,Jute,Maharashtra,2026-07,4337.0,3990.0,4684.0,39.6,1
MPC002176,CROP018,Jute,Maharashtra,2026-08,4126.0,3796.0,4456.0,116.3,1
MPC002177,CROP018,Jute,Tamil Nadu,2024-01,4464.0,4107.0,4821.0,55.7,1
MPC002178,CROP018,Jute,Tamil Nadu,2024-02,4860.0,4471.0,5249.0,56.4,1
MPC002179,CROP018,Jute,Tamil Nadu,2024-03,4690.0,4315.0,5065.0,242.5,1
MPC002180,CROP018,Jute,Tamil Nadu,2024-04,4605.0,4237.0,4973.0,71.4,1
MPC002181,CROP018,Jute,Tamil Nadu,2024-05,4302.0,3958.0,4646.0,117.7,1
MPC002182,CROP018,Jute,Tamil Nadu,2024-06,4464.0,4107.0,4821.0,113.4,1
MPC002183,CROP018,Jute,Tamil Nadu,2024-07,4202.0,3866.0,4538.0,30.5,1
MPC002184,CROP018,Jute,Tamil Nadu,2024-08,3715.0,3418.0,4012.0,178.6,1
MPC002185,CROP018,Jute,Tamil Nadu,2024-09,3704.0,3408.0,4000.0,114.5,1
MPC002186,CROP018,Jute,Tamil Nadu,2024-10,3910.0,3597.0,4223.0,94.2,1
MPC002187,CROP018,Jute,Tamil Nadu,2024-11,4014.0,3693.0,4335.0,130.7,1
MPC002188,CROP018,Jute,Tamil Nadu,2024-12,4528.0,4166.0,4890.0,122.1,1
MPC002189,CROP018,Jute,Tamil Nadu,2025-01,4511.0,4150.0,4872.0,74.7,1
MPC002190,CROP018,Jute,Tamil Nadu,2025-02,5022.0,4620.0,5424.0,184.7,1
MPC002191,CROP018,Jute,Tamil Nadu,2025-03,4847.0,4459.0,5235.0,119.4,1
MPC002192,CROP018,Jute,Tamil Nadu,2025-04,4999.0,4599.0,5399.0,234.5,1
MPC002193,CROP018,Jute,Tamil Nadu,2025-05,4763.0,4382.0,5144.0,109.4,1
MPC002194,CROP018,Jute,Tamil Nadu,2025-06,4284.0,3941.0,4627.0,116.2,1
MPC002195,CROP018,Jute,Tamil Nadu,2025-07,4316.0,3971.0,4661.0,239.1,1
MPC002196,CROP018,Jute,Tamil Nadu,2025-08,3851.0,3543.0,4159.0,42.4,1
MPC002197,CROP018,Jute,Tamil Nadu,2025-09,3794.0,3490.0,4098.0,145.7,1
MPC002198,CROP018,Jute,Tamil Nadu,2025-10,3936.0,3621.0,4251.0,198.3,1
MPC002199,CROP018,Jute,Tamil Nadu,2025-11,4358.0,4009.0,4707.0,257.9,1
MPC002200,CROP018,Jute,Tamil Nadu,2025-12,4534.0,4171.0,4897.0,160.9,1
MPC002201,CROP018,Jute,Tamil Nadu,2026-01,4974.0,4576.0,5372.0,123.9,1
MPC002202,CROP018,Jute,Tamil Nadu,2026-02,5427.0,4993.0,5861.0,155.2,1
MPC002203,CROP018,Jute,Tamil Nadu,2026-03,5177.0,4763.0,5591.0,162.5,1
MPC002204,CROP018,Jute,Tamil Nadu,2026-04,5164.0,4751.0,5577.0,137.7,1
MPC002205,CROP018,Jute,Tamil Nadu,2026-05,4963.0,4566.0,5360.0,64.3,1
MPC002206,CROP018,Jute,Tamil Nadu,2026-06,4713.0,4336.0,5090.0,135.0,1
MPC002207,CROP018,Jute,Tamil Nadu,2026-07,4643.0,4272.0,5014.0,193.8,1
MPC002208,CROP018,Jute,Tamil Nadu,2026-08,4359.0,4010.0,4708.0,170.8,1
MPC002209,CROP018,Jute,West Bengal,2024-01,4539.0,4176.0,4902.0,136.1,1
MPC002210,CROP018,Jute,West Bengal,2024-02,4293.0,3950.0,4636.0,71.7,1
MPC002211,CROP018,Jute,West Bengal,2024-03,4597.0,4229.0,4965.0,25.8,1
MPC002212,CROP018,Jute,West Bengal,2024-04,4941.0,4546.0,5336.0,71.7,1
MPC002213,CROP018,Jute,West Bengal,2024-05,4451.0,4095.0,4807.0,45.5,1
MPC002214,CROP018,Jute,West Bengal,2024-06,4072.0,3746.0,4398.0,157.5,1
MPC002215,CROP018,Jute,West Bengal,2024-07,3962.0,3645.0,4279.0,154.8,1
MPC002216,CROP018,Jute,West Bengal,2024-08,3691.0,3396.0,3986.0,96.8,1
MPC002217,CROP018,Jute,West Bengal,2024-09,3574.0,3288.0,3860.0,52.1,1
MPC002218,CROP018,Jute,West Bengal,2024-10,3665.0,3372.0,3958.0,146.7,1
MPC002219,CROP018,Jute,West Bengal,2024-11,4288.0,3945.0,4631.0,197.7,1
MPC002220,CROP018,Jute,West Bengal,2024-12,4182.0,3847.0,4517.0,81.5,1
MPC002221,CROP018,Jute,West Bengal,2025-01,4722.0,4344.0,5100.0,166.3,1
MPC002222,CROP018,Jute,West Bengal,2025-02,4670.0,4296.0,5044.0,62.4,1
MPC002223,CROP018,Jute,West Bengal,2025-03,5092.0,4685.0,5499.0,40.0,1
MPC002224,CROP018,Jute,West Bengal,2025-04,4803.0,4419.0,5187.0,54.9,1
MPC002225,CROP018,Jute,West Bengal,2025-05,4458.0,4101.0,4815.0,163.6,1
MPC002226,CROP018,Jute,West Bengal,2025-06,4451.0,4095.0,4807.0,104.3,1
MPC002227,CROP018,Jute,West Bengal,2025-07,4095.0,3767.0,4423.0,23.0,1
MPC002228,CROP018,Jute,West Bengal,2025-08,3986.0,3667.0,4305.0,47.7,1
MPC002229,CROP018,Jute,West Bengal,2025-09,3512.0,3231.0,3793.0,84.7,1
MPC002230,CROP018,Jute,West Bengal,2025-10,3965.0,3648.0,4282.0,108.8,1
MPC002231,CROP018,Jute,West Bengal,2025-11,4185.0,3850.0,4520.0,83.6,1
MPC002232,CROP018,Jute,West Bengal,2025-12,4445.0,4089.0,4801.0,121.4,1
MPC002233,CROP018,Jute,West Bengal,2026-01,5562.0,5117.0,6007.0,75.7,1
MPC002234,CROP018,Jute,West Bengal,2026-02,5183.0,4768.0,5598.0,134.4,1
MPC002235,CROP018,Jute,West Bengal,2026-03,5442.0,5007.0,5877.0,117.7,1
MPC002236,CROP018,Jute,West Bengal,2026-04,5325.0,4899.0,5751.0,219.1,1
MPC002237,CROP018,Jute,West Bengal,2026-05,4903.0,4511.0,5295.0,154.6,1
MPC002238,CROP018,Jute,West Bengal,2026-06,4315.0,3970.0,4660.0,150.5,1
MPC002239,CROP018,Jute,West Bengal,2026-07,4520.0,4158.0,4882.0,170.0,1
MPC002240,CROP018,Jute,West Bengal,2026-08,3829.0,3523.0,4135.0,59.2,1
MPC002241,CROP019,Potato,Gujarat,2024-01,1865.0,1716.0,2014.0,125.8,1
MPC002242,CROP019,Potato,Gujarat,2024-02,1778.0,1636.0,1920.0,166.9,1
MPC002243,CROP019,Potato,Gujarat,2024-03,1906.0,1754.0,2058.0,105.0,1
MPC002244,CROP019,Potato,Gujarat,2024-04,1803.0,1659.0,1947.0,141.5,1
MPC002245,CROP019,Potato,Gujarat,2024-05,1756.0,1616.0,1896.0,139.6,1
MPC002246,CROP019,Potato,Gujarat,2024-06,1618.0,1489.0,1747.0,123.9,1
MPC002247,CROP019,Potato,Gujarat,2024-07,1659.0,1526.0,1792.0,109.6,1
MPC002248,CROP019,Potato,Gujarat,2024-08,1528.0,1406.0,1650.0,42.9,1
MPC002249,CROP019,Potato,Gujarat,2024-09,1443.0,1328.0,1558.0,119.1,1
MPC002250,CROP019,Potato,Gujarat,2024-10,1522.0,1400.0,1644.0,71.7,1
MPC002251,CROP019,Potato,Gujarat,2024-11,1602.0,1474.0,1730.0,60.4,1
MPC002252,CROP019,Potato,Gujarat,2024-12,1587.0,1460.0,1714.0,105.9,1
MPC002253,CROP019,Potato,Gujarat,2025-01,1908.0,1755.0,2061.0,120.7,1
MPC002254,CROP019,Potato,Gujarat,2025-02,1984.0,1825.0,2143.0,15.5,1
MPC002255,CROP019,Potato,Gujarat,2025-03,2217.0,2040.0,2394.0,125.8,1
MPC002256,CROP019,Potato,Gujarat,2025-04,1903.0,1751.0,2055.0,77.5,1
MPC002257,CROP019,Potato,Gujarat,2025-05,1818.0,1673.0,1963.0,79.4,1
MPC002258,CROP019,Potato,Gujarat,2025-06,1682.0,1547.0,1817.0,122.7,1
MPC002259,CROP019,Potato,Gujarat,2025-07,1592.0,1465.0,1719.0,168.3,1
MPC002260,CROP019,Potato,Gujarat,2025-08,1576.0,1450.0,1702.0,207.0,1
MPC002261,CROP019,Potato,Gujarat,2025-09,1347.0,1239.0,1455.0,32.7,1
MPC002262,CROP019,Potato,Gujarat,2025-10,1485.0,1366.0,1604.0,100.4,1
MPC002263,CROP019,Potato,Gujarat,2025-11,1700.0,1564.0,1836.0,113.5,1
MPC002264,CROP019,Potato,Gujarat,2025-12,1845.0,1697.0,1993.0,246.9,1
MPC002265,CROP019,Potato,Gujarat,2026-01,1862.0,1713.0,2011.0,59.0,1
MPC002266,CROP019,Potato,Gujarat,2026-02,1997.0,1837.0,2157.0,153.5,1
MPC002267,CROP019,Potato,Gujarat,2026-03,1942.0,1787.0,2097.0,146.7,1
MPC002268,CROP019,Potato,Gujarat,2026-04,1942.0,1787.0,2097.0,117.4,1
MPC002269,CROP019,Potato,Gujarat,2026-05,2081.0,1915.0,2247.0,94.0,1
MPC002270,CROP019,Potato,Gujarat,2026-06,1831.0,1685.0,1977.0,146.4,1
MPC002271,CROP019,Potato,Gujarat,2026-07,1722.0,1584.0,1860.0,125.2,1
MPC002272,CROP019,Potato,Gujarat,2026-08,1657.0,1524.0,1790.0,142.5,1
MPC002273,CROP019,Potato,Haryana,2024-01,1729.0,1591.0,1867.0,92.2,1
MPC002274,CROP019,Potato,Haryana,2024-02,1910.0,1757.0,2063.0,90.1,1
MPC002275,CROP019,Potato,Haryana,2024-03,1810.0,1665.0,1955.0,61.8,1
MPC002276,CROP019,Potato,Haryana,2024-04,1861.0,1712.0,2010.0,137.8,1
MPC002277,CROP019,Potato,Haryana,2024-05,1727.0,1589.0,1865.0,331.2,1
MPC002278,CROP019,Potato,Haryana,2024-06,1586.0,1459.0,1713.0,208.6,1
MPC002279,CROP019,Potato,Haryana,2024-07,1522.0,1400.0,1644.0,85.7,1
MPC002280,CROP019,Potato,Haryana,2024-08,1389.0,1278.0,1500.0,127.6,1
MPC002281,CROP019,Potato,Haryana,2024-09,1417.0,1304.0,1530.0,214.9,1
MPC002282,CROP019,Potato,Haryana,2024-10,1398.0,1286.0,1510.0,56.4,1
MPC002283,CROP019,Potato,Haryana,2024-11,1584.0,1457.0,1711.0,98.6,1
MPC002284,CROP019,Potato,Haryana,2024-12,1656.0,1524.0,1788.0,121.8,1
MPC002285,CROP019,Potato,Haryana,2025-01,1858.0,1709.0,2007.0,124.6,1
MPC002286,CROP019,Potato,Haryana,2025-02,1899.0,1747.0,2051.0,46.1,1
MPC002287,CROP019,Potato,Haryana,2025-03,2013.0,1852.0,2174.0,40.1,1
MPC002288,CROP019,Potato,Haryana,2025-04,1926.0,1772.0,2080.0,222.0,1
MPC002289,CROP019,Potato,Haryana,2025-05,1902.0,1750.0,2054.0,178.7,1
MPC002290,CROP019,Potato,Haryana,2025-06,1749.0,1609.0,1889.0,65.5,1
MPC002291,CROP019,Potato,Haryana,2025-07,1512.0,1391.0,1633.0,107.3,1
MPC002292,CROP019,Potato,Haryana,2025-08,1628.0,1498.0,1758.0,110.4,1
MPC002293,CROP019,Potato,Haryana,2025-09,1585.0,1458.0,1712.0,322.8,1
MPC002294,CROP019,Potato,Haryana,2025-10,1519.0,1397.0,1641.0,151.4,1
MPC002295,CROP019,Potato,Haryana,2025-11,1611.0,1482.0,1740.0,150.5,1
MPC002296,CROP019,Potato,Haryana,2025-12,1740.0,1601.0,1879.0,150.2,1
MPC002297,CROP019,Potato,Haryana,2026-01,1728.0,1590.0,1866.0,189.1,1
MPC002298,CROP019,Potato,Haryana,2026-02,2155.0,1983.0,2327.0,216.0,1
MPC002299,CROP019,Potato,Haryana,2026-03,1995.0,1835.0,2155.0,180.0,1
MPC002300,CROP019,Potato,Haryana,2026-04,2118.0,1949.0,2287.0,106.4,1
MPC002301,CROP019,Potato,Haryana,2026-05,1706.0,1570.0,1842.0,248.2,1
MPC002302,CROP019,Potato,Haryana,2026-06,1917.0,1764.0,2070.0,107.2,1
MPC002303,CROP019,Potato,Haryana,2026-07,1589.0,1462.0,1716.0,278.4,1
MPC002304,CROP019,Potato,Haryana,2026-08,1496.0,1376.0,1616.0,139.6,1
MPC002305,CROP019,Potato,Karnataka,2024-01,1712.0,1575.0,1849.0,106.0,1
MPC002306,CROP019,Potato,Karnataka,2024-02,1978.0,1820.0,2136.0,180.2,1
MPC002307,CROP019,Potato,Karnataka,2024-03,1845.0,1697.0,1993.0,61.4,1
MPC002308,CROP019,Potato,Karnataka,2024-04,1933.0,1778.0,2088.0,145.4,1
MPC002309,CROP019,Potato,Karnataka,2024-05,1746.0,1606.0,1886.0,116.8,1
MPC002310,CROP019,Potato,Karnataka,2024-06,1596.0,1468.0,1724.0,20.6,1
MPC002311,CROP019,Potato,Karnataka,2024-07,1458.0,1341.0,1575.0,137.2,1
MPC002312,CROP019,Potato,Karnataka,2024-08,1581.0,1455.0,1707.0,58.3,1
MPC002313,CROP019,Potato,Karnataka,2024-09,1412.0,1299.0,1525.0,92.0,1
MPC002314,CROP019,Potato,Karnataka,2024-10,1598.0,1470.0,1726.0,191.5,1
MPC002315,CROP019,Potato,Karnataka,2024-11,1406.0,1294.0,1518.0,171.0,1
MPC002316,CROP019,Potato,Karnataka,2024-12,1511.0,1390.0,1632.0,31.8,1
MPC002317,CROP019,Potato,Karnataka,2025-01,1845.0,1697.0,1993.0,138.3,1
MPC002318,CROP019,Potato,Karnataka,2025-02,2080.0,1914.0,2246.0,25.7,1
MPC002319,CROP019,Potato,Karnataka,2025-03,1984.0,1825.0,2143.0,139.6,1
MPC002320,CROP019,Potato,Karnataka,2025-04,1695.0,1559.0,1831.0,49.5,1
MPC002321,CROP019,Potato,Karnataka,2025-05,1779.0,1637.0,1921.0,128.6,1
MPC002322,CROP019,Potato,Karnataka,2025-06,1681.0,1547.0,1815.0,51.8,1
MPC002323,CROP019,Potato,Karnataka,2025-07,1710.0,1573.0,1847.0,98.4,1
MPC002324,CROP019,Potato,Karnataka,2025-08,1532.0,1409.0,1655.0,175.1,1
MPC002325,CROP019,Potato,Karnataka,2025-09,1444.0,1328.0,1560.0,19.6,1
MPC002326,CROP019,Potato,Karnataka,2025-10,1560.0,1435.0,1685.0,113.6,1
MPC002327,CROP019,Potato,Karnataka,2025-11,1629.0,1499.0,1759.0,185.6,1
MPC002328,CROP019,Potato,Karnataka,2025-12,1623.0,1493.0,1753.0,253.2,1
MPC002329,CROP019,Potato,Karnataka,2026-01,1887.0,1736.0,2038.0,74.7,1
MPC002330,CROP019,Potato,Karnataka,2026-02,2149.0,1977.0,2321.0,95.6,1
MPC002331,CROP019,Potato,Karnataka,2026-03,1990.0,1831.0,2149.0,31.1,1
MPC002332,CROP019,Potato,Karnataka,2026-04,2249.0,2069.0,2429.0,89.0,1
MPC002333,CROP019,Potato,Karnataka,2026-05,2134.0,1963.0,2305.0,164.5,1
MPC002334,CROP019,Potato,Karnataka,2026-06,1800.0,1656.0,1944.0,153.4,1
MPC002335,CROP019,Potato,Karnataka,2026-07,1687.0,1552.0,1822.0,59.5,1
MPC002336,CROP019,Potato,Karnataka,2026-08,1501.0,1381.0,1621.0,14.2,1
MPC002337,CROP019,Potato,Maharashtra,2024-01,1710.0,1573.0,1847.0,114.9,1
MPC002338,CROP019,Potato,Maharashtra,2024-02,1825.0,1679.0,1971.0,48.3,1
MPC002339,CROP019,Potato,Maharashtra,2024-03,1654.0,1522.0,1786.0,61.2,1
MPC002340,CROP019,Potato,Maharashtra,2024-04,1682.0,1547.0,1817.0,82.6,1
MPC002341,CROP019,Potato,Maharashtra,2024-05,1702.0,1566.0,1838.0,271.7,1
MPC002342,CROP019,Potato,Maharashtra,2024-06,1582.0,1455.0,1709.0,60.0,1
MPC002343,CROP019,Potato,Maharashtra,2024-07,1559.0,1434.0,1684.0,84.0,1
MPC002344,CROP019,Potato,Maharashtra,2024-08,1646.0,1514.0,1778.0,12.8,1
MPC002345,CROP019,Potato,Maharashtra,2024-09,1564.0,1439.0,1689.0,8.8,1
MPC002346,CROP019,Potato,Maharashtra,2024-10,1495.0,1375.0,1615.0,78.9,1
MPC002347,CROP019,Potato,Maharashtra,2024-11,1568.0,1443.0,1693.0,56.3,1
MPC002348,CROP019,Potato,Maharashtra,2024-12,1539.0,1416.0,1662.0,163.5,1
MPC002349,CROP019,Potato,Maharashtra,2025-01,1905.0,1753.0,2057.0,82.1,1
MPC002350,CROP019,Potato,Maharashtra,2025-02,2005.0,1845.0,2165.0,160.0,1
MPC002351,CROP019,Potato,Maharashtra,2025-03,1961.0,1804.0,2118.0,37.5,1
MPC002352,CROP019,Potato,Maharashtra,2025-04,1913.0,1760.0,2066.0,139.8,1
MPC002353,CROP019,Potato,Maharashtra,2025-05,1818.0,1673.0,1963.0,60.8,1
MPC002354,CROP019,Potato,Maharashtra,2025-06,1838.0,1691.0,1985.0,268.7,1
MPC002355,CROP019,Potato,Maharashtra,2025-07,1614.0,1485.0,1743.0,109.8,1
MPC002356,CROP019,Potato,Maharashtra,2025-08,1506.0,1386.0,1626.0,107.8,1
MPC002357,CROP019,Potato,Maharashtra,2025-09,1578.0,1452.0,1704.0,49.6,1
MPC002358,CROP019,Potato,Maharashtra,2025-10,1544.0,1420.0,1668.0,47.7,1
MPC002359,CROP019,Potato,Maharashtra,2025-11,1620.0,1490.0,1750.0,119.3,1
MPC002360,CROP019,Potato,Maharashtra,2025-12,1770.0,1628.0,1912.0,120.7,1
MPC002361,CROP019,Potato,Maharashtra,2026-01,1937.0,1782.0,2092.0,100.6,1
MPC002362,CROP019,Potato,Maharashtra,2026-02,1930.0,1776.0,2084.0,105.2,1
MPC002363,CROP019,Potato,Maharashtra,2026-03,1949.0,1793.0,2105.0,142.8,1
MPC002364,CROP019,Potato,Maharashtra,2026-04,2023.0,1861.0,2185.0,49.2,1
MPC002365,CROP019,Potato,Maharashtra,2026-05,1929.0,1775.0,2083.0,140.5,1
MPC002366,CROP019,Potato,Maharashtra,2026-06,1725.0,1587.0,1863.0,82.0,1
MPC002367,CROP019,Potato,Maharashtra,2026-07,1500.0,1380.0,1620.0,62.9,1
MPC002368,CROP019,Potato,Maharashtra,2026-08,1649.0,1517.0,1781.0,52.1,1
MPC002369,CROP020,Onion,Bihar,2024-01,3676.0,3382.0,3970.0,66.8,1
MPC002370,CROP020,Onion,Bihar,2024-02,3701.0,3405.0,3997.0,172.2,1
MPC002371,CROP020,Onion,Bihar,2024-03,3517.0,3236.0,3798.0,116.6,1
MPC002372,CROP020,Onion,Bihar,2024-04,3348.0,3080.0,3616.0,222.0,1
MPC002373,CROP020,Onion,Bihar,2024-05,3240.0,2981.0,3499.0,44.1,1
MPC002374,CROP020,Onion,Bihar,2024-06,3334.0,3067.0,3601.0,104.1,1
MPC002375,CROP020,Onion,Bihar,2024-07,3165.0,2912.0,3418.0,48.5,1
MPC002376,CROP020,Onion,Bihar,2024-08,2857.0,2628.0,3086.0,270.9,1
MPC002377,CROP020,Onion,Bihar,2024-09,2993.0,2754.0,3232.0,18.9,1
MPC002378,CROP020,Onion,Bihar,2024-10,3036.0,2793.0,3279.0,93.0,1
MPC002379,CROP020,Onion,Bihar,2024-11,3336.0,3069.0,3603.0,86.3,1
MPC002380,CROP020,Onion,Bihar,2024-12,3324.0,3058.0,3590.0,122.9,1
MPC002381,CROP020,Onion,Bihar,2025-01,3894.0,3582.0,4206.0,203.3,1
MPC002382,CROP020,Onion,Bihar,2025-02,3977.0,3659.0,4295.0,103.8,1
MPC002383,CROP020,Onion,Bihar,2025-03,4192.0,3857.0,4527.0,72.8,1
MPC002384,CROP020,Onion,Bihar,2025-04,3890.0,3579.0,4201.0,70.3,1
MPC002385,CROP020,Onion,Bihar,2025-05,3467.0,3190.0,3744.0,71.7,1
MPC002386,CROP020,Onion,Bihar,2025-06,3423.0,3149.0,3697.0,195.7,1
MPC002387,CROP020,Onion,Bihar,2025-07,3288.0,3025.0,3551.0,166.1,1
MPC002388,CROP020,Onion,Bihar,2025-08,3402.0,3130.0,3674.0,37.1,1
MPC002389,CROP020,Onion,Bihar,2025-09,2935.0,2700.0,3170.0,111.5,1
MPC002390,CROP020,Onion,Bihar,2025-10,3076.0,2830.0,3322.0,73.1,1
MPC002391,CROP020,Onion,Bihar,2025-11,3509.0,3228.0,3790.0,135.7,1
MPC002392,CROP020,Onion,Bihar,2025-12,3881.0,3571.0,4191.0,181.5,1
MPC002393,CROP020,Onion,Bihar,2026-01,4036.0,3713.0,4359.0,166.7,1
MPC002394,CROP020,Onion,Bihar,2026-02,3922.0,3608.0,4236.0,184.1,1
MPC002395,CROP020,Onion,Bihar,2026-03,3912.0,3599.0,4225.0,109.6,1
MPC002396,CROP020,Onion,Bihar,2026-04,4351.0,4003.0,4699.0,16.3,1
MPC002397,CROP020,Onion,Bihar,2026-05,3868.0,3559.0,4177.0,280.1,1
MPC002398,CROP020,Onion,Bihar,2026-06,3824.0,3518.0,4130.0,75.7,1
MPC002399,CROP020,Onion,Bihar,2026-07,3480.0,3202.0,3758.0,68.8,1
MPC002400,CROP020,Onion,Bihar,2026-08,3421.0,3147.0,3695.0,18.8,1
MPC002401,CROP020,Onion,Maharashtra,2024-01,3234.0,2975.0,3493.0,42.4,1
MPC002402,CROP020,Onion,Maharashtra,2024-02,3592.0,3305.0,3879.0,100.0,1
MPC002403,CROP020,Onion,Maharashtra,2024-03,3365.0,3096.0,3634.0,157.0,1
MPC002404,CROP020,Onion,Maharashtra,2024-04,3718.0,3421.0,4015.0,22.3,1
MPC002405,CROP020,Onion,Maharashtra,2024-05,3535.0,3252.0,3818.0,177.0,1
MPC002406,CROP020,Onion,Maharashtra,2024-06,3674.0,3380.0,3968.0,180.0,1
MPC002407,CROP020,Onion,Maharashtra,2024-07,3373.0,3103.0,3643.0,67.1,1
MPC002408,CROP020,Onion,Maharashtra,2024-08,3165.0,2912.0,3418.0,68.8,1
MPC002409,CROP020,Onion,Maharashtra,2024-09,3057.0,2812.0,3302.0,97.3,1
MPC002410,CROP020,Onion,Maharashtra,2024-10,2965.0,2728.0,3202.0,160.4,1
MPC002411,CROP020,Onion,Maharashtra,2024-11,2926.0,2692.0,3160.0,100.7,1
MPC002412,CROP020,Onion,Maharashtra,2024-12,3529.0,3247.0,3811.0,46.4,1
MPC002413,CROP020,Onion,Maharashtra,2025-01,3838.0,3531.0,4145.0,33.7,1
MPC002414,CROP020,Onion,Maharashtra,2025-02,3916.0,3603.0,4229.0,102.3,1
MPC002415,CROP020,Onion,Maharashtra,2025-03,4076.0,3750.0,4402.0,180.6,1
MPC002416,CROP020,Onion,Maharashtra,2025-04,3735.0,3436.0,4034.0,94.8,1
MPC002417,CROP020,Onion,Maharashtra,2025-05,3672.0,3378.0,3966.0,125.8,1
MPC002418,CROP020,Onion,Maharashtra,2025-06,3658.0,3365.0,3951.0,73.9,1
MPC002419,CROP020,Onion,Maharashtra,2025-07,3566.0,3281.0,3851.0,248.0,1
MPC002420,CROP020,Onion,Maharashtra,2025-08,3310.0,3045.0,3575.0,247.0,1
MPC002421,CROP020,Onion,Maharashtra,2025-09,3140.0,2889.0,3391.0,146.8,1
MPC002422,CROP020,Onion,Maharashtra,2025-10,3465.0,3188.0,3742.0,119.2,1
MPC002423,CROP020,Onion,Maharashtra,2025-11,3114.0,2865.0,3363.0,167.2,1
MPC002424,CROP020,Onion,Maharashtra,2025-12,3681.0,3387.0,3975.0,145.4,1
MPC002425,CROP020,Onion,Maharashtra,2026-01,3994.0,3674.0,4314.0,183.3,1
MPC002426,CROP020,Onion,Maharashtra,2026-02,3918.0,3605.0,4231.0,202.3,1
MPC002427,CROP020,Onion,Maharashtra,2026-03,4013.0,3692.0,4334.0,246.3,1
MPC002428,CROP020,Onion,Maharashtra,2026-04,3914.0,3601.0,4227.0,51.9,1
MPC002429,CROP020,Onion,Maharashtra,2026-05,4276.0,3934.0,4618.0,180.5,1
MPC002430,CROP020,Onion,Maharashtra,2026-06,3516.0,3235.0,3797.0,103.0,1
MPC002431,CROP020,Onion,Maharashtra,2026-07,3606.0,3318.0,3894.0,145.0,1
MPC002432,CROP020,Onion,Maharashtra,2026-08,3284.0,3021.0,3547.0,82.8,1
MPC002433,CROP020,Onion,Rajasthan,2024-01,3777.0,3475.0,4079.0,147.6,1
MPC002434,CROP020,Onion,Rajasthan,2024-02,3356.0,3088.0,3624.0,211.7,1
MPC002435,CROP020,Onion,Rajasthan,2024-03,3767.0,3466.0,4068.0,202.9,1
MPC002436,CROP020,Onion,Rajasthan,2024-04,3841.0,3534.0,4148.0,141.4,1
MPC002437,CROP020,Onion,Rajasthan,2024-05,3558.0,3273.0,3843.0,303.3,1
MPC002438,CROP020,Onion,Rajasthan,2024-06,2966.0,2729.0,3203.0,149.4,1
MPC002439,CROP020,Onion,Rajasthan,2024-07,3197.0,2941.0,3453.0,234.5,1
MPC002440,CROP020,Onion,Rajasthan,2024-08,2909.0,2676.0,3142.0,134.8,1
MPC002441,CROP020,Onion,Rajasthan,2024-09,2694.0,2478.0,2910.0,389.2,1
MPC002442,CROP020,Onion,Rajasthan,2024-10,2946.0,2710.0,3182.0,90.9,1
MPC002443,CROP020,Onion,Rajasthan,2024-11,3279.0,3017.0,3541.0,21.1,1
MPC002444,CROP020,Onion,Rajasthan,2024-12,3420.0,3146.0,3694.0,58.6,1
MPC002445,CROP020,Onion,Rajasthan,2025-01,3777.0,3475.0,4079.0,314.9,1
MPC002446,CROP020,Onion,Rajasthan,2025-02,3809.0,3504.0,4114.0,219.5,1
MPC002447,CROP020,Onion,Rajasthan,2025-03,4203.0,3867.0,4539.0,128.1,1
MPC002448,CROP020,Onion,Rajasthan,2025-04,4316.0,3971.0,4661.0,193.7,1
MPC002449,CROP020,Onion,Rajasthan,2025-05,3638.0,3347.0,3929.0,110.2,1
MPC002450,CROP020,Onion,Rajasthan,2025-06,3580.0,3294.0,3866.0,151.8,1
MPC002451,CROP020,Onion,Rajasthan,2025-07,3242.0,2983.0,3501.0,87.8,1
MPC002452,CROP020,Onion,Rajasthan,2025-08,3121.0,2871.0,3371.0,109.3,1
MPC002453,CROP020,Onion,Rajasthan,2025-09,3146.0,2894.0,3398.0,176.8,1
MPC002454,CROP020,Onion,Rajasthan,2025-10,3303.0,3039.0,3567.0,250.5,1
MPC002455,CROP020,Onion,Rajasthan,2025-11,3345.0,3077.0,3613.0,306.7,1
MPC002456,CROP020,Onion,Rajasthan,2025-12,3761.0,3460.0,4062.0,164.6,1
MPC002457,CROP020,Onion,Rajasthan,2026-01,4069.0,3743.0,4395.0,54.1,1
MPC002458,CROP020,Onion,Rajasthan,2026-02,4011.0,3690.0,4332.0,43.4,1
MPC002459,CROP020,Onion,Rajasthan,2026-03,4205.0,3869.0,4541.0,30.3,1
MPC002460,CROP020,Onion,Rajasthan,2026-04,4448.0,4092.0,4804.0,70.0,1
MPC002461,CROP020,Onion,Rajasthan,2026-05,4034.0,3711.0,4357.0,167.5,1
MPC002462,CROP020,Onion,Rajasthan,2026-06,3884.0,3573.0,4195.0,92.8,1
MPC002463,CROP020,Onion,Rajasthan,2026-07,3274.0,3012.0,3536.0,166.7,1
MPC002464,CROP020,Onion,Rajasthan,2026-08,2785.0,2562.0,3008.0,102.2,1
MPC002465,CROP020,Onion,Tamil Nadu,2024-01,3395.0,3123.0,3667.0,187.8,1
MPC002466,CROP020,Onion,Tamil Nadu,2024-02,3820.0,3514.0,4126.0,113.2,1
MPC002467,CROP020,Onion,Tamil Nadu,2024-03,4011.0,3690.0,4332.0,129.1,1
MPC002468,CROP020,Onion,Tamil Nadu,2024-04,3678.0,3384.0,3972.0,32.7,1
MPC002469,CROP020,Onion,Tamil Nadu,2024-05,3513.0,3232.0,3794.0,359.6,1
MPC002470,CROP020,Onion,Tamil Nadu,2024-06,3440.0,3165.0,3715.0,80.1,1
MPC002471,CROP020,Onion,Tamil Nadu,2024-07,3255.0,2995.0,3515.0,48.7,1
MPC002472,CROP020,Onion,Tamil Nadu,2024-08,3263.0,3002.0,3524.0,79.9,1
MPC002473,CROP020,Onion,Tamil Nadu,2024-09,3021.0,2779.0,3263.0,136.3,1
MPC002474,CROP020,Onion,Tamil Nadu,2024-10,2792.0,2569.0,3015.0,133.8,1
MPC002475,CROP020,Onion,Tamil Nadu,2024-11,3196.0,2940.0,3452.0,258.9,1
MPC002476,CROP020,Onion,Tamil Nadu,2024-12,3679.0,3385.0,3973.0,119.1,1
MPC002477,CROP020,Onion,Tamil Nadu,2025-01,3754.0,3454.0,4054.0,89.3,1
MPC002478,CROP020,Onion,Tamil Nadu,2025-02,3815.0,3510.0,4120.0,35.2,1
MPC002479,CROP020,Onion,Tamil Nadu,2025-03,3906.0,3594.0,4218.0,123.7,1
MPC002480,CROP020,Onion,Tamil Nadu,2025-04,3671.0,3377.0,3965.0,148.7,1
MPC002481,CROP020,Onion,Tamil Nadu,2025-05,3605.0,3317.0,3893.0,94.6,1
MPC002482,CROP020,Onion,Tamil Nadu,2025-06,3536.0,3253.0,3819.0,145.1,1
MPC002483,CROP020,Onion,Tamil Nadu,2025-07,3412.0,3139.0,3685.0,241.1,1
MPC002484,CROP020,Onion,Tamil Nadu,2025-08,2905.0,2673.0,3137.0,105.9,1
MPC002485,CROP020,Onion,Tamil Nadu,2025-09,3112.0,2863.0,3361.0,143.7,1
MPC002486,CROP020,Onion,Tamil Nadu,2025-10,3003.0,2763.0,3243.0,69.1,1
MPC002487,CROP020,Onion,Tamil Nadu,2025-11,3342.0,3075.0,3609.0,228.7,1
MPC002488,CROP020,Onion,Tamil Nadu,2025-12,3432.0,3157.0,3707.0,44.0,1
MPC002489,CROP020,Onion,Tamil Nadu,2026-01,3921.0,3607.0,4235.0,40.2,1
MPC002490,CROP020,Onion,Tamil Nadu,2026-02,4065.0,3740.0,4390.0,105.9,1
MPC002491,CROP020,Onion,Tamil Nadu,2026-03,4148.0,3816.0,4480.0,94.9,1
MPC002492,CROP020,Onion,Tamil Nadu,2026-04,4566.0,4201.0,4931.0,150.3,1
MPC002493,CROP020,Onion,Tamil Nadu,2026-05,4036.0,3713.0,4359.0,152.6,1
MPC002494,CROP020,Onion,Tamil Nadu,2026-06,3752.0,3452.0,4052.0,105.4,1
MPC002495,CROP020,Onion,Tamil Nadu,2026-07,3367.0,3098.0,3636.0,89.1,1
MPC002496,CROP020,Onion,Tamil Nadu,2026-08,3560.0,3275.0,3845.0,72.1,1
MPC002497,CROP021,Tomato,Andhra Pradesh,2024-01,1981.0,1823.0,2139.0,169.8,1
MPC002498,CROP021,Tomato,Andhra Pradesh,2024-02,1895.0,1743.0,2047.0,53.9,1
MPC002499,CROP021,Tomato,Andhra Pradesh,2024-03,1968.0,1811.0,2125.0,32.0,1
MPC002500,CROP021,Tomato,Andhra Pradesh,2024-04,2121.0,1951.0,2291.0,220.2,1
MPC002501,CROP021,Tomato,Andhra Pradesh,2024-05,1994.0,1834.0,2154.0,90.0,1
MPC002502,CROP021,Tomato,Andhra Pradesh,2024-06,1954.0,1798.0,2110.0,110.1,1
MPC002503,CROP021,Tomato,Andhra Pradesh,2024-07,1663.0,1530.0,1796.0,154.2,1
MPC002504,CROP021,Tomato,Andhra Pradesh,2024-08,1813.0,1668.0,1958.0,122.4,1
MPC002505,CROP021,Tomato,Andhra Pradesh,2024-09,1543.0,1420.0,1666.0,213.5,1
MPC002506,CROP021,Tomato,Andhra Pradesh,2024-10,1528.0,1406.0,1650.0,164.0,1
MPC002507,CROP021,Tomato,Andhra Pradesh,2024-11,1713.0,1576.0,1850.0,303.0,1
MPC002508,CROP021,Tomato,Andhra Pradesh,2024-12,1777.0,1635.0,1919.0,218.2,1
MPC002509,CROP021,Tomato,Andhra Pradesh,2025-01,1951.0,1795.0,2107.0,192.2,1
MPC002510,CROP021,Tomato,Andhra Pradesh,2025-02,2066.0,1901.0,2231.0,101.8,1
MPC002511,CROP021,Tomato,Andhra Pradesh,2025-03,2076.0,1910.0,2242.0,166.9,1
MPC002512,CROP021,Tomato,Andhra Pradesh,2025-04,2189.0,2014.0,2364.0,102.8,1
MPC002513,CROP021,Tomato,Andhra Pradesh,2025-05,1940.0,1785.0,2095.0,60.7,1
MPC002514,CROP021,Tomato,Andhra Pradesh,2025-06,1768.0,1627.0,1909.0,227.1,1
MPC002515,CROP021,Tomato,Andhra Pradesh,2025-07,1632.0,1501.0,1763.0,247.6,1
MPC002516,CROP021,Tomato,Andhra Pradesh,2025-08,1740.0,1601.0,1879.0,138.5,1
MPC002517,CROP021,Tomato,Andhra Pradesh,2025-09,1561.0,1436.0,1686.0,42.4,1
MPC002518,CROP021,Tomato,Andhra Pradesh,2025-10,1659.0,1526.0,1792.0,16.5,1
MPC002519,CROP021,Tomato,Andhra Pradesh,2025-11,1806.0,1662.0,1950.0,88.7,1
MPC002520,CROP021,Tomato,Andhra Pradesh,2025-12,1813.0,1668.0,1958.0,216.1,1
MPC002521,CROP021,Tomato,Andhra Pradesh,2026-01,1991.0,1832.0,2150.0,103.4,1
MPC002522,CROP021,Tomato,Andhra Pradesh,2026-02,2176.0,2002.0,2350.0,153.1,1
MPC002523,CROP021,Tomato,Andhra Pradesh,2026-03,2315.0,2130.0,2500.0,73.6,1
MPC002524,CROP021,Tomato,Andhra Pradesh,2026-04,2325.0,2139.0,2511.0,142.6,1
MPC002525,CROP021,Tomato,Andhra Pradesh,2026-05,2043.0,1880.0,2206.0,126.1,1
MPC002526,CROP021,Tomato,Andhra Pradesh,2026-06,2209.0,2032.0,2386.0,81.5,1
MPC002527,CROP021,Tomato,Andhra Pradesh,2026-07,1954.0,1798.0,2110.0,103.6,1
MPC002528,CROP021,Tomato,Andhra Pradesh,2026-08,1914.0,1761.0,2067.0,123.7,1
MPC002529,CROP021,Tomato,Karnataka,2024-01,1999.0,1839.0,2159.0,130.1,1
MPC002530,CROP021,Tomato,Karnataka,2024-02,1952.0,1796.0,2108.0,41.6,1
MPC002531,CROP021,Tomato,Karnataka,2024-03,2074.0,1908.0,2240.0,49.7,1
MPC002532,CROP021,Tomato,Karnataka,2024-04,1999.0,1839.0,2159.0,76.3,1
MPC002533,CROP021,Tomato,Karnataka,2024-05,1843.0,1696.0,1990.0,93.0,1
MPC002534,CROP021,Tomato,Karnataka,2024-06,1729.0,1591.0,1867.0,67.8,1
MPC002535,CROP021,Tomato,Karnataka,2024-07,1730.0,1592.0,1868.0,133.8,1
MPC002536,CROP021,Tomato,Karnataka,2024-08,1641.0,1510.0,1772.0,109.4,1
MPC002537,CROP021,Tomato,Karnataka,2024-09,1557.0,1432.0,1682.0,189.1,1
MPC002538,CROP021,Tomato,Karnataka,2024-10,1710.0,1573.0,1847.0,130.7,1
MPC002539,CROP021,Tomato,Karnataka,2024-11,1704.0,1568.0,1840.0,52.1,1
MPC002540,CROP021,Tomato,Karnataka,2024-12,1736.0,1597.0,1875.0,51.7,1
MPC002541,CROP021,Tomato,Karnataka,2025-01,2328.0,2142.0,2514.0,86.4,1
MPC002542,CROP021,Tomato,Karnataka,2025-02,2075.0,1909.0,2241.0,317.8,1
MPC002543,CROP021,Tomato,Karnataka,2025-03,2120.0,1950.0,2290.0,207.6,1
MPC002544,CROP021,Tomato,Karnataka,2025-04,2192.0,2017.0,2367.0,28.6,1
MPC002545,CROP021,Tomato,Karnataka,2025-05,2041.0,1878.0,2204.0,84.4,1
MPC002546,CROP021,Tomato,Karnataka,2025-06,1752.0,1612.0,1892.0,80.2,1
MPC002547,CROP021,Tomato,Karnataka,2025-07,1895.0,1743.0,2047.0,182.9,1
MPC002548,CROP021,Tomato,Karnataka,2025-08,1671.0,1537.0,1805.0,61.0,1
MPC002549,CROP021,Tomato,Karnataka,2025-09,1806.0,1662.0,1950.0,188.1,1
MPC002550,CROP021,Tomato,Karnataka,2025-10,1788.0,1645.0,1931.0,36.4,1
MPC002551,CROP021,Tomato,Karnataka,2025-11,1846.0,1698.0,1994.0,84.0,1
MPC002552,CROP021,Tomato,Karnataka,2025-12,2018.0,1857.0,2179.0,150.7,1
MPC002553,CROP021,Tomato,Karnataka,2026-01,2109.0,1940.0,2278.0,102.0,1
MPC002554,CROP021,Tomato,Karnataka,2026-02,2121.0,1951.0,2291.0,31.7,1
MPC002555,CROP021,Tomato,Karnataka,2026-03,2153.0,1981.0,2325.0,118.4,1
MPC002556,CROP021,Tomato,Karnataka,2026-04,2465.0,2268.0,2662.0,125.1,1
MPC002557,CROP021,Tomato,Karnataka,2026-05,2061.0,1896.0,2226.0,131.4,1
MPC002558,CROP021,Tomato,Karnataka,2026-06,1982.0,1823.0,2141.0,104.6,1
MPC002559,CROP021,Tomato,Karnataka,2026-07,2010.0,1849.0,2171.0,52.7,1
MPC002560,CROP021,Tomato,Karnataka,2026-08,1835.0,1688.0,1982.0,113.9,1
MPC002561,CROP021,Tomato,Madhya Pradesh,2024-01,2020.0,1858.0,2182.0,56.7,1
MPC002562,CROP021,Tomato,Madhya Pradesh,2024-02,2019.0,1857.0,2181.0,164.5,1
MPC002563,CROP021,Tomato,Madhya Pradesh,2024-03,2082.0,1915.0,2249.0,270.7,1
MPC002564,CROP021,Tomato,Madhya Pradesh,2024-04,1934.0,1779.0,2089.0,154.7,1
MPC002565,CROP021,Tomato,Madhya Pradesh,2024-05,2068.0,1903.0,2233.0,135.0,1
MPC002566,CROP021,Tomato,Madhya Pradesh,2024-06,2064.0,1899.0,2229.0,86.3,1
MPC002567,CROP021,Tomato,Madhya Pradesh,2024-07,1678.0,1544.0,1812.0,115.2,1
MPC002568,CROP021,Tomato,Madhya Pradesh,2024-08,1560.0,1435.0,1685.0,63.9,1
MPC002569,CROP021,Tomato,Madhya Pradesh,2024-09,1734.0,1595.0,1873.0,220.3,1
MPC002570,CROP021,Tomato,Madhya Pradesh,2024-10,1628.0,1498.0,1758.0,54.2,1
MPC002571,CROP021,Tomato,Madhya Pradesh,2024-11,1848.0,1700.0,1996.0,209.7,1
MPC002572,CROP021,Tomato,Madhya Pradesh,2024-12,1924.0,1770.0,2078.0,213.2,1
MPC002573,CROP021,Tomato,Madhya Pradesh,2025-01,2081.0,1915.0,2247.0,164.5,1
MPC002574,CROP021,Tomato,Madhya Pradesh,2025-02,2264.0,2083.0,2445.0,92.8,1
MPC002575,CROP021,Tomato,Madhya Pradesh,2025-03,2093.0,1926.0,2260.0,110.1,1
MPC002576,CROP021,Tomato,Madhya Pradesh,2025-04,1901.0,1749.0,2053.0,192.0,1
MPC002577,CROP021,Tomato,Madhya Pradesh,2025-05,2011.0,1850.0,2172.0,255.0,1
MPC002578,CROP021,Tomato,Madhya Pradesh,2025-06,1980.0,1822.0,2138.0,184.7,1
MPC002579,CROP021,Tomato,Madhya Pradesh,2025-07,1933.0,1778.0,2088.0,29.0,1
MPC002580,CROP021,Tomato,Madhya Pradesh,2025-08,1714.0,1577.0,1851.0,277.0,1
MPC002581,CROP021,Tomato,Madhya Pradesh,2025-09,1762.0,1621.0,1903.0,93.5,1
MPC002582,CROP021,Tomato,Madhya Pradesh,2025-10,1763.0,1622.0,1904.0,130.0,1
MPC002583,CROP021,Tomato,Madhya Pradesh,2025-11,1573.0,1447.0,1699.0,79.8,1
MPC002584,CROP021,Tomato,Madhya Pradesh,2025-12,1917.0,1764.0,2070.0,67.2,1
MPC002585,CROP021,Tomato,Madhya Pradesh,2026-01,2096.0,1928.0,2264.0,294.9,1
MPC002586,CROP021,Tomato,Madhya Pradesh,2026-02,2147.0,1975.0,2319.0,245.9,1
MPC002587,CROP021,Tomato,Madhya Pradesh,2026-03,2303.0,2119.0,2487.0,168.3,1
MPC002588,CROP021,Tomato,Madhya Pradesh,2026-04,2249.0,2069.0,2429.0,102.0,1
MPC002589,CROP021,Tomato,Madhya Pradesh,2026-05,2377.0,2187.0,2567.0,241.5,1
MPC002590,CROP021,Tomato,Madhya Pradesh,2026-06,2017.0,1856.0,2178.0,117.4,1
MPC002591,CROP021,Tomato,Madhya Pradesh,2026-07,1947.0,1791.0,2103.0,306.4,1
MPC002592,CROP021,Tomato,Madhya Pradesh,2026-08,1856.0,1708.0,2004.0,169.6,1
MPC002593,CROP021,Tomato,West Bengal,2024-01,2115.0,1946.0,2284.0,80.4,1
MPC002594,CROP021,Tomato,West Bengal,2024-02,2075.0,1909.0,2241.0,162.2,1
MPC002595,CROP021,Tomato,West Bengal,2024-03,2042.0,1879.0,2205.0,146.0,1
MPC002596,CROP021,Tomato,West Bengal,2024-04,1960.0,1803.0,2117.0,37.7,1
MPC002597,CROP021,Tomato,West Bengal,2024-05,2031.0,1869.0,2193.0,122.8,1
MPC002598,CROP021,Tomato,West Bengal,2024-06,1993.0,1834.0,2152.0,169.4,1
MPC002599,CROP021,Tomato,West Bengal,2024-07,1738.0,1599.0,1877.0,90.9,1
MPC002600,CROP021,Tomato,West Bengal,2024-08,1632.0,1501.0,1763.0,102.2,1
MPC002601,CROP021,Tomato,West Bengal,2024-09,1715.0,1578.0,1852.0,82.4,1
MPC002602,CROP021,Tomato,West Bengal,2024-10,1680.0,1546.0,1814.0,111.5,1
MPC002603,CROP021,Tomato,West Bengal,2024-11,1750.0,1610.0,1890.0,78.9,1
MPC002604,CROP021,Tomato,West Bengal,2024-12,1750.0,1610.0,1890.0,185.8,1
MPC002605,CROP021,Tomato,West Bengal,2025-01,2171.0,1997.0,2345.0,53.6,1
MPC002606,CROP021,Tomato,West Bengal,2025-02,2133.0,1962.0,2304.0,86.3,1
MPC002607,CROP021,Tomato,West Bengal,2025-03,2176.0,2002.0,2350.0,105.3,1
MPC002608,CROP021,Tomato,West Bengal,2025-04,2078.0,1912.0,2244.0,56.7,1
MPC002609,CROP021,Tomato,West Bengal,2025-05,1951.0,1795.0,2107.0,81.8,1
MPC002610,CROP021,Tomato,West Bengal,2025-06,1852.0,1704.0,2000.0,87.5,1
MPC002611,CROP021,Tomato,West Bengal,2025-07,1709.0,1572.0,1846.0,42.7,1
MPC002612,CROP021,Tomato,West Bengal,2025-08,1795.0,1651.0,1939.0,262.6,1
MPC002613,CROP021,Tomato,West Bengal,2025-09,1790.0,1647.0,1933.0,144.3,1
MPC002614,CROP021,Tomato,West Bengal,2025-10,1735.0,1596.0,1874.0,121.4,1
MPC002615,CROP021,Tomato,West Bengal,2025-11,1913.0,1760.0,2066.0,28.9,1
MPC002616,CROP021,Tomato,West Bengal,2025-12,2007.0,1846.0,2168.0,76.4,1
MPC002617,CROP021,Tomato,West Bengal,2026-01,2154.0,1982.0,2326.0,158.2,1
MPC002618,CROP021,Tomato,West Bengal,2026-02,2167.0,1994.0,2340.0,111.0,1
MPC002619,CROP021,Tomato,West Bengal,2026-03,2425.0,2231.0,2619.0,69.2,1
MPC002620,CROP021,Tomato,West Bengal,2026-04,2236.0,2057.0,2415.0,137.7,1
MPC002621,CROP021,Tomato,West Bengal,2026-05,2119.0,1949.0,2289.0,279.2,1
MPC002622,CROP021,Tomato,West Bengal,2026-06,1984.0,1825.0,2143.0,176.9,1
MPC002623,CROP021,Tomato,West Bengal,2026-07,2057.0,1892.0,2222.0,198.4,1
MPC002624,CROP021,Tomato,West Bengal,2026-08,1774.0,1632.0,1916.0,192.8,1
MPC002625,CROP022,Chili,Bihar,2024-01,3113.0,2864.0,3362.0,94.8,1
MPC002626,CROP022,Chili,Bihar,2024-02,3194.0,2938.0,3450.0,38.7,1
MPC002627,CROP022,Chili,Bihar,2024-03,3317.0,3052.0,3582.0,70.0,1
MPC002628,CROP022,Chili,Bihar,2024-04,3423.0,3149.0,3697.0,227.5,1
MPC002629,CROP022,Chili,Bihar,2024-05,2992.0,2753.0,3231.0,34.4,1
MPC002630,CROP022,Chili,Bihar,2024-06,2860.0,2631.0,3089.0,112.9,1
MPC002631,CROP022,Chili,Bihar,2024-07,2689.0,2474.0,2904.0,95.6,1
MPC002632,CROP022,Chili,Bihar,2024-08,2306.0,2122.0,2490.0,75.9,1
MPC002633,CROP022,Chili,Bihar,2024-09,2367.0,2178.0,2556.0,77.4,1
MPC002634,CROP022,Chili,Bihar,2024-10,2741.0,2522.0,2960.0,242.4,1
MPC002635,CROP022,Chili,Bihar,2024-11,2882.0,2651.0,3113.0,170.5,1
MPC002636,CROP022,Chili,Bihar,2024-12,2984.0,2745.0,3223.0,334.0,1
MPC002637,CROP022,Chili,Bihar,2025-01,2995.0,2755.0,3235.0,76.6,1
MPC002638,CROP022,Chili,Bihar,2025-02,3480.0,3202.0,3758.0,232.3,1
MPC002639,CROP022,Chili,Bihar,2025-03,3107.0,2858.0,3356.0,206.0,1
MPC002640,CROP022,Chili,Bihar,2025-04,3499.0,3219.0,3779.0,49.4,1
MPC002641,CROP022,Chili,Bihar,2025-05,3402.0,3130.0,3674.0,83.8,1
MPC002642,CROP022,Chili,Bihar,2025-06,3378.0,3108.0,3648.0,169.1,1
MPC002643,CROP022,Chili,Bihar,2025-07,2652.0,2440.0,2864.0,96.3,1
MPC002644,CROP022,Chili,Bihar,2025-08,2968.0,2731.0,3205.0,101.3,1
MPC002645,CROP022,Chili,Bihar,2025-09,2788.0,2565.0,3011.0,106.2,1
MPC002646,CROP022,Chili,Bihar,2025-10,2799.0,2575.0,3023.0,41.1,1
MPC002647,CROP022,Chili,Bihar,2025-11,3004.0,2764.0,3244.0,199.9,1
MPC002648,CROP022,Chili,Bihar,2025-12,3164.0,2911.0,3417.0,202.2,1
MPC002649,CROP022,Chili,Bihar,2026-01,3504.0,3224.0,3784.0,127.6,1
MPC002650,CROP022,Chili,Bihar,2026-02,3437.0,3162.0,3712.0,28.5,1
MPC002651,CROP022,Chili,Bihar,2026-03,3531.0,3249.0,3813.0,76.8,1
MPC002652,CROP022,Chili,Bihar,2026-04,3156.0,2904.0,3408.0,141.1,1
MPC002653,CROP022,Chili,Bihar,2026-05,3355.0,3087.0,3623.0,191.1,1
MPC002654,CROP022,Chili,Bihar,2026-06,3327.0,3061.0,3593.0,190.1,1
MPC002655,CROP022,Chili,Bihar,2026-07,2754.0,2534.0,2974.0,89.1,1
MPC002656,CROP022,Chili,Bihar,2026-08,3115.0,2866.0,3364.0,82.9,1
MPC002657,CROP022,Chili,Gujarat,2024-01,3219.0,2961.0,3477.0,157.8,1
MPC002658,CROP022,Chili,Gujarat,2024-02,3244.0,2984.0,3504.0,306.8,1
MPC002659,CROP022,Chili,Gujarat,2024-03,3050.0,2806.0,3294.0,88.9,1
MPC002660,CROP022,Chili,Gujarat,2024-04,3319.0,3053.0,3585.0,132.8,1
MPC002661,CROP022,Chili,Gujarat,2024-05,2758.0,2537.0,2979.0,36.4,1
MPC002662,CROP022,Chili,Gujarat,2024-06,2928.0,2694.0,3162.0,16.4,1
MPC002663,CROP022,Chili,Gujarat,2024-07,2767.0,2546.0,2988.0,212.7,1
MPC002664,CROP022,Chili,Gujarat,2024-08,2577.0,2371.0,2783.0,121.9,1
MPC002665,CROP022,Chili,Gujarat,2024-09,2331.0,2145.0,2517.0,45.1,1
MPC002666,CROP022,Chili,Gujarat,2024-10,2793.0,2570.0,3016.0,102.9,1
MPC002667,CROP022,Chili,Gujarat,2024-11,2565.0,2360.0,2770.0,189.7,1
MPC002668,CROP022,Chili,Gujarat,2024-12,3252.0,2992.0,3512.0,128.8,1
MPC002669,CROP022,Chili,Gujarat,2025-01,3214.0,2957.0,3471.0,112.6,1
MPC002670,CROP022,Chili,Gujarat,2025-02,3228.0,2970.0,3486.0,109.3,1
MPC002671,CROP022,Chili,Gujarat,2025-03,3174.0,2920.0,3428.0,85.9,1
MPC002672,CROP022,Chili,Gujarat,2025-04,3383.0,3112.0,3654.0,41.8,1
MPC002673,CROP022,Chili,Gujarat,2025-05,3041.0,2798.0,3284.0,92.6,1
MPC002674,CROP022,Chili,Gujarat,2025-06,3217.0,2960.0,3474.0,72.2,1
MPC002675,CROP022,Chili,Gujarat,2025-07,2623.0,2413.0,2833.0,12.2,1
MPC002676,CROP022,Chili,Gujarat,2025-08,2771.0,2549.0,2993.0,135.2,1
MPC002677,CROP022,Chili,Gujarat,2025-09,2545.0,2341.0,2749.0,62.5,1
MPC002678,CROP022,Chili,Gujarat,2025-10,2446.0,2250.0,2642.0,113.2,1
MPC002679,CROP022,Chili,Gujarat,2025-11,2896.0,2664.0,3128.0,231.9,1
MPC002680,CROP022,Chili,Gujarat,2025-12,2850.0,2622.0,3078.0,73.7,1
MPC002681,CROP022,Chili,Gujarat,2026-01,3193.0,2938.0,3448.0,82.1,1
MPC002682,CROP022,Chili,Gujarat,2026-02,3528.0,3246.0,3810.0,23.1,1
MPC002683,CROP022,Chili,Gujarat,2026-03,3605.0,3317.0,3893.0,64.9,1
MPC002684,CROP022,Chili,Gujarat,2026-04,3343.0,3076.0,3610.0,85.0,1
MPC002685,CROP022,Chili,Gujarat,2026-05,3370.0,3100.0,3640.0,62.8,1
MPC002686,CROP022,Chili,Gujarat,2026-06,3344.0,3076.0,3612.0,52.2,1
MPC002687,CROP022,Chili,Gujarat,2026-07,2771.0,2549.0,2993.0,82.1,1
MPC002688,CROP022,Chili,Gujarat,2026-08,2990.0,2751.0,3229.0,50.8,1
MPC002689,CROP022,Chili,Madhya Pradesh,2024-01,3186.0,2931.0,3441.0,92.1,1
MPC002690,CROP022,Chili,Madhya Pradesh,2024-02,3019.0,2777.0,3261.0,181.5,1
MPC002691,CROP022,Chili,Madhya Pradesh,2024-03,3128.0,2878.0,3378.0,138.3,1
MPC002692,CROP022,Chili,Madhya Pradesh,2024-04,3159.0,2906.0,3412.0,73.1,1
MPC002693,CROP022,Chili,Madhya Pradesh,2024-05,3512.0,3231.0,3793.0,347.2,1
MPC002694,CROP022,Chili,Madhya Pradesh,2024-06,2633.0,2422.0,2844.0,141.0,1
MPC002695,CROP022,Chili,Madhya Pradesh,2024-07,2815.0,2590.0,3040.0,221.3,1
MPC002696,CROP022,Chili,Madhya Pradesh,2024-08,2650.0,2438.0,2862.0,127.2,1
MPC002697,CROP022,Chili,Madhya Pradesh,2024-09,2391.0,2200.0,2582.0,117.0,1
MPC002698,CROP022,Chili,Madhya Pradesh,2024-10,2529.0,2327.0,2731.0,69.9,1
MPC002699,CROP022,Chili,Madhya Pradesh,2024-11,2835.0,2608.0,3062.0,37.6,1
MPC002700,CROP022,Chili,Madhya Pradesh,2024-12,2621.0,2411.0,2831.0,27.7,1
MPC002701,CROP022,Chili,Madhya Pradesh,2025-01,3502.0,3222.0,3782.0,50.9,1
MPC002702,CROP022,Chili,Madhya Pradesh,2025-02,3381.0,3111.0,3651.0,92.4,1
MPC002703,CROP022,Chili,Madhya Pradesh,2025-03,3498.0,3218.0,3778.0,295.7,1
MPC002704,CROP022,Chili,Madhya Pradesh,2025-04,3105.0,2857.0,3353.0,159.7,1
MPC002705,CROP022,Chili,Madhya Pradesh,2025-05,2796.0,2572.0,3020.0,22.4,1
MPC002706,CROP022,Chili,Madhya Pradesh,2025-06,2904.0,2672.0,3136.0,53.2,1
MPC002707,CROP022,Chili,Madhya Pradesh,2025-07,2725.0,2507.0,2943.0,149.1,1
MPC002708,CROP022,Chili,Madhya Pradesh,2025-08,2850.0,2622.0,3078.0,320.0,1
MPC002709,CROP022,Chili,Madhya Pradesh,2025-09,2449.0,2253.0,2645.0,87.2,1
MPC002710,CROP022,Chili,Madhya Pradesh,2025-10,2513.0,2312.0,2714.0,155.6,1
MPC002711,CROP022,Chili,Madhya Pradesh,2025-11,2502.0,2302.0,2702.0,34.3,1
MPC002712,CROP022,Chili,Madhya Pradesh,2025-12,2845.0,2617.0,3073.0,54.4,1
MPC002713,CROP022,Chili,Madhya Pradesh,2026-01,3272.0,3010.0,3534.0,235.4,1
MPC002714,CROP022,Chili,Madhya Pradesh,2026-02,3470.0,3192.0,3748.0,206.3,1
MPC002715,CROP022,Chili,Madhya Pradesh,2026-03,3494.0,3214.0,3774.0,85.2,1
MPC002716,CROP022,Chili,Madhya Pradesh,2026-04,3338.0,3071.0,3605.0,117.1,1
MPC002717,CROP022,Chili,Madhya Pradesh,2026-05,3394.0,3122.0,3666.0,61.1,1
MPC002718,CROP022,Chili,Madhya Pradesh,2026-06,3078.0,2832.0,3324.0,44.4,1
MPC002719,CROP022,Chili,Madhya Pradesh,2026-07,2830.0,2604.0,3056.0,112.4,1
MPC002720,CROP022,Chili,Madhya Pradesh,2026-08,2877.0,2647.0,3107.0,100.0,1
MPC002721,CROP022,Chili,West Bengal,2024-01,3153.0,2901.0,3405.0,87.4,1
MPC002722,CROP022,Chili,West Bengal,2024-02,3365.0,3096.0,3634.0,110.3,1
MPC002723,CROP022,Chili,West Bengal,2024-03,3360.0,3091.0,3629.0,241.2,1
MPC002724,CROP022,Chili,West Bengal,2024-04,3132.0,2881.0,3383.0,73.0,1
MPC002725,CROP022,Chili,West Bengal,2024-05,2983.0,2744.0,3222.0,191.9,1
MPC002726,CROP022,Chili,West Bengal,2024-06,2912.0,2679.0,3145.0,105.6,1
MPC002727,CROP022,Chili,West Bengal,2024-07,2660.0,2447.0,2873.0,61.2,1
MPC002728,CROP022,Chili,West Bengal,2024-08,2568.0,2363.0,2773.0,122.1,1
MPC002729,CROP022,Chili,West Bengal,2024-09,2626.0,2416.0,2836.0,72.0,1
MPC002730,CROP022,Chili,West Bengal,2024-10,2709.0,2492.0,2926.0,106.2,1
MPC002731,CROP022,Chili,West Bengal,2024-11,2680.0,2466.0,2894.0,21.8,1
MPC002732,CROP022,Chili,West Bengal,2024-12,2888.0,2657.0,3119.0,68.7,1
MPC002733,CROP022,Chili,West Bengal,2025-01,3191.0,2936.0,3446.0,161.7,1
MPC002734,CROP022,Chili,West Bengal,2025-02,3209.0,2952.0,3466.0,111.3,1
MPC002735,CROP022,Chili,West Bengal,2025-03,3292.0,3029.0,3555.0,136.0,1
MPC002736,CROP022,Chili,West Bengal,2025-04,3475.0,3197.0,3753.0,113.7,1
MPC002737,CROP022,Chili,West Bengal,2025-05,3277.0,3015.0,3539.0,108.0,1
MPC002738,CROP022,Chili,West Bengal,2025-06,2959.0,2722.0,3196.0,117.8,1
MPC002739,CROP022,Chili,West Bengal,2025-07,2948.0,2712.0,3184.0,82.0,1
MPC002740,CROP022,Chili,West Bengal,2025-08,2855.0,2627.0,3083.0,256.4,1
MPC002741,CROP022,Chili,West Bengal,2025-09,2511.0,2310.0,2712.0,120.8,1
MPC002742,CROP022,Chili,West Bengal,2025-10,2692.0,2477.0,2907.0,39.2,1
MPC002743,CROP022,Chili,West Bengal,2025-11,2872.0,2642.0,3102.0,93.5,1
MPC002744,CROP022,Chili,West Bengal,2025-12,3059.0,2814.0,3304.0,38.4,1
MPC002745,CROP022,Chili,West Bengal,2026-01,3199.0,2943.0,3455.0,189.6,1
MPC002746,CROP022,Chili,West Bengal,2026-02,3564.0,3279.0,3849.0,182.1,1
MPC002747,CROP022,Chili,West Bengal,2026-03,3550.0,3266.0,3834.0,24.7,1
MPC002748,CROP022,Chili,West Bengal,2026-04,3790.0,3487.0,4093.0,155.7,1
MPC002749,CROP022,Chili,West Bengal,2026-05,3311.0,3046.0,3576.0,45.0,1
MPC002750,CROP022,Chili,West Bengal,2026-06,3139.0,2888.0,3390.0,236.5,1
MPC002751,CROP022,Chili,West Bengal,2026-07,2827.0,2601.0,3053.0,77.3,1
MPC002752,CROP022,Chili,West Bengal,2026-08,2966.0,2729.0,3203.0,79.6,1
MPC002753,CROP023,Turmeric,Andhra Pradesh,2024-01,4598.0,4230.0,4966.0,32.4,1
MPC002754,CROP023,Turmeric,Andhra Pradesh,2024-02,4409.0,4056.0,4762.0,100.2,1
MPC002755,CROP023,Turmeric,Andhra Pradesh,2024-03,4232.0,3893.0,4571.0,76.8,1
MPC002756,CROP023,Turmeric,Andhra Pradesh,2024-04,4543.0,4180.0,4906.0,89.3,1
MPC002757,CROP023,Turmeric,Andhra Pradesh,2024-05,4555.0,4191.0,4919.0,257.9,1
MPC002758,CROP023,Turmeric,Andhra Pradesh,2024-06,4302.0,3958.0,4646.0,148.9,1
MPC002759,CROP023,Turmeric,Andhra Pradesh,2024-07,4098.0,3770.0,4426.0,143.5,1
MPC002760,CROP023,Turmeric,Andhra Pradesh,2024-08,3832.0,3525.0,4139.0,97.2,1
MPC002761,CROP023,Turmeric,Andhra Pradesh,2024-09,3539.0,3256.0,3822.0,32.8,1
MPC002762,CROP023,Turmeric,Andhra Pradesh,2024-10,3835.0,3528.0,4142.0,131.5,1
MPC002763,CROP023,Turmeric,Andhra Pradesh,2024-11,3969.0,3651.0,4287.0,51.6,1
MPC002764,CROP023,Turmeric,Andhra Pradesh,2024-12,3804.0,3500.0,4108.0,54.4,1
MPC002765,CROP023,Turmeric,Andhra Pradesh,2025-01,4697.0,4321.0,5073.0,152.5,1
MPC002766,CROP023,Turmeric,Andhra Pradesh,2025-02,4411.0,4058.0,4764.0,156.3,1
MPC002767,CROP023,Turmeric,Andhra Pradesh,2025-03,5217.0,4800.0,5634.0,179.8,1
MPC002768,CROP023,Turmeric,Andhra Pradesh,2025-04,4947.0,4551.0,5343.0,55.0,1
MPC002769,CROP023,Turmeric,Andhra Pradesh,2025-05,4892.0,4501.0,5283.0,105.4,1
MPC002770,CROP023,Turmeric,Andhra Pradesh,2025-06,4042.0,3719.0,4365.0,84.5,1
MPC002771,CROP023,Turmeric,Andhra Pradesh,2025-07,3878.0,3568.0,4188.0,222.5,1
MPC002772,CROP023,Turmeric,Andhra Pradesh,2025-08,3763.0,3462.0,4064.0,89.6,1
MPC002773,CROP023,Turmeric,Andhra Pradesh,2025-09,3887.0,3576.0,4198.0,131.2,1
MPC002774,CROP023,Turmeric,Andhra Pradesh,2025-10,3547.0,3263.0,3831.0,34.4,1
MPC002775,CROP023,Turmeric,Andhra Pradesh,2025-11,4261.0,3920.0,4602.0,292.4,1
MPC002776,CROP023,Turmeric,Andhra Pradesh,2025-12,4734.0,4355.0,5113.0,18.3,1
MPC002777,CROP023,Turmeric,Andhra Pradesh,2026-01,4795.0,4411.0,5179.0,324.6,1
MPC002778,CROP023,Turmeric,Andhra Pradesh,2026-02,4704.0,4328.0,5080.0,185.7,1
MPC002779,CROP023,Turmeric,Andhra Pradesh,2026-03,5387.0,4956.0,5818.0,127.6,1
MPC002780,CROP023,Turmeric,Andhra Pradesh,2026-04,5353.0,4925.0,5781.0,124.7,1
MPC002781,CROP023,Turmeric,Andhra Pradesh,2026-05,4976.0,4578.0,5374.0,69.8,1
MPC002782,CROP023,Turmeric,Andhra Pradesh,2026-06,4462.0,4105.0,4819.0,215.9,1
MPC002783,CROP023,Turmeric,Andhra Pradesh,2026-07,4268.0,3927.0,4609.0,139.8,1
MPC002784,CROP023,Turmeric,Andhra Pradesh,2026-08,4171.0,3837.0,4505.0,100.0,1
MPC002785,CROP023,Turmeric,Haryana,2024-01,4262.0,3921.0,4603.0,40.2,1
MPC002786,CROP023,Turmeric,Haryana,2024-02,4292.0,3949.0,4635.0,67.1,1
MPC002787,CROP023,Turmeric,Haryana,2024-03,4573.0,4207.0,4939.0,111.7,1
MPC002788,CROP023,Turmeric,Haryana,2024-04,4485.0,4126.0,4844.0,41.5,1
MPC002789,CROP023,Turmeric,Haryana,2024-05,4835.0,4448.0,5222.0,84.8,1
MPC002790,CROP023,Turmeric,Haryana,2024-06,4321.0,3975.0,4667.0,123.2,1
MPC002791,CROP023,Turmeric,Haryana,2024-07,4205.0,3869.0,4541.0,98.3,1
MPC002792,CROP023,Turmeric,Haryana,2024-08,3529.0,3247.0,3811.0,97.1,1
MPC002793,CROP023,Turmeric,Haryana,2024-09,3794.0,3490.0,4098.0,30.6,1
MPC002794,CROP023,Turmeric,Haryana,2024-10,3687.0,3392.0,3982.0,70.1,1
MPC002795,CROP023,Turmeric,Haryana,2024-11,4035.0,3712.0,4358.0,69.0,1
MPC002796,CROP023,Turmeric,Haryana,2024-12,4049.0,3725.0,4373.0,50.2,1
MPC002797,CROP023,Turmeric,Haryana,2025-01,4666.0,4293.0,5039.0,44.7,1
MPC002798,CROP023,Turmeric,Haryana,2025-02,4986.0,4587.0,5385.0,108.8,1
MPC002799,CROP023,Turmeric,Haryana,2025-03,4848.0,4460.0,5236.0,68.2,1
MPC002800,CROP023,Turmeric,Haryana,2025-04,4978.0,4580.0,5376.0,97.0,1
MPC002801,CROP023,Turmeric,Haryana,2025-05,5308.0,4883.0,5733.0,179.9,1
MPC002802,CROP023,Turmeric,Haryana,2025-06,4561.0,4196.0,4926.0,124.0,1
MPC002803,CROP023,Turmeric,Haryana,2025-07,4101.0,3773.0,4429.0,66.6,1
MPC002804,CROP023,Turmeric,Haryana,2025-08,3651.0,3359.0,3943.0,147.4,1
MPC002805,CROP023,Turmeric,Haryana,2025-09,3768.0,3467.0,4069.0,116.4,1
MPC002806,CROP023,Turmeric,Haryana,2025-10,4124.0,3794.0,4454.0,120.4,1
MPC002807,CROP023,Turmeric,Haryana,2025-11,4047.0,3723.0,4371.0,243.9,1
MPC002808,CROP023,Turmeric,Haryana,2025-12,4678.0,4304.0,5052.0,38.9,1
MPC002809,CROP023,Turmeric,Haryana,2026-01,4885.0,4494.0,5276.0,57.2,1
MPC002810,CROP023,Turmeric,Haryana,2026-02,5413.0,4980.0,5846.0,108.1,1
MPC002811,CROP023,Turmeric,Haryana,2026-03,5009.0,4608.0,5410.0,186.9,1
MPC002812,CROP023,Turmeric,Haryana,2026-04,5129.0,4719.0,5539.0,255.3,1
MPC002813,CROP023,Turmeric,Haryana,2026-05,4836.0,4449.0,5223.0,25.7,1
MPC002814,CROP023,Turmeric,Haryana,2026-06,4492.0,4133.0,4851.0,25.3,1
MPC002815,CROP023,Turmeric,Haryana,2026-07,4566.0,4201.0,4931.0,80.1,1
MPC002816,CROP023,Turmeric,Haryana,2026-08,4521.0,4159.0,4883.0,114.8,1
MPC002817,CROP023,Turmeric,West Bengal,2024-01,4290.0,3821.0,4781.0,585.7,2
MPC002818,CROP023,Turmeric,West Bengal,2024-02,4567.5,4106.0,5046.0,227.9,2
MPC002819,CROP023,Turmeric,West Bengal,2024-03,4596.0,3974.0,5262.0,144.8,2
MPC002820,CROP023,Turmeric,West Bengal,2024-04,4703.0,4176.0,5256.0,275.1,2
MPC002821,CROP023,Turmeric,West Bengal,2024-05,4591.0,4010.0,5209.0,134.7,2
MPC002822,CROP023,Turmeric,West Bengal,2024-06,4293.5,3791.0,4823.0,90.6,2
MPC002823,CROP023,Turmeric,West Bengal,2024-07,3779.5,3455.0,4108.0,108.0,2
MPC002824,CROP023,Turmeric,West Bengal,2024-08,3605.5,3225.0,4002.0,219.10000000000002,2
MPC002825,CROP023,Turmeric,West Bengal,2024-09,3630.0,3330.0,3931.0,305.5,2
MPC002826,CROP023,Turmeric,West Bengal,2024-10,3703.0,3379.0,4032.0,507.3,2
MPC002827,CROP023,Turmeric,West Bengal,2024-11,4014.5,3660.0,4375.0,258.0,2
MPC002828,CROP023,Turmeric,West Bengal,2024-12,4387.5,3849.0,4958.0,227.5,2
MPC002829,CROP023,Turmeric,West Bengal,2025-01,4933.0,4362.0,5535.0,244.4,2
MPC002830,CROP023,Turmeric,West Bengal,2025-02,4683.0,4304.0,5063.0,159.3,2
MPC002831,CROP023,Turmeric,West Bengal,2025-03,4664.0,4247.0,5089.0,173.9,2
MPC002832,CROP023,Turmeric,West Bengal,2025-04,4851.5,4314.0,5415.0,197.0,2
MPC002833,CROP023,Turmeric,West Bengal,2025-05,4508.0,4031.0,5006.0,173.60000000000002,2
MPC002834,CROP023,Turmeric,West Bengal,2025-06,4451.5,4044.0,4868.0,175.9,2
MPC002835,CROP023,Turmeric,West Bengal,2025-07,4444.0,3883.0,5040.0,408.79999999999995,2
MPC002836,CROP023,Turmeric,West Bengal,2025-08,4021.5,3672.0,4376.0,198.7,2
MPC002837,CROP023,Turmeric,West Bengal,2025-09,3925.5,3552.0,4309.0,91.4,2
MPC002838,CROP023,Turmeric,West Bengal,2025-10,3823.0,3364.0,4308.0,239.4,2
MPC002839,CROP023,Turmeric,West Bengal,2025-11,3917.5,3505.0,4347.0,301.3,2
MPC002840,CROP023,Turmeric,West Bengal,2025-12,4128.0,3743.0,4522.0,400.29999999999995,2
MPC002841,CROP023,Turmeric,West Bengal,2026-01,4899.5,4472.0,5333.0,225.3,2
MPC002842,CROP023,Turmeric,West Bengal,2026-02,5247.0,4536.0,6009.0,243.4,2
MPC002843,CROP023,Turmeric,West Bengal,2026-03,5070.0,4433.0,5747.0,270.5,2
MPC002844,CROP023,Turmeric,West Bengal,2026-04,5258.5,4692.0,5850.0,181.4,2
MPC002845,CROP023,Turmeric,West Bengal,2026-05,4573.0,4092.0,5074.0,191.7,2
MPC002846,CROP023,Turmeric,West Bengal,2026-06,4237.5,3767.0,4730.0,164.10000000000002,2
MPC002847,CROP023,Turmeric,West Bengal,2026-07,4558.0,4069.0,5068.0,346.79999999999995,2
MPC002848,CROP023,Turmeric,West Bengal,2026-08,4139.5,3709.0,4587.0,115.80000000000001,2
MPC002849,CROP024,Banana,Madhya Pradesh,2024-01,6587.0,6060.0,7114.0,100.9,1
MPC002850,CROP024,Banana,Madhya Pradesh,2024-02,6474.0,5956.0,6992.0,88.6,1
MPC002851,CROP024,Banana,Madhya Pradesh,2024-03,6259.0,5758.0,6760.0,125.8,1
MPC002852,CROP024,Banana,Madhya Pradesh,2024-04,6718.0,6181.0,7255.0,289.6,1
MPC002853,CROP024,Banana,Madhya Pradesh,2024-05,6045.0,5561.0,6529.0,51.9,1
MPC002854,CROP024,Banana,Madhya Pradesh,2024-06,6042.0,5559.0,6525.0,57.5,1
MPC002855,CROP024,Banana,Madhya Pradesh,2024-07,5559.0,5114.0,6004.0,103.8,1
MPC002856,CROP024,Banana,Madhya Pradesh,2024-08,5174.0,4760.0,5588.0,167.1,1
MPC002857,CROP024,Banana,Madhya Pradesh,2024-09,4724.0,4346.0,5102.0,140.7,1
MPC002858,CROP024,Banana,Madhya Pradesh,2024-10,5607.0,5158.0,6056.0,60.4,1
MPC002859,CROP024,Banana,Madhya Pradesh,2024-11,5574.0,5128.0,6020.0,64.1,1
MPC002860,CROP024,Banana,Madhya Pradesh,2024-12,6011.0,5530.0,6492.0,92.7,1
MPC002861,CROP024,Banana,Madhya Pradesh,2025-01,7249.0,6669.0,7829.0,67.5,1
MPC002862,CROP024,Banana,Madhya Pradesh,2025-02,7304.0,6720.0,7888.0,66.3,1
MPC002863,CROP024,Banana,Madhya Pradesh,2025-03,6937.0,6382.0,7492.0,184.7,1
MPC002864,CROP024,Banana,Madhya Pradesh,2025-04,7375.0,6785.0,7965.0,70.6,1
MPC002865,CROP024,Banana,Madhya Pradesh,2025-05,6052.0,5568.0,6536.0,133.0,1
MPC002866,CROP024,Banana,Madhya Pradesh,2025-06,6126.0,5636.0,6616.0,261.2,1
MPC002867,CROP024,Banana,Madhya Pradesh,2025-07,5980.0,5502.0,6458.0,38.9,1
MPC002868,CROP024,Banana,Madhya Pradesh,2025-08,5800.0,5336.0,6264.0,163.9,1
MPC002869,CROP024,Banana,Madhya Pradesh,2025-09,5064.0,4659.0,5469.0,110.2,1
MPC002870,CROP024,Banana,Madhya Pradesh,2025-10,5957.0,5480.0,6434.0,31.3,1
MPC002871,CROP024,Banana,Madhya Pradesh,2025-11,4835.0,4448.0,5222.0,210.7,1
MPC002872,CROP024,Banana,Madhya Pradesh,2025-12,6646.0,6114.0,7178.0,382.5,1
MPC002873,CROP024,Banana,Madhya Pradesh,2026-01,6308.0,5803.0,6813.0,84.0,1
MPC002874,CROP024,Banana,Madhya Pradesh,2026-02,7329.0,6743.0,7915.0,103.3,1
MPC002875,CROP024,Banana,Madhya Pradesh,2026-03,7724.0,7106.0,8342.0,48.8,1
MPC002876,CROP024,Banana,Madhya Pradesh,2026-04,7031.0,6469.0,7593.0,347.6,1
MPC002877,CROP024,Banana,Madhya Pradesh,2026-05,7429.0,6835.0,8023.0,98.7,1
MPC002878,CROP024,Banana,Madhya Pradesh,2026-06,6655.0,6123.0,7187.0,74.9,1
MPC002879,CROP024,Banana,Madhya Pradesh,2026-07,5945.0,5469.0,6421.0,249.5,1
MPC002880,CROP024,Banana,Madhya Pradesh,2026-08,5817.0,5352.0,6282.0,98.4,1
MPC002881,CROP024,Banana,Punjab,2024-01,5805.0,5341.0,6269.0,109.4,1
MPC002882,CROP024,Banana,Punjab,2024-02,6800.0,6256.0,7344.0,102.0,1
MPC002883,CROP024,Banana,Punjab,2024-03,6587.0,6060.0,7114.0,49.4,1
MPC002884,CROP024,Banana,Punjab,2024-04,6659.0,6126.0,7192.0,249.5,1
MPC002885,CROP024,Banana,Punjab,2024-05,6388.0,5877.0,6899.0,197.6,1
MPC002886,CROP024,Banana,Punjab,2024-06,5777.0,5315.0,6239.0,107.2,1
MPC002887,CROP024,Banana,Punjab,2024-07,5263.0,4842.0,5684.0,220.7,1
MPC002888,CROP024,Banana,Punjab,2024-08,5266.0,4845.0,5687.0,135.3,1
MPC002889,CROP024,Banana,Punjab,2024-09,5284.0,4861.0,5707.0,42.4,1
MPC002890,CROP024,Banana,Punjab,2024-10,5400.0,4968.0,5832.0,97.5,1
MPC002891,CROP024,Banana,Punjab,2024-11,5565.0,5120.0,6010.0,138.4,1
MPC002892,CROP024,Banana,Punjab,2024-12,6344.0,5836.0,6852.0,135.7,1
MPC002893,CROP024,Banana,Punjab,2025-01,6940.0,6385.0,7495.0,72.9,1
MPC002894,CROP024,Banana,Punjab,2025-02,6524.0,6002.0,7046.0,136.1,1
MPC002895,CROP024,Banana,Punjab,2025-03,6731.0,6193.0,7269.0,174.0,1
MPC002896,CROP024,Banana,Punjab,2025-04,6640.0,6109.0,7171.0,48.2,1
MPC002897,CROP024,Banana,Punjab,2025-05,6923.0,6369.0,7477.0,97.8,1
MPC002898,CROP024,Banana,Punjab,2025-06,6579.0,6053.0,7105.0,140.4,1
MPC002899,CROP024,Banana,Punjab,2025-07,5548.0,5104.0,5992.0,33.3,1
MPC002900,CROP024,Banana,Punjab,2025-08,6051.0,5567.0,6535.0,124.1,1
MPC002901,CROP024,Banana,Punjab,2025-09,5224.0,4806.0,5642.0,148.0,1
MPC002902,CROP024,Banana,Punjab,2025-10,5373.0,4943.0,5803.0,136.4,1
MPC002903,CROP024,Banana,Punjab,2025-11,5651.0,5199.0,6103.0,34.9,1
MPC002904,CROP024,Banana,Punjab,2025-12,5795.0,5331.0,6259.0,237.3,1
MPC002905,CROP024,Banana,Punjab,2026-01,6691.0,6156.0,7226.0,219.3,1
MPC002906,CROP024,Banana,Punjab,2026-02,7294.0,6710.0,7878.0,229.9,1
MPC002907,CROP024,Banana,Punjab,2026-03,7423.0,6829.0,8017.0,136.5,1
MPC002908,CROP024,Banana,Punjab,2026-04,7551.0,6947.0,8155.0,192.5,1
MPC002909,CROP024,Banana,Punjab,2026-05,7294.0,6710.0,7878.0,30.8,1
MPC002910,CROP024,Banana,Punjab,2026-06,6627.0,6097.0,7157.0,263.5,1
MPC002911,CROP024,Banana,Punjab,2026-07,5868.0,5399.0,6337.0,38.3,1
MPC002912,CROP024,Banana,Punjab,2026-08,5696.0,5240.0,6152.0,184.2,1
MPC002913,CROP024,Banana,Uttar Pradesh,2024-01,6216.0,5577.0,6880.0,172.7,2
MPC002914,CROP024,Banana,Uttar Pradesh,2024-02,6307.5,5592.0,7060.0,109.8,2
MPC002915,CROP024,Banana,Uttar Pradesh,2024-03,6897.5,6098.0,7740.0,380.6,2
MPC002916,CROP024,Banana,Uttar Pradesh,2024-04,6747.0,6001.0,7529.0,183.0,2
MPC002917,CROP024,Banana,Uttar Pradesh,2024-05,6727.0,5967.0,7525.0,150.5,2
MPC002918,CROP024,Banana,Uttar Pradesh,2024-06,6151.5,5563.0,6756.0,324.4,2
MPC002919,CROP024,Banana,Uttar Pradesh,2024-07,5542.5,5064.0,6027.0,195.10000000000002,2
MPC002920,CROP024,Banana,Uttar Pradesh,2024-08,5524.5,4782.0,6319.0,268.0,2
MPC002921,CROP024,Banana,Uttar Pradesh,2024-09,5223.5,4713.0,5750.0,425.7,2
MPC002922,CROP024,Banana,Uttar Pradesh,2024-10,5262.0,4706.0,5842.0,203.1,2
MPC002923,CROP024,Banana,Uttar Pradesh,2024-11,5465.0,4663.0,6330.0,110.80000000000001,2
MPC002924,CROP024,Banana,Uttar Pradesh,2024-12,5886.0,5263.0,6535.0,232.1,2
MPC002925,CROP024,Banana,Uttar Pradesh,2025-01,6641.0,6047.0,7246.0,143.8,2
MPC002926,CROP024,Banana,Uttar Pradesh,2025-02,6817.0,6171.0,7480.0,202.1,2
MPC002927,CROP024,Banana,Uttar Pradesh,2025-03,7018.0,6397.0,7650.0,305.0,2
MPC002928,CROP024,Banana,Uttar Pradesh,2025-04,7109.0,6393.0,7851.0,183.60000000000002,2
MPC002929,CROP024,Banana,Uttar Pradesh,2025-05,6475.5,5738.0,7251.0,164.9,2
MPC002930,CROP024,Banana,Uttar Pradesh,2025-06,6514.5,5663.0,7424.0,363.1,2
MPC002931,CROP024,Banana,Uttar Pradesh,2025-07,6087.5,5493.0,6700.0,157.6,2
MPC002932,CROP024,Banana,Uttar Pradesh,2025-08,5635.5,5036.0,6261.0,463.3,2
MPC002933,CROP024,Banana,Uttar Pradesh,2025-09,5405.0,4964.0,5847.0,295.6,2
MPC002934,CROP024,Banana,Uttar Pradesh,2025-10,5925.0,5351.0,6517.0,147.2,2
MPC002935,CROP024,Banana,Uttar Pradesh,2025-11,5827.0,5048.0,6660.0,156.7,2
MPC002936,CROP024,Banana,Uttar Pradesh,2025-12,6415.5,5847.0,6994.0,170.8,2
MPC002937,CROP024,Banana,Uttar Pradesh,2026-01,7062.0,6269.0,7895.0,286.6,2
MPC002938,CROP024,Banana,Uttar Pradesh,2026-02,6868.0,6288.0,7453.0,413.09999999999997,2
MPC002939,CROP024,Banana,Uttar Pradesh,2026-03,6827.5,6062.0,7631.0,192.7,2
MPC002940,CROP024,Banana,Uttar Pradesh,2026-04,7279.5,6508.0,8084.0,186.4,2
MPC002941,CROP024,Banana,Uttar Pradesh,2026-05,6881.5,6330.0,7434.0,104.9,2
MPC002942,CROP024,Banana,Uttar Pradesh,2026-06,6741.0,6069.0,7436.0,274.9,2
MPC002943,CROP024,Banana,Uttar Pradesh,2026-07,6208.0,5483.0,6972.0,331.1,2
MPC002944,CROP024,Banana,Uttar Pradesh,2026-08,6116.5,5492.0,6764.0,225.5,2
MPC002945,CROP025,Mango,Bihar,2024-01,2584.0,2377.0,2791.0,58.6,1
MPC002946,CROP025,Mango,Bihar,2024-02,2831.0,2605.0,3057.0,155.8,1
MPC002947,CROP025,Mango,Bihar,2024-03,3037.0,2794.0,3280.0,62.0,1
MPC002948,CROP025,Mango,Bihar,2024-04,2957.0,2720.0,3194.0,189.0,1
MPC002949,CROP025,Mango,Bihar,2024-05,2604.0,2396.0,2812.0,153.6,1
MPC002950,CROP025,Mango,Bihar,2024-06,2589.0,2382.0,2796.0,114.5,1
MPC002951,CROP025,Mango,Bihar,2024-07,2422.0,2228.0,2616.0,141.6,1
MPC002952,CROP025,Mango,Bihar,2024-08,2085.0,1918.0,2252.0,67.9,1
MPC002953,CROP025,Mango,Bihar,2024-09,2217.0,2040.0,2394.0,163.4,1
MPC002954,CROP025,Mango,Bihar,2024-10,2200.0,2024.0,2376.0,94.8,1
MPC002955,CROP025,Mango,Bihar,2024-11,2267.0,2086.0,2448.0,57.2,1
MPC002956,CROP025,Mango,Bihar,2024-12,2575.0,2369.0,2781.0,263.8,1
MPC002957,CROP025,Mango,Bihar,2025-01,2622.0,2412.0,2832.0,28.7,1
MPC002958,CROP025,Mango,Bihar,2025-02,3040.0,2797.0,3283.0,138.4,1
MPC002959,CROP025,Mango,Bihar,2025-03,3059.0,2814.0,3304.0,52.7,1
MPC002960,CROP025,Mango,Bihar,2025-04,2935.0,2700.0,3170.0,65.3,1
MPC002961,CROP025,Mango,Bihar,2025-05,2878.0,2648.0,3108.0,52.3,1
MPC002962,CROP025,Mango,Bihar,2025-06,2882.0,2651.0,3113.0,44.3,1
MPC002963,CROP025,Mango,Bihar,2025-07,2681.0,2467.0,2895.0,87.7,1
MPC002964,CROP025,Mango,Bihar,2025-08,2352.0,2164.0,2540.0,118.0,1
MPC002965,CROP025,Mango,Bihar,2025-09,2509.0,2308.0,2710.0,126.2,1
MPC002966,CROP025,Mango,Bihar,2025-10,2363.0,2174.0,2552.0,121.3,1
MPC002967,CROP025,Mango,Bihar,2025-11,2518.0,2317.0,2719.0,191.2,1
MPC002968,CROP025,Mango,Bihar,2025-12,2787.0,2564.0,3010.0,185.7,1
MPC002969,CROP025,Mango,Bihar,2026-01,2980.0,2742.0,3218.0,54.5,1
MPC002970,CROP025,Mango,Bihar,2026-02,3079.0,2833.0,3325.0,128.5,1
MPC002971,CROP025,Mango,Bihar,2026-03,3229.0,2971.0,3487.0,99.9,1
MPC002972,CROP025,Mango,Bihar,2026-04,3089.0,2842.0,3336.0,133.0,1
MPC002973,CROP025,Mango,Bihar,2026-05,2662.0,2449.0,2875.0,70.4,1
MPC002974,CROP025,Mango,Bihar,2026-06,2751.0,2531.0,2971.0,171.2,1
MPC002975,CROP025,Mango,Bihar,2026-07,2791.0,2568.0,3014.0,127.4,1
MPC002976,CROP025,Mango,Bihar,2026-08,2579.0,2373.0,2785.0,26.2,1
MPC002977,CROP025,Mango,Gujarat,2024-01,2725.0,2507.0,2943.0,12.9,1
MPC002978,CROP025,Mango,Gujarat,2024-02,2731.0,2513.0,2949.0,72.8,1
MPC002979,CROP025,Mango,Gujarat,2024-03,2812.0,2587.0,3037.0,117.9,1
MPC002980,CROP025,Mango,Gujarat,2024-04,2802.0,2578.0,3026.0,133.4,1
MPC002981,CROP025,Mango,Gujarat,2024-05,2648.0,2436.0,2860.0,67.9,1
MPC002982,CROP025,Mango,Gujarat,2024-06,2723.0,2505.0,2941.0,108.5,1
MPC002983,CROP025,Mango,Gujarat,2024-07,2492.0,2293.0,2691.0,138.1,1
MPC002984,CROP025,Mango,Gujarat,2024-08,2339.0,2152.0,2526.0,171.6,1
MPC002985,CROP025,Mango,Gujarat,2024-09,2049.0,1885.0,2213.0,145.4,1
MPC002986,CROP025,Mango,Gujarat,2024-10,2390.0,2199.0,2581.0,13.3,1
MPC002987,CROP025,Mango,Gujarat,2024-11,2333.0,2146.0,2520.0,76.8,1
MPC002988,CROP025,Mango,Gujarat,2024-12,2504.0,2304.0,2704.0,93.2,1
MPC002989,CROP025,Mango,Gujarat,2025-01,2803.0,2579.0,3027.0,241.6,1
MPC002990,CROP025,Mango,Gujarat,2025-02,2632.0,2421.0,2843.0,82.8,1
MPC002991,CROP025,Mango,Gujarat,2025-03,3026.0,2784.0,3268.0,170.1,1
MPC002992,CROP025,Mango,Gujarat,2025-04,3121.0,2871.0,3371.0,68.8,1
MPC002993,CROP025,Mango,Gujarat,2025-05,2974.0,2736.0,3212.0,210.7,1
MPC002994,CROP025,Mango,Gujarat,2025-06,2755.0,2535.0,2975.0,132.3,1
MPC002995,CROP025,Mango,Gujarat,2025-07,2560.0,2355.0,2765.0,65.7,1
MPC002996,CROP025,Mango,Gujarat,2025-08,2424.0,2230.0,2618.0,260.9,1
MPC002997,CROP025,Mango,Gujarat,2025-09,2161.0,1988.0,2334.0,60.4,1
MPC002998,CROP025,Mango,Gujarat,2025-10,2506.0,2306.0,2706.0,262.3,1
MPC002999,CROP025,Mango,Gujarat,2025-11,2391.0,2200.0,2582.0,86.9,1
MPC003000,CROP025,Mango,Gujarat,2025-12,2794.0,2570.0,3018.0,154.6,1
MPC003001,CROP025,Mango,Gujarat,2026-01,2883.0,2652.0,3114.0,52.5,1
MPC003002,CROP025,Mango,Gujarat,2026-02,3149.0,2897.0,3401.0,192.7,1
MPC003003,CROP025,Mango,Gujarat,2026-03,3233.0,2974.0,3492.0,71.1,1
MPC003004,CROP025,Mango,Gujarat,2026-04,3128.0,2878.0,3378.0,194.2,1
MPC003005,CROP025,Mango,Gujarat,2026-05,3025.0,2783.0,3267.0,274.0,1
MPC003006,CROP025,Mango,Gujarat,2026-06,2875.0,2645.0,3105.0,50.4,1
MPC003007,CROP025,Mango,Gujarat,2026-07,2481.0,2283.0,2679.0,134.8,1
MPC003008,CROP025,Mango,Gujarat,2026-08,2578.0,2372.0,2784.0,165.9,1
MPC003009,CROP025,Mango,Karnataka,2024-01,2510.0,2309.0,2711.0,46.3,1
MPC003010,CROP025,Mango,Karnataka,2024-02,2968.0,2731.0,3205.0,32.0,1
MPC003011,CROP025,Mango,Karnataka,2024-03,2891.0,2660.0,3122.0,140.6,1
MPC003012,CROP025,Mango,Karnataka,2024-04,2868.0,2639.0,3097.0,269.7,1
MPC003013,CROP025,Mango,Karnataka,2024-05,2683.0,2468.0,2898.0,155.4,1
MPC003014,CROP025,Mango,Karnataka,2024-06,2707.0,2490.0,2924.0,236.4,1
MPC003015,CROP025,Mango,Karnataka,2024-07,2093.0,1926.0,2260.0,240.9,1
MPC003016,CROP025,Mango,Karnataka,2024-08,2241.0,2062.0,2420.0,355.2,1
MPC003017,CROP025,Mango,Karnataka,2024-09,2227.0,2049.0,2405.0,68.9,1
MPC003018,CROP025,Mango,Karnataka,2024-10,2271.0,2089.0,2453.0,145.1,1
MPC003019,CROP025,Mango,Karnataka,2024-11,2478.0,2280.0,2676.0,128.7,1
MPC003020,CROP025,Mango,Karnataka,2024-12,2414.0,2221.0,2607.0,91.4,1
MPC003021,CROP025,Mango,Karnataka,2025-01,2902.0,2670.0,3134.0,43.1,1
MPC003022,CROP025,Mango,Karnataka,2025-02,2787.0,2564.0,3010.0,198.0,1
MPC003023,CROP025,Mango,Karnataka,2025-03,2661.0,2448.0,2874.0,183.0,1
MPC003024,CROP025,Mango,Karnataka,2025-04,2848.0,2620.0,3076.0,59.1,1
MPC003025,CROP025,Mango,Karnataka,2025-05,2833.0,2606.0,3060.0,186.3,1
MPC003026,CROP025,Mango,Karnataka,2025-06,2736.0,2517.0,2955.0,283.3,1
MPC003027,CROP025,Mango,Karnataka,2025-07,2509.0,2308.0,2710.0,54.6,1
MPC003028,CROP025,Mango,Karnataka,2025-08,2286.0,2103.0,2469.0,203.3,1
MPC003029,CROP025,Mango,Karnataka,2025-09,2284.0,2101.0,2467.0,50.5,1
MPC003030,CROP025,Mango,Karnataka,2025-10,2535.0,2332.0,2738.0,175.0,1
MPC003031,CROP025,Mango,Karnataka,2025-11,2689.0,2474.0,2904.0,207.9,1
MPC003032,CROP025,Mango,Karnataka,2025-12,2932.0,2697.0,3167.0,92.0,1
MPC003033,CROP025,Mango,Karnataka,2026-01,2800.0,2576.0,3024.0,36.9,1
MPC003034,CROP025,Mango,Karnataka,2026-02,2889.0,2658.0,3120.0,172.8,1
MPC003035,CROP025,Mango,Karnataka,2026-03,3102.0,2854.0,3350.0,137.4,1
MPC003036,CROP025,Mango,Karnataka,2026-04,3155.0,2903.0,3407.0,316.3,1
MPC003037,CROP025,Mango,Karnataka,2026-05,3042.0,2799.0,3285.0,231.6,1
MPC003038,CROP025,Mango,Karnataka,2026-06,3017.0,2776.0,3258.0,72.9,1
MPC003039,CROP025,Mango,Karnataka,2026-07,2635.0,2424.0,2846.0,257.6,1
MPC003040,CROP025,Mango,Karnataka,2026-08,2695.0,2479.0,2911.0,151.8,1
MPC003041,CROP025,Mango,Punjab,2024-01,2493.0,2294.0,2692.0,139.2,1
MPC003042,CROP025,Mango,Punjab,2024-02,2854.0,2626.0,3082.0,91.1,1
MPC003043,CROP025,Mango,Punjab,2024-03,3050.0,2806.0,3294.0,218.9,1
MPC003044,CROP025,Mango,Punjab,2024-04,2873.0,2643.0,3103.0,110.8,1
MPC003045,CROP025,Mango,Punjab,2024-05,2774.0,2552.0,2996.0,433.4,1
MPC003046,CROP025,Mango,Punjab,2024-06,2420.0,2226.0,2614.0,68.7,1
MPC003047,CROP025,Mango,Punjab,2024-07,2466.0,2269.0,2663.0,156.6,1
MPC003048,CROP025,Mango,Punjab,2024-08,2416.0,2223.0,2609.0,67.0,1
MPC003049,CROP025,Mango,Punjab,2024-09,2507.0,2306.0,2708.0,184.1,1
MPC003050,CROP025,Mango,Punjab,2024-10,2132.0,1961.0,2303.0,105.4,1
MPC003051,CROP025,Mango,Punjab,2024-11,2349.0,2161.0,2537.0,129.4,1
MPC003052,CROP025,Mango,Punjab,2024-12,2519.0,2317.0,2721.0,133.1,1
MPC003053,CROP025,Mango,Punjab,2025-01,2782.0,2559.0,3005.0,183.5,1
MPC003054,CROP025,Mango,Punjab,2025-02,3363.0,3094.0,3632.0,173.6,1
MPC003055,CROP025,Mango,Punjab,2025-03,2984.0,2745.0,3223.0,117.2,1
MPC003056,CROP025,Mango,Punjab,2025-04,3047.0,2803.0,3291.0,58.2,1
MPC003057,CROP025,Mango,Punjab,2025-05,2778.0,2556.0,3000.0,263.8,1
MPC003058,CROP025,Mango,Punjab,2025-06,2840.0,2613.0,3067.0,138.3,1
MPC003059,CROP025,Mango,Punjab,2025-07,2466.0,2269.0,2663.0,37.0,1
MPC003060,CROP025,Mango,Punjab,2025-08,2361.0,2172.0,2550.0,70.9,1
MPC003061,CROP025,Mango,Punjab,2025-09,2282.0,2099.0,2465.0,42.0,1
MPC003062,CROP025,Mango,Punjab,2025-10,2260.0,2079.0,2441.0,96.0,1
MPC003063,CROP025,Mango,Punjab,2025-11,2520.0,2318.0,2722.0,197.5,1
MPC003064,CROP025,Mango,Punjab,2025-12,2446.0,2250.0,2642.0,111.0,1
MPC003065,CROP025,Mango,Punjab,2026-01,2859.0,2630.0,3088.0,172.5,1
MPC003066,CROP025,Mango,Punjab,2026-02,3318.0,3053.0,3583.0,111.7,1
MPC003067,CROP025,Mango,Punjab,2026-03,3280.0,3018.0,3542.0,144.9,1
MPC003068,CROP025,Mango,Punjab,2026-04,2841.0,2614.0,3068.0,31.1,1
MPC003069,CROP025,Mango,Punjab,2026-05,2888.0,2657.0,3119.0,52.0,1
MPC003070,CROP025,Mango,Punjab,2026-06,2515.0,2314.0,2716.0,199.1,1
MPC003071,CROP025,Mango,Punjab,2026-07,2597.0,2389.0,2805.0,86.8,1
MPC003072,CROP025,Mango,Punjab,2026-08,2717.0,2500.0,2934.0,31.9,1
