record_id,crop_id,crop_name,region_id,state,year,avg_temp_c,total_rainfall_mm,soil_ph,nitrogen_kg_per_ha,irrigation_type,area_hectares,actual_yield_kg_per_ha
YLD000001,CROP001,Rice (Paddy),REG001,Punjab,2015,2117.3,1208.3,7.22,204.6,Sprinkler,1.89,4261.8
YLD000002,CROP001,Rice (Paddy),REG001,Punjab,2016,2118.0,1243.7,6.04,303.4,Rainfed,4.87,3792.8
YLD000003,CROP001,Rice (Paddy),REG001,Punjab,2017,2115.4,1765.1,7.51,238.6,Rainfed,1.72,2049.6
YLD000004,CROP001,Rice (Paddy),REG001,Punjab,2018,2123.1,1054.6,6.27,222.3,Flood,2.57,2333.6
YLD000005,CROP001,Rice (Paddy),REG001,Punjab,2019,2112.3,1336.9,7.02,331.1,Rainfed,4.32,2608.7
YLD000006,CROP001,Rice (Paddy),REG001,Punjab,2020,2112.4,810.9,7.49,356.2,Sprinkler,3.2,2364.1
YLD000007,CROP001,Rice (Paddy),REG001,Punjab,2021,2117.4,1607.2,6.82,293.4,Rainfed,4.05,3080.9
YLD000011,CROP001,Rice (Paddy),REG002,Punjab,2015,2119.0,1530.4,6.5,255.6,Drip,4.32,3615.3
YLD000012,CROP001,Rice (Paddy),REG002,Punjab,2016,2112.2,1294.6,6.5,302.7,Flood,1.3,3094.8
YLD000013,CROP001,Rice (Paddy),REG002,Punjab,2017,2112.6,684.1,6.92,445.3,Rainfed,2.88,1679.5
YLD000014,CROP001,Rice (Paddy),REG002,Punjab,2018,2117.6,962.6,6.37,245.6,Drip,3.54,4700.2
YLD000015,CROP001,Rice (Paddy),REG002,Punjab,2019,2107.5,1409.1,7.22,322.3,Sprinkler,0.71,2121.9
YLD000016,CROP001,Rice (Paddy),REG002,Punjab,2020,2115.0,962.3,6.93,216.8,Sprinkler,2.58,3659.1
YLD000017,CROP001,Rice (Paddy),REG002,Punjab,2021,2116.2,1963.5,6.81,302.6,Sprinkler,0.51,3205.1
YLD000021,CROP001,Rice (Paddy),REG003,Punjab,2015,2116.3,893.1,6.72,218.6,Rainfed,1.67,2714.5
YLD000022,CROP001,Rice (Paddy),REG003,Punjab,2016,2117.3,1688.1,6.08,294.9,Drip,2.0,3250.8
YLD000023,CROP001,Rice (Paddy),REG003,Punjab,2017,2114.7,984.6,5.81,278.2,Flood,4.14,2754.4
YLD000024,CROP001,Rice (Paddy),REG003,Punjab,2018,2115.5,1732.0,6.11,221.0,Rainfed,4.47,1918.6
YLD000025,CROP001,Rice (Paddy),REG003,Punjab,2019,2123.3,1349.9,6.55,311.1,Drip,2.9,3697.6
YLD000026,CROP001,Rice (Paddy),REG003,Punjab,2020,2121.3,1220.0,6.46,270.8,Flood,4.0,3706.7
YLD000027,CROP001,Rice (Paddy),REG003,Punjab,2021,2119.4,1203.3,6.12,321.3,Drip,2.84,4072.2
YLD000031,CROP001,Rice (Paddy),REG004,Haryana,2015,2117.7,664.2,5.79,301.6,Drip,2.16,3406.3
YLD000032,CROP001,Rice (Paddy),REG004,Haryana,2016,2116.6,1560.8,7.15,331.3,Rainfed,2.78,2561.9
YLD000033,CROP001,Rice (Paddy),REG004,Haryana,2017,2111.6,1157.9,7.18,295.8,Sprinkler,4.97,3144.3
YLD000034,CROP001,Rice (Paddy),REG004,Haryana,2018,2115.9,785.6,7.52,257.4,Flood,4.53,2847.7
YLD000035,CROP001,Rice (Paddy),REG004,Haryana,2019,2118.5,1412.5,6.82,304.7,Rainfed,4.57,3167.0
YLD000036,CROP001,Rice (Paddy),REG004,Haryana,2020,2115.4,719.2,6.91,352.0,Rainfed,4.9,2026.2
YLD000037,CROP001,Rice (Paddy),REG004,Haryana,2021,2119.6,1340.2,6.62,211.2,Sprinkler,0.89,4178.1
YLD000041,CROP001,Rice (Paddy),REG005,Haryana,2015,2118.0,358.5,6.4,345.7,Sprinkler,0.52,2108.7
YLD000042,CROP001,Rice (Paddy),REG005,Haryana,2016,2121.1,572.8,6.5,273.1,Drip,4.18,3543.7
YLD000043,CROP001,Rice (Paddy),REG005,Haryana,2017,2113.0,991.3,7.48,291.0,Sprinkler,4.71,2945.9
YLD000044,CROP001,Rice (Paddy),REG005,Haryana,2018,2117.1,1780.9,6.36,363.8,Sprinkler,2.81,3742.0
YLD000045,CROP001,Rice (Paddy),REG005,Haryana,2019,2121.4,680.3,7.05,360.2,Drip,0.6,2621.3
YLD000046,CROP001,Rice (Paddy),REG005,Haryana,2020,2110.6,896.2,6.48,249.9,Drip,1.88,2712.1
YLD000047,CROP001,Rice (Paddy),REG005,Haryana,2021,2114.0,1172.0,6.45,271.0,Rainfed,1.06,2261.4
YLD000051,CROP001,Rice (Paddy),REG006,Uttar Pradesh,2015,2121.7,284.9,6.55,237.5,Sprinkler,1.14,1888.8
YLD000052,CROP001,Rice (Paddy),REG006,Uttar Pradesh,2016,2119.7,432.2,7.05,340.5,Rainfed,0.66,1144.9
YLD000053,CROP001,Rice (Paddy),REG006,Uttar Pradesh,2017,2116.5,1589.1,7.21,235.1,Flood,2.58,3403.5
YLD000054,CROP001,Rice (Paddy),REG006,Uttar Pradesh,2018,2120.4,1267.3,7.21,263.9,Flood,3.82,3747.1
YLD000055,CROP001,Rice (Paddy),REG006,Uttar Pradesh,2019,2114.0,1170.0,6.94,319.1,Rainfed,2.33,2890.9
YLD000056,CROP001,Rice (Paddy),REG006,Uttar Pradesh,2020,2122.6,1340.1,6.96,318.6,Rainfed,2.54,2113.2
YLD000057,CROP001,Rice (Paddy),REG006,Uttar Pradesh,2021,2117.0,1825.0,7.85,316.4,Flood,1.69,3436.0
YLD000061,CROP001,Rice (Paddy),REG007,Uttar Pradesh,2015,2117.8,1392.8,7.14,244.2,Drip,4.02,3918.4
YLD000062,CROP001,Rice (Paddy),REG007,Uttar Pradesh,2016,2113.1,1711.8,6.9,242.5,Drip,0.75,3058.5
YLD000063,CROP001,Rice (Paddy),REG007,Uttar Pradesh,2017,2115.1,1620.8,6.58,257.1,Sprinkler,4.07,3548.0
YLD000064,CROP001,Rice (Paddy),REG007,Uttar Pradesh,2018,2115.2,1113.9,5.62,135.7,Rainfed,1.79,2760.1
YLD000065,CROP001,Rice (Paddy),REG007,Uttar Pradesh,2019,2112.5,1761.1,6.16,243.6,Drip,4.83,2051.4
YLD000066,CROP001,Rice (Paddy),REG007,Uttar Pradesh,2020,2112.0,1996.0,6.15,305.9,Rainfed,1.34,1049.5
YLD000067,CROP001,Rice (Paddy),REG007,Uttar Pradesh,2021,2114.3,1569.4,6.78,276.9,Drip,3.83,3499.7
YLD000071,CROP001,Rice (Paddy),REG008,Uttar Pradesh,2015,2117.1,1491.2,7.6,277.8,Sprinkler,3.05,3879.2
YLD000072,CROP001,Rice (Paddy),REG008,Uttar Pradesh,2016,2126.6,912.5,6.06,290.9,Sprinkler,4.24,2166.7
YLD000073,CROP001,Rice (Paddy),REG008,Uttar Pradesh,2017,2119.5,1183.9,5.84,303.9,Flood,3.67,3896.0
YLD000074,CROP001,Rice (Paddy),REG008,Uttar Pradesh,2018,2111.9,996.5,6.7,242.0,Flood,0.74,2878.6
YLD000075,CROP001,Rice (Paddy),REG008,Uttar Pradesh,2019,2118.9,592.0,7.84,313.0,Flood,1.14,2146.9
YLD000076,CROP001,Rice (Paddy),REG008,Uttar Pradesh,2020,2118.5,1012.1,6.31,223.1,Flood,3.69,3408.9
YLD000077,CROP001,Rice (Paddy),REG008,Uttar Pradesh,2021,2111.3,1009.1,6.61,320.6,Sprinkler,1.16,3032.0
YLD000081,CROP001,Rice (Paddy),REG009,Bihar,2015,2118.4,1009.4,7.08,322.5,Sprinkler,0.97,3327.4
YLD000082,CROP001,Rice (Paddy),REG009,Bihar,2016,2115.2,1001.5,6.93,284.4,Rainfed,4.94,2041.2
YLD000083,CROP001,Rice (Paddy),REG009,Bihar,2017,2113.2,1085.1,6.43,337.4,Flood,2.9,3978.9
YLD000084,CROP001,Rice (Paddy),REG009,Bihar,2018,2122.1,717.6,6.92,260.1,Sprinkler,4.89,2255.0
YLD000085,CROP001,Rice (Paddy),REG009,Bihar,2019,2113.7,1667.2,6.87,231.4,Drip,2.97,3180.0
YLD000086,CROP001,Rice (Paddy),REG009,Bihar,2020,2119.7,1341.7,7.19,295.5,Sprinkler,2.76,3899.5
YLD000087,CROP001,Rice (Paddy),REG009,Bihar,2021,2116.8,1120.8,6.81,211.6,Rainfed,4.35,3698.0
YLD000091,CROP001,Rice (Paddy),REG010,Bihar,2015,2112.4,1100.2,7.3,262.7,Rainfed,1.58,2029.8
YLD000092,CROP001,Rice (Paddy),REG010,Bihar,2016,2127.3,1155.6,6.1,212.0,Rainfed,1.25,1418.3
YLD000093,CROP001,Rice (Paddy),REG010,Bihar,2017,2115.9,1299.3,6.37,328.5,Sprinkler,1.43,4547.9
YLD000094,CROP001,Rice (Paddy),REG010,Bihar,2018,2116.8,1130.7,6.65,279.9,Sprinkler,3.04,4441.4
YLD000095,CROP001,Rice (Paddy),REG010,Bihar,2019,2123.4,673.5,7.16,366.3,Sprinkler,4.56,1756.5
YLD000096,CROP001,Rice (Paddy),REG010,Bihar,2020,2117.3,1353.5,6.62,219.8,Drip,4.53,4655.2
YLD000097,CROP001,Rice (Paddy),REG010,Bihar,2021,2111.1,1788.2,6.6,247.0,Rainfed,3.07,1169.4
YLD000101,CROP001,Rice (Paddy),REG011,West Bengal,2015,2114.5,1025.5,5.69,327.7,Flood,0.7,2935.0
YLD000102,CROP001,Rice (Paddy),REG011,West Bengal,2016,2115.1,1500.9,6.2,236.4,Drip,2.81,4060.3
YLD000103,CROP001,Rice (Paddy),REG011,West Bengal,2017,2117.5,1021.8,5.46,230.1,Flood,4.7,4236.9
YLD000104,CROP001,Rice (Paddy),REG011,West Bengal,2018,2117.4,943.8,6.01,178.3,Flood,4.86,3860.9
YLD000105,CROP001,Rice (Paddy),REG011,West Bengal,2019,2118.3,1245.9,6.82,239.1,Drip,4.48,4669.2
YLD000106,CROP001,Rice (Paddy),REG011,West Bengal,2020,2120.5,1754.5,6.71,250.5,Rainfed,1.69,1553.1
YLD000107,CROP001,Rice (Paddy),REG011,West Bengal,2021,2114.3,1255.0,7.18,241.9,Sprinkler,2.43,4356.3
YLD000111,CROP001,Rice (Paddy),REG012,West Bengal,2015,2117.6,951.2,7.81,245.6,Flood,4.49,3343.7
YLD000112,CROP001,Rice (Paddy),REG012,West Bengal,2016,2122.3,910.1,5.55,242.5,Sprinkler,3.52,2590.6
YLD000113,CROP001,Rice (Paddy),REG012,West Bengal,2017,2123.3,896.5,6.74,253.7,Sprinkler,2.18,2405.6
YLD000114,CROP001,Rice (Paddy),REG012,West Bengal,2018,2114.4,744.3,6.58,328.1,Rainfed,0.57,1955.8
YLD000115,CROP001,Rice (Paddy),REG012,West Bengal,2019,2120.0,724.5,5.99,206.6,Drip,4.44,4090.1
YLD000116,CROP001,Rice (Paddy),REG012,West Bengal,2020,2122.0,1020.9,6.45,324.3,Flood,4.41,3232.3
YLD000117,CROP001,Rice (Paddy),REG012,West Bengal,2021,2114.9,389.7,6.63,241.1,Sprinkler,4.86,2022.5
YLD000121,CROP001,Rice (Paddy),REG013,Madhya Pradesh,2015,2118.7,714.8,7.36,269.0,Flood,0.57,2769.3
YLD000122,CROP001,Rice (Paddy),REG013,Madhya Pradesh,2016,2122.4,1447.4,7.77,318.5,Sprinkler,4.65,3080.8
YLD000123,CROP001,Rice (Paddy),REG013,Madhya Pradesh,2017,2123.5,1142.3,6.78,408.3,Flood,0.82,2957.9
YLD000124,CROP001,Rice (Paddy),REG013,Madhya Pradesh,2018,2119.5,1027.8,6.94,233.7,Rainfed,1.9,2349.2
YLD000125,CROP001,Rice (Paddy),REG013,Madhya Pradesh,2019,2117.1,1438.8,7.64,373.5,Rainfed,4.06,2946.7
YLD000126,CROP001,Rice (Paddy),REG013,Madhya Pradesh,2020,2121.6,1214.8,6.95,226.6,Rainfed,2.49,2970.6
YLD000127,CROP001,Rice (Paddy),REG013,Madhya Pradesh,2021,2112.7,1415.9,7.21,335.5,Flood,1.76,3050.0
YLD000131,CROP001,Rice (Paddy),REG014,Madhya Pradesh,2015,2117.7,1339.6,6.38,253.3,Drip,4.13,4059.4
YLD000132,CROP001,Rice (Paddy),REG014,Madhya Pradesh,2016,2121.8,1435.3,7.24,328.1,Rainfed,4.1,2515.1
YLD000133,CROP001,Rice (Paddy),REG014,Madhya Pradesh,2017,2121.3,1109.3,6.62,337.5,Sprinkler,2.02,4165.6
YLD000134,CROP001,Rice (Paddy),REG014,Madhya Pradesh,2018,2115.1,1129.0,6.01,243.2,Drip,2.78,4131.1
YLD000135,CROP001,Rice (Paddy),REG014,Madhya Pradesh,2019,2120.9,1255.3,7.05,310.0,Flood,0.63,4047.3
YLD000136,CROP001,Rice (Paddy),REG014,Madhya Pradesh,2020,2116.1,1006.3,6.39,330.4,Flood,1.19,3829.4
YLD000137,CROP001,Rice (Paddy),REG014,Madhya Pradesh,2021,2117.8,1613.5,6.79,360.8,Sprinkler,3.99,3757.8
YLD000141,CROP001,Rice (Paddy),REG015,Madhya Pradesh,2015,2116.4,818.4,6.41,309.6,Sprinkler,2.61,3645.3
YLD000142,CROP001,Rice (Paddy),REG015,Madhya Pradesh,2016,2116.8,1666.7,6.73,260.8,Sprinkler,3.11,3333.5
YLD000143,CROP001,Rice (Paddy),REG015,Madhya Pradesh,2017,2112.9,1506.1,6.64,305.9,Sprinkler,4.07,3006.5
YLD000144,CROP001,Rice (Paddy),REG015,Madhya Pradesh,2018,2124.4,1633.9,5.55,255.3,Drip,2.81,2422.5
YLD000145,CROP001,Rice (Paddy),REG015,Madhya Pradesh,2019,2117.4,1532.7,6.77,185.8,Rainfed,4.32,3642.9
YLD000146,CROP001,Rice (Paddy),REG015,Madhya Pradesh,2020,2121.0,1327.8,6.44,376.1,Drip,0.59,3681.3
YLD000147,CROP001,Rice (Paddy),REG015,Madhya Pradesh,2021,2113.4,1066.0,6.72,288.6,Sprinkler,1.37,3081.0
YLD000151,CROP001,Rice (Paddy),REG016,Maharashtra,2015,2119.2,1144.8,6.89,357.7,Drip,4.3,4641.0
YLD000152,CROP001,Rice (Paddy),REG016,Maharashtra,2016,2117.6,581.7,7.47,281.6,Drip,1.35,3271.4
YLD000153,CROP001,Rice (Paddy),REG016,Maharashtra,2017,2104.0,922.5,6.29,230.9,Flood,1.86,1315.3
YLD000154,CROP001,Rice (Paddy),REG016,Maharashtra,2018,2115.6,1066.1,7.41,276.4,Sprinkler,1.56,4655.6
YLD000155,CROP001,Rice (Paddy),REG016,Maharashtra,2019,2117.7,1554.8,6.68,339.7,Flood,4.33,3736.4
YLD000156,CROP001,Rice (Paddy),REG016,Maharashtra,2020,2115.7,831.3,6.42,251.4,Flood,4.3,3396.0
YLD000157,CROP001,Rice (Paddy),REG016,Maharashtra,2021,2115.7,1528.4,7.03,265.2,Rainfed,2.34,2503.7
YLD000161,CROP001,Rice (Paddy),REG017,Maharashtra,2015,2115.6,1411.9,7.7,264.8,Sprinkler,4.13,3496.9
YLD000162,CROP001,Rice (Paddy),REG017,Maharashtra,2016,2114.9,756.5,7.6,298.6,Sprinkler,3.62,2806.0
YLD000163,CROP001,Rice (Paddy),REG017,Maharashtra,2017,2112.8,599.0,6.35,284.1,Rainfed,4.83,2028.7
YLD000164,CROP001,Rice (Paddy),REG017,Maharashtra,2018,2119.1,1334.2,6.05,330.4,Sprinkler,0.56,4351.8
YLD000165,CROP001,Rice (Paddy),REG017,Maharashtra,2019,2116.1,1068.8,6.88,286.7,Drip,0.81,3993.4
YLD000166,CROP001,Rice (Paddy),REG017,Maharashtra,2020,2118.2,1880.2,6.72,268.4,Drip,1.89,3618.5
YLD000167,CROP001,Rice (Paddy),REG017,Maharashtra,2021,2112.4,1540.9,5.97,257.7,Drip,4.86,3540.5
YLD000171,CROP001,Rice (Paddy),REG018,Maharashtra,2015,2114.6,1561.3,6.7,177.1,Rainfed,1.49,2486.4
YLD000172,CROP001,Rice (Paddy),REG018,Maharashtra,2016,2121.0,1294.6,6.35,131.4,Sprinkler,1.07,3620.1
YLD000173,CROP001,Rice (Paddy),REG018,Maharashtra,2017,2117.8,1297.5,6.2,246.3,Sprinkler,4.66,4628.4
YLD000174,CROP001,Rice (Paddy),REG018,Maharashtra,2018,2124.9,1295.6,6.9,387.0,Flood,1.37,2239.2
YLD000175,CROP001,Rice (Paddy),REG018,Maharashtra,2019,2115.5,1105.6,7.02,253.3,Flood,4.99,3995.3
YLD000176,CROP001,Rice (Paddy),REG018,Maharashtra,2020,2119.8,831.6,6.38,265.5,Drip,2.4,3756.5
YLD000177,CROP001,Rice (Paddy),REG018,Maharashtra,2021,2115.2,1264.4,7.47,285.7,Sprinkler,1.56,3574.6
YLD000181,CROP001,Rice (Paddy),REG019,Gujarat,2015,2113.7,486.1,7.18,260.8,Flood,2.06,1280.6
YLD000182,CROP001,Rice (Paddy),REG019,Gujarat,2016,2115.6,408.4,6.01,339.7,Rainfed,3.55,1890.2
YLD000183,CROP001,Rice (Paddy),REG019,Gujarat,2017,2118.3,1847.3,6.11,298.9,Drip,3.29,3384.9
YLD000184,CROP001,Rice (Paddy),REG019,Gujarat,2018,2117.7,1360.2,7.65,249.8,Drip,3.99,4383.3
YLD000185,CROP001,Rice (Paddy),REG019,Gujarat,2019,2113.1,1062.0,7.55,266.0,Flood,3.55,3030.8
YLD000186,CROP001,Rice (Paddy),REG019,Gujarat,2020,2107.2,1144.4,6.95,370.8,Flood,2.23,2089.1
YLD000187,CROP001,Rice (Paddy),REG019,Gujarat,2021,2114.6,1201.3,7.43,322.4,Flood,1.16,3734.3
YLD000191,CROP001,Rice (Paddy),REG020,Gujarat,2015,2114.2,1250.9,7.13,396.5,Sprinkler,0.99,3993.8
YLD000192,CROP001,Rice (Paddy),REG020,Gujarat,2016,2116.6,1190.5,7.41,337.7,Flood,3.29,4591.0
YLD000193,CROP001,Rice (Paddy),REG020,Gujarat,2017,2117.2,1446.4,6.8,278.4,Drip,3.82,4504.7
YLD000194,CROP001,Rice (Paddy),REG020,Gujarat,2018,2116.0,1365.4,7.04,413.2,Flood,4.07,3788.6
YLD000195,CROP001,Rice (Paddy),REG020,Gujarat,2019,2119.9,912.4,7.14,328.0,Rainfed,2.87,2899.3
YLD000196,CROP001,Rice (Paddy),REG020,Gujarat,2020,2121.3,1450.7,6.02,298.2,Drip,3.69,3069.6
YLD000197,CROP001,Rice (Paddy),REG020,Gujarat,2021,2113.6,1490.2,6.33,250.3,Drip,1.79,3594.0
YLD000201,CROP001,Rice (Paddy),REG021,Rajasthan,2015,2118.1,748.1,7.24,271.1,Rainfed,1.72,2546.0
YLD000202,CROP001,Rice (Paddy),REG021,Rajasthan,2016,2124.9,1491.0,7.24,250.8,Rainfed,1.41,1575.5
YLD000203,CROP001,Rice (Paddy),REG021,Rajasthan,2017,2112.6,932.1,5.84,277.1,Rainfed,3.71,1271.2
YLD000204,CROP001,Rice (Paddy),REG021,Rajasthan,2018,2121.3,1146.0,6.0,322.9,Rainfed,4.83,3074.9
YLD000205,CROP001,Rice (Paddy),REG021,Rajasthan,2019,2113.2,1122.3,7.47,321.8,Drip,4.92,3604.1
YLD000206,CROP001,Rice (Paddy),REG021,Rajasthan,2020,2120.4,1627.2,7.18,283.8,Sprinkler,1.13,3132.6
YLD000207,CROP001,Rice (Paddy),REG021,Rajasthan,2021,2116.7,1329.1,7.31,416.3,Drip,1.69,4840.7
YLD000211,CROP001,Rice (Paddy),REG022,Rajasthan,2015,2118.1,1508.6,5.81,317.0,Sprinkler,1.66,3764.2
YLD000212,CROP001,Rice (Paddy),REG022,Rajasthan,2016,2113.9,1014.9,6.97,288.2,Flood,0.86,3553.6
YLD000213,CROP001,Rice (Paddy),REG022,Rajasthan,2017,2117.6,1252.4,5.46,332.5,Rainfed,4.82,3466.1
YLD000214,CROP001,Rice (Paddy),REG022,Rajasthan,2018,2116.4,1460.3,7.08,135.5,Rainfed,0.86,3183.0
YLD000215,CROP001,Rice (Paddy),REG022,Rajasthan,2019,2119.9,978.5,6.98,213.8,Rainfed,1.19,2253.9
YLD000216,CROP001,Rice (Paddy),REG022,Rajasthan,2020,2124.5,823.9,6.39,260.5,Sprinkler,0.94,2253.5
YLD000217,CROP001,Rice (Paddy),REG022,Rajasthan,2021,2118.1,1032.3,7.49,254.0,Rainfed,4.41,3193.9
YLD000221,CROP001,Rice (Paddy),REG023,Karnataka,2015,2111.6,595.5,6.23,361.4,Sprinkler,4.47,2239.4
YLD000222,CROP001,Rice (Paddy),REG023,Karnataka,2016,2111.4,1571.5,6.23,263.8,Drip,1.48,2968.7
YLD000223,CROP001,Rice (Paddy),REG023,Karnataka,2017,2112.2,916.8,6.44,371.5,Drip,1.31,3285.7
YLD000224,CROP001,Rice (Paddy),REG023,Karnataka,2018,2118.1,1622.3,6.77,307.4,Rainfed,3.92,2921.8
YLD000225,CROP001,Rice (Paddy),REG023,Karnataka,2019,2113.6,1559.5,6.81,308.8,Sprinkler,0.97,3316.2
YLD000226,CROP001,Rice (Paddy),REG023,Karnataka,2020,2116.2,1020.5,7.54,139.1,Rainfed,2.94,3434.1
YLD000227,CROP001,Rice (Paddy),REG023,Karnataka,2021,2114.2,1774.4,6.94,344.7,Flood,2.35,2228.5
YLD000231,CROP001,Rice (Paddy),REG024,Karnataka,2015,2127.5,1560.7,5.94,349.9,Sprinkler,4.74,1288.0
YLD000232,CROP001,Rice (Paddy),REG024,Karnataka,2016,2120.8,671.4,6.34,259.2,Rainfed,2.96,1978.2
YLD000233,CROP001,Rice (Paddy),REG024,Karnataka,2017,2112.3,1164.5,6.95,304.0,Rainfed,2.48,2381.9
YLD000234,CROP001,Rice (Paddy),REG024,Karnataka,2018,2122.3,767.8,6.9,295.7,Rainfed,4.59,1464.6
YLD000235,CROP001,Rice (Paddy),REG024,Karnataka,2019,2117.7,1728.5,6.28,297.2,Flood,1.49,3761.3
YLD000236,CROP001,Rice (Paddy),REG024,Karnataka,2020,2111.6,1516.8,6.44,244.9,Rainfed,4.01,1975.6
YLD000237,CROP001,Rice (Paddy),REG024,Karnataka,2021,2121.3,1020.6,5.55,273.2,Drip,1.62,3375.5
YLD000241,CROP001,Rice (Paddy),REG025,Andhra Pradesh,2015,2116.0,1133.3,7.32,394.6,Flood,3.54,3591.3
YLD000242,CROP001,Rice (Paddy),REG025,Andhra Pradesh,2016,2120.9,1574.0,6.24,340.3,Rainfed,2.67,2206.3
YLD000243,CROP001,Rice (Paddy),REG025,Andhra Pradesh,2017,2114.1,849.0,6.12,315.7,Sprinkler,3.53,3138.5
YLD000244,CROP001,Rice (Paddy),REG025,Andhra Pradesh,2018,2122.5,1354.6,5.88,303.2,Drip,2.78,3921.0
YLD000245,CROP001,Rice (Paddy),REG025,Andhra Pradesh,2019,2114.5,1221.9,6.52,299.8,Sprinkler,0.68,4068.3
YLD000246,CROP001,Rice (Paddy),REG025,Andhra Pradesh,2020,2118.7,1744.8,6.33,212.5,Drip,3.86,3797.4
YLD000247,CROP001,Rice (Paddy),REG025,Andhra Pradesh,2021,2117.6,1253.4,6.43,355.3,Flood,2.26,4365.4
YLD000251,CROP001,Rice (Paddy),REG026,Andhra Pradesh,2015,2123.2,1879.2,6.34,276.8,Sprinkler,0.58,2323.4
YLD000252,CROP001,Rice (Paddy),REG026,Andhra Pradesh,2016,2111.9,1412.5,7.43,282.8,Rainfed,1.03,2383.0
YLD000253,CROP001,Rice (Paddy),REG026,Andhra Pradesh,2017,2121.7,2134.6,7.47,308.1,Sprinkler,3.84,1950.2
YLD000254,CROP001,Rice (Paddy),REG026,Andhra Pradesh,2018,2122.8,1264.1,7.48,329.5,Flood,3.98,3278.8
YLD000255,CROP001,Rice (Paddy),REG026,Andhra Pradesh,2019,2116.7,1328.7,6.88,324.3,Flood,3.99,3741.2
YLD000256,CROP001,Rice (Paddy),REG026,Andhra Pradesh,2020,2110.8,1656.2,7.29,207.8,Sprinkler,0.9,2245.9
YLD000257,CROP001,Rice (Paddy),REG026,Andhra Pradesh,2021,2114.9,1078.2,6.82,185.2,Flood,1.36,3305.4
YLD000261,CROP001,Rice (Paddy),REG027,Tamil Nadu,2015,2114.2,232.6,6.61,161.5,Flood,3.15,986.1
YLD000262,CROP001,Rice (Paddy),REG027,Tamil Nadu,2016,2116.7,1025.3,6.66,221.8,Sprinkler,4.91,3808.9
YLD000263,CROP001,Rice (Paddy),REG027,Tamil Nadu,2017,2119.7,1254.4,6.28,182.2,Sprinkler,3.22,4644.4
YLD000264,CROP001,Rice (Paddy),REG027,Tamil Nadu,2018,2116.6,1200.1,7.8,309.0,Sprinkler,1.06,5476.8
YLD000265,CROP001,Rice (Paddy),REG027,Tamil Nadu,2019,2110.7,1066.9,6.95,256.9,Flood,0.84,2141.3
YLD000266,CROP001,Rice (Paddy),REG027,Tamil Nadu,2020,2115.7,1357.1,6.12,294.5,Rainfed,1.0,3195.0
YLD000267,CROP001,Rice (Paddy),REG027,Tamil Nadu,2021,2113.6,1265.4,7.18,296.0,Sprinkler,1.14,3340.3
YLD000271,CROP001,Rice (Paddy),REG028,Tamil Nadu,2015,2115.3,1710.4,7.8,316.8,Rainfed,0.66,2390.6
YLD000272,CROP001,Rice (Paddy),REG028,Tamil Nadu,2016,2120.4,1084.7,6.61,248.0,Rainfed,3.1,3097.8
YLD000273,CROP001,Rice (Paddy),REG028,Tamil Nadu,2017,2118.3,1191.4,6.05,188.0,Flood,0.52,3984.8
YLD000274,CROP001,Rice (Paddy),REG028,Tamil Nadu,2018,2111.7,628.5,6.37,242.7,Sprinkler,3.84,1804.2
YLD000275,CROP001,Rice (Paddy),REG028,Tamil Nadu,2019,2117.7,914.1,6.39,227.4,Rainfed,4.3,3469.7
YLD000276,CROP001,Rice (Paddy),REG028,Tamil Nadu,2020,2120.2,1721.5,7.13,246.1,Flood,3.0,2426.6
YLD000277,CROP001,Rice (Paddy),REG028,Tamil Nadu,2021,2117.4,1713.7,7.7,259.3,Drip,3.29,4309.7
YLD000281,CROP002,Wheat,REG001,Punjab,2015,1814.6,442.6,6.81,343.1,Flood,0.58,2883.8
YLD000282,CROP002,Wheat,REG001,Punjab,2016,1811.7,467.0,6.64,170.9,Flood,2.07,3002.2
YLD000283,CROP002,Wheat,REG001,Punjab,2017,1811.2,482.3,6.36,308.2,Drip,1.17,4571.7
YLD000284,CROP002,Wheat,REG001,Punjab,2018,1810.8,400.5,6.78,228.1,Drip,1.83,4426.0
YLD000285,CROP002,Wheat,REG001,Punjab,2019,1810.5,247.3,6.56,215.0,Drip,4.56,3499.0
YLD000286,CROP002,Wheat,REG001,Punjab,2020,1810.6,405.7,6.85,259.3,Rainfed,4.9,3349.3
YLD000287,CROP002,Wheat,REG001,Punjab,2021,1810.3,574.0,6.91,290.9,Rainfed,1.0,1878.4
YLD000291,CROP002,Wheat,REG002,Punjab,2015,1816.8,516.5,7.37,261.5,Sprinkler,0.55,3479.8
YLD000292,CROP002,Wheat,REG002,Punjab,2016,1810.3,314.0,6.92,261.6,Drip,3.62,2798.7
YLD000293,CROP002,Wheat,REG002,Punjab,2017,1821.7,354.7,6.08,315.6,Flood,0.77,995.8
YLD000294,CROP002,Wheat,REG002,Punjab,2018,1811.6,133.7,7.22,223.2,Sprinkler,2.39,1831.8
YLD000295,CROP002,Wheat,REG002,Punjab,2019,1812.1,658.9,6.43,284.2,Rainfed,0.98,2128.4
YLD000296,CROP002,Wheat,REG002,Punjab,2020,1815.8,347.1,7.15,213.5,Flood,1.63,2960.8
YLD000297,CROP002,Wheat,REG002,Punjab,2021,1806.4,736.8,6.5,267.8,Drip,3.03,2065.1
YLD000301,CROP002,Wheat,REG003,Punjab,2015,1812.5,568.7,6.66,379.2,Rainfed,4.5,2517.9
YLD000302,CROP002,Wheat,REG003,Punjab,2016,1818.1,75.3,7.5,191.7,Drip,0.96,1551.7
YLD000303,CROP002,Wheat,REG003,Punjab,2017,1812.4,624.3,6.53,341.6,Flood,2.76,3540.1
YLD000304,CROP002,Wheat,REG003,Punjab,2018,1809.8,401.4,8.3,393.4,Sprinkler,1.63,3590.6
YLD000305,CROP002,Wheat,REG003,Punjab,2019,1811.1,266.6,5.91,210.0,Rainfed,4.78,2566.0
YLD000306,CROP002,Wheat,REG003,Punjab,2020,1817.3,569.8,7.76,364.0,Rainfed,3.2,1945.8
YLD000307,CROP002,Wheat,REG003,Punjab,2021,1813.6,328.1,6.75,287.8,Sprinkler,1.06,3979.6
YLD000311,CROP002,Wheat,REG004,Haryana,2015,1808.8,282.6,6.11,238.0,Drip,4.08,3459.2
YLD000312,CROP002,Wheat,REG004,Haryana,2016,1809.8,370.2,5.99,249.8,Drip,3.92,3012.7
YLD000313,CROP002,Wheat,REG004,Haryana,2017,1812.8,297.1,7.3,292.3,Rainfed,0.5,2588.9
YLD000314,CROP002,Wheat,REG004,Haryana,2018,1815.2,540.8,6.68,387.2,Sprinkler,2.45,3186.1
YLD000315,CROP002,Wheat,REG004,Haryana,2019,1807.9,315.6,6.98,349.1,Sprinkler,4.27,2817.7
YLD000316,CROP002,Wheat,REG004,Haryana,2020,1813.7,347.0,6.32,353.0,Drip,1.59,3431.3
YLD000317,CROP002,Wheat,REG004,Haryana,2021,1817.7,422.0,5.46,257.0,Rainfed,1.17,2134.7
YLD000321,CROP002,Wheat,REG005,Haryana,2015,1810.6,387.5,6.34,242.7,Sprinkler,3.89,4011.9
YLD000322,CROP002,Wheat,REG005,Haryana,2016,1813.1,534.3,6.63,301.0,Flood,4.54,3923.8
YLD000323,CROP002,Wheat,REG005,Haryana,2017,1806.8,456.2,6.13,190.8,Sprinkler,1.65,2741.3
YLD000324,CROP002,Wheat,REG005,Haryana,2018,1811.1,364.3,5.48,281.0,Flood,4.74,3047.5
YLD000325,CROP002,Wheat,REG005,Haryana,2019,1809.0,310.5,7.65,292.5,Flood,0.74,2583.7
YLD000326,CROP002,Wheat,REG005,Haryana,2020,1810.2,247.4,5.62,213.9,Flood,2.2,2383.3
YLD000327,CROP002,Wheat,REG005,Haryana,2021,1810.0,550.4,6.86,240.8,Drip,1.6,3906.8
YLD000331,CROP002,Wheat,REG006,Uttar Pradesh,2015,1807.9,264.2,7.52,295.9,Drip,2.59,2778.6
YLD000332,CROP002,Wheat,REG006,Uttar Pradesh,2016,1815.7,541.3,7.21,214.8,Sprinkler,0.74,3098.4
YLD000333,CROP002,Wheat,REG006,Uttar Pradesh,2017,1810.5,402.0,7.61,413.2,Flood,2.16,3248.6
YLD000334,CROP002,Wheat,REG006,Uttar Pradesh,2018,1809.4,359.7,6.38,290.9,Flood,4.01,2822.7
YLD000335,CROP002,Wheat,REG006,Uttar Pradesh,2019,1810.3,473.6,6.75,241.8,Flood,2.9,3798.0
YLD000336,CROP002,Wheat,REG006,Uttar Pradesh,2020,1816.2,363.4,6.51,210.5,Drip,4.69,3612.3
YLD000337,CROP002,Wheat,REG006,Uttar Pradesh,2021,1809.0,394.4,6.8,247.0,Sprinkler,4.43,3598.2
YLD000341,CROP002,Wheat,REG007,Uttar Pradesh,2015,1811.4,313.2,7.96,253.9,Rainfed,1.89,2138.7
YLD000342,CROP002,Wheat,REG007,Uttar Pradesh,2016,1813.5,662.0,7.08,327.0,Sprinkler,3.64,3178.5
YLD000343,CROP002,Wheat,REG007,Uttar Pradesh,2017,1808.3,480.8,6.84,299.9,Drip,4.58,3627.9
YLD000344,CROP002,Wheat,REG007,Uttar Pradesh,2018,1816.2,630.1,6.74,323.2,Drip,4.36,2604.3
YLD000345,CROP002,Wheat,REG007,Uttar Pradesh,2019,1808.6,571.0,7.27,296.5,Sprinkler,3.76,2862.6
YLD000346,CROP002,Wheat,REG007,Uttar Pradesh,2020,1815.9,284.7,6.47,349.2,Flood,2.51,2676.5
YLD000347,CROP002,Wheat,REG007,Uttar Pradesh,2021,1812.9,406.3,7.5,329.1,Flood,1.6,3453.6
YLD000351,CROP002,Wheat,REG008,Uttar Pradesh,2015,1813.5,670.2,7.18,229.8,Rainfed,2.97,1387.8
YLD000352,CROP002,Wheat,REG008,Uttar Pradesh,2016,1807.4,873.1,7.29,344.4,Drip,1.04,1489.0
YLD000353,CROP002,Wheat,REG008,Uttar Pradesh,2017,1811.0,513.3,6.74,284.4,Flood,3.74,3019.8
YLD000354,CROP002,Wheat,REG008,Uttar Pradesh,2018,1812.4,362.1,7.88,258.7,Sprinkler,1.53,3893.3
YLD000355,CROP002,Wheat,REG008,Uttar Pradesh,2019,1817.3,550.9,6.51,319.6,Sprinkler,1.57,3349.0
YLD000356,CROP002,Wheat,REG008,Uttar Pradesh,2020,1810.3,387.0,7.31,335.8,Drip,4.58,3607.8
YLD000357,CROP002,Wheat,REG008,Uttar Pradesh,2021,1812.4,654.7,6.36,278.5,Flood,3.46,3393.2
YLD000361,CROP002,Wheat,REG009,Bihar,2015,1815.9,561.0,6.7,244.1,Rainfed,2.32,2281.2
YLD000362,CROP002,Wheat,REG009,Bihar,2016,1808.6,387.7,6.92,432.7,Rainfed,0.94,2485.7
YLD000363,CROP002,Wheat,REG009,Bihar,2017,1806.1,404.3,7.11,267.9,Sprinkler,3.19,2420.7
YLD000364,CROP002,Wheat,REG009,Bihar,2018,1808.4,234.7,7.33,287.7,Rainfed,3.74,1010.2
YLD000365,CROP002,Wheat,REG009,Bihar,2019,1812.2,396.5,6.19,416.5,Drip,4.88,4333.4
YLD000366,CROP002,Wheat,REG009,Bihar,2020,1810.8,507.6,6.79,364.4,Flood,2.14,3616.8
YLD000367,CROP002,Wheat,REG009,Bihar,2021,1812.4,389.2,7.55,281.8,Drip,1.52,4710.7
YLD000371,CROP002,Wheat,REG010,Bihar,2015,1811.5,391.7,7.25,332.5,Rainfed,4.69,2366.0
YLD000372,CROP002,Wheat,REG010,Bihar,2016,1820.6,374.0,5.53,192.4,Sprinkler,2.22,2131.3
YLD000373,CROP002,Wheat,REG010,Bihar,2017,1816.8,414.0,5.8,275.2,Rainfed,2.85,2322.1
YLD000374,CROP002,Wheat,REG010,Bihar,2018,1812.1,415.7,6.78,358.8,Flood,3.7,4419.4
YLD000375,CROP002,Wheat,REG010,Bihar,2019,1811.6,536.4,7.66,303.0,Drip,4.18,3335.4
YLD000376,CROP002,Wheat,REG010,Bihar,2020,1814.2,426.6,5.91,204.4,Flood,2.96,3425.9
YLD000377,CROP002,Wheat,REG010,Bihar,2021,1810.8,564.1,6.71,199.6,Sprinkler,2.87,3060.8
YLD000381,CROP002,Wheat,REG011,West Bengal,2015,1813.1,523.8,8.3,190.3,Sprinkler,2.62,3384.9
YLD000382,CROP002,Wheat,REG011,West Bengal,2016,1820.4,590.8,6.74,279.9,Sprinkler,2.49,1835.3
YLD000383,CROP002,Wheat,REG011,West Bengal,2017,1808.0,495.7,6.95,367.8,Rainfed,4.43,2558.4
YLD000384,CROP002,Wheat,REG011,West Bengal,2018,1815.5,404.4,6.6,294.8,Sprinkler,0.98,3573.8
YLD000385,CROP002,Wheat,REG011,West Bengal,2019,1810.1,439.1,6.86,315.0,Sprinkler,4.15,3588.8
YLD000386,CROP002,Wheat,REG011,West Bengal,2020,1813.7,567.4,6.83,274.9,Flood,3.53,3903.8
YLD000387,CROP002,Wheat,REG011,West Bengal,2021,1813.8,436.9,6.66,228.0,Rainfed,4.17,2809.6
YLD000391,CROP002,Wheat,REG012,West Bengal,2015,1817.9,513.1,6.61,324.4,Rainfed,0.66,1774.2
YLD000392,CROP002,Wheat,REG012,West Bengal,2016,1810.7,203.8,6.57,226.2,Sprinkler,4.05,3559.7
YLD000393,CROP002,Wheat,REG012,West Bengal,2017,1810.1,450.4,7.12,306.5,Flood,2.57,4174.9
YLD000394,CROP002,Wheat,REG012,West Bengal,2018,1807.6,492.6,6.19,281.0,Flood,3.45,3010.0
YLD000395,CROP002,Wheat,REG012,West Bengal,2019,1815.1,391.6,7.28,289.4,Sprinkler,1.87,3738.7
YLD000396,CROP002,Wheat,REG012,West Bengal,2020,1815.9,441.2,6.65,310.1,Drip,3.42,3285.8
YLD000397,CROP002,Wheat,REG012,West Bengal,2021,1809.1,360.8,6.91,258.5,Rainfed,4.23,2121.6
YLD000401,CROP002,Wheat,REG013,Madhya Pradesh,2015,1815.3,737.3,6.1,255.1,Sprinkler,2.83,1719.1
YLD000402,CROP002,Wheat,REG013,Madhya Pradesh,2016,1811.2,391.5,8.2,276.5,Flood,4.52,3134.0
YLD000403,CROP002,Wheat,REG013,Madhya Pradesh,2017,1807.5,363.2,6.87,303.7,Flood,2.65,2275.9
YLD000404,CROP002,Wheat,REG013,Madhya Pradesh,2018,1808.5,182.4,7.24,292.1,Drip,4.91,1676.8
YLD000405,CROP002,Wheat,REG013,Madhya Pradesh,2019,1812.8,340.5,6.79,333.6,Sprinkler,2.49,3241.8
YLD000406,CROP002,Wheat,REG013,Madhya Pradesh,2020,1807.9,312.4,7.01,353.2,Sprinkler,0.63,2396.5
YLD000407,CROP002,Wheat,REG013,Madhya Pradesh,2021,1810.7,545.6,6.56,305.0,Rainfed,1.49,2908.4
YLD000411,CROP002,Wheat,REG014,Madhya Pradesh,2015,1819.8,260.7,6.2,348.1,Sprinkler,4.93,1933.6
YLD000412,CROP002,Wheat,REG014,Madhya Pradesh,2016,1811.6,467.5,6.28,329.8,Flood,1.57,3493.4
YLD000413,CROP002,Wheat,REG014,Madhya Pradesh,2017,1811.5,396.0,6.91,279.8,Sprinkler,2.2,3727.4
YLD000414,CROP002,Wheat,REG014,Madhya Pradesh,2018,1809.7,417.0,6.73,308.6,Rainfed,4.47,2978.2
YLD000415,CROP002,Wheat,REG014,Madhya Pradesh,2019,1813.9,338.2,7.09,233.1,Rainfed,2.93,2539.6
YLD000416,CROP002,Wheat,REG014,Madhya Pradesh,2020,1813.1,324.6,6.49,221.5,Sprinkler,4.21,3640.4
YLD000417,CROP002,Wheat,REG014,Madhya Pradesh,2021,1811.9,308.5,7.5,318.6,Rainfed,4.55,2723.5
YLD000421,CROP002,Wheat,REG015,Madhya Pradesh,2015,1814.2,324.0,7.24,379.2,Rainfed,4.51,2988.0
YLD000422,CROP002,Wheat,REG015,Madhya Pradesh,2016,1811.5,294.6,6.53,254.6,Sprinkler,4.17,3850.3
YLD000423,CROP002,Wheat,REG015,Madhya Pradesh,2017,1822.1,465.8,5.66,241.0,Drip,4.2,2570.1
YLD000424,CROP002,Wheat,REG015,Madhya Pradesh,2018,1813.3,452.1,6.35,304.3,Flood,1.01,4126.4
YLD000425,CROP002,Wheat,REG015,Madhya Pradesh,2019,1811.4,420.7,6.63,392.9,Rainfed,2.72,2907.2
YLD000426,CROP002,Wheat,REG015,Madhya Pradesh,2020,1814.4,432.0,7.14,301.1,Flood,2.94,3770.6
YLD000427,CROP002,Wheat,REG015,Madhya Pradesh,2021,1818.9,387.9,6.46,297.0,Sprinkler,4.34,2574.8
YLD000431,CROP002,Wheat,REG016,Maharashtra,2015,1811.0,529.3,6.91,351.6,Sprinkler,3.16,4117.7
YLD000432,CROP002,Wheat,REG016,Maharashtra,2016,1812.0,806.2,6.34,338.3,Rainfed,2.73,1919.0
YLD000433,CROP002,Wheat,REG016,Maharashtra,2017,1811.5,653.4,7.45,153.3,Drip,1.84,2966.4
YLD000434,CROP002,Wheat,REG016,Maharashtra,2018,1812.8,444.8,5.98,158.5,Drip,4.56,4857.8
YLD000435,CROP002,Wheat,REG016,Maharashtra,2019,1819.0,515.8,7.68,277.3,Flood,3.77,1936.8
YLD000436,CROP002,Wheat,REG016,Maharashtra,2020,1812.0,640.7,6.75,212.0,Rainfed,4.48,2514.6
YLD000437,CROP002,Wheat,REG016,Maharashtra,2021,1813.8,437.4,6.82,292.5,Sprinkler,4.82,4410.3
YLD000441,CROP002,Wheat,REG017,Maharashtra,2015,1811.6,450.7,6.83,188.2,Drip,4.51,4009.0
YLD000442,CROP002,Wheat,REG017,Maharashtra,2016,1813.2,644.3,7.13,340.2,Drip,3.16,3026.7
YLD000443,CROP002,Wheat,REG017,Maharashtra,2017,1811.7,286.1,6.32,227.4,Flood,3.05,3432.8
YLD000444,CROP002,Wheat,REG017,Maharashtra,2018,1819.6,430.1,6.65,337.8,Sprinkler,1.59,2878.8
YLD000445,CROP002,Wheat,REG017,Maharashtra,2019,1814.1,408.9,6.89,255.8,Rainfed,4.13,3233.9
YLD000446,CROP002,Wheat,REG017,Maharashtra,2020,1814.6,327.8,7.01,341.8,Flood,1.62,2809.0
YLD000447,CROP002,Wheat,REG017,Maharashtra,2021,1816.1,283.3,7.2,243.7,Rainfed,3.71,1903.2
YLD000451,CROP002,Wheat,REG018,Maharashtra,2015,1813.1,431.8,6.88,279.4,Drip,2.63,4535.9
YLD000452,CROP002,Wheat,REG018,Maharashtra,2016,1806.5,357.2,6.44,174.2,Flood,2.59,2021.7
YLD000453,CROP002,Wheat,REG018,Maharashtra,2017,1812.0,409.2,6.87,212.9,Drip,3.56,3943.2
YLD000454,CROP002,Wheat,REG018,Maharashtra,2018,1812.6,479.0,6.63,375.4,Flood,2.72,4402.5
YLD000455,CROP002,Wheat,REG018,Maharashtra,2019,1815.5,408.1,7.07,321.8,Flood,0.7,3597.9
YLD000456,CROP002,Wheat,REG018,Maharashtra,2020,1810.8,377.7,6.56,280.6,Rainfed,1.95,2685.8
YLD000457,CROP002,Wheat,REG018,Maharashtra,2021,1813.2,269.8,6.08,210.8,Drip,3.4,3832.4
YLD000461,CROP002,Wheat,REG019,Gujarat,2015,1811.4,356.1,6.7,245.8,Flood,1.97,3664.7
YLD000462,CROP002,Wheat,REG019,Gujarat,2016,1809.2,336.6,6.41,331.1,Sprinkler,0.78,3316.7
YLD000463,CROP002,Wheat,REG019,Gujarat,2017,1815.2,296.7,6.45,220.6,Sprinkler,0.84,3059.0
YLD000464,CROP002,Wheat,REG019,Gujarat,2018,1816.5,548.5,7.01,445.8,Sprinkler,1.07,3152.0
YLD000465,CROP002,Wheat,REG019,Gujarat,2019,1819.2,688.9,6.12,213.7,Flood,1.59,826.2
YLD000466,CROP002,Wheat,REG019,Gujarat,2020,1816.4,373.1,6.34,260.0,Drip,3.2,3446.9
YLD000467,CROP002,Wheat,REG019,Gujarat,2021,1820.7,529.6,6.37,366.1,Flood,2.05,2198.4
YLD000471,CROP002,Wheat,REG020,Gujarat,2015,1807.4,263.4,6.17,234.0,Rainfed,3.04,2096.2
YLD000472,CROP002,Wheat,REG020,Gujarat,2016,1808.8,639.4,5.6,250.6,Rainfed,3.39,1587.0
YLD000473,CROP002,Wheat,REG020,Gujarat,2017,1816.5,647.6,7.5,380.9,Sprinkler,4.26,2042.6
YLD000474,CROP002,Wheat,REG020,Gujarat,2018,1814.9,480.9,5.95,277.8,Drip,2.22,3325.7
YLD000475,CROP002,Wheat,REG020,Gujarat,2019,1814.0,460.3,6.94,237.4,Flood,3.69,3780.6
YLD000476,CROP002,Wheat,REG020,Gujarat,2020,1810.6,501.5,6.68,272.9,Flood,1.46,3221.3
YLD000477,CROP002,Wheat,REG020,Gujarat,2021,1811.1,546.4,6.46,246.5,Drip,1.7,4297.9
YLD000481,CROP002,Wheat,REG021,Rajasthan,2015,1814.5,321.0,6.91,281.7,Drip,3.87,3268.8
YLD000482,CROP002,Wheat,REG021,Rajasthan,2016,1812.8,608.6,6.05,281.8,Flood,4.7,2652.2
YLD000483,CROP002,Wheat,REG021,Rajasthan,2017,1805.5,570.6,6.67,232.7,Rainfed,2.72,733.3
YLD000484,CROP002,Wheat,REG021,Rajasthan,2018,1813.2,484.9,6.91,196.0,Drip,2.6,4352.2
YLD000485,CROP002,Wheat,REG021,Rajasthan,2019,1819.4,275.6,6.0,186.8,Drip,3.71,2825.4
YLD000486,CROP002,Wheat,REG021,Rajasthan,2020,1812.9,490.8,7.1,284.0,Drip,2.67,4162.4
YLD000487,CROP002,Wheat,REG021,Rajasthan,2021,1816.1,454.6,6.71,275.6,Sprinkler,1.12,3476.1
YLD000491,CROP002,Wheat,REG022,Rajasthan,2015,1814.4,437.2,6.84,303.7,Rainfed,1.23,3002.0
YLD000492,CROP002,Wheat,REG022,Rajasthan,2016,1807.5,386.5,7.23,160.2,Drip,2.48,2827.8
YLD000493,CROP002,Wheat,REG022,Rajasthan,2017,1815.0,441.0,7.25,272.4,Flood,3.13,2900.2
YLD000494,CROP002,Wheat,REG022,Rajasthan,2018,1808.5,476.6,7.96,241.6,Sprinkler,1.61,3067.7
YLD000495,CROP002,Wheat,REG022,Rajasthan,2019,1816.5,571.0,6.75,222.8,Flood,3.14,2523.0
YLD000496,CROP002,Wheat,REG022,Rajasthan,2020,1813.6,516.6,7.02,348.8,Rainfed,0.54,2602.8
YLD000497,CROP002,Wheat,REG022,Rajasthan,2021,1810.6,576.9,7.7,233.7,Rainfed,1.83,2362.7
YLD000501,CROP002,Wheat,REG023,Karnataka,2015,1814.4,594.3,6.53,320.1,Sprinkler,4.11,3250.1
YLD000502,CROP002,Wheat,REG023,Karnataka,2016,1812.3,512.6,6.93,207.7,Drip,3.39,4429.6
YLD000503,CROP002,Wheat,REG023,Karnataka,2017,1810.6,381.4,6.6,377.7,Rainfed,2.22,2477.2
YLD000504,CROP002,Wheat,REG023,Karnataka,2018,1808.8,579.4,7.68,356.6,Sprinkler,3.83,2071.6
YLD000505,CROP002,Wheat,REG023,Karnataka,2019,1815.2,234.6,5.22,257.2,Drip,0.82,2464.6
YLD000506,CROP002,Wheat,REG023,Karnataka,2020,1815.9,821.5,6.21,356.0,Flood,3.94,1606.2
YLD000507,CROP002,Wheat,REG023,Karnataka,2021,1807.8,461.7,6.03,195.7,Rainfed,3.21,2723.4
YLD000511,CROP002,Wheat,REG024,Karnataka,2015,1809.3,466.1,5.9,323.0,Flood,0.95,2995.7
YLD000512,CROP002,Wheat,REG024,Karnataka,2016,1812.3,276.6,5.91,248.7,Flood,4.81,2858.7
YLD000513,CROP002,Wheat,REG024,Karnataka,2017,1811.2,435.3,7.12,299.3,Flood,3.99,3894.8
YLD000514,CROP002,Wheat,REG024,Karnataka,2018,1811.7,448.2,7.51,358.9,Flood,4.15,4082.9
YLD000515,CROP002,Wheat,REG024,Karnataka,2019,1808.4,598.2,6.4,262.4,Sprinkler,1.21,2585.6
YLD000516,CROP002,Wheat,REG024,Karnataka,2020,1811.4,372.7,6.36,294.0,Drip,4.96,3949.4
YLD000517,CROP002,Wheat,REG024,Karnataka,2021,1811.8,260.2,6.69,257.6,Rainfed,3.78,2193.4
YLD000521,CROP002,Wheat,REG025,Andhra Pradesh,2015,1810.1,538.9,6.52,201.6,Drip,0.62,2854.5
YLD000522,CROP002,Wheat,REG025,Andhra Pradesh,2016,1813.0,498.4,6.89,327.8,Sprinkler,4.96,4415.6
YLD000523,CROP002,Wheat,REG025,Andhra Pradesh,2017,1819.7,476.9,6.53,391.1,Sprinkler,3.09,3232.3
YLD000524,CROP002,Wheat,REG025,Andhra Pradesh,2018,1809.8,475.4,6.08,298.6,Sprinkler,2.21,3855.3
YLD000525,CROP002,Wheat,REG025,Andhra Pradesh,2019,1805.7,476.5,6.78,149.6,Drip,4.06,2839.5
YLD000526,CROP002,Wheat,REG025,Andhra Pradesh,2020,1809.9,449.7,6.28,274.1,Sprinkler,1.25,3865.1
YLD000527,CROP002,Wheat,REG025,Andhra Pradesh,2021,1813.8,621.9,7.24,333.1,Drip,3.77,3106.6
YLD000531,CROP002,Wheat,REG026,Andhra Pradesh,2015,1807.4,330.1,7.39,354.9,Sprinkler,3.26,2155.0
YLD000532,CROP002,Wheat,REG026,Andhra Pradesh,2016,1814.3,418.4,6.43,333.8,Sprinkler,3.58,4057.1
YLD000533,CROP002,Wheat,REG026,Andhra Pradesh,2017,1815.6,525.7,6.3,277.0,Drip,0.74,3664.8
YLD000534,CROP002,Wheat,REG026,Andhra Pradesh,2018,1808.0,804.0,6.65,227.1,Drip,1.91,706.7
YLD000535,CROP002,Wheat,REG026,Andhra Pradesh,2019,1810.5,772.3,6.5,291.5,Sprinkler,2.53,2496.8
YLD000536,CROP002,Wheat,REG026,Andhra Pradesh,2020,1805.7,469.9,6.13,275.5,Sprinkler,2.71,2063.1
YLD000537,CROP002,Wheat,REG026,Andhra Pradesh,2021,1820.5,277.8,7.15,367.9,Drip,4.6,1987.3
YLD000541,CROP002,Wheat,REG027,Tamil Nadu,2015,1805.2,273.1,7.29,255.0,Drip,1.53,2406.9
YLD000542,CROP002,Wheat,REG027,Tamil Nadu,2016,1811.4,574.4,6.48,273.0,Rainfed,2.71,2588.8
YLD000543,CROP002,Wheat,REG027,Tamil Nadu,2017,1816.7,488.3,5.59,161.8,Flood,1.9,3188.2
YLD000544,CROP002,Wheat,REG027,Tamil Nadu,2018,1805.6,254.6,6.53,366.4,Flood,2.39,1971.8
YLD000545,CROP002,Wheat,REG027,Tamil Nadu,2019,1811.8,625.7,7.0,198.2,Flood,1.66,2881.6
YLD000546,CROP002,Wheat,REG027,Tamil Nadu,2020,1812.1,376.2,5.64,221.3,Rainfed,2.06,2739.4
YLD000547,CROP002,Wheat,REG027,Tamil Nadu,2021,1813.3,360.3,6.07,289.4,Drip,2.47,3848.4
YLD000551,CROP002,Wheat,REG028,Tamil Nadu,2015,1809.4,331.6,5.94,320.8,Rainfed,3.25,1885.0
YLD000552,CROP002,Wheat,REG028,Tamil Nadu,2016,1820.0,429.1,6.41,353.7,Sprinkler,2.65,2870.1
YLD000553,CROP002,Wheat,REG028,Tamil Nadu,2017,1810.9,425.3,6.93,134.0,Drip,4.69,4427.2
YLD000554,CROP002,Wheat,REG028,Tamil Nadu,2018,1810.7,214.0,7.05,200.1,Drip,1.76,2665.5
YLD000555,CROP002,Wheat,REG028,Tamil Nadu,2019,1810.5,343.8,6.98,302.3,Flood,4.65,3604.2
YLD000556,CROP002,Wheat,REG028,Tamil Nadu,2020,1813.4,528.3,6.05,300.6,Rainfed,0.54,2824.3
YLD000557,CROP002,Wheat,REG028,Tamil Nadu,2021,1818.2,594.8,6.33,354.0,Flood,1.0,2331.4
YLD000561,CROP003,Maize,REG001,Punjab,2015,1616.0,416.4,6.33,370.6,Flood,4.52,2311.0
YLD000562,CROP003,Maize,REG001,Punjab,2016,1608.9,668.3,6.85,247.8,Rainfed,1.84,1842.2
YLD000563,CROP003,Maize,REG001,Punjab,2017,1608.8,488.0,6.07,198.5,Flood,2.45,2602.7
YLD000564,CROP003,Maize,REG001,Punjab,2018,1618.6,456.4,6.98,154.9,Rainfed,1.65,1537.8
YLD000565,CROP003,Maize,REG001,Punjab,2019,1613.5,533.7,6.86,319.2,Flood,2.93,3483.1
YLD000566,CROP003,Maize,REG001,Punjab,2020,1611.3,427.9,6.86,255.8,Drip,3.76,2606.3
YLD000567,CROP003,Maize,REG001,Punjab,2021,1611.9,639.4,6.96,224.2,Drip,0.54,3300.2
YLD000571,CROP003,Maize,REG002,Punjab,2015,1610.9,612.6,6.49,292.1,Flood,0.67,3168.9
YLD000572,CROP003,Maize,REG002,Punjab,2016,1610.8,416.6,6.59,324.2,Sprinkler,0.62,2974.7
YLD000573,CROP003,Maize,REG002,Punjab,2017,1612.6,510.0,6.52,263.4,Sprinkler,4.18,3988.3
YLD000574,CROP003,Maize,REG002,Punjab,2018,1606.0,243.6,6.49,195.2,Flood,4.3,1145.1
YLD000575,CROP003,Maize,REG002,Punjab,2019,1615.5,651.3,6.55,198.2,Flood,4.3,2712.5
YLD000576,CROP003,Maize,REG002,Punjab,2020,1612.5,348.7,7.14,342.5,Rainfed,3.22,1723.3
YLD000577,CROP003,Maize,REG002,Punjab,2021,1615.6,678.2,7.62,262.6,Drip,1.61,2787.5
YLD000581,CROP003,Maize,REG003,Punjab,2015,1606.5,655.9,6.37,264.6,Drip,1.25,2185.3
YLD000582,CROP003,Maize,REG003,Punjab,2016,1618.2,567.4,6.05,263.6,Flood,3.79,2576.8
YLD000583,CROP003,Maize,REG003,Punjab,2017,1612.8,758.1,6.9,260.7,Rainfed,4.44,2004.8
YLD000584,CROP003,Maize,REG003,Punjab,2018,1617.6,534.6,6.79,227.6,Drip,2.96,3208.8
YLD000585,CROP003,Maize,REG003,Punjab,2019,1615.7,698.1,6.7,292.0,Rainfed,3.52,2648.4
YLD000586,CROP003,Maize,REG003,Punjab,2020,1612.3,309.2,6.46,242.1,Sprinkler,0.79,2983.6
YLD000587,CROP003,Maize,REG003,Punjab,2021,1610.5,649.6,6.59,277.5,Flood,3.44,2374.7
YLD000591,CROP003,Maize,REG004,Haryana,2015,1610.9,713.5,6.33,291.6,Flood,4.2,2382.7
YLD000592,CROP003,Maize,REG004,Haryana,2016,1611.2,620.9,6.35,297.6,Flood,4.6,2853.1
YLD000593,CROP003,Maize,REG004,Haryana,2017,1609.8,805.0,7.07,274.8,Rainfed,4.68,1035.8
YLD000594,CROP003,Maize,REG004,Haryana,2018,1609.7,689.1,6.93,251.5,Sprinkler,1.8,3280.3
YLD000595,CROP003,Maize,REG004,Haryana,2019,1608.4,96.8,6.88,169.0,Drip,4.89,1079.3
YLD000596,CROP003,Maize,REG004,Haryana,2020,1615.4,387.0,6.62,240.6,Rainfed,4.66,2232.4
YLD000597,CROP003,Maize,REG004,Haryana,2021,1614.5,420.7,7.28,256.2,Sprinkler,4.28,2811.7
YLD000601,CROP003,Maize,REG005,Haryana,2015,1622.3,662.5,6.23,282.7,Sprinkler,4.64,1956.1
YLD000602,CROP003,Maize,REG005,Haryana,2016,1610.8,685.5,7.03,152.7,Sprinkler,1.58,3203.7
YLD000603,CROP003,Maize,REG005,Haryana,2017,1613.4,509.6,7.39,257.3,Flood,0.56,3304.0
YLD000604,CROP003,Maize,REG005,Haryana,2018,1619.5,224.2,7.32,305.2,Drip,1.02,1515.7
YLD000605,CROP003,Maize,REG005,Haryana,2019,1614.7,606.7,6.76,357.6,Sprinkler,1.44,3533.6
YLD000606,CROP003,Maize,REG005,Haryana,2020,1614.9,396.7,6.58,293.4,Rainfed,4.36,2401.9
YLD000607,CROP003,Maize,REG005,Haryana,2021,1617.4,455.9,6.61,256.3,Sprinkler,1.63,3336.0
YLD000611,CROP003,Maize,REG006,Uttar Pradesh,2015,1613.5,738.1,6.24,313.4,Flood,2.96,2960.3
YLD000612,CROP003,Maize,REG006,Uttar Pradesh,2016,1614.2,483.7,7.05,259.3,Sprinkler,3.11,3628.7
YLD000613,CROP003,Maize,REG006,Uttar Pradesh,2017,1611.0,520.6,6.73,322.2,Flood,2.8,3084.9
YLD000614,CROP003,Maize,REG006,Uttar Pradesh,2018,1618.9,362.1,7.52,294.1,Rainfed,1.99,1287.3
YLD000615,CROP003,Maize,REG006,Uttar Pradesh,2019,1610.3,436.9,7.31,290.0,Sprinkler,1.12,2820.3
YLD000616,CROP003,Maize,REG006,Uttar Pradesh,2020,1611.7,657.5,6.29,350.8,Flood,1.98,3413.6
YLD000617,CROP003,Maize,REG006,Uttar Pradesh,2021,1617.1,511.5,6.65,232.3,Flood,3.06,2958.8
YLD000621,CROP003,Maize,REG007,Uttar Pradesh,2015,1622.6,520.6,6.3,182.6,Drip,3.66,2207.9
YLD000622,CROP003,Maize,REG007,Uttar Pradesh,2016,1615.3,785.9,6.87,406.6,Sprinkler,2.99,2084.7
YLD000623,CROP003,Maize,REG007,Uttar Pradesh,2017,1613.5,655.8,6.79,324.4,Flood,2.08,3283.1
YLD000624,CROP003,Maize,REG007,Uttar Pradesh,2018,1611.1,290.0,7.25,305.6,Flood,3.52,2360.1
YLD000625,CROP003,Maize,REG007,Uttar Pradesh,2019,1614.1,667.5,5.95,259.8,Rainfed,2.4,2523.9
YLD000626,CROP003,Maize,REG007,Uttar Pradesh,2020,1615.9,573.9,7.11,289.6,Sprinkler,4.01,3271.5
YLD000627,CROP003,Maize,REG007,Uttar Pradesh,2021,1617.9,780.7,6.11,263.9,Rainfed,4.87,1295.2
YLD000631,CROP003,Maize,REG008,Uttar Pradesh,2015,1613.0,667.6,7.79,206.6,Sprinkler,4.87,3285.5
YLD000632,CROP003,Maize,REG008,Uttar Pradesh,2016,1609.5,580.0,6.26,387.5,Sprinkler,4.86,3074.1
YLD000633,CROP003,Maize,REG008,Uttar Pradesh,2017,1615.9,545.6,7.68,339.2,Drip,4.83,3771.3
YLD000634,CROP003,Maize,REG008,Uttar Pradesh,2018,1614.8,411.7,6.37,330.7,Drip,4.28,3521.3
YLD000635,CROP003,Maize,REG008,Uttar Pradesh,2019,1609.9,781.5,7.32,192.9,Sprinkler,1.28,2257.7
YLD000636,CROP003,Maize,REG008,Uttar Pradesh,2020,1614.0,734.8,6.61,278.1,Rainfed,3.79,2499.5
YLD000637,CROP003,Maize,REG008,Uttar Pradesh,2021,1614.1,494.8,6.76,194.0,Sprinkler,1.12,3280.7
YLD000641,CROP003,Maize,REG009,Bihar,2015,1614.8,611.6,6.44,319.8,Rainfed,4.34,2841.2
YLD000642,CROP003,Maize,REG009,Bihar,2016,1610.9,544.5,6.93,224.0,Rainfed,4.3,3216.8
YLD000643,CROP003,Maize,REG009,Bihar,2017,1616.4,903.3,6.25,356.6,Flood,1.54,1288.2
YLD000644,CROP003,Maize,REG009,Bihar,2018,1612.3,390.3,6.33,334.5,Sprinkler,1.12,3166.4
YLD000645,CROP003,Maize,REG009,Bihar,2019,1615.3,656.9,6.85,226.9,Rainfed,3.77,2422.9
YLD000646,CROP003,Maize,REG009,Bihar,2020,1610.5,240.1,7.23,267.3,Drip,1.78,1947.8
YLD000647,CROP003,Maize,REG009,Bihar,2021,1614.0,372.6,6.28,236.7,Sprinkler,3.89,3005.8
YLD000651,CROP003,Maize,REG010,Bihar,2015,1615.4,641.3,6.53,306.9,Rainfed,2.36,2300.0
YLD000652,CROP003,Maize,REG010,Bihar,2016,1621.3,517.7,6.03,278.8,Drip,4.76,2964.4
YLD000653,CROP003,Maize,REG010,Bihar,2017,1614.0,579.4,6.14,432.7,Rainfed,2.53,3350.4
YLD000654,CROP003,Maize,REG010,Bihar,2018,1608.9,540.7,6.73,276.5,Drip,4.73,3405.0
YLD000655,CROP003,Maize,REG010,Bihar,2019,1619.8,525.7,7.47,173.5,Drip,1.76,2875.9
YLD000656,CROP003,Maize,REG010,Bihar,2020,1611.7,411.2,7.88,253.9,Flood,0.55,1979.7
YLD000657,CROP003,Maize,REG010,Bihar,2021,1618.6,447.9,7.83,301.9,Drip,2.15,2345.4
YLD000661,CROP003,Maize,REG011,West Bengal,2015,1613.1,623.3,6.29,237.2,Flood,2.91,3100.8
YLD000662,CROP003,Maize,REG011,West Bengal,2016,1614.7,501.9,6.23,244.3,Rainfed,4.53,3101.4
YLD000663,CROP003,Maize,REG011,West Bengal,2017,1607.5,756.9,6.26,318.4,Rainfed,3.53,715.4
YLD000664,CROP003,Maize,REG011,West Bengal,2018,1615.7,598.0,6.55,327.5,Drip,2.58,3784.4
YLD000665,CROP003,Maize,REG011,West Bengal,2019,1614.8,452.6,6.32,194.9,Flood,0.99,3001.3
YLD000666,CROP003,Maize,REG011,West Bengal,2020,1607.5,360.6,6.33,318.2,Flood,1.27,1573.7
YLD000667,CROP003,Maize,REG011,West Bengal,2021,1614.0,317.5,6.15,285.2,Drip,4.64,3591.7
YLD000671,CROP003,Maize,REG012,West Bengal,2015,1614.9,755.6,6.26,352.3,Flood,1.45,2250.0
YLD000672,CROP003,Maize,REG012,West Bengal,2016,1614.3,168.5,6.46,221.8,Flood,0.63,2061.4
YLD000673,CROP003,Maize,REG012,West Bengal,2017,1611.4,338.4,6.4,288.4,Flood,1.38,2242.8
YLD000674,CROP003,Maize,REG012,West Bengal,2018,1609.9,802.3,6.58,365.9,Sprinkler,3.9,2151.9
YLD000675,CROP003,Maize,REG012,West Bengal,2019,1612.7,480.0,7.52,272.8,Flood,1.91,3082.8
YLD000676,CROP003,Maize,REG012,West Bengal,2020,1617.1,550.9,7.43,368.6,Flood,1.14,2970.1
YLD000677,CROP003,Maize,REG012,West Bengal,2021,1618.3,373.3,6.46,330.8,Sprinkler,4.51,2737.4
YLD000681,CROP003,Maize,REG013,Madhya Pradesh,2015,1606.1,547.4,6.63,282.5,Sprinkler,3.35,2601.3
YLD000682,CROP003,Maize,REG013,Madhya Pradesh,2016,1616.0,581.9,6.25,258.4,Drip,1.29,4159.2
YLD000683,CROP003,Maize,REG013,Madhya Pradesh,2017,1613.4,687.4,5.87,276.6,Flood,0.53,3420.2
YLD000684,CROP003,Maize,REG013,Madhya Pradesh,2018,1613.8,510.5,7.22,152.4,Drip,1.2,3681.0
YLD000685,CROP003,Maize,REG013,Madhya Pradesh,2019,1609.7,753.0,6.38,355.2,Sprinkler,0.71,2536.2
YLD000686,CROP003,Maize,REG013,Madhya Pradesh,2020,1617.8,452.5,7.19,362.8,Flood,1.17,2635.9
YLD000687,CROP003,Maize,REG013,Madhya Pradesh,2021,1619.6,848.2,6.44,319.0,Sprinkler,4.89,1547.7
YLD000691,CROP003,Maize,REG014,Madhya Pradesh,2015,1619.6,628.0,6.48,194.8,Sprinkler,1.74,2022.5
YLD000692,CROP003,Maize,REG014,Madhya Pradesh,2016,1616.9,665.6,6.61,183.1,Flood,0.5,2634.4
YLD000693,CROP003,Maize,REG014,Madhya Pradesh,2017,1616.6,797.0,6.52,260.1,Sprinkler,2.86,1892.0
YLD000694,CROP003,Maize,REG014,Madhya Pradesh,2018,1609.7,505.4,6.48,148.0,Sprinkler,2.06,2914.4
YLD000695,CROP003,Maize,REG014,Madhya Pradesh,2019,1616.1,557.8,6.71,290.4,Flood,1.7,3151.6
YLD000696,CROP003,Maize,REG014,Madhya Pradesh,2020,1622.2,493.3,6.38,243.4,Sprinkler,2.7,1894.6
YLD000697,CROP003,Maize,REG014,Madhya Pradesh,2021,1612.5,313.3,7.13,227.1,Sprinkler,1.72,2916.0
YLD000701,CROP003,Maize,REG015,Madhya Pradesh,2015,1614.5,593.9,6.71,260.5,Rainfed,2.55,2641.1
YLD000702,CROP003,Maize,REG015,Madhya Pradesh,2016,1620.4,593.7,7.45,379.8,Flood,3.51,2405.7
YLD000703,CROP003,Maize,REG015,Madhya Pradesh,2017,1619.7,451.9,7.1,223.8,Flood,4.55,2351.7
YLD000704,CROP003,Maize,REG015,Madhya Pradesh,2018,1614.2,591.2,6.59,251.3,Sprinkler,3.76,4086.9
YLD000705,CROP003,Maize,REG015,Madhya Pradesh,2019,1616.4,341.4,6.37,226.9,Rainfed,2.52,2041.0
YLD000706,CROP003,Maize,REG015,Madhya Pradesh,2020,1617.8,615.5,6.86,318.1,Rainfed,1.32,2320.6
YLD000707,CROP003,Maize,REG015,Madhya Pradesh,2021,1616.0,588.8,6.31,474.9,Flood,2.74,3438.1
YLD000711,CROP003,Maize,REG016,Maharashtra,2015,1609.9,712.2,7.43,334.4,Flood,1.83,2512.7
YLD000712,CROP003,Maize,REG016,Maharashtra,2016,1605.7,501.6,5.81,340.4,Sprinkler,2.86,2388.1
YLD000713,CROP003,Maize,REG016,Maharashtra,2017,1608.8,740.6,6.43,295.8,Flood,4.02,1978.8
YLD000714,CROP003,Maize,REG016,Maharashtra,2018,1620.7,792.5,6.38,276.6,Rainfed,4.93,570.0
YLD000715,CROP003,Maize,REG016,Maharashtra,2019,1609.1,618.2,6.98,236.5,Sprinkler,4.26,2769.0
YLD000716,CROP003,Maize,REG016,Maharashtra,2020,1617.2,348.1,6.49,278.5,Drip,3.77,2388.4
YLD000717,CROP003,Maize,REG016,Maharashtra,2021,1614.4,533.7,7.12,286.0,Rainfed,1.47,2616.3
YLD000721,CROP003,Maize,REG017,Maharashtra,2015,1618.1,593.4,6.64,222.0,Rainfed,4.34,2138.0
YLD000722,CROP003,Maize,REG017,Maharashtra,2016,1612.1,800.4,6.86,298.9,Drip,4.97,2759.1
YLD000723,CROP003,Maize,REG017,Maharashtra,2017,1613.6,643.2,7.04,238.5,Rainfed,3.62,2729.9
YLD000724,CROP003,Maize,REG017,Maharashtra,2018,1613.0,578.2,6.49,309.9,Rainfed,2.86,2962.4
YLD000725,CROP003,Maize,REG017,Maharashtra,2019,1616.0,722.0,6.01,394.5,Drip,2.5,2746.2
YLD000726,CROP003,Maize,REG017,Maharashtra,2020,1614.0,758.7,6.98,295.5,Rainfed,2.13,2132.5
YLD000727,CROP003,Maize,REG017,Maharashtra,2021,1611.6,581.6,7.06,358.3,Sprinkler,2.76,2920.0
YLD000731,CROP003,Maize,REG018,Maharashtra,2015,1611.3,584.4,7.74,449.7,Flood,2.76,3232.2
YLD000732,CROP003,Maize,REG018,Maharashtra,2016,1616.6,639.6,7.23,290.6,Sprinkler,1.5,2916.6
YLD000733,CROP003,Maize,REG018,Maharashtra,2017,1613.0,367.2,6.63,253.4,Drip,2.92,3322.2
YLD000734,CROP003,Maize,REG018,Maharashtra,2018,1617.3,447.9,6.43,275.8,Drip,3.37,3418.4
YLD000735,CROP003,Maize,REG018,Maharashtra,2019,1612.1,388.5,6.74,337.9,Rainfed,4.28,1993.2
YLD000736,CROP003,Maize,REG018,Maharashtra,2020,1616.5,675.7,6.24,239.5,Drip,2.75,3160.2
YLD000737,CROP003,Maize,REG018,Maharashtra,2021,1618.7,726.8,6.7,352.3,Rainfed,3.99,1608.0
YLD000741,CROP003,Maize,REG019,Gujarat,2015,1611.3,754.3,7.32,340.9,Rainfed,3.04,1927.3
YLD000742,CROP003,Maize,REG019,Gujarat,2016,1616.9,701.6,6.47,341.7,Flood,3.3,2900.2
YLD000743,CROP003,Maize,REG019,Gujarat,2017,1614.3,480.9,7.13,391.9,Sprinkler,4.72,3984.7
YLD000744,CROP003,Maize,REG019,Gujarat,2018,1613.0,709.2,6.4,267.1,Flood,3.5,2808.4
YLD000745,CROP003,Maize,REG019,Gujarat,2019,1615.8,607.6,6.14,255.9,Sprinkler,1.05,3343.5
YLD000746,CROP003,Maize,REG019,Gujarat,2020,1618.4,296.8,7.28,383.5,Flood,1.99,1799.1
YLD000747,CROP003,Maize,REG019,Gujarat,2021,1609.6,784.5,6.57,226.2,Drip,4.76,2463.6
YLD000751,CROP003,Maize,REG020,Gujarat,2015,1609.6,699.3,6.76,247.0,Flood,3.29,2204.0
YLD000752,CROP003,Maize,REG020,Gujarat,2016,1616.9,280.2,6.81,312.7,Flood,4.29,2287.5
YLD000753,CROP003,Maize,REG020,Gujarat,2017,1613.9,471.3,7.44,251.7,Flood,1.2,2812.0
YLD000754,CROP003,Maize,REG020,Gujarat,2018,1615.9,726.9,5.88,357.3,Rainfed,2.24,1618.3
YLD000755,CROP003,Maize,REG020,Gujarat,2019,1613.1,749.0,7.24,308.3,Drip,2.93,3593.5
YLD000756,CROP003,Maize,REG020,Gujarat,2020,1616.9,544.9,6.32,237.9,Flood,4.54,2849.8
YLD000757,CROP003,Maize,REG020,Gujarat,2021,1610.4,542.4,6.57,248.1,Drip,2.15,3598.8
YLD000761,CROP003,Maize,REG021,Rajasthan,2015,1609.9,358.8,7.45,349.8,Rainfed,2.6,1212.3
YLD000762,CROP003,Maize,REG021,Rajasthan,2016,1615.5,679.7,7.12,265.6,Flood,2.13,2757.5
YLD000763,CROP003,Maize,REG021,Rajasthan,2017,1614.3,603.6,6.55,282.3,Rainfed,4.9,3102.9
YLD000764,CROP003,Maize,REG021,Rajasthan,2018,1614.0,866.8,6.24,344.3,Flood,4.33,2924.6
YLD000765,CROP003,Maize,REG021,Rajasthan,2019,1611.5,734.3,6.47,359.5,Sprinkler,4.13,2749.4
YLD000766,CROP003,Maize,REG021,Rajasthan,2020,1615.2,300.2,7.12,175.5,Rainfed,0.51,1466.4
YLD000767,CROP003,Maize,REG021,Rajasthan,2021,1608.7,679.2,7.33,211.0,Flood,1.06,2060.5
YLD000771,CROP003,Maize,REG022,Rajasthan,2015,1615.3,457.5,5.94,329.4,Rainfed,3.94,2132.1
YLD000772,CROP003,Maize,REG022,Rajasthan,2016,1612.7,899.5,6.63,154.0,Rainfed,2.17,1702.2
YLD000773,CROP003,Maize,REG022,Rajasthan,2017,1607.0,499.6,6.32,221.5,Sprinkler,0.67,2576.8
YLD000774,CROP003,Maize,REG022,Rajasthan,2018,1612.3,317.9,6.97,267.4,Flood,1.94,2211.1
YLD000775,CROP003,Maize,REG022,Rajasthan,2019,1611.4,450.0,6.73,204.7,Sprinkler,3.1,3259.2
YLD000776,CROP003,Maize,REG022,Rajasthan,2020,1614.5,508.0,7.27,306.5,Sprinkler,4.86,3552.3
YLD000777,CROP003,Maize,REG022,Rajasthan,2021,1617.0,318.6,6.09,204.7,Sprinkler,2.99,2239.8
YLD000781,CROP003,Maize,REG023,Karnataka,2015,1621.6,301.5,6.02,168.2,Rainfed,1.37,1142.2
YLD000782,CROP003,Maize,REG023,Karnataka,2016,1614.4,466.0,7.52,407.7,Rainfed,1.97,2416.9
YLD000783,CROP003,Maize,REG023,Karnataka,2017,1610.7,757.1,6.58,291.1,Flood,1.01,2233.4
YLD000784,CROP003,Maize,REG023,Karnataka,2018,1613.6,307.3,7.64,220.3,Sprinkler,2.92,2648.2
YLD000785,CROP003,Maize,REG023,Karnataka,2019,1612.8,545.3,6.85,328.8,Flood,4.93,3161.6
YLD000786,CROP003,Maize,REG023,Karnataka,2020,1616.4,634.1,6.96,346.2,Drip,0.85,3042.5
YLD000787,CROP003,Maize,REG023,Karnataka,2021,1614.3,716.6,7.48,378.7,Drip,4.19,3477.9
YLD000791,CROP003,Maize,REG024,Karnataka,2015,1607.4,601.6,6.99,285.3,Sprinkler,2.36,2201.6
YLD000792,CROP003,Maize,REG024,Karnataka,2016,1613.5,577.8,7.06,329.0,Drip,2.45,4144.2
YLD000793,CROP003,Maize,REG024,Karnataka,2017,1612.0,443.1,6.93,283.5,Sprinkler,3.91,3486.5
YLD000794,CROP003,Maize,REG024,Karnataka,2018,1613.1,164.9,7.38,167.4,Rainfed,4.92,1091.2
YLD000795,CROP003,Maize,REG024,Karnataka,2019,1610.8,522.8,7.39,166.4,Rainfed,2.27,2264.0
YLD000796,CROP003,Maize,REG024,Karnataka,2020,1614.3,411.6,7.09,414.2,Rainfed,0.73,2481.3
YLD000797,CROP003,Maize,REG024,Karnataka,2021,1621.0,818.2,6.82,377.3,Flood,3.65,674.0
YLD000801,CROP003,Maize,REG025,Andhra Pradesh,2015,1611.8,683.0,8.08,254.7,Drip,1.94,3222.9
YLD000802,CROP003,Maize,REG025,Andhra Pradesh,2016,1607.3,451.2,7.13,291.1,Flood,3.72,2623.9
YLD000803,CROP003,Maize,REG025,Andhra Pradesh,2017,1608.9,843.8,7.34,242.5,Rainfed,3.91,889.4
YLD000804,CROP003,Maize,REG025,Andhra Pradesh,2018,1612.2,340.3,6.11,267.2,Rainfed,0.84,1583.9
YLD000805,CROP003,Maize,REG025,Andhra Pradesh,2019,1616.1,313.4,6.47,371.6,Sprinkler,1.52,2654.2
YLD000806,CROP003,Maize,REG025,Andhra Pradesh,2020,1613.4,513.6,7.12,274.4,Flood,1.9,3412.4
YLD000807,CROP003,Maize,REG025,Andhra Pradesh,2021,1615.3,621.5,7.01,365.2,Rainfed,3.7,2739.0
YLD000811,CROP003,Maize,REG026,Andhra Pradesh,2015,1616.6,827.8,6.76,300.3,Drip,2.8,2608.5
YLD000812,CROP003,Maize,REG026,Andhra Pradesh,2016,1613.3,445.9,5.95,228.3,Flood,1.44,2744.2
YLD000813,CROP003,Maize,REG026,Andhra Pradesh,2017,1612.8,762.5,7.19,380.7,Flood,4.07,2323.8
YLD000814,CROP003,Maize,REG026,Andhra Pradesh,2018,1607.9,657.5,7.7,189.6,Flood,4.46,1965.5
YLD000815,CROP003,Maize,REG026,Andhra Pradesh,2019,1614.3,658.6,7.38,143.8,Flood,4.1,2960.1
YLD000816,CROP003,Maize,REG026,Andhra Pradesh,2020,1622.0,751.6,5.58,365.9,Rainfed,4.26,619.2
YLD000817,CROP003,Maize,REG026,Andhra Pradesh,2021,1619.8,561.0,7.26,264.0,Drip,3.77,2805.7
YLD000821,CROP003,Maize,REG027,Tamil Nadu,2015,1616.6,714.5,6.42,358.7,Sprinkler,2.35,2666.5
YLD000822,CROP003,Maize,REG027,Tamil Nadu,2016,1615.7,467.2,6.13,339.7,Drip,4.1,3386.0
YLD000823,CROP003,Maize,REG027,Tamil Nadu,2017,1611.9,864.4,7.39,242.4,Flood,4.13,2309.5
YLD000824,CROP003,Maize,REG027,Tamil Nadu,2018,1610.3,808.0,7.52,370.1,Sprinkler,2.9,2218.5
YLD000825,CROP003,Maize,REG027,Tamil Nadu,2019,1609.1,173.1,7.09,314.9,Sprinkler,3.05,1132.7
YLD000826,CROP003,Maize,REG027,Tamil Nadu,2020,1612.4,362.8,7.16,259.3,Sprinkler,2.62,2584.9
YLD000827,CROP003,Maize,REG027,Tamil Nadu,2021,1618.4,479.5,7.27,186.2,Flood,1.46,2372.1
YLD000831,CROP003,Maize,REG028,Tamil Nadu,2015,1611.3,544.4,6.79,168.8,Rainfed,2.24,2193.6
YLD000832,CROP003,Maize,REG028,Tamil Nadu,2016,1608.7,418.3,6.37,327.9,Sprinkler,4.14,2848.9
YLD000833,CROP003,Maize,REG028,Tamil Nadu,2017,1609.0,402.3,7.06,352.7,Sprinkler,4.95,2782.1
YLD000834,CROP003,Maize,REG028,Tamil Nadu,2018,1612.5,659.0,7.29,312.3,Rainfed,0.72,2289.9
YLD000835,CROP003,Maize,REG028,Tamil Nadu,2019,1616.7,607.1,7.39,253.8,Rainfed,2.22,1814.7
YLD000836,CROP003,Maize,REG028,Tamil Nadu,2020,1612.8,504.9,7.08,272.3,Flood,3.61,3569.5
YLD000837,CROP003,Maize,REG028,Tamil Nadu,2021,1621.7,231.6,6.95,262.3,Rainfed,2.27,570.0
YLD000841,CROP004,Sorghum (Jowar),REG001,Punjab,2015,710.4,356.7,7.17,199.2,Sprinkler,4.53,726.0
YLD000842,CROP004,Sorghum (Jowar),REG001,Punjab,2016,715.2,460.6,6.59,375.1,Rainfed,0.95,1090.3
YLD000843,CROP004,Sorghum (Jowar),REG001,Punjab,2017,708.4,474.9,6.33,363.4,Rainfed,3.58,696.3
YLD000844,CROP004,Sorghum (Jowar),REG001,Punjab,2018,714.3,561.6,6.9,259.7,Sprinkler,3.4,1346.1
YLD000845,CROP004,Sorghum (Jowar),REG001,Punjab,2019,716.2,563.5,7.71,260.3,Rainfed,3.14,1009.3
YLD000846,CROP004,Sorghum (Jowar),REG001,Punjab,2020,721.4,398.0,6.58,168.2,Rainfed,4.7,735.9
YLD000847,CROP004,Sorghum (Jowar),REG001,Punjab,2021,712.9,547.4,7.09,297.4,Flood,1.67,1083.0
YLD000851,CROP004,Sorghum (Jowar),REG002,Punjab,2015,715.1,336.6,6.76,305.7,Drip,3.94,1365.7
YLD000852,CROP004,Sorghum (Jowar),REG002,Punjab,2016,716.7,613.1,7.28,275.4,Drip,1.58,1353.0
YLD000853,CROP004,Sorghum (Jowar),REG002,Punjab,2017,717.0,436.6,6.93,440.0,Flood,4.43,1415.4
YLD000854,CROP004,Sorghum (Jowar),REG002,Punjab,2018,717.5,412.7,6.5,244.1,Drip,4.84,1714.2
YLD000855,CROP004,Sorghum (Jowar),REG002,Punjab,2019,711.8,638.3,6.74,303.6,Drip,4.39,941.9
YLD000856,CROP004,Sorghum (Jowar),REG002,Punjab,2020,715.9,251.8,7.8,245.4,Rainfed,3.94,845.0
YLD000857,CROP004,Sorghum (Jowar),REG002,Punjab,2021,711.3,344.5,6.9,237.5,Flood,3.96,1000.2
YLD000861,CROP004,Sorghum (Jowar),REG003,Punjab,2015,719.9,268.8,6.35,270.5,Drip,2.1,1141.6
YLD000862,CROP004,Sorghum (Jowar),REG003,Punjab,2016,712.2,532.5,7.33,241.9,Rainfed,1.86,594.5
YLD000863,CROP004,Sorghum (Jowar),REG003,Punjab,2017,712.2,488.1,7.53,353.9,Drip,0.78,1402.3
YLD000864,CROP004,Sorghum (Jowar),REG003,Punjab,2018,718.2,510.1,7.05,269.4,Flood,3.18,1193.1
YLD000865,CROP004,Sorghum (Jowar),REG003,Punjab,2019,722.4,437.8,7.08,363.0,Sprinkler,3.22,1149.5
YLD000866,CROP004,Sorghum (Jowar),REG003,Punjab,2020,716.2,253.3,6.63,226.2,Flood,4.2,925.5
YLD000867,CROP004,Sorghum (Jowar),REG003,Punjab,2021,712.7,857.8,7.19,318.2,Rainfed,1.82,225.0
YLD000871,CROP004,Sorghum (Jowar),REG004,Haryana,2015,712.0,436.4,6.88,229.3,Rainfed,3.65,918.9
YLD000872,CROP004,Sorghum (Jowar),REG004,Haryana,2016,714.6,273.7,6.46,214.0,Rainfed,2.33,808.0
YLD000873,CROP004,Sorghum (Jowar),REG004,Haryana,2017,713.0,455.3,6.97,254.3,Rainfed,3.26,1093.1
YLD000874,CROP004,Sorghum (Jowar),REG004,Haryana,2018,707.4,747.4,6.47,239.9,Rainfed,3.91,225.0
YLD000875,CROP004,Sorghum (Jowar),REG004,Haryana,2019,716.9,381.7,7.04,229.3,Rainfed,0.64,1166.4
YLD000876,CROP004,Sorghum (Jowar),REG004,Haryana,2020,719.1,634.0,6.4,258.6,Flood,4.79,841.3
YLD000877,CROP004,Sorghum (Jowar),REG004,Haryana,2021,712.7,471.8,5.76,325.3,Drip,2.13,1292.8
YLD000881,CROP004,Sorghum (Jowar),REG005,Haryana,2015,710.8,343.3,6.08,198.2,Flood,3.02,821.5
YLD000882,CROP004,Sorghum (Jowar),REG005,Haryana,2016,717.4,466.4,7.12,319.7,Sprinkler,3.14,1523.4
YLD000883,CROP004,Sorghum (Jowar),REG005,Haryana,2017,711.8,435.0,7.18,298.0,Rainfed,0.91,776.4
YLD000884,CROP004,Sorghum (Jowar),REG005,Haryana,2018,712.9,506.1,7.34,351.7,Flood,3.43,927.4
YLD000885,CROP004,Sorghum (Jowar),REG005,Haryana,2019,715.1,439.5,7.39,220.6,Flood,1.95,1268.7
YLD000886,CROP004,Sorghum (Jowar),REG005,Haryana,2020,717.2,243.8,6.24,279.1,Rainfed,4.44,694.1
YLD000887,CROP004,Sorghum (Jowar),REG005,Haryana,2021,722.3,402.8,6.16,307.2,Sprinkler,4.43,1156.8
YLD000891,CROP004,Sorghum (Jowar),REG006,Uttar Pradesh,2015,720.6,333.4,6.12,322.6,Sprinkler,3.05,1194.3
YLD000892,CROP004,Sorghum (Jowar),REG006,Uttar Pradesh,2016,718.2,360.7,7.24,261.9,Flood,4.27,1138.1
YLD000893,CROP004,Sorghum (Jowar),REG006,Uttar Pradesh,2017,715.1,406.0,7.53,192.3,Flood,4.93,1198.4
YLD000894,CROP004,Sorghum (Jowar),REG006,Uttar Pradesh,2018,714.7,656.8,6.68,303.0,Flood,2.42,903.8
YLD000895,CROP004,Sorghum (Jowar),REG006,Uttar Pradesh,2019,715.7,477.3,6.85,186.8,Flood,2.27,1368.9
YLD000896,CROP004,Sorghum (Jowar),REG006,Uttar Pradesh,2020,716.7,628.6,6.86,389.2,Rainfed,2.05,744.6
YLD000897,CROP004,Sorghum (Jowar),REG006,Uttar Pradesh,2021,712.8,512.8,7.63,257.7,Drip,4.1,1136.4
YLD000901,CROP004,Sorghum (Jowar),REG007,Uttar Pradesh,2015,715.9,783.3,6.21,250.4,Drip,4.65,799.0
YLD000902,CROP004,Sorghum (Jowar),REG007,Uttar Pradesh,2016,718.2,501.2,6.74,474.1,Rainfed,1.8,1002.1
YLD000903,CROP004,Sorghum (Jowar),REG007,Uttar Pradesh,2017,713.1,863.7,6.45,328.5,Rainfed,4.95,225.0
YLD000904,CROP004,Sorghum (Jowar),REG007,Uttar Pradesh,2018,715.5,437.1,6.17,313.6,Flood,4.43,1247.9
YLD000905,CROP004,Sorghum (Jowar),REG007,Uttar Pradesh,2019,723.5,531.5,5.69,209.8,Rainfed,3.64,326.6
YLD000906,CROP004,Sorghum (Jowar),REG007,Uttar Pradesh,2020,711.5,505.6,7.21,296.9,Flood,1.77,1004.4
YLD000907,CROP004,Sorghum (Jowar),REG007,Uttar Pradesh,2021,717.3,297.8,6.55,284.8,Rainfed,2.9,1145.5
YLD000911,CROP004,Sorghum (Jowar),REG008,Uttar Pradesh,2015,719.1,304.5,6.66,179.1,Sprinkler,2.24,1002.9
YLD000912,CROP004,Sorghum (Jowar),REG008,Uttar Pradesh,2016,716.1,491.8,7.22,255.5,Sprinkler,2.51,1476.2
YLD000913,CROP004,Sorghum (Jowar),REG008,Uttar Pradesh,2017,722.5,321.0,6.12,352.2,Drip,1.94,957.9
YLD000914,CROP004,Sorghum (Jowar),REG008,Uttar Pradesh,2018,715.5,203.7,6.53,313.9,Sprinkler,2.2,976.7
YLD000915,CROP004,Sorghum (Jowar),REG008,Uttar Pradesh,2019,717.3,438.1,7.01,229.4,Flood,3.93,1398.9
YLD000916,CROP004,Sorghum (Jowar),REG008,Uttar Pradesh,2020,716.9,397.1,6.65,272.2,Rainfed,0.53,1172.6
YLD000917,CROP004,Sorghum (Jowar),REG008,Uttar Pradesh,2021,717.2,532.6,6.13,356.5,Rainfed,2.95,1062.9
YLD000921,CROP004,Sorghum (Jowar),REG009,Bihar,2015,715.2,707.4,6.41,344.4,Drip,4.24,1016.3
YLD000922,CROP004,Sorghum (Jowar),REG009,Bihar,2016,718.7,755.2,7.29,354.5,Rainfed,3.12,416.1
YLD000923,CROP004,Sorghum (Jowar),REG009,Bihar,2017,717.6,571.1,8.17,268.3,Rainfed,1.63,619.6
YLD000924,CROP004,Sorghum (Jowar),REG009,Bihar,2018,718.0,342.3,6.18,247.6,Sprinkler,2.82,1243.6
YLD000925,CROP004,Sorghum (Jowar),REG009,Bihar,2019,715.0,682.1,6.6,263.1,Rainfed,4.43,844.7
YLD000926,CROP004,Sorghum (Jowar),REG009,Bihar,2020,716.9,476.8,6.56,304.6,Sprinkler,1.47,1607.4
YLD000927,CROP004,Sorghum (Jowar),REG009,Bihar,2021,720.4,718.0,6.81,267.5,Sprinkler,4.26,837.5
YLD000931,CROP004,Sorghum (Jowar),REG010,Bihar,2015,714.2,761.7,6.77,287.3,Sprinkler,4.03,756.7
YLD000932,CROP004,Sorghum (Jowar),REG010,Bihar,2016,718.4,343.0,6.87,400.1,Sprinkler,4.85,1112.8
YLD000933,CROP004,Sorghum (Jowar),REG010,Bihar,2017,717.3,426.4,7.02,277.6,Drip,0.58,1780.1
YLD000934,CROP004,Sorghum (Jowar),REG010,Bihar,2018,717.6,273.0,6.41,220.5,Flood,3.78,1225.8
YLD000935,CROP004,Sorghum (Jowar),REG010,Bihar,2019,717.3,603.1,6.26,226.3,Rainfed,1.63,846.0
YLD000936,CROP004,Sorghum (Jowar),REG010,Bihar,2020,715.6,821.4,7.46,240.3,Sprinkler,2.16,716.8
YLD000937,CROP004,Sorghum (Jowar),REG010,Bihar,2021,719.9,464.2,7.01,351.2,Drip,3.18,1350.0
YLD000941,CROP004,Sorghum (Jowar),REG011,West Bengal,2015,715.0,528.6,7.21,287.0,Flood,2.17,1020.5
YLD000942,CROP004,Sorghum (Jowar),REG011,West Bengal,2016,714.6,378.9,7.56,296.1,Drip,2.69,1252.7
YLD000943,CROP004,Sorghum (Jowar),REG011,West Bengal,2017,710.7,439.0,6.49,262.3,Sprinkler,1.35,1082.5
YLD000944,CROP004,Sorghum (Jowar),REG011,West Bengal,2018,711.6,584.8,7.25,236.6,Rainfed,1.05,552.9
YLD000945,CROP004,Sorghum (Jowar),REG011,West Bengal,2019,712.7,482.4,6.68,358.2,Rainfed,2.81,932.1
YLD000946,CROP004,Sorghum (Jowar),REG011,West Bengal,2020,714.2,569.5,6.04,191.6,Rainfed,4.54,1058.7
YLD000947,CROP004,Sorghum (Jowar),REG011,West Bengal,2021,723.2,424.7,6.27,282.9,Flood,4.35,879.6
YLD000951,CROP004,Sorghum (Jowar),REG012,West Bengal,2015,721.3,761.0,6.82,353.6,Flood,0.66,643.5
YLD000952,CROP004,Sorghum (Jowar),REG012,West Bengal,2016,714.3,634.3,6.55,300.9,Drip,1.79,1234.4
YLD000953,CROP004,Sorghum (Jowar),REG012,West Bengal,2017,721.9,355.4,7.83,243.4,Drip,2.92,1031.0
YLD000954,CROP004,Sorghum (Jowar),REG012,West Bengal,2018,717.7,546.8,7.02,236.5,Sprinkler,3.46,1413.5
YLD000955,CROP004,Sorghum (Jowar),REG012,West Bengal,2019,718.7,254.9,6.4,341.7,Drip,4.54,966.1
YLD000956,CROP004,Sorghum (Jowar),REG012,West Bengal,2020,717.9,407.3,6.35,313.2,Rainfed,4.21,1068.6
YLD000957,CROP004,Sorghum (Jowar),REG012,West Bengal,2021,713.9,460.6,6.7,249.2,Rainfed,2.75,1032.3
YLD000961,CROP004,Sorghum (Jowar),REG013,Madhya Pradesh,2015,711.7,625.3,6.58,321.4,Flood,4.12,791.1
YLD000962,CROP004,Sorghum (Jowar),REG013,Madhya Pradesh,2016,717.1,224.2,8.0,251.8,Drip,2.09,786.6
YLD000963,CROP004,Sorghum (Jowar),REG013,Madhya Pradesh,2017,714.2,331.3,6.51,168.0,Flood,2.78,1136.7
YLD000964,CROP004,Sorghum (Jowar),REG013,Madhya Pradesh,2018,719.3,563.1,6.36,328.9,Flood,3.47,1206.9
YLD000965,CROP004,Sorghum (Jowar),REG013,Madhya Pradesh,2019,714.5,295.5,6.73,207.1,Flood,4.47,1075.8
YLD000966,CROP004,Sorghum (Jowar),REG013,Madhya Pradesh,2020,715.6,647.6,6.23,174.6,Sprinkler,4.28,1124.3
YLD000967,CROP004,Sorghum (Jowar),REG013,Madhya Pradesh,2021,715.4,340.9,7.1,195.1,Drip,3.76,1267.6
YLD000971,CROP004,Sorghum (Jowar),REG014,Madhya Pradesh,2015,715.2,641.3,6.87,296.0,Flood,4.16,865.4
YLD000972,CROP004,Sorghum (Jowar),REG014,Madhya Pradesh,2016,718.8,627.9,6.49,247.5,Sprinkler,4.03,970.7
YLD000973,CROP004,Sorghum (Jowar),REG014,Madhya Pradesh,2017,716.1,572.2,5.89,187.3,Rainfed,0.65,980.5
YLD000974,CROP004,Sorghum (Jowar),REG014,Madhya Pradesh,2018,720.9,444.1,7.34,240.4,Sprinkler,4.1,1084.3
YLD000975,CROP004,Sorghum (Jowar),REG014,Madhya Pradesh,2019,713.7,251.3,6.15,273.8,Drip,4.33,970.0
YLD000976,CROP004,Sorghum (Jowar),REG014,Madhya Pradesh,2020,713.9,557.2,7.64,241.9,Drip,1.27,1274.9
YLD000977,CROP004,Sorghum (Jowar),REG014,Madhya Pradesh,2021,710.8,630.2,8.3,369.8,Flood,2.41,695.8
YLD000981,CROP004,Sorghum (Jowar),REG015,Madhya Pradesh,2015,711.2,382.9,6.59,330.1,Rainfed,1.54,765.7
YLD000982,CROP004,Sorghum (Jowar),REG015,Madhya Pradesh,2016,716.0,467.5,6.59,282.3,Rainfed,2.21,1349.1
YLD000983,CROP004,Sorghum (Jowar),REG015,Madhya Pradesh,2017,722.3,510.4,5.93,236.8,Rainfed,1.95,572.2
YLD000984,CROP004,Sorghum (Jowar),REG015,Madhya Pradesh,2018,715.0,508.7,6.89,274.7,Flood,1.99,1221.1
YLD000985,CROP004,Sorghum (Jowar),REG015,Madhya Pradesh,2019,719.1,416.0,6.53,158.3,Drip,2.98,1228.2
YLD000986,CROP004,Sorghum (Jowar),REG015,Madhya Pradesh,2020,719.2,304.6,6.07,251.8,Rainfed,0.88,567.9
YLD000987,CROP004,Sorghum (Jowar),REG015,Madhya Pradesh,2021,722.0,306.2,7.02,287.3,Flood,1.35,518.3
YLD000991,CROP004,Sorghum (Jowar),REG016,Maharashtra,2015,716.4,249.1,6.75,216.7,Drip,3.39,1299.1
YLD000992,CROP004,Sorghum (Jowar),REG016,Maharashtra,2016,719.0,552.8,6.47,258.9,Sprinkler,4.69,1267.2
YLD000993,CROP004,Sorghum (Jowar),REG016,Maharashtra,2017,717.8,477.3,7.17,327.5,Rainfed,0.84,1010.9
YLD000994,CROP004,Sorghum (Jowar),REG016,Maharashtra,2018,720.5,282.6,6.49,178.6,Rainfed,3.4,364.1
YLD000995,CROP004,Sorghum (Jowar),REG016,Maharashtra,2019,713.4,386.8,6.9,239.2,Sprinkler,1.13,1289.5
YLD000996,CROP004,Sorghum (Jowar),REG016,Maharashtra,2020,718.3,298.2,6.05,257.0,Drip,0.9,1305.0
YLD000997,CROP004,Sorghum (Jowar),REG016,Maharashtra,2021,716.4,325.8,5.86,317.0,Drip,0.6,1232.8
YLD001001,CROP004,Sorghum (Jowar),REG017,Maharashtra,2015,718.3,383.1,6.95,228.8,Sprinkler,2.73,1135.8
YLD001002,CROP004,Sorghum (Jowar),REG017,Maharashtra,2016,712.4,225.4,6.85,333.2,Sprinkler,3.88,782.3
YLD001003,CROP004,Sorghum (Jowar),REG017,Maharashtra,2017,717.0,451.1,6.24,225.1,Flood,3.18,1137.7
YLD001004,CROP004,Sorghum (Jowar),REG017,Maharashtra,2018,716.1,300.6,6.37,326.3,Drip,1.16,1415.3
YLD001005,CROP004,Sorghum (Jowar),REG017,Maharashtra,2019,715.7,611.5,6.77,329.8,Sprinkler,4.05,1189.9
YLD001006,CROP004,Sorghum (Jowar),REG017,Maharashtra,2020,714.0,496.0,6.99,243.3,Sprinkler,1.63,1368.6
YLD001007,CROP004,Sorghum (Jowar),REG017,Maharashtra,2021,717.6,414.2,7.33,213.5,Rainfed,2.49,1130.3
YLD001011,CROP004,Sorghum (Jowar),REG018,Maharashtra,2015,717.4,468.8,6.99,273.6,Rainfed,3.06,1169.9
YLD001012,CROP004,Sorghum (Jowar),REG018,Maharashtra,2016,716.0,456.2,6.71,246.4,Flood,3.69,1421.1
YLD001013,CROP004,Sorghum (Jowar),REG018,Maharashtra,2017,711.7,645.9,6.6,289.6,Drip,4.88,781.2
YLD001014,CROP004,Sorghum (Jowar),REG018,Maharashtra,2018,721.5,514.4,5.93,242.7,Sprinkler,0.65,1047.2
YLD001015,CROP004,Sorghum (Jowar),REG018,Maharashtra,2019,715.3,650.3,7.84,260.9,Sprinkler,4.02,933.0
YLD001016,CROP004,Sorghum (Jowar),REG018,Maharashtra,2020,715.7,470.9,7.4,429.6,Flood,1.15,1381.0
YLD001017,CROP004,Sorghum (Jowar),REG018,Maharashtra,2021,726.2,446.4,7.55,318.5,Flood,1.51,467.7
YLD001021,CROP004,Sorghum (Jowar),REG019,Gujarat,2015,721.1,632.7,5.55,247.6,Flood,2.45,853.6
YLD001022,CROP004,Sorghum (Jowar),REG019,Gujarat,2016,720.3,365.1,6.73,335.7,Rainfed,4.14,834.7
YLD001023,CROP004,Sorghum (Jowar),REG019,Gujarat,2017,716.8,464.1,6.6,280.6,Flood,4.13,1391.6
YLD001024,CROP004,Sorghum (Jowar),REG019,Gujarat,2018,716.9,750.6,7.15,343.8,Sprinkler,3.04,899.6
YLD001025,CROP004,Sorghum (Jowar),REG019,Gujarat,2019,717.5,297.9,6.79,274.7,Sprinkler,1.28,1192.0
YLD001026,CROP004,Sorghum (Jowar),REG019,Gujarat,2020,715.0,710.7,6.21,211.1,Flood,1.14,893.1
YLD001027,CROP004,Sorghum (Jowar),REG019,Gujarat,2021,718.7,364.8,5.83,292.5,Drip,2.99,1294.2
YLD001031,CROP004,Sorghum (Jowar),REG020,Gujarat,2015,714.3,351.1,6.76,216.2,Rainfed,3.12,818.3
YLD001032,CROP004,Sorghum (Jowar),REG020,Gujarat,2016,717.9,372.5,6.86,351.3,Sprinkler,3.32,1218.5
YLD001033,CROP004,Sorghum (Jowar),REG020,Gujarat,2017,716.5,737.1,6.78,265.2,Flood,3.37,852.6
YLD001034,CROP004,Sorghum (Jowar),REG020,Gujarat,2018,720.7,563.5,6.06,253.9,Flood,4.25,846.0
YLD001035,CROP004,Sorghum (Jowar),REG020,Gujarat,2019,719.1,275.9,6.62,244.6,Sprinkler,3.95,1105.8
YLD001036,CROP004,Sorghum (Jowar),REG020,Gujarat,2020,713.4,324.2,5.69,267.6,Drip,0.64,1303.9
YLD001037,CROP004,Sorghum (Jowar),REG020,Gujarat,2021,712.1,515.5,7.19,201.4,Drip,4.5,1295.7
YLD001041,CROP004,Sorghum (Jowar),REG021,Rajasthan,2015,719.0,448.8,6.67,294.3,Rainfed,4.34,1140.7
YLD001042,CROP004,Sorghum (Jowar),REG021,Rajasthan,2016,716.5,478.6,7.36,258.6,Rainfed,3.51,1392.9
YLD001043,CROP004,Sorghum (Jowar),REG021,Rajasthan,2017,716.3,611.3,6.61,288.2,Rainfed,2.38,1035.8
YLD001044,CROP004,Sorghum (Jowar),REG021,Rajasthan,2018,717.4,624.5,7.05,212.1,Sprinkler,0.99,1148.4
YLD001045,CROP004,Sorghum (Jowar),REG021,Rajasthan,2019,716.2,659.6,6.32,138.1,Rainfed,3.16,849.1
YLD001046,CROP004,Sorghum (Jowar),REG021,Rajasthan,2020,713.5,480.9,7.12,360.3,Rainfed,3.28,896.5
YLD001047,CROP004,Sorghum (Jowar),REG021,Rajasthan,2021,718.2,365.1,6.96,299.8,Sprinkler,3.5,1098.4
YLD001051,CROP004,Sorghum (Jowar),REG022,Rajasthan,2015,714.8,329.7,7.04,389.7,Rainfed,1.47,926.0
YLD001052,CROP004,Sorghum (Jowar),REG022,Rajasthan,2016,715.5,292.3,6.89,314.5,Drip,2.78,1280.7
YLD001053,CROP004,Sorghum (Jowar),REG022,Rajasthan,2017,715.2,453.6,6.38,219.2,Rainfed,1.5,1200.3
YLD001054,CROP004,Sorghum (Jowar),REG022,Rajasthan,2018,724.1,224.7,6.24,150.0,Flood,4.77,589.2
YLD001055,CROP004,Sorghum (Jowar),REG022,Rajasthan,2019,717.8,533.3,6.64,251.5,Flood,4.85,1174.8
YLD001056,CROP004,Sorghum (Jowar),REG022,Rajasthan,2020,709.1,349.6,6.89,223.8,Rainfed,2.22,225.0
YLD001057,CROP004,Sorghum (Jowar),REG022,Rajasthan,2021,719.1,169.8,6.61,296.0,Drip,3.2,819.1
YLD001061,CROP004,Sorghum (Jowar),REG023,Karnataka,2015,720.4,292.1,6.15,259.7,Sprinkler,1.48,843.3
YLD001062,CROP004,Sorghum (Jowar),REG023,Karnataka,2016,717.6,356.9,6.33,293.8,Flood,4.86,1270.8
YLD001063,CROP004,Sorghum (Jowar),REG023,Karnataka,2017,715.0,363.5,6.97,269.1,Rainfed,1.35,851.5
YLD001064,CROP004,Sorghum (Jowar),REG023,Karnataka,2018,721.7,608.7,6.16,304.1,Sprinkler,1.44,634.2
YLD001065,CROP004,Sorghum (Jowar),REG023,Karnataka,2019,717.4,377.3,7.82,324.7,Drip,2.29,1202.6
YLD001066,CROP004,Sorghum (Jowar),REG023,Karnataka,2020,719.2,448.2,6.38,366.3,Flood,2.48,1333.4
YLD001067,CROP004,Sorghum (Jowar),REG023,Karnataka,2021,717.8,355.8,6.61,308.2,Flood,3.09,1271.5
YLD001071,CROP004,Sorghum (Jowar),REG024,Karnataka,2015,713.9,643.9,7.39,244.1,Sprinkler,2.32,1143.6
YLD001072,CROP004,Sorghum (Jowar),REG024,Karnataka,2016,715.3,729.7,6.68,341.5,Rainfed,1.98,622.1
YLD001073,CROP004,Sorghum (Jowar),REG024,Karnataka,2017,719.0,224.8,7.55,255.6,Flood,2.03,777.9
YLD001074,CROP004,Sorghum (Jowar),REG024,Karnataka,2018,714.1,381.5,6.56,321.2,Rainfed,2.56,731.2
YLD001075,CROP004,Sorghum (Jowar),REG024,Karnataka,2019,712.8,407.4,7.0,332.1,Sprinkler,4.47,1389.6
YLD001076,CROP004,Sorghum (Jowar),REG024,Karnataka,2020,711.3,393.7,5.79,305.6,Sprinkler,3.27,1275.1
YLD001077,CROP004,Sorghum (Jowar),REG024,Karnataka,2021,716.9,529.7,6.26,212.8,Sprinkler,4.84,1549.0
YLD001081,CROP004,Sorghum (Jowar),REG025,Andhra Pradesh,2015,711.7,430.2,6.27,179.9,Sprinkler,2.02,1232.7
YLD001082,CROP004,Sorghum (Jowar),REG025,Andhra Pradesh,2016,710.3,300.4,6.39,201.6,Drip,3.53,1141.4
YLD001083,CROP004,Sorghum (Jowar),REG025,Andhra Pradesh,2017,711.3,398.7,6.53,211.9,Flood,3.72,730.1
YLD001084,CROP004,Sorghum (Jowar),REG025,Andhra Pradesh,2018,717.3,656.3,7.31,352.3,Sprinkler,0.95,1059.0
YLD001085,CROP004,Sorghum (Jowar),REG025,Andhra Pradesh,2019,722.9,596.3,6.06,405.0,Rainfed,1.14,491.9
YLD001086,CROP004,Sorghum (Jowar),REG025,Andhra Pradesh,2020,719.7,524.2,6.91,196.0,Flood,4.47,862.6
YLD001087,CROP004,Sorghum (Jowar),REG025,Andhra Pradesh,2021,716.6,507.1,6.66,312.2,Rainfed,3.69,1375.0
YLD001091,CROP004,Sorghum (Jowar),REG026,Andhra Pradesh,2015,717.7,459.4,6.54,291.7,Sprinkler,1.7,1211.7
YLD001092,CROP004,Sorghum (Jowar),REG026,Andhra Pradesh,2016,714.8,293.3,7.06,241.3,Rainfed,2.72,879.4
YLD001093,CROP004,Sorghum (Jowar),REG026,Andhra Pradesh,2017,718.9,505.0,6.26,334.9,Flood,4.18,1084.6
YLD001094,CROP004,Sorghum (Jowar),REG026,Andhra Pradesh,2018,724.5,600.0,6.75,264.6,Sprinkler,1.54,737.0
YLD001095,CROP004,Sorghum (Jowar),REG026,Andhra Pradesh,2019,712.7,729.3,5.87,335.1,Drip,3.87,851.0
YLD001096,CROP004,Sorghum (Jowar),REG026,Andhra Pradesh,2020,712.8,434.9,6.49,236.8,Flood,2.37,1479.7
YLD001097,CROP004,Sorghum (Jowar),REG026,Andhra Pradesh,2021,712.1,546.9,6.7,257.8,Flood,1.69,975.6
YLD001101,CROP004,Sorghum (Jowar),REG027,Tamil Nadu,2015,713.6,265.7,7.08,238.6,Sprinkler,1.82,995.5
YLD001102,CROP004,Sorghum (Jowar),REG027,Tamil Nadu,2016,713.6,153.0,5.65,351.6,Drip,3.16,802.0
YLD001103,CROP004,Sorghum (Jowar),REG027,Tamil Nadu,2017,713.9,509.8,7.81,307.1,Rainfed,3.46,918.7
YLD001104,CROP004,Sorghum (Jowar),REG027,Tamil Nadu,2018,710.2,440.3,6.73,302.6,Flood,2.54,1085.2
YLD001105,CROP004,Sorghum (Jowar),REG027,Tamil Nadu,2019,711.7,487.8,6.8,107.1,Rainfed,1.17,797.3
YLD001106,CROP004,Sorghum (Jowar),REG027,Tamil Nadu,2020,720.1,469.5,6.33,319.6,Drip,2.85,1518.6
YLD001107,CROP004,Sorghum (Jowar),REG027,Tamil Nadu,2021,725.3,253.5,6.48,317.6,Sprinkler,0.85,443.2
YLD001111,CROP004,Sorghum (Jowar),REG028,Tamil Nadu,2015,713.4,421.7,7.3,375.7,Sprinkler,2.61,1225.5
YLD001112,CROP004,Sorghum (Jowar),REG028,Tamil Nadu,2016,718.5,623.1,5.75,325.3,Rainfed,1.68,805.6
YLD001113,CROP004,Sorghum (Jowar),REG028,Tamil Nadu,2017,713.4,463.7,6.05,327.4,Drip,3.37,1365.2
YLD001114,CROP004,Sorghum (Jowar),REG028,Tamil Nadu,2018,725.1,559.4,7.34,277.9,Rainfed,0.83,535.3
YLD001115,CROP004,Sorghum (Jowar),REG028,Tamil Nadu,2019,718.0,447.5,6.65,211.8,Sprinkler,4.86,1485.3
YLD001116,CROP004,Sorghum (Jowar),REG028,Tamil Nadu,2020,718.5,511.9,6.7,372.6,Sprinkler,3.47,1345.7
YLD001117,CROP004,Sorghum (Jowar),REG028,Tamil Nadu,2021,720.7,480.9,6.58,416.9,Drip,2.31,1217.6
YLD001121,CROP005,Pearl Millet (Bajra),REG001,Punjab,2015,816.3,696.9,6.99,246.0,Rainfed,3.61,384.3
YLD001122,CROP005,Pearl Millet (Bajra),REG001,Punjab,2016,815.5,355.9,6.89,184.9,Rainfed,1.97,734.7
YLD001123,CROP005,Pearl Millet (Bajra),REG001,Punjab,2017,819.9,416.4,6.73,185.2,Drip,3.14,1226.7
YLD001124,CROP005,Pearl Millet (Bajra),REG001,Punjab,2018,817.0,452.6,6.62,326.7,Sprinkler,0.69,1241.1
YLD001125,CROP005,Pearl Millet (Bajra),REG001,Punjab,2019,815.3,367.8,6.45,321.6,Rainfed,4.31,1019.1
YLD001126,CROP005,Pearl Millet (Bajra),REG001,Punjab,2020,817.2,553.1,5.95,265.6,Rainfed,2.11,819.6
YLD001127,CROP005,Pearl Millet (Bajra),REG001,Punjab,2021,815.3,322.6,6.71,243.6,Sprinkler,4.28,912.7
YLD001131,CROP005,Pearl Millet (Bajra),REG002,Punjab,2015,814.6,565.8,6.37,386.0,Flood,3.09,877.1
YLD001132,CROP005,Pearl Millet (Bajra),REG002,Punjab,2016,823.2,407.9,6.57,388.6,Sprinkler,4.7,842.2
YLD001133,CROP005,Pearl Millet (Bajra),REG002,Punjab,2017,810.4,604.2,7.36,297.3,Sprinkler,2.56,525.1
YLD001134,CROP005,Pearl Millet (Bajra),REG002,Punjab,2018,816.4,415.8,7.39,361.6,Flood,2.57,985.2
YLD001135,CROP005,Pearl Millet (Bajra),REG002,Punjab,2019,815.8,644.6,7.15,109.9,Drip,4.2,903.3
YLD001136,CROP005,Pearl Millet (Bajra),REG002,Punjab,2020,811.3,440.7,6.03,245.1,Flood,4.9,617.3
YLD001137,CROP005,Pearl Millet (Bajra),REG002,Punjab,2021,818.7,213.7,7.07,334.0,Sprinkler,3.1,786.1
YLD001141,CROP005,Pearl Millet (Bajra),REG003,Punjab,2015,818.3,565.2,6.79,220.3,Drip,4.88,993.9
YLD001142,CROP005,Pearl Millet (Bajra),REG003,Punjab,2016,813.8,242.3,7.44,373.5,Flood,4.77,741.7
YLD001143,CROP005,Pearl Millet (Bajra),REG003,Punjab,2017,816.2,398.7,7.89,261.8,Rainfed,3.31,857.2
YLD001144,CROP005,Pearl Millet (Bajra),REG003,Punjab,2018,817.0,256.7,7.33,341.5,Rainfed,1.2,764.0
YLD001145,CROP005,Pearl Millet (Bajra),REG003,Punjab,2019,822.3,458.2,6.33,362.3,Flood,1.81,873.2
YLD001146,CROP005,Pearl Millet (Bajra),REG003,Punjab,2020,815.0,478.3,7.37,245.8,Drip,2.47,1050.3
YLD001147,CROP005,Pearl Millet (Bajra),REG003,Punjab,2021,820.0,387.9,6.61,339.1,Rainfed,2.93,671.4
YLD001151,CROP005,Pearl Millet (Bajra),REG004,Haryana,2015,820.7,152.7,6.83,358.7,Flood,3.59,475.1
YLD001152,CROP005,Pearl Millet (Bajra),REG004,Haryana,2016,816.0,287.9,5.75,252.0,Rainfed,1.02,838.7
YLD001153,CROP005,Pearl Millet (Bajra),REG004,Haryana,2017,817.1,662.3,7.26,201.8,Rainfed,2.4,579.2
YLD001154,CROP005,Pearl Millet (Bajra),REG004,Haryana,2018,817.5,478.2,6.45,188.8,Drip,3.53,1057.5
YLD001155,CROP005,Pearl Millet (Bajra),REG004,Haryana,2019,818.7,438.3,6.96,351.6,Flood,2.95,997.0
YLD001156,CROP005,Pearl Millet (Bajra),REG004,Haryana,2020,819.0,421.7,7.17,289.6,Flood,1.31,935.9
YLD001157,CROP005,Pearl Millet (Bajra),REG004,Haryana,2021,815.7,169.5,6.59,355.9,Rainfed,3.16,599.4
YLD001161,CROP005,Pearl Millet (Bajra),REG005,Haryana,2015,817.4,673.6,5.73,330.9,Sprinkler,4.18,739.8
YLD001162,CROP005,Pearl Millet (Bajra),REG005,Haryana,2016,816.4,361.1,6.68,244.8,Rainfed,4.79,1145.8
YLD001163,CROP005,Pearl Millet (Bajra),REG005,Haryana,2017,816.8,386.4,6.7,255.2,Flood,3.91,1204.9
YLD001164,CROP005,Pearl Millet (Bajra),REG005,Haryana,2018,809.5,408.9,7.32,296.0,Rainfed,3.34,570.0
YLD001165,CROP005,Pearl Millet (Bajra),REG005,Haryana,2019,819.5,374.9,7.87,258.7,Drip,1.73,1119.9
YLD001166,CROP005,Pearl Millet (Bajra),REG005,Haryana,2020,816.4,426.2,6.97,232.6,Flood,1.69,1066.1
YLD001167,CROP005,Pearl Millet (Bajra),REG005,Haryana,2021,813.6,294.7,6.4,316.1,Drip,3.24,924.2
YLD001171,CROP005,Pearl Millet (Bajra),REG006,Uttar Pradesh,2015,822.8,329.5,6.1,301.2,Drip,3.24,862.9
YLD001172,CROP005,Pearl Millet (Bajra),REG006,Uttar Pradesh,2016,819.6,353.7,6.58,299.2,Sprinkler,1.75,1074.1
YLD001173,CROP005,Pearl Millet (Bajra),REG006,Uttar Pradesh,2017,819.0,299.7,7.06,313.0,Flood,1.5,973.1
YLD001174,CROP005,Pearl Millet (Bajra),REG006,Uttar Pradesh,2018,816.2,585.7,6.02,286.9,Flood,0.66,922.4
YLD001175,CROP005,Pearl Millet (Bajra),REG006,Uttar Pradesh,2019,811.2,236.8,7.74,227.6,Drip,3.93,683.1
YLD001176,CROP005,Pearl Millet (Bajra),REG006,Uttar Pradesh,2020,818.5,581.3,7.2,262.0,Rainfed,3.48,599.8
YLD001177,CROP005,Pearl Millet (Bajra),REG006,Uttar Pradesh,2021,816.3,335.8,6.51,123.1,Rainfed,2.79,970.3
YLD001181,CROP005,Pearl Millet (Bajra),REG007,Uttar Pradesh,2015,809.7,204.5,6.83,180.4,Drip,0.77,533.3
YLD001182,CROP005,Pearl Millet (Bajra),REG007,Uttar Pradesh,2016,812.9,353.3,6.21,234.6,Sprinkler,2.76,1229.7
YLD001183,CROP005,Pearl Millet (Bajra),REG007,Uttar Pradesh,2017,814.1,445.1,6.19,275.7,Sprinkler,4.91,1075.1
YLD001184,CROP005,Pearl Millet (Bajra),REG007,Uttar Pradesh,2018,815.8,484.3,6.89,248.3,Sprinkler,2.56,1147.8
YLD001185,CROP005,Pearl Millet (Bajra),REG007,Uttar Pradesh,2019,821.4,510.7,6.79,291.3,Sprinkler,4.91,668.7
YLD001186,CROP005,Pearl Millet (Bajra),REG007,Uttar Pradesh,2020,816.8,489.4,6.66,231.0,Rainfed,1.8,902.6
YLD001187,CROP005,Pearl Millet (Bajra),REG007,Uttar Pradesh,2021,818.8,359.9,6.07,355.0,Rainfed,0.74,788.8
YLD001191,CROP005,Pearl Millet (Bajra),REG008,Uttar Pradesh,2015,810.2,442.4,6.69,256.9,Sprinkler,1.37,793.8
YLD001192,CROP005,Pearl Millet (Bajra),REG008,Uttar Pradesh,2016,815.1,329.8,7.37,182.5,Sprinkler,4.9,1117.8
YLD001193,CROP005,Pearl Millet (Bajra),REG008,Uttar Pradesh,2017,810.5,322.9,6.75,240.7,Drip,4.5,759.9
YLD001194,CROP005,Pearl Millet (Bajra),REG008,Uttar Pradesh,2018,813.1,439.7,6.49,316.4,Flood,4.53,896.4
YLD001195,CROP005,Pearl Millet (Bajra),REG008,Uttar Pradesh,2019,813.8,196.9,6.76,276.4,Drip,3.42,727.9
YLD001196,CROP005,Pearl Millet (Bajra),REG008,Uttar Pradesh,2020,816.5,469.0,6.19,218.6,Rainfed,1.92,802.1
YLD001197,CROP005,Pearl Millet (Bajra),REG008,Uttar Pradesh,2021,819.6,520.6,7.0,222.4,Drip,4.12,985.6
YLD001201,CROP005,Pearl Millet (Bajra),REG009,Bihar,2015,808.2,339.4,7.11,303.3,Drip,0.71,897.4
YLD001202,CROP005,Pearl Millet (Bajra),REG009,Bihar,2016,816.5,410.6,6.78,326.3,Sprinkler,2.15,1186.7
YLD001203,CROP005,Pearl Millet (Bajra),REG009,Bihar,2017,809.9,329.4,7.18,197.3,Flood,3.51,647.5
YLD001204,CROP005,Pearl Millet (Bajra),REG009,Bihar,2018,820.1,433.6,7.39,324.4,Sprinkler,2.09,821.2
YLD001205,CROP005,Pearl Millet (Bajra),REG009,Bihar,2019,808.2,283.5,6.79,319.5,Rainfed,0.82,193.4
YLD001206,CROP005,Pearl Millet (Bajra),REG009,Bihar,2020,818.4,258.2,7.56,237.9,Flood,3.55,798.7
YLD001207,CROP005,Pearl Millet (Bajra),REG009,Bihar,2021,816.1,352.5,6.12,371.8,Sprinkler,0.96,1207.6
YLD001211,CROP005,Pearl Millet (Bajra),REG010,Bihar,2015,815.2,353.0,6.78,292.6,Flood,4.7,1060.1
YLD001212,CROP005,Pearl Millet (Bajra),REG010,Bihar,2016,813.1,438.7,7.5,223.2,Sprinkler,3.45,911.5
YLD001213,CROP005,Pearl Millet (Bajra),REG010,Bihar,2017,809.3,423.6,7.43,236.8,Rainfed,0.67,444.8
YLD001214,CROP005,Pearl Millet (Bajra),REG010,Bihar,2018,820.3,157.9,6.18,318.9,Sprinkler,4.33,522.8
YLD001215,CROP005,Pearl Millet (Bajra),REG010,Bihar,2019,818.5,491.4,6.71,341.1,Rainfed,2.52,768.1
YLD001216,CROP005,Pearl Millet (Bajra),REG010,Bihar,2020,815.2,263.4,6.91,335.2,Rainfed,2.51,671.3
YLD001217,CROP005,Pearl Millet (Bajra),REG010,Bihar,2021,817.8,241.1,6.59,269.3,Drip,3.01,1044.3
YLD001221,CROP005,Pearl Millet (Bajra),REG011,West Bengal,2015,816.2,240.7,7.45,222.0,Rainfed,0.8,665.2
YLD001222,CROP005,Pearl Millet (Bajra),REG011,West Bengal,2016,813.3,743.1,7.01,301.4,Rainfed,4.58,180.0
YLD001223,CROP005,Pearl Millet (Bajra),REG011,West Bengal,2017,816.6,338.8,7.14,258.3,Rainfed,2.69,825.9
YLD001224,CROP005,Pearl Millet (Bajra),REG011,West Bengal,2018,812.6,380.4,6.58,288.0,Sprinkler,3.85,1112.5
YLD001225,CROP005,Pearl Millet (Bajra),REG011,West Bengal,2019,820.2,295.4,6.38,284.4,Sprinkler,0.6,834.8
YLD001226,CROP005,Pearl Millet (Bajra),REG011,West Bengal,2020,817.1,501.8,6.02,196.2,Drip,4.2,1062.8
YLD001227,CROP005,Pearl Millet (Bajra),REG011,West Bengal,2021,813.0,575.1,7.41,317.4,Rainfed,2.05,249.3
YLD001231,CROP005,Pearl Millet (Bajra),REG012,West Bengal,2015,817.2,303.5,6.88,259.8,Drip,3.63,1217.6
YLD001232,CROP005,Pearl Millet (Bajra),REG012,West Bengal,2016,809.3,560.6,6.88,291.1,Flood,3.86,297.7
YLD001233,CROP005,Pearl Millet (Bajra),REG012,West Bengal,2017,811.2,418.4,6.25,270.8,Drip,4.69,999.2
YLD001234,CROP005,Pearl Millet (Bajra),REG012,West Bengal,2018,824.0,262.9,6.73,258.3,Flood,1.98,463.9
YLD001235,CROP005,Pearl Millet (Bajra),REG012,West Bengal,2019,818.8,534.0,6.02,231.9,Sprinkler,3.59,850.4
YLD001236,CROP005,Pearl Millet (Bajra),REG012,West Bengal,2020,819.9,329.2,6.88,333.5,Sprinkler,4.72,1051.2
YLD001237,CROP005,Pearl Millet (Bajra),REG012,West Bengal,2021,811.1,347.6,5.72,208.3,Drip,2.24,920.6
YLD001241,CROP005,Pearl Millet (Bajra),REG013,Madhya Pradesh,2015,813.9,485.4,6.34,304.9,Flood,3.45,919.8
YLD001242,CROP005,Pearl Millet (Bajra),REG013,Madhya Pradesh,2016,819.0,268.0,7.14,233.6,Drip,4.39,952.2
YLD001243,CROP005,Pearl Millet (Bajra),REG013,Madhya Pradesh,2017,816.4,433.2,5.94,236.3,Rainfed,4.06,1002.0
YLD001244,CROP005,Pearl Millet (Bajra),REG013,Madhya Pradesh,2018,810.1,395.2,6.69,311.7,Drip,2.81,947.7
YLD001245,CROP005,Pearl Millet (Bajra),REG013,Madhya Pradesh,2019,817.0,391.5,6.12,342.7,Flood,0.6,1137.5
YLD001246,CROP005,Pearl Millet (Bajra),REG013,Madhya Pradesh,2020,819.1,289.7,5.71,251.2,Drip,0.73,875.9
YLD001247,CROP005,Pearl Millet (Bajra),REG013,Madhya Pradesh,2021,814.6,296.4,6.91,297.6,Sprinkler,3.71,891.2
YLD001251,CROP005,Pearl Millet (Bajra),REG014,Madhya Pradesh,2015,809.7,411.6,6.87,308.1,Flood,3.3,738.0
YLD001252,CROP005,Pearl Millet (Bajra),REG014,Madhya Pradesh,2016,815.1,407.6,6.29,302.0,Rainfed,2.74,891.1
YLD001253,CROP005,Pearl Millet (Bajra),REG014,Madhya Pradesh,2017,811.7,269.0,6.87,311.1,Sprinkler,2.88,798.4
YLD001254,CROP005,Pearl Millet (Bajra),REG014,Madhya Pradesh,2018,817.0,260.6,6.48,271.3,Rainfed,3.31,809.2
YLD001255,CROP005,Pearl Millet (Bajra),REG014,Madhya Pradesh,2019,817.8,436.2,6.67,246.5,Drip,3.76,1076.8
YLD001256,CROP005,Pearl Millet (Bajra),REG014,Madhya Pradesh,2020,813.0,506.8,6.15,269.6,Sprinkler,4.95,903.0
YLD001257,CROP005,Pearl Millet (Bajra),REG014,Madhya Pradesh,2021,814.8,499.1,6.87,211.6,Rainfed,1.78,842.9
YLD001261,CROP005,Pearl Millet (Bajra),REG015,Madhya Pradesh,2015,817.6,460.9,6.82,375.4,Flood,4.33,954.7
YLD001262,CROP005,Pearl Millet (Bajra),REG015,Madhya Pradesh,2016,819.8,162.3,6.05,178.5,Sprinkler,0.52,638.6
YLD001263,CROP005,Pearl Millet (Bajra),REG015,Madhya Pradesh,2017,817.8,338.7,7.36,327.8,Sprinkler,4.24,1136.3
YLD001264,CROP005,Pearl Millet (Bajra),REG015,Madhya Pradesh,2018,817.7,394.5,6.78,292.9,Sprinkler,4.03,1072.5
YLD001265,CROP005,Pearl Millet (Bajra),REG015,Madhya Pradesh,2019,815.7,223.3,7.32,257.4,Sprinkler,2.33,824.7
YLD001266,CROP005,Pearl Millet (Bajra),REG015,Madhya Pradesh,2020,814.6,390.4,6.62,213.1,Sprinkler,1.16,1292.2
YLD001267,CROP005,Pearl Millet (Bajra),REG015,Madhya Pradesh,2021,814.0,563.6,6.49,212.3,Flood,0.9,675.9
YLD001271,CROP005,Pearl Millet (Bajra),REG016,Maharashtra,2015,813.0,524.8,6.46,243.0,Rainfed,2.84,604.6
YLD001272,CROP005,Pearl Millet (Bajra),REG016,Maharashtra,2016,816.2,262.3,6.54,291.1,Drip,0.55,1186.9
YLD001273,CROP005,Pearl Millet (Bajra),REG016,Maharashtra,2017,825.8,382.4,6.38,310.2,Drip,0.72,636.5
YLD001274,CROP005,Pearl Millet (Bajra),REG016,Maharashtra,2018,813.6,518.7,6.58,287.8,Sprinkler,2.72,739.4
YLD001275,CROP005,Pearl Millet (Bajra),REG016,Maharashtra,2019,815.5,474.1,6.91,245.8,Rainfed,2.63,668.2
YLD001276,CROP005,Pearl Millet (Bajra),REG016,Maharashtra,2020,819.8,446.7,6.19,255.0,Drip,1.25,1083.1
YLD001277,CROP005,Pearl Millet (Bajra),REG016,Maharashtra,2021,814.9,415.3,6.0,261.2,Rainfed,2.05,834.8
YLD001281,CROP005,Pearl Millet (Bajra),REG017,Maharashtra,2015,809.5,350.5,6.62,401.8,Flood,1.96,668.0
YLD001282,CROP005,Pearl Millet (Bajra),REG017,Maharashtra,2016,814.8,407.0,6.12,292.6,Rainfed,2.7,731.5
YLD001283,CROP005,Pearl Millet (Bajra),REG017,Maharashtra,2017,816.5,423.5,6.96,305.4,Sprinkler,3.95,1129.8
YLD001284,CROP005,Pearl Millet (Bajra),REG017,Maharashtra,2018,818.3,488.1,6.11,323.0,Rainfed,1.68,716.9
YLD001285,CROP005,Pearl Millet (Bajra),REG017,Maharashtra,2019,811.3,370.6,6.58,308.6,Sprinkler,3.05,1152.0
YLD001286,CROP005,Pearl Millet (Bajra),REG017,Maharashtra,2020,819.3,448.2,7.56,396.2,Drip,4.9,1145.8
YLD001287,CROP005,Pearl Millet (Bajra),REG017,Maharashtra,2021,822.2,449.8,6.08,221.2,Flood,1.02,615.3
YLD001291,CROP005,Pearl Millet (Bajra),REG018,Maharashtra,2015,818.4,345.9,7.27,285.0,Drip,2.95,1179.2
YLD001292,CROP005,Pearl Millet (Bajra),REG018,Maharashtra,2016,812.2,321.2,6.89,332.8,Sprinkler,2.29,945.3
YLD001293,CROP005,Pearl Millet (Bajra),REG018,Maharashtra,2017,821.0,454.0,7.0,282.3,Drip,2.39,1051.4
YLD001294,CROP005,Pearl Millet (Bajra),REG018,Maharashtra,2018,819.0,451.8,6.86,188.3,Sprinkler,3.64,1045.4
YLD001295,CROP005,Pearl Millet (Bajra),REG018,Maharashtra,2019,817.8,459.3,6.99,310.4,Flood,3.7,1011.2
YLD001296,CROP005,Pearl Millet (Bajra),REG018,Maharashtra,2020,817.9,214.6,6.34,221.0,Flood,1.86,896.1
YLD001297,CROP005,Pearl Millet (Bajra),REG018,Maharashtra,2021,816.9,289.3,6.76,289.4,Flood,2.64,1044.4
YLD001301,CROP005,Pearl Millet (Bajra),REG019,Gujarat,2015,818.8,180.7,6.59,258.1,Flood,3.73,856.6
YLD001302,CROP005,Pearl Millet (Bajra),REG019,Gujarat,2016,819.4,267.1,6.55,292.0,Flood,1.18,802.0
YLD001303,CROP005,Pearl Millet (Bajra),REG019,Gujarat,2017,817.1,556.1,7.63,246.7,Rainfed,1.88,641.4
YLD001304,CROP005,Pearl Millet (Bajra),REG019,Gujarat,2018,806.8,349.5,7.64,302.7,Drip,1.74,550.0
YLD001305,CROP005,Pearl Millet (Bajra),REG019,Gujarat,2019,812.5,446.0,6.73,190.2,Flood,4.92,793.7
YLD001306,CROP005,Pearl Millet (Bajra),REG019,Gujarat,2020,816.1,575.2,6.71,290.7,Drip,2.9,1025.7
YLD001307,CROP005,Pearl Millet (Bajra),REG019,Gujarat,2021,812.0,475.4,6.31,359.1,Rainfed,0.84,662.8
YLD001311,CROP005,Pearl Millet (Bajra),REG020,Gujarat,2015,811.3,492.9,6.16,280.3,Flood,4.39,773.9
YLD001312,CROP005,Pearl Millet (Bajra),REG020,Gujarat,2016,813.8,204.1,6.11,215.7,Drip,4.94,794.1
YLD001313,CROP005,Pearl Millet (Bajra),REG020,Gujarat,2017,812.0,621.1,6.9,208.4,Flood,2.36,530.1
YLD001314,CROP005,Pearl Millet (Bajra),REG020,Gujarat,2018,815.4,318.6,6.34,301.0,Flood,1.37,936.1
YLD001315,CROP005,Pearl Millet (Bajra),REG020,Gujarat,2019,818.2,179.0,6.89,258.2,Drip,4.34,870.7
YLD001316,CROP005,Pearl Millet (Bajra),REG020,Gujarat,2020,817.0,573.9,5.72,294.8,Rainfed,2.52,683.4
YLD001317,CROP005,Pearl Millet (Bajra),REG020,Gujarat,2021,817.4,491.8,6.24,300.6,Rainfed,2.93,781.7
YLD001321,CROP005,Pearl Millet (Bajra),REG021,Rajasthan,2015,816.6,391.4,6.94,179.5,Drip,4.15,1237.8
YLD001322,CROP005,Pearl Millet (Bajra),REG021,Rajasthan,2016,814.2,505.9,7.13,288.4,Drip,1.54,977.0
YLD001323,CROP005,Pearl Millet (Bajra),REG021,Rajasthan,2017,822.2,365.5,5.83,181.8,Sprinkler,4.01,959.2
YLD001324,CROP005,Pearl Millet (Bajra),REG021,Rajasthan,2018,822.1,214.5,6.42,296.5,Drip,1.4,596.9
YLD001325,CROP005,Pearl Millet (Bajra),REG021,Rajasthan,2019,813.9,349.0,6.69,254.9,Drip,2.07,1088.7
YLD001326,CROP005,Pearl Millet (Bajra),REG021,Rajasthan,2020,820.5,474.8,6.15,247.5,Sprinkler,3.42,896.3
YLD001327,CROP005,Pearl Millet (Bajra),REG021,Rajasthan,2021,813.0,667.1,6.71,284.6,Drip,1.87,639.3
YLD001331,CROP005,Pearl Millet (Bajra),REG022,Rajasthan,2015,817.7,428.6,6.99,330.2,Flood,1.29,1076.9
YLD001332,CROP005,Pearl Millet (Bajra),REG022,Rajasthan,2016,810.5,490.0,6.84,270.6,Rainfed,3.02,342.6
YLD001333,CROP005,Pearl Millet (Bajra),REG022,Rajasthan,2017,819.6,398.4,7.51,290.0,Rainfed,2.49,802.8
YLD001334,CROP005,Pearl Millet (Bajra),REG022,Rajasthan,2018,822.7,410.2,6.88,390.7,Rainfed,0.9,511.9
YLD001335,CROP005,Pearl Millet (Bajra),REG022,Rajasthan,2019,817.4,308.8,6.48,373.9,Rainfed,3.3,876.9
YLD001336,CROP005,Pearl Millet (Bajra),REG022,Rajasthan,2020,821.1,399.2,6.82,296.5,Sprinkler,1.88,927.9
YLD001337,CROP005,Pearl Millet (Bajra),REG022,Rajasthan,2021,815.6,582.6,6.01,292.8,Sprinkler,3.98,841.6
YLD001341,CROP005,Pearl Millet (Bajra),REG023,Karnataka,2015,817.4,416.0,5.97,189.4,Sprinkler,2.7,1279.0
YLD001342,CROP005,Pearl Millet (Bajra),REG023,Karnataka,2016,820.6,283.6,7.26,384.3,Rainfed,4.09,668.6
YLD001343,CROP005,Pearl Millet (Bajra),REG023,Karnataka,2017,823.8,550.1,7.41,231.2,Flood,4.93,597.2
YLD001344,CROP005,Pearl Millet (Bajra),REG023,Karnataka,2018,816.8,739.6,6.52,147.4,Sprinkler,2.66,644.0
YLD001345,CROP005,Pearl Millet (Bajra),REG023,Karnataka,2019,811.6,484.8,7.57,337.9,Sprinkler,2.94,971.1
YLD001346,CROP005,Pearl Millet (Bajra),REG023,Karnataka,2020,815.8,418.9,6.29,140.9,Drip,1.61,1265.1
YLD001347,CROP005,Pearl Millet (Bajra),REG023,Karnataka,2021,815.6,423.4,6.7,215.1,Drip,3.27,1313.8
YLD001351,CROP005,Pearl Millet (Bajra),REG024,Karnataka,2015,822.5,532.8,6.75,324.6,Rainfed,1.26,333.3
YLD001352,CROP005,Pearl Millet (Bajra),REG024,Karnataka,2016,811.4,334.9,7.14,237.8,Rainfed,4.0,520.7
YLD001353,CROP005,Pearl Millet (Bajra),REG024,Karnataka,2017,817.6,272.2,6.37,278.3,Drip,4.94,1064.9
YLD001354,CROP005,Pearl Millet (Bajra),REG024,Karnataka,2018,817.6,298.5,6.62,295.2,Sprinkler,4.2,879.4
YLD001355,CROP005,Pearl Millet (Bajra),REG024,Karnataka,2019,815.1,475.6,7.37,318.5,Flood,4.66,891.2
YLD001356,CROP005,Pearl Millet (Bajra),REG024,Karnataka,2020,816.9,314.2,6.47,186.7,Rainfed,3.67,878.1
YLD001357,CROP005,Pearl Millet (Bajra),REG024,Karnataka,2021,811.4,478.8,7.08,276.6,Sprinkler,4.73,850.2
YLD001361,CROP005,Pearl Millet (Bajra),REG025,Andhra Pradesh,2015,817.6,191.1,6.68,264.0,Rainfed,1.56,532.3
YLD001362,CROP005,Pearl Millet (Bajra),REG025,Andhra Pradesh,2016,814.5,244.4,7.24,341.5,Sprinkler,2.33,849.1
YLD001363,CROP005,Pearl Millet (Bajra),REG025,Andhra Pradesh,2017,813.4,574.4,6.69,208.3,Drip,1.73,714.8
YLD001364,CROP005,Pearl Millet (Bajra),REG025,Andhra Pradesh,2018,813.8,616.4,6.51,218.6,Sprinkler,3.96,669.4
YLD001365,CROP005,Pearl Millet (Bajra),REG025,Andhra Pradesh,2019,822.5,480.7,6.71,235.8,Drip,2.74,729.2
YLD001366,CROP005,Pearl Millet (Bajra),REG025,Andhra Pradesh,2020,819.1,411.1,5.88,246.5,Drip,3.43,1052.0
YLD001367,CROP005,Pearl Millet (Bajra),REG025,Andhra Pradesh,2021,822.4,365.4,6.47,267.4,Rainfed,1.85,416.8
YLD001371,CROP005,Pearl Millet (Bajra),REG026,Andhra Pradesh,2015,820.2,314.8,7.26,194.1,Rainfed,1.87,610.2
YLD001372,CROP005,Pearl Millet (Bajra),REG026,Andhra Pradesh,2016,815.3,388.0,6.82,219.1,Drip,4.81,1302.2
YLD001373,CROP005,Pearl Millet (Bajra),REG026,Andhra Pradesh,2017,813.0,538.8,6.03,228.0,Rainfed,4.2,549.1
YLD001374,CROP005,Pearl Millet (Bajra),REG026,Andhra Pradesh,2018,822.1,365.0,6.68,321.2,Drip,1.2,816.4
YLD001375,CROP005,Pearl Millet (Bajra),REG026,Andhra Pradesh,2019,816.9,184.2,6.44,285.2,Flood,1.83,768.5
YLD001376,CROP005,Pearl Millet (Bajra),REG026,Andhra Pradesh,2020,821.5,348.2,6.5,284.5,Sprinkler,1.33,721.6
YLD001377,CROP005,Pearl Millet (Bajra),REG026,Andhra Pradesh,2021,820.7,437.2,6.6,344.9,Drip,0.52,1158.4
YLD001381,CROP005,Pearl Millet (Bajra),REG027,Tamil Nadu,2015,815.1,662.2,6.3,271.3,Flood,3.08,728.0
YLD001382,CROP005,Pearl Millet (Bajra),REG027,Tamil Nadu,2016,814.2,535.2,6.41,228.4,Flood,3.83,791.6
YLD001383,CROP005,Pearl Millet (Bajra),REG027,Tamil Nadu,2017,808.9,464.6,6.79,236.2,Rainfed,4.9,323.7
YLD001384,CROP005,Pearl Millet (Bajra),REG027,Tamil Nadu,2018,817.1,263.6,6.53,155.1,Sprinkler,3.62,943.2
YLD001385,CROP005,Pearl Millet (Bajra),REG027,Tamil Nadu,2019,815.5,464.8,7.41,235.7,Sprinkler,4.48,1056.6
YLD001386,CROP005,Pearl Millet (Bajra),REG027,Tamil Nadu,2020,813.2,272.9,7.02,314.1,Drip,2.23,1033.7
YLD001387,CROP005,Pearl Millet (Bajra),REG027,Tamil Nadu,2021,822.4,195.3,6.17,208.0,Drip,2.59,636.1
YLD001391,CROP005,Pearl Millet (Bajra),REG028,Tamil Nadu,2015,822.1,311.9,6.89,339.0,Rainfed,0.88,297.7
YLD001392,CROP005,Pearl Millet (Bajra),REG028,Tamil Nadu,2016,817.1,399.2,5.99,283.8,Rainfed,1.96,1027.7
YLD001393,CROP005,Pearl Millet (Bajra),REG028,Tamil Nadu,2017,816.3,496.6,6.83,355.3,Sprinkler,2.05,1084.6
YLD001394,CROP005,Pearl Millet (Bajra),REG028,Tamil Nadu,2018,819.4,351.8,6.84,204.0,Flood,1.52,992.2
YLD001395,CROP005,Pearl Millet (Bajra),REG028,Tamil Nadu,2019,812.9,351.3,6.16,276.6,Flood,1.73,889.2
YLD001396,CROP005,Pearl Millet (Bajra),REG028,Tamil Nadu,2020,816.3,567.9,6.77,344.4,Flood,0.61,902.1
YLD001397,CROP005,Pearl Millet (Bajra),REG028,Tamil Nadu,2021,815.2,570.9,6.5,223.1,Rainfed,3.45,623.0
YLD001401,CROP006,Barley,REG001,Punjab,2015,1417.2,536.6,7.17,246.5,Sprinkler,3.03,1221.5
YLD001402,CROP006,Barley,REG001,Punjab,2016,1413.9,339.3,6.46,307.6,Sprinkler,2.74,2634.4
YLD001403,CROP006,Barley,REG001,Punjab,2017,1419.7,420.6,6.08,235.5,Flood,2.12,1470.0
YLD001404,CROP006,Barley,REG001,Punjab,2018,1416.6,423.9,6.53,245.5,Drip,4.63,2357.7
YLD001405,CROP006,Barley,REG001,Punjab,2019,1410.2,297.0,6.2,266.7,Flood,2.14,2368.0
YLD001406,CROP006,Barley,REG001,Punjab,2020,1416.2,398.3,6.92,330.8,Flood,2.84,2020.8
YLD001407,CROP006,Barley,REG001,Punjab,2021,1411.5,379.4,6.45,273.4,Sprinkler,1.81,3271.7
YLD001411,CROP006,Barley,REG002,Punjab,2015,1402.7,577.0,6.27,294.9,Drip,4.42,958.9
YLD001412,CROP006,Barley,REG002,Punjab,2016,1404.5,237.9,7.09,180.2,Rainfed,0.51,686.7
YLD001413,CROP006,Barley,REG002,Punjab,2017,1419.9,202.0,7.56,182.2,Sprinkler,3.78,823.4
YLD001414,CROP006,Barley,REG002,Punjab,2018,1410.2,343.6,6.09,217.9,Flood,4.0,2658.9
YLD001415,CROP006,Barley,REG002,Punjab,2019,1409.5,365.3,7.47,306.3,Rainfed,3.84,2107.4
YLD001416,CROP006,Barley,REG002,Punjab,2020,1410.5,464.1,6.67,336.4,Rainfed,4.61,1496.4
YLD001417,CROP006,Barley,REG002,Punjab,2021,1405.0,274.5,6.72,270.0,Flood,4.3,1392.3
YLD001421,CROP006,Barley,REG003,Punjab,2015,1412.9,426.8,6.99,276.6,Sprinkler,2.09,2674.5
YLD001422,CROP006,Barley,REG003,Punjab,2016,1407.6,369.6,7.25,398.3,Rainfed,3.86,1593.6
YLD001423,CROP006,Barley,REG003,Punjab,2017,1413.6,334.8,6.74,274.6,Drip,2.22,2447.9
YLD001424,CROP006,Barley,REG003,Punjab,2018,1410.8,414.7,6.47,321.1,Rainfed,2.35,2291.8
YLD001425,CROP006,Barley,REG003,Punjab,2019,1411.7,239.0,6.14,214.7,Sprinkler,0.72,2949.0
YLD001426,CROP006,Barley,REG003,Punjab,2020,1411.4,516.5,5.92,295.3,Drip,3.16,2202.6
YLD001427,CROP006,Barley,REG003,Punjab,2021,1413.0,362.9,7.18,289.2,Rainfed,2.94,1899.3
YLD001431,CROP006,Barley,REG004,Haryana,2015,1412.5,153.9,6.59,178.9,Sprinkler,4.66,1777.2
YLD001432,CROP006,Barley,REG004,Haryana,2016,1417.0,417.8,7.02,214.6,Rainfed,4.32,1093.6
YLD001433,CROP006,Barley,REG004,Haryana,2017,1414.4,222.0,5.9,316.9,Drip,1.02,1737.3
YLD001434,CROP006,Barley,REG004,Haryana,2018,1410.2,478.7,6.43,192.3,Drip,3.89,3224.1
YLD001435,CROP006,Barley,REG004,Haryana,2019,1412.0,234.2,6.76,212.9,Flood,3.73,1968.8
YLD001436,CROP006,Barley,REG004,Haryana,2020,1409.7,156.0,6.21,278.3,Flood,1.13,1809.6
YLD001437,CROP006,Barley,REG004,Haryana,2021,1411.0,356.4,6.25,389.5,Drip,1.49,2862.7
YLD001441,CROP006,Barley,REG005,Haryana,2015,1407.4,418.2,7.04,398.2,Flood,3.01,2042.0
YLD001442,CROP006,Barley,REG005,Haryana,2016,1410.3,160.0,6.88,371.4,Drip,1.68,1935.2
YLD001443,CROP006,Barley,REG005,Haryana,2017,1410.2,472.3,6.98,252.0,Sprinkler,1.69,2529.4
YLD001444,CROP006,Barley,REG005,Haryana,2018,1405.3,616.7,6.7,310.5,Drip,4.53,1460.3
YLD001445,CROP006,Barley,REG005,Haryana,2019,1414.4,407.2,6.03,329.6,Sprinkler,3.98,2124.4
YLD001446,CROP006,Barley,REG005,Haryana,2020,1414.7,345.4,7.18,371.3,Drip,1.15,2638.3
YLD001447,CROP006,Barley,REG005,Haryana,2021,1414.6,398.7,6.84,367.8,Drip,2.19,2531.5
YLD001451,CROP006,Barley,REG006,Uttar Pradesh,2015,1409.6,316.0,6.39,302.8,Drip,2.43,2680.5
YLD001452,CROP006,Barley,REG006,Uttar Pradesh,2016,1413.2,251.3,6.4,377.7,Drip,1.54,2802.0
YLD001453,CROP006,Barley,REG006,Uttar Pradesh,2017,1413.1,392.5,6.69,384.4,Flood,3.88,2719.0
YLD001454,CROP006,Barley,REG006,Uttar Pradesh,2018,1409.8,217.4,6.21,185.3,Flood,2.82,2361.4
YLD001455,CROP006,Barley,REG006,Uttar Pradesh,2019,1411.6,485.3,7.63,396.1,Flood,0.91,2033.4
YLD001456,CROP006,Barley,REG006,Uttar Pradesh,2020,1404.5,210.0,6.05,292.7,Drip,4.89,1674.8
YLD001457,CROP006,Barley,REG006,Uttar Pradesh,2021,1413.4,377.6,6.35,279.6,Sprinkler,4.41,2533.4
YLD001461,CROP006,Barley,REG007,Uttar Pradesh,2015,1411.5,194.0,7.03,357.6,Flood,2.7,2129.3
YLD001462,CROP006,Barley,REG007,Uttar Pradesh,2016,1410.5,293.1,6.51,395.1,Rainfed,1.35,1754.7
YLD001463,CROP006,Barley,REG007,Uttar Pradesh,2017,1407.0,275.5,6.77,285.5,Sprinkler,4.87,2439.1
YLD001464,CROP006,Barley,REG007,Uttar Pradesh,2018,1409.4,191.5,6.78,208.1,Flood,2.72,2182.0
YLD001465,CROP006,Barley,REG007,Uttar Pradesh,2019,1410.7,387.9,5.91,304.2,Drip,0.9,3209.3
YLD001466,CROP006,Barley,REG007,Uttar Pradesh,2020,1412.6,377.8,6.39,196.8,Sprinkler,4.66,3093.9
YLD001467,CROP006,Barley,REG007,Uttar Pradesh,2021,1409.4,596.4,6.24,217.0,Rainfed,4.08,1007.6
YLD001471,CROP006,Barley,REG008,Uttar Pradesh,2015,1412.0,518.9,7.03,202.5,Sprinkler,3.53,1678.4
YLD001472,CROP006,Barley,REG008,Uttar Pradesh,2016,1409.3,323.5,6.25,364.6,Drip,0.66,2939.5
YLD001473,CROP006,Barley,REG008,Uttar Pradesh,2017,1412.8,394.5,7.36,242.1,Flood,0.99,2313.0
YLD001474,CROP006,Barley,REG008,Uttar Pradesh,2018,1410.4,385.7,6.17,301.4,Drip,3.64,2876.3
YLD001475,CROP006,Barley,REG008,Uttar Pradesh,2019,1409.5,408.3,6.94,155.4,Drip,2.73,2967.7
YLD001476,CROP006,Barley,REG008,Uttar Pradesh,2020,1405.6,430.0,6.56,210.6,Rainfed,4.77,1479.6
YLD001477,CROP006,Barley,REG008,Uttar Pradesh,2021,1409.6,625.9,6.84,293.2,Sprinkler,1.89,1468.8
YLD001481,CROP006,Barley,REG009,Bihar,2015,1410.6,287.0,6.83,266.5,Sprinkler,1.01,2872.4
YLD001482,CROP006,Barley,REG009,Bihar,2016,1407.4,541.6,6.71,273.5,Rainfed,3.21,1003.3
YLD001483,CROP006,Barley,REG009,Bihar,2017,1408.3,337.2,6.82,262.3,Sprinkler,4.06,2776.0
YLD001484,CROP006,Barley,REG009,Bihar,2018,1410.5,387.8,6.11,255.4,Flood,1.31,2695.0
YLD001485,CROP006,Barley,REG009,Bihar,2019,1407.9,301.5,7.03,351.8,Rainfed,4.52,1941.4
YLD001486,CROP006,Barley,REG009,Bihar,2020,1406.6,376.1,7.51,312.6,Flood,0.7,2392.7
YLD001487,CROP006,Barley,REG009,Bihar,2021,1410.2,467.9,6.26,188.7,Drip,3.63,2668.0
YLD001491,CROP006,Barley,REG010,Bihar,2015,1414.3,462.7,6.84,459.1,Drip,3.33,1750.6
YLD001492,CROP006,Barley,REG010,Bihar,2016,1414.3,490.9,5.96,271.9,Rainfed,3.54,1008.0
YLD001493,CROP006,Barley,REG010,Bihar,2017,1410.6,425.5,7.52,338.6,Flood,0.77,2292.0
YLD001494,CROP006,Barley,REG010,Bihar,2018,1405.1,344.2,6.39,272.0,Rainfed,4.68,1530.4
YLD001495,CROP006,Barley,REG010,Bihar,2019,1415.0,321.2,6.79,163.7,Sprinkler,3.02,2209.5
YLD001496,CROP006,Barley,REG010,Bihar,2020,1407.4,158.4,6.49,316.9,Rainfed,2.13,883.8
YLD001497,CROP006,Barley,REG010,Bihar,2021,1409.7,363.2,6.96,306.0,Sprinkler,3.22,2995.5
YLD001501,CROP006,Barley,REG011,West Bengal,2015,1407.7,298.8,6.85,296.9,Rainfed,3.2,1690.2
YLD001502,CROP006,Barley,REG011,West Bengal,2016,1409.0,511.8,6.62,265.8,Sprinkler,2.25,2214.1
YLD001503,CROP006,Barley,REG011,West Bengal,2017,1420.5,524.4,6.46,350.9,Flood,2.75,452.0
YLD001504,CROP006,Barley,REG011,West Bengal,2018,1411.9,356.2,5.79,305.7,Rainfed,2.4,2358.2
YLD001505,CROP006,Barley,REG011,West Bengal,2019,1413.9,466.8,6.83,294.5,Flood,4.33,1860.3
YLD001506,CROP006,Barley,REG011,West Bengal,2020,1410.1,332.6,6.6,194.4,Drip,4.22,3262.2
YLD001507,CROP006,Barley,REG011,West Bengal,2021,1406.5,412.3,6.18,204.3,Sprinkler,2.37,1800.4
YLD001511,CROP006,Barley,REG012,West Bengal,2015,1403.3,458.8,6.6,307.0,Drip,3.37,1721.0
YLD001512,CROP006,Barley,REG012,West Bengal,2016,1408.3,452.9,5.9,222.6,Drip,3.4,2114.9
YLD001513,CROP006,Barley,REG012,West Bengal,2017,1410.2,490.2,6.72,222.8,Sprinkler,2.41,1742.2
YLD001514,CROP006,Barley,REG012,West Bengal,2018,1412.8,443.1,7.11,285.5,Flood,4.27,2384.9
YLD001515,CROP006,Barley,REG012,West Bengal,2019,1411.3,301.6,6.75,291.5,Drip,2.61,2874.0
YLD001516,CROP006,Barley,REG012,West Bengal,2020,1409.6,332.0,7.71,254.4,Flood,2.47,2046.0
YLD001517,CROP006,Barley,REG012,West Bengal,2021,1407.0,533.4,6.76,257.8,Sprinkler,3.58,1763.8
YLD001521,CROP006,Barley,REG013,Madhya Pradesh,2015,1415.9,346.9,6.83,319.2,Drip,3.72,2603.2
YLD001522,CROP006,Barley,REG013,Madhya Pradesh,2016,1414.4,377.6,7.28,204.6,Drip,3.43,2967.4
YLD001523,CROP006,Barley,REG013,Madhya Pradesh,2017,1411.4,464.7,5.93,319.7,Sprinkler,4.88,2318.7
YLD001524,CROP006,Barley,REG013,Madhya Pradesh,2018,1410.8,230.7,7.39,266.4,Sprinkler,3.39,2419.0
YLD001525,CROP006,Barley,REG013,Madhya Pradesh,2019,1411.3,553.3,6.07,231.2,Flood,1.84,1776.1
YLD001526,CROP006,Barley,REG013,Madhya Pradesh,2020,1407.9,253.8,6.67,287.9,Sprinkler,3.98,2362.0
YLD001527,CROP006,Barley,REG013,Madhya Pradesh,2021,1414.2,300.6,6.2,273.9,Sprinkler,4.18,2397.8
YLD001531,CROP006,Barley,REG014,Madhya Pradesh,2015,1408.9,382.8,6.17,247.7,Sprinkler,4.52,2140.6
YLD001532,CROP006,Barley,REG014,Madhya Pradesh,2016,1409.5,449.7,7.35,207.1,Flood,1.55,2254.3
YLD001533,CROP006,Barley,REG014,Madhya Pradesh,2017,1404.1,320.4,6.12,307.3,Drip,0.86,2068.7
YLD001534,CROP006,Barley,REG014,Madhya Pradesh,2018,1411.0,350.9,6.93,372.2,Sprinkler,1.44,3047.1
YLD001535,CROP006,Barley,REG014,Madhya Pradesh,2019,1406.1,418.0,6.06,442.1,Drip,4.99,2400.2
YLD001536,CROP006,Barley,REG014,Madhya Pradesh,2020,1404.8,288.9,7.15,338.7,Drip,1.75,1980.1
YLD001537,CROP006,Barley,REG014,Madhya Pradesh,2021,1408.2,133.3,6.8,301.5,Flood,0.67,1178.6
YLD001541,CROP006,Barley,REG015,Madhya Pradesh,2015,1413.3,428.3,5.82,246.3,Rainfed,3.37,1659.4
YLD001542,CROP006,Barley,REG015,Madhya Pradesh,2016,1409.7,223.2,6.68,222.8,Flood,1.29,2447.4
YLD001543,CROP006,Barley,REG015,Madhya Pradesh,2017,1406.8,455.2,6.24,355.6,Drip,3.61,2505.9
YLD001544,CROP006,Barley,REG015,Madhya Pradesh,2018,1405.1,419.4,6.3,242.1,Sprinkler,4.29,2301.6
YLD001545,CROP006,Barley,REG015,Madhya Pradesh,2019,1406.9,367.3,6.86,383.0,Flood,2.77,2186.6
YLD001546,CROP006,Barley,REG015,Madhya Pradesh,2020,1414.7,499.9,7.42,266.2,Drip,4.18,2472.5
YLD001547,CROP006,Barley,REG015,Madhya Pradesh,2021,1403.4,266.6,6.55,132.9,Sprinkler,0.61,1866.0
YLD001551,CROP006,Barley,REG016,Maharashtra,2015,1409.4,430.2,6.96,195.7,Flood,1.59,1923.0
YLD001552,CROP006,Barley,REG016,Maharashtra,2016,1410.9,309.7,7.68,181.6,Rainfed,1.51,1828.6
YLD001553,CROP006,Barley,REG016,Maharashtra,2017,1410.6,534.5,6.97,270.9,Sprinkler,4.69,2473.4
YLD001554,CROP006,Barley,REG016,Maharashtra,2018,1412.0,403.9,6.72,221.3,Rainfed,1.61,1722.7
YLD001555,CROP006,Barley,REG016,Maharashtra,2019,1409.3,452.6,6.7,255.8,Sprinkler,4.81,2809.6
YLD001556,CROP006,Barley,REG016,Maharashtra,2020,1405.7,393.0,6.56,316.4,Flood,1.49,1850.5
YLD001557,CROP006,Barley,REG016,Maharashtra,2021,1414.0,475.2,6.37,410.4,Sprinkler,1.22,2085.4
YLD001561,CROP006,Barley,REG017,Maharashtra,2015,1408.1,349.4,6.03,237.8,Rainfed,0.54,2309.0
YLD001562,CROP006,Barley,REG017,Maharashtra,2016,1411.9,282.1,5.76,273.7,Flood,3.57,2315.1
YLD001563,CROP006,Barley,REG017,Maharashtra,2017,1407.8,50.0,6.46,229.3,Sprinkler,2.42,1128.2
YLD001564,CROP006,Barley,REG017,Maharashtra,2018,1419.1,338.6,7.21,196.7,Rainfed,1.06,1602.7
YLD001565,CROP006,Barley,REG017,Maharashtra,2019,1409.9,333.0,5.9,243.4,Sprinkler,1.12,2777.6
YLD001566,CROP006,Barley,REG017,Maharashtra,2020,1405.6,278.8,6.61,136.8,Flood,4.69,1729.1
YLD001567,CROP006,Barley,REG017,Maharashtra,2021,1411.4,417.5,6.99,245.9,Drip,3.3,2989.9
YLD001571,CROP006,Barley,REG018,Maharashtra,2015,1412.1,346.9,6.48,333.4,Rainfed,5.0,2347.1
YLD001572,CROP006,Barley,REG018,Maharashtra,2016,1407.7,515.2,7.22,314.1,Rainfed,0.78,1674.2
YLD001573,CROP006,Barley,REG018,Maharashtra,2017,1413.8,374.5,6.06,386.7,Flood,1.23,2561.3
YLD001574,CROP006,Barley,REG018,Maharashtra,2018,1409.2,264.7,7.02,288.8,Sprinkler,0.52,2189.2
YLD001575,CROP006,Barley,REG018,Maharashtra,2019,1409.6,384.3,6.96,172.2,Sprinkler,2.13,2419.6
YLD001576,CROP006,Barley,REG018,Maharashtra,2020,1410.8,399.8,6.23,262.6,Sprinkler,4.43,2648.3
YLD001577,CROP006,Barley,REG018,Maharashtra,2021,1411.1,319.1,7.78,297.2,Drip,0.68,2853.2
YLD001581,CROP006,Barley,REG019,Gujarat,2015,1407.5,416.5,7.22,248.6,Rainfed,3.47,1894.9
YLD001582,CROP006,Barley,REG019,Gujarat,2016,1409.3,316.9,6.57,377.5,Rainfed,1.83,1989.9
YLD001583,CROP006,Barley,REG019,Gujarat,2017,1406.0,418.9,6.71,332.8,Sprinkler,3.57,2180.3
YLD001584,CROP006,Barley,REG019,Gujarat,2018,1404.5,562.5,6.7,245.1,Sprinkler,2.03,771.1
YLD001585,CROP006,Barley,REG019,Gujarat,2019,1412.0,330.9,6.73,240.7,Sprinkler,3.4,3062.6
YLD001586,CROP006,Barley,REG019,Gujarat,2020,1414.4,272.0,6.26,269.2,Rainfed,0.75,1670.0
YLD001587,CROP006,Barley,REG019,Gujarat,2021,1411.2,419.5,6.81,205.4,Drip,4.68,2742.2
YLD001591,CROP006,Barley,REG020,Gujarat,2015,1415.0,289.4,7.76,276.6,Rainfed,1.98,1512.8
YLD001592,CROP006,Barley,REG020,Gujarat,2016,1409.9,373.5,7.12,187.8,Sprinkler,3.9,2419.3
YLD001593,CROP006,Barley,REG020,Gujarat,2017,1411.0,288.2,5.9,322.0,Sprinkler,0.71,3006.1
YLD001594,CROP006,Barley,REG020,Gujarat,2018,1408.6,176.5,7.59,243.9,Sprinkler,2.93,1561.7
YLD001595,CROP006,Barley,REG020,Gujarat,2019,1415.1,174.5,7.07,335.2,Rainfed,2.33,844.8
YLD001596,CROP006,Barley,REG020,Gujarat,2020,1409.6,377.3,6.98,349.1,Rainfed,0.83,2083.6
YLD001597,CROP006,Barley,REG020,Gujarat,2021,1410.3,416.3,6.79,265.6,Sprinkler,4.85,2675.6
YLD001601,CROP006,Barley,REG021,Rajasthan,2015,1409.1,464.2,7.12,274.0,Sprinkler,2.23,1771.5
YLD001602,CROP006,Barley,REG021,Rajasthan,2016,1412.2,245.6,6.86,227.4,Drip,1.15,2648.6
YLD001603,CROP006,Barley,REG021,Rajasthan,2017,1408.4,279.2,6.7,322.4,Flood,2.44,2022.7
YLD001604,CROP006,Barley,REG021,Rajasthan,2018,1409.3,321.9,5.62,239.7,Rainfed,3.59,2019.8
YLD001605,CROP006,Barley,REG021,Rajasthan,2019,1412.6,154.6,6.28,301.7,Flood,2.13,1786.1
YLD001606,CROP006,Barley,REG021,Rajasthan,2020,1411.8,358.1,6.67,282.1,Flood,4.57,3127.0
YLD001607,CROP006,Barley,REG021,Rajasthan,2021,1407.9,306.8,6.4,374.4,Sprinkler,4.52,3070.7
YLD001611,CROP006,Barley,REG022,Rajasthan,2015,1410.5,505.6,6.97,246.1,Drip,3.82,2073.1
YLD001612,CROP006,Barley,REG022,Rajasthan,2016,1415.2,324.6,6.84,254.7,Drip,2.01,2597.2
YLD001613,CROP006,Barley,REG022,Rajasthan,2017,1414.5,125.0,6.57,313.2,Flood,1.12,1422.6
YLD001614,CROP006,Barley,REG022,Rajasthan,2018,1414.9,386.5,6.92,164.1,Sprinkler,4.48,2271.6
YLD001615,CROP006,Barley,REG022,Rajasthan,2019,1409.9,668.9,6.78,315.8,Rainfed,0.81,617.7
YLD001616,CROP006,Barley,REG022,Rajasthan,2020,1412.0,425.4,6.06,226.4,Rainfed,3.34,1854.5
YLD001617,CROP006,Barley,REG022,Rajasthan,2021,1414.1,344.5,6.57,296.9,Drip,4.93,2777.7
YLD001621,CROP006,Barley,REG023,Karnataka,2015,1408.7,490.1,5.98,303.5,Sprinkler,4.45,2142.5
YLD001622,CROP006,Barley,REG023,Karnataka,2016,1405.7,232.1,7.28,205.1,Rainfed,2.37,976.4
YLD001623,CROP006,Barley,REG023,Karnataka,2017,1410.8,296.1,6.75,189.3,Rainfed,2.46,2085.6
YLD001624,CROP006,Barley,REG023,Karnataka,2018,1409.2,334.6,6.52,295.9,Flood,3.95,2690.0
YLD001625,CROP006,Barley,REG023,Karnataka,2019,1413.4,377.5,6.29,362.0,Drip,4.52,3438.6
YLD001626,CROP006,Barley,REG023,Karnataka,2020,1416.6,370.0,7.18,293.8,Flood,3.17,1725.0
YLD001627,CROP006,Barley,REG023,Karnataka,2021,1418.3,235.4,7.33,297.0,Sprinkler,3.1,1108.8
YLD001631,CROP006,Barley,REG024,Karnataka,2015,1404.1,326.5,7.26,282.0,Flood,3.19,1895.5
YLD001632,CROP006,Barley,REG024,Karnataka,2016,1411.1,431.0,6.02,378.8,Flood,2.3,2363.0
YLD001633,CROP006,Barley,REG024,Karnataka,2017,1407.8,411.8,6.83,314.9,Drip,3.32,2422.5
YLD001634,CROP006,Barley,REG024,Karnataka,2018,1410.7,272.3,7.19,259.1,Rainfed,1.69,1760.7
YLD001635,CROP006,Barley,REG024,Karnataka,2019,1410.3,455.9,7.22,223.0,Rainfed,3.51,1701.5
YLD001636,CROP006,Barley,REG024,Karnataka,2020,1411.7,292.4,7.47,221.2,Drip,4.28,2790.4
YLD001637,CROP006,Barley,REG024,Karnataka,2021,1410.6,375.6,6.38,248.9,Sprinkler,2.39,2732.7
YLD001641,CROP006,Barley,REG025,Andhra Pradesh,2015,1410.7,425.3,6.4,291.2,Drip,3.11,3072.1
YLD001642,CROP006,Barley,REG025,Andhra Pradesh,2016,1408.7,479.4,6.97,179.8,Rainfed,2.6,1307.9
YLD001643,CROP006,Barley,REG025,Andhra Pradesh,2017,1409.4,321.3,6.88,150.5,Sprinkler,2.48,2724.8
YLD001644,CROP006,Barley,REG025,Andhra Pradesh,2018,1412.4,261.9,7.34,217.6,Flood,3.27,1880.0
YLD001645,CROP006,Barley,REG025,Andhra Pradesh,2019,1407.5,356.7,7.21,426.0,Rainfed,3.21,2189.6
YLD001646,CROP006,Barley,REG025,Andhra Pradesh,2020,1413.4,509.7,7.48,207.3,Flood,2.21,1461.1
YLD001647,CROP006,Barley,REG025,Andhra Pradesh,2021,1419.6,495.1,6.94,150.5,Drip,3.08,1474.8
YLD001651,CROP006,Barley,REG026,Andhra Pradesh,2015,1417.7,525.3,6.2,359.8,Sprinkler,3.6,1916.5
YLD001652,CROP006,Barley,REG026,Andhra Pradesh,2016,1416.7,402.0,6.62,228.4,Drip,2.83,1939.4
YLD001653,CROP006,Barley,REG026,Andhra Pradesh,2017,1413.6,374.8,6.63,224.2,Rainfed,2.83,2193.6
YLD001654,CROP006,Barley,REG026,Andhra Pradesh,2018,1410.3,368.9,7.86,261.9,Rainfed,1.63,1942.4
YLD001655,CROP006,Barley,REG026,Andhra Pradesh,2019,1409.9,255.7,6.99,351.5,Rainfed,3.56,1356.1
YLD001656,CROP006,Barley,REG026,Andhra Pradesh,2020,1412.5,357.4,7.34,350.2,Flood,1.23,2304.8
YLD001657,CROP006,Barley,REG026,Andhra Pradesh,2021,1410.9,540.8,6.77,379.7,Drip,4.37,2488.0
YLD001661,CROP006,Barley,REG027,Tamil Nadu,2015,1408.1,355.8,7.33,375.1,Flood,2.73,2359.3
YLD001662,CROP006,Barley,REG027,Tamil Nadu,2016,1409.0,400.9,7.12,324.1,Sprinkler,4.01,2620.8
YLD001663,CROP006,Barley,REG027,Tamil Nadu,2017,1407.6,410.0,7.66,327.1,Flood,3.49,2181.8
YLD001664,CROP006,Barley,REG027,Tamil Nadu,2018,1409.5,310.7,6.61,303.0,Sprinkler,2.15,2805.8
YLD001665,CROP006,Barley,REG027,Tamil Nadu,2019,1409.9,413.8,6.98,252.9,Flood,2.85,2782.0
YLD001666,CROP006,Barley,REG027,Tamil Nadu,2020,1411.0,281.8,7.35,313.4,Rainfed,3.73,1712.3
YLD001667,CROP006,Barley,REG027,Tamil Nadu,2021,1408.0,410.3,5.84,317.6,Flood,2.9,2266.1
YLD001671,CROP006,Barley,REG028,Tamil Nadu,2015,1413.4,491.3,6.7,254.2,Sprinkler,4.11,2386.3
YLD001672,CROP006,Barley,REG028,Tamil Nadu,2016,1411.6,244.3,7.33,242.7,Flood,0.9,2155.7
YLD001673,CROP006,Barley,REG028,Tamil Nadu,2017,1412.7,342.0,6.52,304.7,Drip,2.59,2871.9
YLD001674,CROP006,Barley,REG028,Tamil Nadu,2018,1409.2,371.7,6.18,285.4,Rainfed,2.74,2180.2
YLD001675,CROP006,Barley,REG028,Tamil Nadu,2019,1411.9,182.9,7.12,341.1,Sprinkler,3.68,2004.4
YLD001676,CROP006,Barley,REG028,Tamil Nadu,2020,1415.4,372.7,6.46,278.5,Sprinkler,0.7,2774.5
YLD001677,CROP006,Barley,REG028,Tamil Nadu,2021,1412.2,253.6,6.26,291.5,Flood,0.95,2257.0
YLD001681,CROP007,Chickpea (Gram),REG001,Punjab,2015,614.6,307.2,7.06,216.2,Rainfed,3.15,1751.8
YLD001682,CROP007,Chickpea (Gram),REG001,Punjab,2016,610.6,328.7,6.48,257.1,Flood,3.03,2762.2
YLD001683,CROP007,Chickpea (Gram),REG001,Punjab,2017,616.0,336.5,6.64,272.9,Flood,3.84,2667.1
YLD001684,CROP007,Chickpea (Gram),REG001,Punjab,2018,615.1,350.6,6.52,267.7,Drip,1.5,3143.1
YLD001685,CROP007,Chickpea (Gram),REG001,Punjab,2019,611.7,299.7,5.94,295.6,Flood,2.78,2529.8
YLD001686,CROP007,Chickpea (Gram),REG001,Punjab,2020,613.8,493.5,7.0,255.4,Flood,4.14,2310.6
YLD001687,CROP007,Chickpea (Gram),REG001,Punjab,2021,618.2,367.7,6.88,217.1,Rainfed,3.99,1780.5
YLD001691,CROP007,Chickpea (Gram),REG002,Punjab,2015,612.8,206.2,7.19,201.9,Sprinkler,3.77,2351.5
YLD001692,CROP007,Chickpea (Gram),REG002,Punjab,2016,607.8,476.2,5.97,204.7,Flood,2.76,1664.1
YLD001693,CROP007,Chickpea (Gram),REG002,Punjab,2017,612.9,335.8,6.24,352.6,Flood,4.98,2986.8
YLD001694,CROP007,Chickpea (Gram),REG002,Punjab,2018,609.1,373.1,6.68,398.3,Rainfed,2.62,2561.0
YLD001695,CROP007,Chickpea (Gram),REG002,Punjab,2019,614.8,265.8,7.32,231.4,Drip,3.48,3137.3
YLD001696,CROP007,Chickpea (Gram),REG002,Punjab,2020,600.8,258.7,7.32,336.0,Sprinkler,4.0,1257.8
YLD001697,CROP007,Chickpea (Gram),REG002,Punjab,2021,612.5,371.7,6.49,180.3,Sprinkler,3.93,3608.3
YLD001701,CROP007,Chickpea (Gram),REG003,Punjab,2015,611.1,391.9,7.03,252.2,Drip,4.11,3288.1
YLD001702,CROP007,Chickpea (Gram),REG003,Punjab,2016,613.4,344.2,6.67,168.3,Drip,3.73,3386.0
YLD001703,CROP007,Chickpea (Gram),REG003,Punjab,2017,609.3,235.8,6.8,257.4,Rainfed,1.15,1472.1
YLD001704,CROP007,Chickpea (Gram),REG003,Punjab,2018,624.0,444.7,6.55,273.6,Flood,3.39,1075.5
YLD001705,CROP007,Chickpea (Gram),REG003,Punjab,2019,613.8,418.4,6.93,397.7,Sprinkler,3.54,2896.4
YLD001706,CROP007,Chickpea (Gram),REG003,Punjab,2020,614.8,347.9,5.49,424.3,Drip,1.14,3820.4
YLD001707,CROP007,Chickpea (Gram),REG003,Punjab,2021,613.7,310.5,7.9,200.3,Rainfed,1.89,2717.3
YLD001711,CROP007,Chickpea (Gram),REG004,Haryana,2015,616.9,339.4,6.77,342.2,Sprinkler,4.43,2905.5
YLD001712,CROP007,Chickpea (Gram),REG004,Haryana,2016,620.1,340.7,6.95,271.0,Drip,2.72,2680.0
YLD001713,CROP007,Chickpea (Gram),REG004,Haryana,2017,615.9,325.1,6.77,250.9,Drip,4.44,3150.6
YLD001714,CROP007,Chickpea (Gram),REG004,Haryana,2018,614.1,267.5,7.09,358.4,Flood,2.77,3044.0
YLD001715,CROP007,Chickpea (Gram),REG004,Haryana,2019,613.9,336.8,5.54,262.7,Sprinkler,0.73,3284.7
YLD001716,CROP007,Chickpea (Gram),REG004,Haryana,2020,616.3,333.9,6.86,293.6,Flood,3.53,2316.6
YLD001717,CROP007,Chickpea (Gram),REG004,Haryana,2021,612.3,289.5,6.4,312.5,Rainfed,2.15,2447.3
YLD001721,CROP007,Chickpea (Gram),REG005,Haryana,2015,606.9,84.0,6.65,318.6,Sprinkler,1.32,965.3
YLD001722,CROP007,Chickpea (Gram),REG005,Haryana,2016,616.0,457.3,6.17,211.6,Drip,1.12,2695.4
YLD001723,CROP007,Chickpea (Gram),REG005,Haryana,2017,615.1,452.5,6.44,204.4,Rainfed,3.14,1282.3
YLD001724,CROP007,Chickpea (Gram),REG005,Haryana,2018,613.7,287.2,6.54,376.4,Sprinkler,4.38,3069.9
YLD001725,CROP007,Chickpea (Gram),REG005,Haryana,2019,612.3,416.4,6.04,266.2,Sprinkler,1.36,3534.3
YLD001726,CROP007,Chickpea (Gram),REG005,Haryana,2020,615.3,405.0,7.62,441.3,Rainfed,0.88,2245.2
YLD001727,CROP007,Chickpea (Gram),REG005,Haryana,2021,610.6,267.3,6.99,304.4,Rainfed,4.66,1972.3
YLD001731,CROP007,Chickpea (Gram),REG006,Uttar Pradesh,2015,608.8,333.3,5.96,256.1,Flood,2.1,2177.5
YLD001732,CROP007,Chickpea (Gram),REG006,Uttar Pradesh,2016,618.1,516.9,6.39,348.4,Drip,3.95,2003.1
YLD001733,CROP007,Chickpea (Gram),REG006,Uttar Pradesh,2017,614.4,454.8,5.61,298.6,Sprinkler,2.77,2453.7
YLD001734,CROP007,Chickpea (Gram),REG006,Uttar Pradesh,2018,611.8,288.4,6.18,251.6,Sprinkler,3.12,3263.2
YLD001735,CROP007,Chickpea (Gram),REG006,Uttar Pradesh,2019,609.5,345.8,5.76,216.8,Rainfed,2.87,2680.3
YLD001736,CROP007,Chickpea (Gram),REG006,Uttar Pradesh,2020,613.3,427.4,5.92,211.5,Flood,4.2,2484.3
YLD001737,CROP007,Chickpea (Gram),REG006,Uttar Pradesh,2021,616.0,435.0,6.27,253.9,Drip,0.88,2816.7
YLD001741,CROP007,Chickpea (Gram),REG007,Uttar Pradesh,2015,615.1,308.0,7.24,231.0,Drip,2.68,2994.1
YLD001742,CROP007,Chickpea (Gram),REG007,Uttar Pradesh,2016,612.3,334.4,6.6,254.1,Drip,2.46,3326.5
YLD001743,CROP007,Chickpea (Gram),REG007,Uttar Pradesh,2017,614.9,322.6,5.38,312.9,Flood,0.92,2540.8
YLD001744,CROP007,Chickpea (Gram),REG007,Uttar Pradesh,2018,613.6,154.8,6.9,237.3,Sprinkler,2.5,2178.3
YLD001745,CROP007,Chickpea (Gram),REG007,Uttar Pradesh,2019,605.8,506.9,6.8,294.3,Rainfed,4.46,711.6
YLD001746,CROP007,Chickpea (Gram),REG007,Uttar Pradesh,2020,613.0,306.7,7.0,310.6,Rainfed,4.48,2329.3
YLD001747,CROP007,Chickpea (Gram),REG007,Uttar Pradesh,2021,612.4,391.7,6.4,332.8,Sprinkler,3.71,3153.4
YLD001751,CROP007,Chickpea (Gram),REG008,Uttar Pradesh,2015,616.3,393.5,6.45,301.2,Flood,4.62,2560.2
YLD001752,CROP007,Chickpea (Gram),REG008,Uttar Pradesh,2016,618.0,389.5,6.84,249.6,Sprinkler,0.58,2849.7
YLD001753,CROP007,Chickpea (Gram),REG008,Uttar Pradesh,2017,614.1,416.3,7.11,273.0,Flood,4.74,2855.3
YLD001754,CROP007,Chickpea (Gram),REG008,Uttar Pradesh,2018,606.1,260.2,6.71,406.2,Flood,0.71,1478.5
YLD001755,CROP007,Chickpea (Gram),REG008,Uttar Pradesh,2019,616.1,317.1,6.24,339.3,Sprinkler,0.5,2931.3
YLD001756,CROP007,Chickpea (Gram),REG008,Uttar Pradesh,2020,614.9,219.2,7.41,283.1,Sprinkler,3.77,2591.1
YLD001757,CROP007,Chickpea (Gram),REG008,Uttar Pradesh,2021,603.7,435.2,6.24,410.5,Rainfed,2.57,525.0
YLD001761,CROP007,Chickpea (Gram),REG009,Bihar,2015,611.2,406.6,7.58,346.3,Rainfed,2.83,2346.9
YLD001762,CROP007,Chickpea (Gram),REG009,Bihar,2016,617.7,316.2,7.12,294.5,Drip,4.48,2628.7
YLD001763,CROP007,Chickpea (Gram),REG009,Bihar,2017,614.5,215.7,7.02,309.1,Rainfed,2.64,1211.4
YLD001764,CROP007,Chickpea (Gram),REG009,Bihar,2018,614.6,212.1,7.0,265.5,Sprinkler,1.68,2858.9
YLD001765,CROP007,Chickpea (Gram),REG009,Bihar,2019,612.9,454.1,6.95,224.2,Rainfed,4.8,1446.0
YLD001766,CROP007,Chickpea (Gram),REG009,Bihar,2020,619.2,476.2,6.48,334.4,Drip,3.96,1776.0
YLD001767,CROP007,Chickpea (Gram),REG009,Bihar,2021,616.4,353.1,6.75,376.5,Drip,1.25,3334.2
YLD001771,CROP007,Chickpea (Gram),REG010,Bihar,2015,609.2,341.6,6.97,228.5,Drip,1.41,3932.1
YLD001772,CROP007,Chickpea (Gram),REG010,Bihar,2016,618.1,527.4,6.75,285.7,Flood,0.52,1492.3
YLD001773,CROP007,Chickpea (Gram),REG010,Bihar,2017,614.8,544.6,5.9,204.9,Flood,3.53,1829.7
YLD001774,CROP007,Chickpea (Gram),REG010,Bihar,2018,607.9,682.6,6.13,311.8,Flood,3.44,525.0
YLD001775,CROP007,Chickpea (Gram),REG010,Bihar,2019,617.6,412.2,7.08,388.1,Flood,1.28,2316.6
YLD001776,CROP007,Chickpea (Gram),REG010,Bihar,2020,611.3,424.4,6.58,283.3,Drip,2.43,3467.8
YLD001777,CROP007,Chickpea (Gram),REG010,Bihar,2021,612.1,277.3,6.98,282.1,Drip,4.64,2852.9
YLD001781,CROP007,Chickpea (Gram),REG011,West Bengal,2015,612.5,473.4,6.41,238.2,Drip,4.2,3546.4
YLD001782,CROP007,Chickpea (Gram),REG011,West Bengal,2016,613.9,308.7,6.95,348.0,Drip,4.4,3282.5
YLD001783,CROP007,Chickpea (Gram),REG011,West Bengal,2017,614.1,446.7,5.79,275.5,Rainfed,3.72,2024.2
YLD001784,CROP007,Chickpea (Gram),REG011,West Bengal,2018,619.7,308.9,6.51,347.4,Flood,2.11,1790.5
YLD001785,CROP007,Chickpea (Gram),REG011,West Bengal,2019,610.7,333.7,6.88,312.2,Sprinkler,4.38,2973.7
YLD001786,CROP007,Chickpea (Gram),REG011,West Bengal,2020,617.4,481.9,5.72,253.9,Sprinkler,2.52,2091.8
YLD001787,CROP007,Chickpea (Gram),REG011,West Bengal,2021,614.4,452.4,6.26,223.2,Drip,2.21,3345.0
YLD001791,CROP007,Chickpea (Gram),REG012,West Bengal,2015,614.2,517.3,6.36,242.9,Rainfed,2.52,1678.0
YLD001792,CROP007,Chickpea (Gram),REG012,West Bengal,2016,606.8,153.7,6.29,288.8,Flood,4.4,1317.9
YLD001793,CROP007,Chickpea (Gram),REG012,West Bengal,2017,614.9,471.4,6.93,281.0,Flood,3.55,2531.4
YLD001794,CROP007,Chickpea (Gram),REG012,West Bengal,2018,609.0,333.3,7.14,322.9,Drip,2.34,3181.9
YLD001795,CROP007,Chickpea (Gram),REG012,West Bengal,2019,614.7,411.1,6.99,294.5,Sprinkler,4.59,2905.8
YLD001796,CROP007,Chickpea (Gram),REG012,West Bengal,2020,617.0,289.6,6.65,184.4,Rainfed,2.64,1600.5
YLD001797,CROP007,Chickpea (Gram),REG012,West Bengal,2021,608.6,114.5,6.08,311.8,Flood,1.96,1125.7
YLD001801,CROP007,Chickpea (Gram),REG013,Madhya Pradesh,2015,609.6,484.0,6.73,249.7,Flood,1.24,2183.9
YLD001802,CROP007,Chickpea (Gram),REG013,Madhya Pradesh,2016,615.2,212.4,6.01,313.2,Flood,4.13,1958.9
YLD001803,CROP007,Chickpea (Gram),REG013,Madhya Pradesh,2017,610.5,314.7,6.66,302.2,Drip,2.18,3272.3
YLD001804,CROP007,Chickpea (Gram),REG013,Madhya Pradesh,2018,613.2,314.1,6.16,337.6,Flood,1.17,2901.9
YLD001805,CROP007,Chickpea (Gram),REG013,Madhya Pradesh,2019,613.5,565.3,6.78,235.8,Flood,4.9,2034.1
YLD001806,CROP007,Chickpea (Gram),REG013,Madhya Pradesh,2020,612.1,299.2,5.78,215.1,Flood,2.42,2518.3
YLD001807,CROP007,Chickpea (Gram),REG013,Madhya Pradesh,2021,611.7,298.4,6.74,302.8,Sprinkler,3.89,3677.0
YLD001811,CROP007,Chickpea (Gram),REG014,Madhya Pradesh,2015,607.8,311.2,6.77,342.9,Rainfed,1.63,1475.9
YLD001812,CROP007,Chickpea (Gram),REG014,Madhya Pradesh,2016,609.4,238.4,7.23,176.1,Drip,4.82,2841.6
YLD001813,CROP007,Chickpea (Gram),REG014,Madhya Pradesh,2017,619.0,277.0,7.45,271.0,Rainfed,4.93,1237.0
YLD001814,CROP007,Chickpea (Gram),REG014,Madhya Pradesh,2018,615.2,316.3,5.61,345.2,Sprinkler,4.88,3228.8
YLD001815,CROP007,Chickpea (Gram),REG014,Madhya Pradesh,2019,608.4,382.0,6.29,294.5,Drip,3.34,3353.8
YLD001816,CROP007,Chickpea (Gram),REG014,Madhya Pradesh,2020,610.9,509.9,6.93,397.8,Flood,1.46,2000.4
YLD001817,CROP007,Chickpea (Gram),REG014,Madhya Pradesh,2021,612.2,246.5,6.85,264.8,Flood,4.08,2394.6
YLD001821,CROP007,Chickpea (Gram),REG015,Madhya Pradesh,2015,610.5,482.5,6.69,368.6,Rainfed,2.05,1754.9
YLD001822,CROP007,Chickpea (Gram),REG015,Madhya Pradesh,2016,609.7,344.2,7.42,332.3,Rainfed,1.79,2909.9
YLD001823,CROP007,Chickpea (Gram),REG015,Madhya Pradesh,2017,610.4,355.0,5.96,315.8,Flood,4.09,2728.3
YLD001824,CROP007,Chickpea (Gram),REG015,Madhya Pradesh,2018,602.1,206.0,6.07,220.9,Flood,1.27,777.0
YLD001825,CROP007,Chickpea (Gram),REG015,Madhya Pradesh,2019,612.5,302.9,6.86,280.7,Rainfed,1.66,2841.9
YLD001826,CROP007,Chickpea (Gram),REG015,Madhya Pradesh,2020,606.0,576.1,5.88,262.1,Rainfed,2.78,525.0
YLD001827,CROP007,Chickpea (Gram),REG015,Madhya Pradesh,2021,617.6,262.4,6.48,205.4,Flood,3.59,1793.6
YLD001831,CROP007,Chickpea (Gram),REG016,Maharashtra,2015,615.0,425.8,5.85,346.1,Sprinkler,2.66,2371.0
YLD001832,CROP007,Chickpea (Gram),REG016,Maharashtra,2016,615.1,238.5,7.11,268.6,Drip,0.56,2451.6
YLD001833,CROP007,Chickpea (Gram),REG016,Maharashtra,2017,617.1,235.5,6.97,394.4,Rainfed,2.83,1146.1
YLD001834,CROP007,Chickpea (Gram),REG016,Maharashtra,2018,615.9,499.9,7.12,275.3,Rainfed,3.58,1229.1
YLD001835,CROP007,Chickpea (Gram),REG016,Maharashtra,2019,613.2,263.1,6.94,342.9,Drip,3.97,2961.2
YLD001836,CROP007,Chickpea (Gram),REG016,Maharashtra,2020,611.5,302.0,6.56,300.1,Drip,2.24,3671.8
YLD001837,CROP007,Chickpea (Gram),REG016,Maharashtra,2021,605.5,355.0,6.5,192.7,Sprinkler,2.84,2238.7
YLD001841,CROP007,Chickpea (Gram),REG017,Maharashtra,2015,614.1,372.2,6.52,222.4,Drip,4.46,3585.6
YLD001842,CROP007,Chickpea (Gram),REG017,Maharashtra,2016,610.4,295.0,6.23,327.0,Flood,1.1,2896.1
YLD001843,CROP007,Chickpea (Gram),REG017,Maharashtra,2017,611.8,356.2,6.36,283.3,Rainfed,1.49,3120.1
YLD001844,CROP007,Chickpea (Gram),REG017,Maharashtra,2018,605.7,380.8,7.1,309.0,Sprinkler,2.84,2832.5
YLD001845,CROP007,Chickpea (Gram),REG017,Maharashtra,2019,614.1,174.7,6.88,337.7,Flood,2.12,1769.4
YLD001846,CROP007,Chickpea (Gram),REG017,Maharashtra,2020,610.4,253.2,6.53,265.2,Flood,1.18,2676.0
YLD001847,CROP007,Chickpea (Gram),REG017,Maharashtra,2021,613.0,317.1,6.77,267.7,Drip,0.82,3654.2
YLD001851,CROP007,Chickpea (Gram),REG018,Maharashtra,2015,614.4,275.3,5.82,315.9,Rainfed,3.82,2223.0
YLD001852,CROP007,Chickpea (Gram),REG018,Maharashtra,2016,616.0,325.1,6.71,273.4,Rainfed,2.03,2054.5
YLD001853,CROP007,Chickpea (Gram),REG018,Maharashtra,2017,617.9,301.3,6.32,366.2,Drip,1.05,2674.9
YLD001854,CROP007,Chickpea (Gram),REG018,Maharashtra,2018,614.1,439.4,6.69,330.6,Drip,3.92,3040.4
YLD001855,CROP007,Chickpea (Gram),REG018,Maharashtra,2019,607.4,292.2,6.4,296.8,Sprinkler,3.83,2429.0
YLD001856,CROP007,Chickpea (Gram),REG018,Maharashtra,2020,604.1,513.6,6.32,332.4,Flood,1.0,767.6
YLD001857,CROP007,Chickpea (Gram),REG018,Maharashtra,2021,613.9,361.8,6.68,346.2,Rainfed,3.73,2762.9
YLD001861,CROP007,Chickpea (Gram),REG019,Gujarat,2015,613.5,344.3,6.91,172.7,Sprinkler,1.53,3769.9
YLD001862,CROP007,Chickpea (Gram),REG019,Gujarat,2016,610.3,194.4,6.72,301.0,Drip,0.62,2448.3
YLD001863,CROP007,Chickpea (Gram),REG019,Gujarat,2017,616.1,172.3,6.63,269.5,Rainfed,4.91,1826.9
YLD001864,CROP007,Chickpea (Gram),REG019,Gujarat,2018,614.4,393.2,7.62,296.1,Drip,2.73,2787.0
YLD001865,CROP007,Chickpea (Gram),REG019,Gujarat,2019,610.1,256.0,6.46,242.4,Rainfed,3.83,1455.8
YLD001866,CROP007,Chickpea (Gram),REG019,Gujarat,2020,612.6,274.2,7.3,252.2,Rainfed,3.6,2523.3
YLD001867,CROP007,Chickpea (Gram),REG019,Gujarat,2021,613.0,186.0,7.06,339.4,Drip,1.84,3119.5
YLD001871,CROP007,Chickpea (Gram),REG020,Gujarat,2015,614.0,255.2,6.64,361.7,Drip,1.36,3098.9
YLD001872,CROP007,Chickpea (Gram),REG020,Gujarat,2016,616.3,282.2,6.8,238.2,Flood,3.04,2193.1
YLD001873,CROP007,Chickpea (Gram),REG020,Gujarat,2017,603.1,375.8,7.3,188.2,Rainfed,3.33,1013.3
YLD001874,CROP007,Chickpea (Gram),REG020,Gujarat,2018,609.8,274.9,7.08,324.7,Drip,1.2,2850.0
YLD001875,CROP007,Chickpea (Gram),REG020,Gujarat,2019,617.4,243.7,7.02,205.2,Rainfed,2.19,1771.5
YLD001876,CROP007,Chickpea (Gram),REG020,Gujarat,2020,606.6,299.1,6.73,288.9,Sprinkler,4.31,2034.2
YLD001877,CROP007,Chickpea (Gram),REG020,Gujarat,2021,613.6,168.7,6.88,306.4,Flood,3.22,2518.4
YLD001881,CROP007,Chickpea (Gram),REG021,Rajasthan,2015,619.9,287.5,6.84,302.6,Drip,0.94,2141.5
YLD001882,CROP007,Chickpea (Gram),REG021,Rajasthan,2016,614.4,499.1,6.75,283.3,Drip,1.05,2443.6
YLD001883,CROP007,Chickpea (Gram),REG021,Rajasthan,2017,608.7,405.4,7.12,211.9,Rainfed,4.31,1641.1
YLD001884,CROP007,Chickpea (Gram),REG021,Rajasthan,2018,608.3,339.9,6.18,212.8,Flood,4.32,2727.1
YLD001885,CROP007,Chickpea (Gram),REG021,Rajasthan,2019,610.8,296.6,6.11,168.7,Sprinkler,4.38,3055.8
YLD001886,CROP007,Chickpea (Gram),REG021,Rajasthan,2020,613.9,529.5,7.34,228.7,Flood,2.4,2573.1
YLD001887,CROP007,Chickpea (Gram),REG021,Rajasthan,2021,617.3,328.8,6.7,299.6,Drip,2.29,3165.4
YLD001891,CROP007,Chickpea (Gram),REG022,Rajasthan,2015,615.8,365.9,5.93,207.2,Drip,4.01,3557.9
YLD001892,CROP007,Chickpea (Gram),REG022,Rajasthan,2016,611.5,337.0,5.46,180.5,Rainfed,1.51,2173.2
YLD001893,CROP007,Chickpea (Gram),REG022,Rajasthan,2017,613.3,283.4,6.16,202.0,Drip,3.77,3026.7
YLD001894,CROP007,Chickpea (Gram),REG022,Rajasthan,2018,610.3,369.7,6.56,339.7,Drip,0.82,3498.1
YLD001895,CROP007,Chickpea (Gram),REG022,Rajasthan,2019,606.1,346.1,7.1,205.7,Rainfed,4.24,2102.5
YLD001896,CROP007,Chickpea (Gram),REG022,Rajasthan,2020,611.8,172.2,6.68,263.9,Flood,4.28,2161.3
YLD001897,CROP007,Chickpea (Gram),REG022,Rajasthan,2021,614.7,135.9,5.66,365.5,Rainfed,0.72,943.6
YLD001901,CROP007,Chickpea (Gram),REG023,Karnataka,2015,608.3,174.0,7.17,161.2,Drip,4.15,2260.4
YLD001902,CROP007,Chickpea (Gram),REG023,Karnataka,2016,600.8,470.3,6.69,304.3,Flood,4.01,796.4
YLD001903,CROP007,Chickpea (Gram),REG023,Karnataka,2017,612.0,437.3,6.49,180.8,Rainfed,0.86,2486.1
YLD001904,CROP007,Chickpea (Gram),REG023,Karnataka,2018,611.0,337.6,7.52,172.0,Sprinkler,3.91,3052.6
YLD001905,CROP007,Chickpea (Gram),REG023,Karnataka,2019,611.0,258.4,6.24,219.4,Rainfed,3.07,2109.0
YLD001906,CROP007,Chickpea (Gram),REG023,Karnataka,2020,615.2,179.2,6.19,192.2,Rainfed,4.56,1468.3
YLD001907,CROP007,Chickpea (Gram),REG023,Karnataka,2021,612.9,402.6,6.27,214.1,Rainfed,1.41,2254.2
YLD001911,CROP007,Chickpea (Gram),REG024,Karnataka,2015,615.8,435.7,6.24,285.2,Drip,4.43,3271.5
YLD001912,CROP007,Chickpea (Gram),REG024,Karnataka,2016,613.3,296.3,6.44,237.0,Flood,4.73,3578.5
YLD001913,CROP007,Chickpea (Gram),REG024,Karnataka,2017,609.8,190.5,7.4,135.3,Flood,3.28,1814.2
YLD001914,CROP007,Chickpea (Gram),REG024,Karnataka,2018,613.0,184.1,6.69,306.0,Sprinkler,1.48,2909.5
YLD001915,CROP007,Chickpea (Gram),REG024,Karnataka,2019,615.8,365.9,6.24,316.3,Rainfed,3.43,2357.2
YLD001916,CROP007,Chickpea (Gram),REG024,Karnataka,2020,616.9,304.6,5.98,276.3,Rainfed,1.03,1510.3
YLD001917,CROP007,Chickpea (Gram),REG024,Karnataka,2021,604.3,350.1,6.91,230.9,Sprinkler,4.06,1929.8
YLD001921,CROP007,Chickpea (Gram),REG025,Andhra Pradesh,2015,617.5,451.4,6.69,267.5,Rainfed,4.39,1500.1
YLD001922,CROP007,Chickpea (Gram),REG025,Andhra Pradesh,2016,614.5,339.0,7.46,360.6,Drip,0.58,3436.5
YLD001923,CROP007,Chickpea (Gram),REG025,Andhra Pradesh,2017,611.9,364.4,6.68,316.0,Rainfed,2.44,3148.8
YLD001924,CROP007,Chickpea (Gram),REG025,Andhra Pradesh,2018,614.6,370.9,7.82,284.1,Drip,2.54,2937.2
YLD001925,CROP007,Chickpea (Gram),REG025,Andhra Pradesh,2019,607.1,524.5,6.71,264.5,Sprinkler,2.68,2021.7
YLD001926,CROP007,Chickpea (Gram),REG025,Andhra Pradesh,2020,607.7,470.1,6.31,282.5,Drip,3.67,2256.6
YLD001927,CROP007,Chickpea (Gram),REG025,Andhra Pradesh,2021,612.4,615.8,6.41,204.1,Sprinkler,2.68,2407.4
YLD001931,CROP007,Chickpea (Gram),REG026,Andhra Pradesh,2015,606.9,334.1,7.44,251.5,Drip,2.5,3218.5
YLD001932,CROP007,Chickpea (Gram),REG026,Andhra Pradesh,2016,606.4,503.0,6.93,325.7,Sprinkler,2.51,1393.7
YLD001933,CROP007,Chickpea (Gram),REG026,Andhra Pradesh,2017,615.4,305.6,7.82,353.4,Drip,3.91,2526.6
YLD001934,CROP007,Chickpea (Gram),REG026,Andhra Pradesh,2018,609.0,399.0,6.89,206.6,Flood,2.49,2490.4
YLD001935,CROP007,Chickpea (Gram),REG026,Andhra Pradesh,2019,610.3,423.7,7.0,349.4,Rainfed,4.83,2497.4
YLD001936,CROP007,Chickpea (Gram),REG026,Andhra Pradesh,2020,609.8,297.0,5.93,379.2,Rainfed,4.97,1488.8
YLD001937,CROP007,Chickpea (Gram),REG026,Andhra Pradesh,2021,610.4,417.2,7.37,254.6,Drip,2.61,2779.3
YLD001941,CROP007,Chickpea (Gram),REG027,Tamil Nadu,2015,613.0,519.8,6.65,413.5,Flood,4.38,2322.2
YLD001942,CROP007,Chickpea (Gram),REG027,Tamil Nadu,2016,605.1,240.0,6.55,295.9,Drip,1.66,2094.3
YLD001943,CROP007,Chickpea (Gram),REG027,Tamil Nadu,2017,610.9,193.8,6.97,338.8,Flood,4.54,2238.9
YLD001944,CROP007,Chickpea (Gram),REG027,Tamil Nadu,2018,605.4,321.3,6.11,338.8,Drip,1.76,2432.0
YLD001945,CROP007,Chickpea (Gram),REG027,Tamil Nadu,2019,615.5,190.5,6.41,186.9,Drip,1.91,2910.8
YLD001946,CROP007,Chickpea (Gram),REG027,Tamil Nadu,2020,610.2,398.0,7.01,300.1,Rainfed,4.98,2567.3
YLD001947,CROP007,Chickpea (Gram),REG027,Tamil Nadu,2021,608.5,247.7,7.04,257.3,Sprinkler,3.94,1870.2
YLD001951,CROP007,Chickpea (Gram),REG028,Tamil Nadu,2015,612.9,434.1,6.97,210.3,Sprinkler,4.86,3229.4
YLD001952,CROP007,Chickpea (Gram),REG028,Tamil Nadu,2016,599.6,502.1,6.55,245.7,Drip,4.39,623.6
YLD001953,CROP007,Chickpea (Gram),REG028,Tamil Nadu,2017,611.8,442.9,6.9,296.8,Flood,2.88,2774.4
YLD001954,CROP007,Chickpea (Gram),REG028,Tamil Nadu,2018,615.7,308.2,7.16,194.8,Sprinkler,2.69,2362.1
YLD001955,CROP007,Chickpea (Gram),REG028,Tamil Nadu,2019,607.4,368.6,6.3,295.9,Rainfed,4.79,1932.0
YLD001956,CROP007,Chickpea (Gram),REG028,Tamil Nadu,2020,610.2,429.5,7.55,316.6,Sprinkler,3.35,2964.8
YLD001957,CROP007,Chickpea (Gram),REG028,Tamil Nadu,2021,611.1,226.0,6.71,263.3,Rainfed,3.06,1410.7
YLD001961,CROP008,Pigeon Pea (Tur),REG001,Punjab,2015,466.7,767.8,6.5,229.6,Flood,0.76,2395.5
YLD001962,CROP008,Pigeon Pea (Tur),REG001,Punjab,2016,463.4,1018.3,6.78,285.1,Rainfed,1.23,1248.7
YLD001963,CROP008,Pigeon Pea (Tur),REG001,Punjab,2017,462.0,465.7,6.62,381.4,Rainfed,1.1,1754.2
YLD001964,CROP008,Pigeon Pea (Tur),REG001,Punjab,2018,467.3,478.3,7.24,245.8,Rainfed,2.09,1023.1
YLD001965,CROP008,Pigeon Pea (Tur),REG001,Punjab,2019,463.1,390.4,6.95,213.2,Sprinkler,2.9,1704.5
YLD001966,CROP008,Pigeon Pea (Tur),REG001,Punjab,2020,466.6,445.2,6.93,168.5,Sprinkler,1.97,2435.3
YLD001967,CROP008,Pigeon Pea (Tur),REG001,Punjab,2021,466.5,436.8,6.44,289.0,Sprinkler,4.82,1976.0
YLD001971,CROP008,Pigeon Pea (Tur),REG002,Punjab,2015,467.3,544.0,6.61,280.0,Flood,3.38,2236.1
YLD001972,CROP008,Pigeon Pea (Tur),REG002,Punjab,2016,463.6,648.5,5.5,346.2,Sprinkler,0.91,2630.5
YLD001973,CROP008,Pigeon Pea (Tur),REG002,Punjab,2017,463.9,771.1,7.11,359.7,Rainfed,2.48,2178.8
YLD001974,CROP008,Pigeon Pea (Tur),REG002,Punjab,2018,468.4,708.3,6.15,262.5,Sprinkler,0.66,2368.4
YLD001975,CROP008,Pigeon Pea (Tur),REG002,Punjab,2019,459.4,329.8,5.94,151.1,Sprinkler,2.45,1635.9
YLD001976,CROP008,Pigeon Pea (Tur),REG002,Punjab,2020,462.8,456.1,6.34,293.2,Rainfed,3.36,1668.6
YLD001977,CROP008,Pigeon Pea (Tur),REG002,Punjab,2021,467.0,910.9,6.86,305.7,Flood,0.89,1568.4
YLD001981,CROP008,Pigeon Pea (Tur),REG003,Punjab,2015,462.3,524.8,6.99,324.8,Sprinkler,1.16,2628.3
YLD001982,CROP008,Pigeon Pea (Tur),REG003,Punjab,2016,457.8,368.7,6.93,259.5,Rainfed,1.52,585.0
YLD001983,CROP008,Pigeon Pea (Tur),REG003,Punjab,2017,466.2,750.9,6.51,226.2,Rainfed,2.05,1644.4
YLD001984,CROP008,Pigeon Pea (Tur),REG003,Punjab,2018,458.1,880.9,6.93,240.2,Drip,0.88,1546.5
YLD001985,CROP008,Pigeon Pea (Tur),REG003,Punjab,2019,462.7,706.3,5.9,250.5,Flood,1.48,2357.8
YLD001986,CROP008,Pigeon Pea (Tur),REG003,Punjab,2020,461.5,689.7,7.35,341.6,Drip,4.35,2576.5
YLD001987,CROP008,Pigeon Pea (Tur),REG003,Punjab,2021,459.2,468.2,6.68,198.4,Sprinkler,0.93,1637.3
YLD001991,CROP008,Pigeon Pea (Tur),REG004,Haryana,2015,461.9,732.5,6.14,322.4,Drip,1.99,2132.7
YLD001992,CROP008,Pigeon Pea (Tur),REG004,Haryana,2016,466.1,622.1,6.98,306.8,Rainfed,0.98,1599.4
YLD001993,CROP008,Pigeon Pea (Tur),REG004,Haryana,2017,460.8,196.3,6.14,371.1,Sprinkler,4.09,1122.9
YLD001994,CROP008,Pigeon Pea (Tur),REG004,Haryana,2018,472.9,931.4,5.72,308.9,Rainfed,3.19,420.0
YLD001995,CROP008,Pigeon Pea (Tur),REG004,Haryana,2019,462.0,370.3,6.9,226.1,Flood,1.48,1571.8
YLD001996,CROP008,Pigeon Pea (Tur),REG004,Haryana,2020,464.3,543.4,7.12,344.3,Sprinkler,3.92,2679.1
YLD001997,CROP008,Pigeon Pea (Tur),REG004,Haryana,2021,467.0,610.7,6.46,248.7,Rainfed,2.48,1723.2
YLD002001,CROP008,Pigeon Pea (Tur),REG005,Haryana,2015,468.6,825.5,7.06,231.6,Rainfed,0.57,993.5
YLD002002,CROP008,Pigeon Pea (Tur),REG005,Haryana,2016,462.4,679.3,6.73,182.4,Flood,4.2,2631.9
YLD002003,CROP008,Pigeon Pea (Tur),REG005,Haryana,2017,467.9,727.3,6.13,245.3,Rainfed,3.79,1980.4
YLD002004,CROP008,Pigeon Pea (Tur),REG005,Haryana,2018,464.2,324.3,7.36,254.8,Flood,2.73,1575.8
YLD002005,CROP008,Pigeon Pea (Tur),REG005,Haryana,2019,476.1,687.2,6.96,314.1,Drip,4.48,1346.1
YLD002006,CROP008,Pigeon Pea (Tur),REG005,Haryana,2020,467.6,329.1,7.17,281.7,Flood,1.35,1630.9
YLD002007,CROP008,Pigeon Pea (Tur),REG005,Haryana,2021,463.9,464.8,7.12,249.0,Flood,1.25,2152.1
YLD002011,CROP008,Pigeon Pea (Tur),REG006,Uttar Pradesh,2015,463.5,793.6,6.15,317.2,Sprinkler,0.97,2756.8
YLD002012,CROP008,Pigeon Pea (Tur),REG006,Uttar Pradesh,2016,461.4,594.9,6.93,251.6,Rainfed,2.89,1363.8
YLD002013,CROP008,Pigeon Pea (Tur),REG006,Uttar Pradesh,2017,465.5,710.0,6.5,244.8,Drip,4.72,2782.1
YLD002014,CROP008,Pigeon Pea (Tur),REG006,Uttar Pradesh,2018,470.6,607.1,5.78,296.3,Flood,4.41,1736.8
YLD002015,CROP008,Pigeon Pea (Tur),REG006,Uttar Pradesh,2019,463.8,705.2,6.59,263.1,Rainfed,4.79,2286.2
YLD002016,CROP008,Pigeon Pea (Tur),REG006,Uttar Pradesh,2020,468.5,409.1,7.21,252.6,Flood,2.35,1449.0
YLD002017,CROP008,Pigeon Pea (Tur),REG006,Uttar Pradesh,2021,462.6,503.5,6.51,252.7,Sprinkler,1.68,2299.6
YLD002021,CROP008,Pigeon Pea (Tur),REG007,Uttar Pradesh,2015,459.5,663.1,7.37,424.1,Rainfed,2.93,1569.4
YLD002022,CROP008,Pigeon Pea (Tur),REG007,Uttar Pradesh,2016,464.9,339.3,6.6,264.9,Flood,0.71,1885.5
YLD002023,CROP008,Pigeon Pea (Tur),REG007,Uttar Pradesh,2017,465.4,584.2,6.93,217.6,Flood,3.97,2837.4
YLD002024,CROP008,Pigeon Pea (Tur),REG007,Uttar Pradesh,2018,469.9,496.7,6.64,248.5,Flood,4.22,1710.6
YLD002025,CROP008,Pigeon Pea (Tur),REG007,Uttar Pradesh,2019,465.2,829.4,6.54,389.4,Drip,4.84,2348.9
YLD002026,CROP008,Pigeon Pea (Tur),REG007,Uttar Pradesh,2020,465.1,510.8,7.26,231.1,Flood,1.5,2091.1
YLD002027,CROP008,Pigeon Pea (Tur),REG007,Uttar Pradesh,2021,460.6,278.5,7.38,331.9,Drip,3.45,1337.0
YLD002031,CROP008,Pigeon Pea (Tur),REG008,Uttar Pradesh,2015,462.6,582.5,5.81,109.5,Flood,2.52,2237.7
YLD002032,CROP008,Pigeon Pea (Tur),REG008,Uttar Pradesh,2016,463.2,443.7,7.07,267.0,Flood,1.81,2090.7
YLD002033,CROP008,Pigeon Pea (Tur),REG008,Uttar Pradesh,2017,463.0,978.9,6.84,309.6,Rainfed,1.03,1396.1
YLD002034,CROP008,Pigeon Pea (Tur),REG008,Uttar Pradesh,2018,465.0,781.2,6.65,262.0,Flood,2.67,2525.1
YLD002035,CROP008,Pigeon Pea (Tur),REG008,Uttar Pradesh,2019,458.3,707.8,6.73,235.9,Rainfed,4.19,1633.6
YLD002036,CROP008,Pigeon Pea (Tur),REG008,Uttar Pradesh,2020,464.5,760.9,6.41,230.8,Sprinkler,0.59,2558.0
YLD002037,CROP008,Pigeon Pea (Tur),REG008,Uttar Pradesh,2021,464.0,866.0,7.1,329.1,Rainfed,4.25,1362.6
YLD002041,CROP008,Pigeon Pea (Tur),REG009,Bihar,2015,476.2,796.9,6.19,261.2,Sprinkler,1.13,876.1
YLD002042,CROP008,Pigeon Pea (Tur),REG009,Bihar,2016,468.2,482.9,7.21,370.5,Rainfed,3.2,1457.3
YLD002043,CROP008,Pigeon Pea (Tur),REG009,Bihar,2017,460.5,858.2,7.39,398.7,Flood,2.4,1365.7
YLD002044,CROP008,Pigeon Pea (Tur),REG009,Bihar,2018,464.2,528.6,7.56,366.2,Rainfed,2.42,1626.8
YLD002045,CROP008,Pigeon Pea (Tur),REG009,Bihar,2019,464.4,578.2,7.31,258.8,Flood,4.83,2260.5
YLD002046,CROP008,Pigeon Pea (Tur),REG009,Bihar,2020,468.5,890.9,6.67,204.8,Flood,3.87,1773.6
YLD002047,CROP008,Pigeon Pea (Tur),REG009,Bihar,2021,468.8,591.4,6.49,315.3,Rainfed,2.65,1592.5
YLD002051,CROP008,Pigeon Pea (Tur),REG010,Bihar,2015,462.8,850.9,6.26,204.4,Drip,2.2,2505.0
YLD002052,CROP008,Pigeon Pea (Tur),REG010,Bihar,2016,467.3,1024.2,5.78,177.1,Flood,0.87,1362.5
YLD002053,CROP008,Pigeon Pea (Tur),REG010,Bihar,2017,461.2,572.8,5.87,326.8,Sprinkler,4.05,2331.0
YLD002054,CROP008,Pigeon Pea (Tur),REG010,Bihar,2018,463.1,524.7,5.95,282.2,Drip,3.12,2575.7
YLD002055,CROP008,Pigeon Pea (Tur),REG010,Bihar,2019,462.9,653.7,6.77,237.7,Flood,1.63,2092.6
YLD002056,CROP008,Pigeon Pea (Tur),REG010,Bihar,2020,468.2,1049.2,7.67,313.8,Rainfed,1.27,800.2
YLD002057,CROP008,Pigeon Pea (Tur),REG010,Bihar,2021,465.3,839.3,6.49,273.3,Drip,4.5,2722.7
YLD002061,CROP008,Pigeon Pea (Tur),REG011,West Bengal,2015,460.9,1025.0,7.66,321.9,Flood,0.63,896.8
YLD002062,CROP008,Pigeon Pea (Tur),REG011,West Bengal,2016,460.8,484.5,6.62,278.8,Drip,3.96,2032.9
YLD002063,CROP008,Pigeon Pea (Tur),REG011,West Bengal,2017,459.2,598.5,6.18,331.9,Rainfed,2.64,1919.4
YLD002064,CROP008,Pigeon Pea (Tur),REG011,West Bengal,2018,469.2,941.7,7.8,335.0,Drip,2.11,1559.0
YLD002065,CROP008,Pigeon Pea (Tur),REG011,West Bengal,2019,459.1,256.8,6.43,344.6,Drip,3.43,1259.4
YLD002066,CROP008,Pigeon Pea (Tur),REG011,West Bengal,2020,459.0,607.5,6.85,292.2,Flood,3.15,2068.9
YLD002067,CROP008,Pigeon Pea (Tur),REG011,West Bengal,2021,465.9,543.3,6.69,303.9,Flood,4.99,2338.1
YLD002071,CROP008,Pigeon Pea (Tur),REG012,West Bengal,2015,465.9,610.0,6.76,357.0,Drip,3.38,2881.9
YLD002072,CROP008,Pigeon Pea (Tur),REG012,West Bengal,2016,460.3,592.1,7.02,288.8,Flood,1.31,1874.0
YLD002073,CROP008,Pigeon Pea (Tur),REG012,West Bengal,2017,459.4,775.3,6.04,212.9,Rainfed,4.56,1590.1
YLD002074,CROP008,Pigeon Pea (Tur),REG012,West Bengal,2018,467.7,781.3,6.17,269.5,Drip,3.68,2266.8
YLD002075,CROP008,Pigeon Pea (Tur),REG012,West Bengal,2019,467.1,486.4,7.58,320.7,Flood,3.08,1753.0
YLD002076,CROP008,Pigeon Pea (Tur),REG012,West Bengal,2020,473.3,600.2,6.51,166.7,Flood,1.23,1789.2
YLD002077,CROP008,Pigeon Pea (Tur),REG012,West Bengal,2021,469.0,800.8,6.78,237.6,Sprinkler,2.88,2020.8
YLD002081,CROP008,Pigeon Pea (Tur),REG013,Madhya Pradesh,2015,466.0,678.3,6.6,243.8,Drip,0.95,3226.0
YLD002082,CROP008,Pigeon Pea (Tur),REG013,Madhya Pradesh,2016,469.0,714.5,6.77,248.2,Flood,0.67,2140.3
YLD002083,CROP008,Pigeon Pea (Tur),REG013,Madhya Pradesh,2017,463.3,816.4,6.76,316.8,Flood,1.95,2341.7
YLD002084,CROP008,Pigeon Pea (Tur),REG013,Madhya Pradesh,2018,455.8,951.6,6.62,321.0,Drip,2.91,1162.4
YLD002085,CROP008,Pigeon Pea (Tur),REG013,Madhya Pradesh,2019,461.6,583.4,6.74,325.3,Sprinkler,2.36,2328.1
YLD002086,CROP008,Pigeon Pea (Tur),REG013,Madhya Pradesh,2020,454.8,710.1,6.44,253.2,Drip,2.74,1508.8
YLD002087,CROP008,Pigeon Pea (Tur),REG013,Madhya Pradesh,2021,459.5,165.7,7.74,214.4,Drip,1.23,869.6
YLD002091,CROP008,Pigeon Pea (Tur),REG014,Madhya Pradesh,2015,466.6,401.6,7.46,337.7,Sprinkler,2.16,2160.0
YLD002092,CROP008,Pigeon Pea (Tur),REG014,Madhya Pradesh,2016,466.6,394.2,6.4,341.4,Sprinkler,4.1,1847.6
YLD002093,CROP008,Pigeon Pea (Tur),REG014,Madhya Pradesh,2017,460.2,663.2,5.66,328.8,Sprinkler,3.11,2027.2
YLD002094,CROP008,Pigeon Pea (Tur),REG014,Madhya Pradesh,2018,469.8,800.6,6.25,280.6,Sprinkler,0.95,1591.1
YLD002095,CROP008,Pigeon Pea (Tur),REG014,Madhya Pradesh,2019,471.6,714.4,6.44,208.9,Drip,3.04,2212.1
YLD002096,CROP008,Pigeon Pea (Tur),REG014,Madhya Pradesh,2020,468.4,626.4,5.8,425.5,Rainfed,1.52,1540.1
YLD002097,CROP008,Pigeon Pea (Tur),REG014,Madhya Pradesh,2021,462.8,698.5,6.95,241.3,Drip,1.82,2687.5
YLD002101,CROP008,Pigeon Pea (Tur),REG015,Madhya Pradesh,2015,464.7,349.8,6.95,182.5,Sprinkler,4.1,2158.3
YLD002102,CROP008,Pigeon Pea (Tur),REG015,Madhya Pradesh,2016,471.5,714.5,7.23,284.2,Flood,4.7,1650.6
YLD002103,CROP008,Pigeon Pea (Tur),REG015,Madhya Pradesh,2017,463.9,869.1,7.11,221.6,Flood,3.75,2089.7
YLD002104,CROP008,Pigeon Pea (Tur),REG015,Madhya Pradesh,2018,465.4,882.9,6.61,331.4,Drip,4.84,2576.9
YLD002105,CROP008,Pigeon Pea (Tur),REG015,Madhya Pradesh,2019,465.3,734.0,6.19,243.0,Flood,3.7,2028.2
YLD002106,CROP008,Pigeon Pea (Tur),REG015,Madhya Pradesh,2020,462.7,735.1,7.41,230.4,Flood,4.95,1993.0
YLD002107,CROP008,Pigeon Pea (Tur),REG015,Madhya Pradesh,2021,466.6,304.1,7.12,359.5,Rainfed,2.12,1087.6
YLD002111,CROP008,Pigeon Pea (Tur),REG016,Maharashtra,2015,469.3,442.8,6.36,261.7,Flood,2.59,1679.7
YLD002112,CROP008,Pigeon Pea (Tur),REG016,Maharashtra,2016,459.7,463.7,7.47,248.1,Flood,2.02,1624.0
YLD002113,CROP008,Pigeon Pea (Tur),REG016,Maharashtra,2017,464.2,475.3,6.26,236.0,Sprinkler,1.38,2695.3
YLD002114,CROP008,Pigeon Pea (Tur),REG016,Maharashtra,2018,465.8,569.4,6.33,221.8,Rainfed,1.97,1828.4
YLD002115,CROP008,Pigeon Pea (Tur),REG016,Maharashtra,2019,461.3,769.8,7.36,309.4,Drip,0.56,1962.3
YLD002116,CROP008,Pigeon Pea (Tur),REG016,Maharashtra,2020,467.2,650.3,6.1,327.7,Drip,1.57,2644.9
YLD002117,CROP008,Pigeon Pea (Tur),REG016,Maharashtra,2021,459.9,831.7,6.82,303.0,Sprinkler,2.48,1780.8
YLD002121,CROP008,Pigeon Pea (Tur),REG017,Maharashtra,2015,465.8,363.3,6.84,182.7,Drip,1.4,2405.7
YLD002122,CROP008,Pigeon Pea (Tur),REG017,Maharashtra,2016,467.2,440.2,6.92,447.7,Rainfed,0.78,1259.6
YLD002123,CROP008,Pigeon Pea (Tur),REG017,Maharashtra,2017,466.0,615.0,6.53,314.6,Sprinkler,4.59,2616.4
YLD002124,CROP008,Pigeon Pea (Tur),REG017,Maharashtra,2018,467.1,804.1,6.95,212.9,Drip,2.09,2502.3
YLD002125,CROP008,Pigeon Pea (Tur),REG017,Maharashtra,2019,464.3,885.4,6.66,303.0,Rainfed,1.91,1965.8
YLD002126,CROP008,Pigeon Pea (Tur),REG017,Maharashtra,2020,468.3,797.3,7.38,334.8,Rainfed,3.72,1151.3
YLD002127,CROP008,Pigeon Pea (Tur),REG017,Maharashtra,2021,465.1,728.8,6.14,211.7,Rainfed,2.99,2419.2
YLD002131,CROP008,Pigeon Pea (Tur),REG018,Maharashtra,2015,465.8,542.7,6.43,274.0,Drip,4.71,2512.9
YLD002132,CROP008,Pigeon Pea (Tur),REG018,Maharashtra,2016,460.7,788.4,7.11,271.8,Rainfed,4.71,1391.9
YLD002133,CROP008,Pigeon Pea (Tur),REG018,Maharashtra,2017,466.6,956.7,6.52,173.5,Drip,4.59,1954.6
YLD002134,CROP008,Pigeon Pea (Tur),REG018,Maharashtra,2018,460.6,631.6,7.89,352.5,Rainfed,3.32,1871.0
YLD002135,CROP008,Pigeon Pea (Tur),REG018,Maharashtra,2019,468.2,672.4,6.7,298.8,Drip,1.15,2884.3
YLD002136,CROP008,Pigeon Pea (Tur),REG018,Maharashtra,2020,465.9,266.1,7.53,302.1,Flood,4.71,1570.2
YLD002137,CROP008,Pigeon Pea (Tur),REG018,Maharashtra,2021,458.6,784.7,7.56,205.9,Drip,2.13,1390.5
YLD002141,CROP008,Pigeon Pea (Tur),REG019,Gujarat,2015,464.5,727.4,6.89,277.6,Rainfed,1.19,2322.1
YLD002142,CROP008,Pigeon Pea (Tur),REG019,Gujarat,2016,463.6,742.8,6.77,300.9,Rainfed,4.15,2446.3
YLD002143,CROP008,Pigeon Pea (Tur),REG019,Gujarat,2017,462.4,913.6,6.17,280.2,Sprinkler,4.97,1737.4
YLD002144,CROP008,Pigeon Pea (Tur),REG019,Gujarat,2018,466.6,519.8,6.36,290.0,Sprinkler,4.88,2254.7
YLD002145,CROP008,Pigeon Pea (Tur),REG019,Gujarat,2019,468.0,759.7,5.74,263.7,Rainfed,3.57,1489.6
YLD002146,CROP008,Pigeon Pea (Tur),REG019,Gujarat,2020,468.8,1023.5,6.65,278.1,Flood,1.48,925.5
YLD002147,CROP008,Pigeon Pea (Tur),REG019,Gujarat,2021,463.8,752.0,6.43,302.4,Flood,3.52,2366.7
YLD002151,CROP008,Pigeon Pea (Tur),REG020,Gujarat,2015,468.4,912.8,6.28,370.6,Flood,2.4,2055.2
YLD002152,CROP008,Pigeon Pea (Tur),REG020,Gujarat,2016,468.5,991.8,7.44,270.7,Drip,4.37,1464.0
YLD002153,CROP008,Pigeon Pea (Tur),REG020,Gujarat,2017,472.9,960.3,7.41,298.7,Flood,1.11,1205.8
YLD002154,CROP008,Pigeon Pea (Tur),REG020,Gujarat,2018,468.3,641.1,7.74,217.7,Sprinkler,4.01,2333.5
YLD002155,CROP008,Pigeon Pea (Tur),REG020,Gujarat,2019,462.7,801.8,6.65,165.9,Flood,0.55,1701.2
YLD002156,CROP008,Pigeon Pea (Tur),REG020,Gujarat,2020,475.2,896.5,7.56,361.1,Sprinkler,2.43,876.0
YLD002157,CROP008,Pigeon Pea (Tur),REG020,Gujarat,2021,462.2,680.0,7.45,232.4,Flood,3.57,2243.5
YLD002161,CROP008,Pigeon Pea (Tur),REG021,Rajasthan,2015,468.7,605.5,6.33,293.2,Rainfed,4.76,1835.3
YLD002162,CROP008,Pigeon Pea (Tur),REG021,Rajasthan,2016,461.7,258.2,6.64,244.7,Sprinkler,2.11,1481.4
YLD002163,CROP008,Pigeon Pea (Tur),REG021,Rajasthan,2017,464.8,322.9,6.96,295.6,Flood,3.04,1990.5
YLD002164,CROP008,Pigeon Pea (Tur),REG021,Rajasthan,2018,463.4,753.3,6.95,268.9,Rainfed,1.47,1978.4
YLD002165,CROP008,Pigeon Pea (Tur),REG021,Rajasthan,2019,463.0,935.8,6.25,285.6,Sprinkler,1.14,2222.1
YLD002166,CROP008,Pigeon Pea (Tur),REG021,Rajasthan,2020,472.4,269.9,7.0,313.0,Flood,1.66,650.7
YLD002167,CROP008,Pigeon Pea (Tur),REG021,Rajasthan,2021,465.1,899.7,6.4,172.9,Sprinkler,2.34,2417.8
YLD002171,CROP008,Pigeon Pea (Tur),REG022,Rajasthan,2015,470.4,620.7,6.06,195.0,Rainfed,3.15,1714.6
YLD002172,CROP008,Pigeon Pea (Tur),REG022,Rajasthan,2016,469.3,422.8,6.26,257.8,Rainfed,4.36,832.3
YLD002173,CROP008,Pigeon Pea (Tur),REG022,Rajasthan,2017,460.9,596.9,6.82,178.9,Flood,3.2,1934.2
YLD002174,CROP008,Pigeon Pea (Tur),REG022,Rajasthan,2018,463.2,874.1,6.78,258.5,Rainfed,1.26,1812.1
YLD002175,CROP008,Pigeon Pea (Tur),REG022,Rajasthan,2019,464.8,534.4,5.37,245.6,Drip,2.27,2471.1
YLD002176,CROP008,Pigeon Pea (Tur),REG022,Rajasthan,2020,464.0,591.0,7.35,287.1,Flood,1.81,2184.0
YLD002177,CROP008,Pigeon Pea (Tur),REG022,Rajasthan,2021,468.2,777.2,7.74,316.0,Flood,4.34,1786.1
YLD002181,CROP008,Pigeon Pea (Tur),REG023,Karnataka,2015,463.0,702.3,7.19,262.0,Rainfed,4.88,1784.1
YLD002182,CROP008,Pigeon Pea (Tur),REG023,Karnataka,2016,469.9,937.2,7.09,345.9,Rainfed,0.52,597.5
YLD002183,CROP008,Pigeon Pea (Tur),REG023,Karnataka,2017,463.4,580.2,7.72,255.4,Sprinkler,1.14,2695.0
YLD002184,CROP008,Pigeon Pea (Tur),REG023,Karnataka,2018,466.5,274.0,6.82,280.2,Drip,1.37,1646.3
YLD002185,CROP008,Pigeon Pea (Tur),REG023,Karnataka,2019,468.9,372.1,6.65,327.6,Rainfed,0.97,1191.6
YLD002186,CROP008,Pigeon Pea (Tur),REG023,Karnataka,2020,461.2,735.7,7.04,276.2,Flood,4.89,2011.5
YLD002187,CROP008,Pigeon Pea (Tur),REG023,Karnataka,2021,461.6,372.8,6.78,453.3,Sprinkler,2.68,1506.3
YLD002191,CROP008,Pigeon Pea (Tur),REG024,Karnataka,2015,458.1,471.2,6.54,312.6,Drip,4.71,1540.2
YLD002192,CROP008,Pigeon Pea (Tur),REG024,Karnataka,2016,461.9,885.0,6.74,254.0,Sprinkler,0.76,2161.2
YLD002193,CROP008,Pigeon Pea (Tur),REG024,Karnataka,2017,460.8,646.1,5.54,343.8,Rainfed,3.71,1983.7
YLD002194,CROP008,Pigeon Pea (Tur),REG024,Karnataka,2018,463.8,347.3,5.99,326.5,Drip,4.69,2131.6
YLD002195,CROP008,Pigeon Pea (Tur),REG024,Karnataka,2019,460.3,549.5,6.62,319.1,Drip,3.72,2546.9
YLD002196,CROP008,Pigeon Pea (Tur),REG024,Karnataka,2020,467.5,459.2,7.01,303.2,Drip,0.65,2063.3
YLD002197,CROP008,Pigeon Pea (Tur),REG024,Karnataka,2021,462.8,388.8,7.18,370.4,Flood,0.54,1839.6
YLD002201,CROP008,Pigeon Pea (Tur),REG025,Andhra Pradesh,2015,461.0,794.2,6.44,238.5,Rainfed,1.64,1401.9
YLD002202,CROP008,Pigeon Pea (Tur),REG025,Andhra Pradesh,2016,475.2,687.2,7.68,344.8,Rainfed,2.64,745.1
YLD002203,CROP008,Pigeon Pea (Tur),REG025,Andhra Pradesh,2017,462.7,688.8,6.5,258.3,Drip,2.46,2744.2
YLD002204,CROP008,Pigeon Pea (Tur),REG025,Andhra Pradesh,2018,461.2,351.5,6.26,288.1,Rainfed,1.01,1262.4
YLD002205,CROP008,Pigeon Pea (Tur),REG025,Andhra Pradesh,2019,461.8,749.8,6.09,330.0,Drip,3.47,2615.6
YLD002206,CROP008,Pigeon Pea (Tur),REG025,Andhra Pradesh,2020,461.7,898.2,6.71,273.6,Sprinkler,1.76,1772.1
YLD002207,CROP008,Pigeon Pea (Tur),REG025,Andhra Pradesh,2021,468.1,532.5,6.32,235.6,Drip,2.9,2335.0
YLD002211,CROP008,Pigeon Pea (Tur),REG026,Andhra Pradesh,2015,468.6,632.7,6.4,196.2,Sprinkler,3.34,2338.8
YLD002212,CROP008,Pigeon Pea (Tur),REG026,Andhra Pradesh,2016,463.4,605.0,6.7,238.8,Sprinkler,3.64,2774.0
YLD002213,CROP008,Pigeon Pea (Tur),REG026,Andhra Pradesh,2017,470.1,531.1,6.26,227.3,Drip,1.11,1950.7
YLD002214,CROP008,Pigeon Pea (Tur),REG026,Andhra Pradesh,2018,463.7,603.5,5.37,277.0,Drip,2.42,2307.8
YLD002215,CROP008,Pigeon Pea (Tur),REG026,Andhra Pradesh,2019,462.0,520.8,6.77,328.6,Flood,2.08,1904.0
YLD002216,CROP008,Pigeon Pea (Tur),REG026,Andhra Pradesh,2020,471.7,668.1,7.23,228.7,Sprinkler,4.16,1860.1
YLD002217,CROP008,Pigeon Pea (Tur),REG026,Andhra Pradesh,2021,465.4,615.6,6.35,284.8,Rainfed,3.59,2295.3
YLD002221,CROP008,Pigeon Pea (Tur),REG027,Tamil Nadu,2015,461.5,814.9,6.08,284.2,Flood,2.6,1771.3
YLD002222,CROP008,Pigeon Pea (Tur),REG027,Tamil Nadu,2016,464.1,433.6,6.74,179.9,Drip,1.92,2324.1
YLD002223,CROP008,Pigeon Pea (Tur),REG027,Tamil Nadu,2017,468.3,847.5,8.03,246.4,Flood,0.65,1535.9
YLD002224,CROP008,Pigeon Pea (Tur),REG027,Tamil Nadu,2018,472.6,889.9,6.46,303.9,Rainfed,2.36,1437.2
YLD002225,CROP008,Pigeon Pea (Tur),REG027,Tamil Nadu,2019,458.6,622.0,7.18,322.6,Rainfed,1.94,1278.6
YLD002226,CROP008,Pigeon Pea (Tur),REG027,Tamil Nadu,2020,464.9,836.0,6.04,192.9,Sprinkler,1.9,2484.7
YLD002227,CROP008,Pigeon Pea (Tur),REG027,Tamil Nadu,2021,468.3,1008.5,7.34,284.1,Drip,1.19,1905.7
YLD002231,CROP008,Pigeon Pea (Tur),REG028,Tamil Nadu,2015,467.5,767.8,6.7,378.0,Sprinkler,2.13,2100.5
YLD002232,CROP008,Pigeon Pea (Tur),REG028,Tamil Nadu,2016,463.1,613.9,6.21,151.6,Flood,3.31,2260.2
YLD002233,CROP008,Pigeon Pea (Tur),REG028,Tamil Nadu,2017,466.8,583.5,6.76,283.8,Sprinkler,3.45,2466.6
YLD002234,CROP008,Pigeon Pea (Tur),REG028,Tamil Nadu,2018,462.8,660.0,6.32,277.7,Flood,0.92,2218.0
YLD002235,CROP008,Pigeon Pea (Tur),REG028,Tamil Nadu,2019,463.6,858.6,6.64,264.4,Rainfed,2.55,1506.9
YLD002236,CROP008,Pigeon Pea (Tur),REG028,Tamil Nadu,2020,465.6,767.9,6.56,374.2,Flood,1.82,2229.8
YLD002237,CROP008,Pigeon Pea (Tur),REG028,Tamil Nadu,2021,469.5,1097.5,7.31,235.3,Flood,3.35,953.6
YLD002241,CROP009,Green Gram (Moong),REG001,Punjab,2015,320.7,385.3,6.03,324.9,Sprinkler,1.47,1662.3
YLD002242,CROP009,Green Gram (Moong),REG001,Punjab,2016,318.4,425.2,7.19,211.2,Drip,0.95,1860.9
YLD002243,CROP009,Green Gram (Moong),REG001,Punjab,2017,314.8,421.0,6.43,274.3,Sprinkler,2.47,2119.2
YLD002244,CROP009,Green Gram (Moong),REG001,Punjab,2018,313.4,448.8,7.4,298.5,Rainfed,2.62,1068.5
YLD002245,CROP009,Green Gram (Moong),REG001,Punjab,2019,317.8,424.1,6.54,278.6,Sprinkler,2.18,1993.2
YLD002246,CROP009,Green Gram (Moong),REG001,Punjab,2020,320.3,275.7,7.71,252.8,Rainfed,3.19,814.5
YLD002247,CROP009,Green Gram (Moong),REG001,Punjab,2021,320.8,263.4,7.28,211.7,Sprinkler,4.68,1548.4
YLD002251,CROP009,Green Gram (Moong),REG002,Punjab,2015,317.9,518.2,6.65,410.4,Rainfed,3.99,1043.3
YLD002252,CROP009,Green Gram (Moong),REG002,Punjab,2016,321.4,160.0,6.45,304.4,Rainfed,3.13,1105.8
YLD002253,CROP009,Green Gram (Moong),REG002,Punjab,2017,320.2,254.0,6.29,244.3,Drip,4.22,1159.6
YLD002254,CROP009,Green Gram (Moong),REG002,Punjab,2018,316.8,338.1,6.97,297.1,Drip,3.47,2197.8
YLD002255,CROP009,Green Gram (Moong),REG002,Punjab,2019,320.1,172.5,6.14,271.1,Sprinkler,1.93,1102.3
YLD002256,CROP009,Green Gram (Moong),REG002,Punjab,2020,312.5,560.8,6.6,341.7,Drip,3.13,1277.1
YLD002257,CROP009,Green Gram (Moong),REG002,Punjab,2021,312.9,375.8,6.89,190.9,Flood,2.23,1554.9
YLD002261,CROP009,Green Gram (Moong),REG003,Punjab,2015,307.8,463.6,6.7,296.4,Drip,0.85,1146.0
YLD002262,CROP009,Green Gram (Moong),REG003,Punjab,2016,317.8,467.0,8.16,295.0,Drip,1.23,1672.8
YLD002263,CROP009,Green Gram (Moong),REG003,Punjab,2017,320.1,385.1,7.36,331.7,Rainfed,3.56,992.9
YLD002264,CROP009,Green Gram (Moong),REG003,Punjab,2018,315.9,444.0,6.66,285.4,Rainfed,2.13,1532.9
YLD002265,CROP009,Green Gram (Moong),REG003,Punjab,2019,312.0,195.8,6.79,289.6,Rainfed,1.58,979.5
YLD002266,CROP009,Green Gram (Moong),REG003,Punjab,2020,314.6,136.8,6.92,225.8,Rainfed,3.51,728.9
YLD002267,CROP009,Green Gram (Moong),REG003,Punjab,2021,313.3,298.1,7.2,281.9,Rainfed,1.36,1291.8
YLD002271,CROP009,Green Gram (Moong),REG004,Haryana,2015,315.5,322.8,5.86,275.0,Rainfed,4.69,1804.5
YLD002272,CROP009,Green Gram (Moong),REG004,Haryana,2016,312.1,328.4,6.23,258.3,Sprinkler,1.62,1770.8
YLD002273,CROP009,Green Gram (Moong),REG004,Haryana,2017,311.2,430.0,6.85,322.7,Rainfed,2.71,971.3
YLD002274,CROP009,Green Gram (Moong),REG004,Haryana,2018,321.8,470.4,6.68,267.8,Drip,1.74,1462.3
YLD002275,CROP009,Green Gram (Moong),REG004,Haryana,2019,311.1,370.4,6.61,319.4,Rainfed,1.88,1356.6
YLD002276,CROP009,Green Gram (Moong),REG004,Haryana,2020,313.5,446.0,6.84,202.8,Rainfed,1.6,1469.9
YLD002277,CROP009,Green Gram (Moong),REG004,Haryana,2021,315.5,418.7,7.08,314.6,Flood,2.2,1777.6
YLD002281,CROP009,Green Gram (Moong),REG005,Haryana,2015,316.5,541.1,6.74,234.1,Rainfed,1.12,730.0
YLD002282,CROP009,Green Gram (Moong),REG005,Haryana,2016,321.6,487.3,6.75,325.0,Flood,1.74,1201.2
YLD002283,CROP009,Green Gram (Moong),REG005,Haryana,2017,322.1,316.2,7.09,243.4,Drip,2.69,1810.3
YLD002284,CROP009,Green Gram (Moong),REG005,Haryana,2018,316.5,223.0,6.65,194.3,Drip,1.68,1890.3
YLD002285,CROP009,Green Gram (Moong),REG005,Haryana,2019,318.9,277.0,5.83,340.5,Flood,2.93,1646.0
YLD002286,CROP009,Green Gram (Moong),REG005,Haryana,2020,317.9,352.9,6.15,311.9,Sprinkler,1.57,1897.9
YLD002287,CROP009,Green Gram (Moong),REG005,Haryana,2021,319.9,449.2,6.24,213.8,Flood,3.51,1127.5
YLD002291,CROP009,Green Gram (Moong),REG006,Uttar Pradesh,2015,307.9,373.2,7.05,278.8,Rainfed,3.63,953.3
YLD002292,CROP009,Green Gram (Moong),REG006,Uttar Pradesh,2016,315.5,304.6,7.04,320.2,Flood,4.02,1990.4
YLD002293,CROP009,Green Gram (Moong),REG006,Uttar Pradesh,2017,309.8,370.4,6.61,341.6,Sprinkler,3.13,1630.2
YLD002294,CROP009,Green Gram (Moong),REG006,Uttar Pradesh,2018,316.0,416.5,6.77,355.7,Drip,2.72,2423.1
YLD002295,CROP009,Green Gram (Moong),REG006,Uttar Pradesh,2019,313.6,300.9,6.94,334.6,Sprinkler,2.95,1953.5
YLD002296,CROP009,Green Gram (Moong),REG006,Uttar Pradesh,2020,311.1,210.3,6.81,330.8,Rainfed,3.39,898.1
YLD002297,CROP009,Green Gram (Moong),REG006,Uttar Pradesh,2021,321.1,388.2,6.9,311.6,Sprinkler,0.63,1672.1
YLD002301,CROP009,Green Gram (Moong),REG007,Uttar Pradesh,2015,317.2,448.0,6.86,258.4,Rainfed,3.57,1464.3
YLD002302,CROP009,Green Gram (Moong),REG007,Uttar Pradesh,2016,317.9,238.4,6.19,261.3,Drip,1.78,1619.7
YLD002303,CROP009,Green Gram (Moong),REG007,Uttar Pradesh,2017,312.1,481.1,6.16,267.9,Sprinkler,2.37,1254.0
YLD002304,CROP009,Green Gram (Moong),REG007,Uttar Pradesh,2018,314.7,332.9,6.92,266.3,Rainfed,2.73,1747.2
YLD002305,CROP009,Green Gram (Moong),REG007,Uttar Pradesh,2019,311.9,399.6,7.09,260.4,Sprinkler,0.77,1509.9
YLD002306,CROP009,Green Gram (Moong),REG007,Uttar Pradesh,2020,320.8,366.6,6.93,283.1,Sprinkler,2.22,1744.3
YLD002307,CROP009,Green Gram (Moong),REG007,Uttar Pradesh,2021,319.4,413.4,6.54,298.7,Drip,0.83,1924.2
YLD002311,CROP009,Green Gram (Moong),REG008,Uttar Pradesh,2015,306.7,396.0,7.24,237.1,Flood,0.72,734.7
YLD002312,CROP009,Green Gram (Moong),REG008,Uttar Pradesh,2016,311.6,457.6,6.55,368.2,Rainfed,4.22,596.0
YLD002313,CROP009,Green Gram (Moong),REG008,Uttar Pradesh,2017,321.0,328.2,5.99,328.0,Rainfed,2.05,1417.3
YLD002314,CROP009,Green Gram (Moong),REG008,Uttar Pradesh,2018,313.9,376.9,5.89,338.1,Sprinkler,1.86,1765.7
YLD002315,CROP009,Green Gram (Moong),REG008,Uttar Pradesh,2019,311.8,344.4,7.27,208.3,Drip,1.99,1723.6
YLD002316,CROP009,Green Gram (Moong),REG008,Uttar Pradesh,2020,321.0,473.3,6.8,244.5,Flood,1.08,1388.9
YLD002317,CROP009,Green Gram (Moong),REG008,Uttar Pradesh,2021,313.5,391.1,6.65,196.3,Flood,4.23,1713.3
YLD002321,CROP009,Green Gram (Moong),REG009,Bihar,2015,315.7,376.2,7.03,276.1,Sprinkler,3.1,2322.9
YLD002322,CROP009,Green Gram (Moong),REG009,Bihar,2016,314.6,308.9,5.99,272.4,Drip,3.42,1995.0
YLD002323,CROP009,Green Gram (Moong),REG009,Bihar,2017,313.2,352.5,6.44,273.0,Drip,2.84,2133.0
YLD002324,CROP009,Green Gram (Moong),REG009,Bihar,2018,318.5,317.5,7.19,299.9,Rainfed,3.3,1231.2
YLD002325,CROP009,Green Gram (Moong),REG009,Bihar,2019,315.8,295.4,7.12,346.3,Drip,0.7,2198.7
YLD002326,CROP009,Green Gram (Moong),REG009,Bihar,2020,320.3,335.6,5.82,282.4,Rainfed,2.16,1030.9
YLD002327,CROP009,Green Gram (Moong),REG009,Bihar,2021,313.4,283.0,7.63,223.5,Flood,4.48,1195.4
YLD002331,CROP009,Green Gram (Moong),REG010,Bihar,2015,311.2,320.7,6.21,249.6,Rainfed,0.54,1087.3
YLD002332,CROP009,Green Gram (Moong),REG010,Bihar,2016,316.9,383.4,7.02,305.5,Sprinkler,4.18,2091.9
YLD002333,CROP009,Green Gram (Moong),REG010,Bihar,2017,315.1,384.7,7.31,318.4,Flood,3.34,1866.3
YLD002334,CROP009,Green Gram (Moong),REG010,Bihar,2018,322.7,402.2,6.6,349.6,Rainfed,3.0,723.1
YLD002335,CROP009,Green Gram (Moong),REG010,Bihar,2019,315.1,459.0,6.48,221.7,Drip,1.78,2069.0
YLD002336,CROP009,Green Gram (Moong),REG010,Bihar,2020,310.5,449.3,6.74,353.2,Drip,3.04,1707.9
YLD002337,CROP009,Green Gram (Moong),REG010,Bihar,2021,314.8,355.7,7.41,269.4,Rainfed,2.21,1695.5
YLD002341,CROP009,Green Gram (Moong),REG011,West Bengal,2015,313.5,291.1,5.91,379.2,Flood,3.84,1374.7
YLD002342,CROP009,Green Gram (Moong),REG011,West Bengal,2016,318.9,161.9,6.9,297.9,Rainfed,0.89,631.9
YLD002343,CROP009,Green Gram (Moong),REG011,West Bengal,2017,318.4,326.6,6.81,266.9,Rainfed,1.61,1493.1
YLD002344,CROP009,Green Gram (Moong),REG011,West Bengal,2018,315.9,325.1,6.53,316.5,Flood,4.42,2227.5
YLD002345,CROP009,Green Gram (Moong),REG011,West Bengal,2019,316.1,328.3,6.44,288.7,Sprinkler,1.32,2257.4
YLD002346,CROP009,Green Gram (Moong),REG011,West Bengal,2020,314.5,299.4,6.95,374.5,Rainfed,4.19,1489.5
YLD002347,CROP009,Green Gram (Moong),REG011,West Bengal,2021,311.8,331.3,6.28,221.0,Sprinkler,2.63,1492.7
YLD002351,CROP009,Green Gram (Moong),REG012,West Bengal,2015,323.5,491.3,7.32,219.4,Flood,2.89,915.9
YLD002352,CROP009,Green Gram (Moong),REG012,West Bengal,2016,321.2,383.1,7.01,225.8,Flood,2.85,1276.9
YLD002353,CROP009,Green Gram (Moong),REG012,West Bengal,2017,319.7,402.5,6.39,275.1,Drip,1.84,1671.8
YLD002354,CROP009,Green Gram (Moong),REG012,West Bengal,2018,316.8,467.6,6.33,276.5,Drip,2.52,1910.5
YLD002355,CROP009,Green Gram (Moong),REG012,West Bengal,2019,317.3,296.7,5.97,387.5,Sprinkler,3.74,1914.0
YLD002356,CROP009,Green Gram (Moong),REG012,West Bengal,2020,308.5,380.0,6.85,336.2,Sprinkler,2.57,1515.5
YLD002357,CROP009,Green Gram (Moong),REG012,West Bengal,2021,313.3,50.0,6.96,234.9,Flood,4.13,910.8
YLD002361,CROP009,Green Gram (Moong),REG013,Madhya Pradesh,2015,318.3,288.8,6.52,299.2,Sprinkler,4.59,1857.2
YLD002362,CROP009,Green Gram (Moong),REG013,Madhya Pradesh,2016,316.6,287.6,8.03,175.3,Sprinkler,3.95,1744.5
YLD002363,CROP009,Green Gram (Moong),REG013,Madhya Pradesh,2017,316.7,341.5,7.07,352.0,Rainfed,2.15,1324.7
YLD002364,CROP009,Green Gram (Moong),REG013,Madhya Pradesh,2018,317.5,331.5,7.17,202.6,Rainfed,1.99,1732.3
YLD002365,CROP009,Green Gram (Moong),REG013,Madhya Pradesh,2019,314.6,438.8,6.97,290.5,Flood,2.33,1845.5
YLD002366,CROP009,Green Gram (Moong),REG013,Madhya Pradesh,2020,310.4,388.6,6.74,342.7,Sprinkler,3.82,1527.6
YLD002367,CROP009,Green Gram (Moong),REG013,Madhya Pradesh,2021,316.8,415.3,6.99,329.9,Drip,1.28,2220.1
YLD002371,CROP009,Green Gram (Moong),REG014,Madhya Pradesh,2015,320.3,305.3,7.55,303.4,Rainfed,3.59,1313.0
YLD002372,CROP009,Green Gram (Moong),REG014,Madhya Pradesh,2016,312.5,252.7,7.66,362.8,Drip,0.56,1800.3
YLD002373,CROP009,Green Gram (Moong),REG014,Madhya Pradesh,2017,317.6,485.7,6.35,194.0,Flood,4.82,1542.6
YLD002374,CROP009,Green Gram (Moong),REG014,Madhya Pradesh,2018,317.2,388.2,6.42,153.0,Rainfed,2.91,1767.2
YLD002375,CROP009,Green Gram (Moong),REG014,Madhya Pradesh,2019,315.7,382.6,6.0,288.5,Sprinkler,2.76,2261.2
YLD002376,CROP009,Green Gram (Moong),REG014,Madhya Pradesh,2020,314.3,497.1,6.64,242.7,Drip,3.0,1690.8
YLD002377,CROP009,Green Gram (Moong),REG014,Madhya Pradesh,2021,315.9,527.7,7.03,340.2,Flood,4.56,1462.3
YLD002381,CROP009,Green Gram (Moong),REG015,Madhya Pradesh,2015,313.0,248.4,6.22,294.9,Flood,4.33,1565.8
YLD002382,CROP009,Green Gram (Moong),REG015,Madhya Pradesh,2016,315.4,524.3,6.41,157.6,Flood,1.96,1649.8
YLD002383,CROP009,Green Gram (Moong),REG015,Madhya Pradesh,2017,315.4,442.7,6.33,255.5,Rainfed,3.78,1464.5
YLD002384,CROP009,Green Gram (Moong),REG015,Madhya Pradesh,2018,319.1,338.8,5.74,225.0,Rainfed,4.58,1254.6
YLD002385,CROP009,Green Gram (Moong),REG015,Madhya Pradesh,2019,316.2,503.7,7.24,248.5,Flood,4.18,1288.1
YLD002386,CROP009,Green Gram (Moong),REG015,Madhya Pradesh,2020,316.8,292.3,7.01,215.8,Flood,1.4,1711.2
YLD002387,CROP009,Green Gram (Moong),REG015,Madhya Pradesh,2021,309.9,512.6,6.32,293.0,Drip,3.05,1317.8
YLD002391,CROP009,Green Gram (Moong),REG016,Maharashtra,2015,308.8,256.5,6.09,230.8,Sprinkler,0.66,1116.9
YLD002392,CROP009,Green Gram (Moong),REG016,Maharashtra,2016,313.7,204.6,6.43,252.2,Drip,0.79,1605.3
YLD002393,CROP009,Green Gram (Moong),REG016,Maharashtra,2017,316.0,353.0,7.07,273.0,Drip,3.91,2389.8
YLD002394,CROP009,Green Gram (Moong),REG016,Maharashtra,2018,315.9,349.3,6.1,289.2,Flood,2.96,1927.1
YLD002395,CROP009,Green Gram (Moong),REG016,Maharashtra,2019,317.6,431.9,6.66,197.2,Flood,3.74,1853.1
YLD002396,CROP009,Green Gram (Moong),REG016,Maharashtra,2020,311.7,537.4,8.15,299.0,Flood,1.25,619.1
YLD002397,CROP009,Green Gram (Moong),REG016,Maharashtra,2021,315.2,462.8,6.9,320.4,Flood,2.73,1652.1
YLD002401,CROP009,Green Gram (Moong),REG017,Maharashtra,2015,316.2,397.9,6.94,309.6,Rainfed,2.54,1977.8
YLD002402,CROP009,Green Gram (Moong),REG017,Maharashtra,2016,312.6,259.0,7.34,183.9,Flood,3.8,1687.6
YLD002403,CROP009,Green Gram (Moong),REG017,Maharashtra,2017,316.6,597.8,6.39,209.7,Sprinkler,1.28,1284.0
YLD002404,CROP009,Green Gram (Moong),REG017,Maharashtra,2018,315.6,252.1,6.37,292.7,Drip,4.19,2271.5
YLD002405,CROP009,Green Gram (Moong),REG017,Maharashtra,2019,321.2,172.6,6.29,296.6,Sprinkler,2.13,1229.0
YLD002406,CROP009,Green Gram (Moong),REG017,Maharashtra,2020,326.0,252.9,6.79,367.7,Drip,2.54,1018.8
YLD002407,CROP009,Green Gram (Moong),REG017,Maharashtra,2021,318.6,358.6,7.73,351.5,Rainfed,2.12,1277.4
YLD002411,CROP009,Green Gram (Moong),REG018,Maharashtra,2015,317.2,527.4,6.79,317.7,Drip,1.94,1776.9
YLD002412,CROP009,Green Gram (Moong),REG018,Maharashtra,2016,317.0,374.8,5.94,285.0,Sprinkler,3.99,2228.4
YLD002413,CROP009,Green Gram (Moong),REG018,Maharashtra,2017,315.9,457.5,6.69,270.2,Flood,0.77,2259.2
YLD002414,CROP009,Green Gram (Moong),REG018,Maharashtra,2018,312.5,324.4,6.44,267.4,Rainfed,1.08,1299.2
YLD002415,CROP009,Green Gram (Moong),REG018,Maharashtra,2019,321.2,272.6,6.46,305.6,Rainfed,3.88,1080.9
YLD002416,CROP009,Green Gram (Moong),REG018,Maharashtra,2020,311.8,367.0,7.38,300.4,Drip,3.33,1972.6
YLD002417,CROP009,Green Gram (Moong),REG018,Maharashtra,2021,322.4,244.9,6.5,290.5,Drip,3.38,1052.8
YLD002421,CROP009,Green Gram (Moong),REG019,Gujarat,2015,313.8,385.5,7.05,272.8,Rainfed,1.1,1588.7
YLD002422,CROP009,Green Gram (Moong),REG019,Gujarat,2016,312.2,338.5,6.85,260.7,Flood,2.81,1705.6
YLD002423,CROP009,Green Gram (Moong),REG019,Gujarat,2017,319.7,476.6,6.44,294.0,Rainfed,1.98,887.8
YLD002424,CROP009,Green Gram (Moong),REG019,Gujarat,2018,314.2,284.7,6.54,280.2,Sprinkler,4.22,1819.7
YLD002425,CROP009,Green Gram (Moong),REG019,Gujarat,2019,313.4,289.4,6.35,228.8,Rainfed,3.58,1323.6
YLD002426,CROP009,Green Gram (Moong),REG019,Gujarat,2020,310.3,296.5,6.26,328.9,Sprinkler,3.73,2049.1
YLD002427,CROP009,Green Gram (Moong),REG019,Gujarat,2021,314.5,284.6,6.49,316.6,Sprinkler,1.27,1998.2
YLD002431,CROP009,Green Gram (Moong),REG020,Gujarat,2015,320.6,303.8,6.46,367.9,Drip,2.28,1656.0
YLD002432,CROP009,Green Gram (Moong),REG020,Gujarat,2016,314.9,436.3,6.32,273.6,Rainfed,1.36,1531.3
YLD002433,CROP009,Green Gram (Moong),REG020,Gujarat,2017,314.2,343.1,6.99,326.2,Sprinkler,4.8,2110.1
YLD002434,CROP009,Green Gram (Moong),REG020,Gujarat,2018,316.6,302.7,6.87,319.5,Rainfed,2.13,1813.2
YLD002435,CROP009,Green Gram (Moong),REG020,Gujarat,2019,314.6,236.7,6.96,401.2,Sprinkler,2.89,1566.1
YLD002436,CROP009,Green Gram (Moong),REG020,Gujarat,2020,318.3,429.3,6.33,238.0,Flood,4.66,1866.5
YLD002437,CROP009,Green Gram (Moong),REG020,Gujarat,2021,310.8,412.4,6.98,265.9,Drip,3.27,1487.8
YLD002441,CROP009,Green Gram (Moong),REG021,Rajasthan,2015,315.0,309.1,6.06,379.1,Drip,1.97,2172.4
YLD002442,CROP009,Green Gram (Moong),REG021,Rajasthan,2016,311.2,335.5,5.84,295.4,Rainfed,1.23,1538.8
YLD002443,CROP009,Green Gram (Moong),REG021,Rajasthan,2017,314.3,160.1,6.1,229.4,Drip,2.63,1525.9
YLD002444,CROP009,Green Gram (Moong),REG021,Rajasthan,2018,313.3,353.3,5.83,308.7,Drip,2.34,1989.8
YLD002445,CROP009,Green Gram (Moong),REG021,Rajasthan,2019,317.3,291.7,7.27,454.6,Rainfed,2.69,1425.2
YLD002446,CROP009,Green Gram (Moong),REG021,Rajasthan,2020,316.6,449.0,6.97,194.0,Flood,2.23,1801.6
YLD002447,CROP009,Green Gram (Moong),REG021,Rajasthan,2021,320.7,468.4,6.1,350.8,Flood,3.41,1414.6
YLD002451,CROP009,Green Gram (Moong),REG022,Rajasthan,2015,317.9,383.6,7.07,372.9,Sprinkler,2.42,1933.5
YLD002452,CROP009,Green Gram (Moong),REG022,Rajasthan,2016,314.4,191.6,6.52,257.3,Rainfed,2.81,967.4
YLD002453,CROP009,Green Gram (Moong),REG022,Rajasthan,2017,321.2,385.3,6.96,279.6,Flood,2.7,1611.3
YLD002454,CROP009,Green Gram (Moong),REG022,Rajasthan,2018,309.4,460.2,7.3,242.9,Rainfed,4.52,868.6
YLD002455,CROP009,Green Gram (Moong),REG022,Rajasthan,2019,316.5,507.7,7.44,166.1,Rainfed,3.35,1389.9
YLD002456,CROP009,Green Gram (Moong),REG022,Rajasthan,2020,319.5,484.1,6.43,268.2,Rainfed,2.58,955.7
YLD002457,CROP009,Green Gram (Moong),REG022,Rajasthan,2021,318.1,445.8,6.44,352.8,Rainfed,3.66,1294.2
YLD002461,CROP009,Green Gram (Moong),REG023,Karnataka,2015,317.9,343.9,6.48,278.2,Flood,4.15,1771.3
YLD002462,CROP009,Green Gram (Moong),REG023,Karnataka,2016,314.7,157.5,6.57,331.1,Drip,2.92,1693.9
YLD002463,CROP009,Green Gram (Moong),REG023,Karnataka,2017,316.2,536.3,6.43,393.1,Sprinkler,3.17,1667.3
YLD002464,CROP009,Green Gram (Moong),REG023,Karnataka,2018,316.3,450.5,5.91,206.4,Rainfed,1.85,1246.0
YLD002465,CROP009,Green Gram (Moong),REG023,Karnataka,2019,314.6,457.4,6.53,307.7,Flood,2.9,1588.5
YLD002466,CROP009,Green Gram (Moong),REG023,Karnataka,2020,316.2,374.5,6.96,273.7,Rainfed,2.41,1510.8
YLD002467,CROP009,Green Gram (Moong),REG023,Karnataka,2021,313.0,263.0,7.17,226.1,Flood,4.46,1030.5
YLD002471,CROP009,Green Gram (Moong),REG024,Karnataka,2015,314.7,367.5,6.78,301.1,Drip,4.36,2452.1
YLD002472,CROP009,Green Gram (Moong),REG024,Karnataka,2016,317.9,256.8,6.86,350.5,Drip,0.72,2027.4
YLD002473,CROP009,Green Gram (Moong),REG024,Karnataka,2017,310.0,317.7,7.46,291.1,Flood,0.9,1170.1
YLD002474,CROP009,Green Gram (Moong),REG024,Karnataka,2018,310.3,343.1,7.57,256.3,Flood,1.65,1497.6
YLD002475,CROP009,Green Gram (Moong),REG024,Karnataka,2019,311.5,506.5,6.93,308.7,Sprinkler,4.58,1492.3
YLD002476,CROP009,Green Gram (Moong),REG024,Karnataka,2020,322.6,246.5,6.78,327.5,Rainfed,0.76,642.2
YLD002477,CROP009,Green Gram (Moong),REG024,Karnataka,2021,318.0,405.3,6.87,339.3,Sprinkler,1.84,1822.3
YLD002481,CROP009,Green Gram (Moong),REG025,Andhra Pradesh,2015,312.1,358.6,6.4,242.8,Sprinkler,3.11,1862.8
YLD002482,CROP009,Green Gram (Moong),REG025,Andhra Pradesh,2016,321.9,363.2,7.6,293.9,Rainfed,2.61,1096.3
YLD002483,CROP009,Green Gram (Moong),REG025,Andhra Pradesh,2017,319.3,338.6,6.88,327.1,Flood,2.87,1855.5
YLD002484,CROP009,Green Gram (Moong),REG025,Andhra Pradesh,2018,313.2,514.6,6.86,282.8,Flood,3.34,798.9
YLD002485,CROP009,Green Gram (Moong),REG025,Andhra Pradesh,2019,316.8,323.2,7.57,279.4,Sprinkler,2.71,1816.7
YLD002486,CROP009,Green Gram (Moong),REG025,Andhra Pradesh,2020,321.6,444.9,6.9,284.1,Drip,2.43,1588.7
YLD002487,CROP009,Green Gram (Moong),REG025,Andhra Pradesh,2021,322.1,163.3,6.5,245.5,Rainfed,2.29,659.1
YLD002491,CROP009,Green Gram (Moong),REG026,Andhra Pradesh,2015,317.4,394.2,6.35,304.3,Drip,4.75,2222.0
YLD002492,CROP009,Green Gram (Moong),REG026,Andhra Pradesh,2016,316.4,377.4,7.05,360.2,Rainfed,4.98,1629.0
YLD002493,CROP009,Green Gram (Moong),REG026,Andhra Pradesh,2017,312.8,520.0,5.71,285.4,Rainfed,3.12,800.0
YLD002494,CROP009,Green Gram (Moong),REG026,Andhra Pradesh,2018,319.5,283.7,6.71,358.4,Sprinkler,1.56,1607.9
YLD002495,CROP009,Green Gram (Moong),REG026,Andhra Pradesh,2019,317.6,270.4,6.34,321.3,Drip,4.4,2001.0
YLD002496,CROP009,Green Gram (Moong),REG026,Andhra Pradesh,2020,320.4,319.4,6.95,265.2,Drip,3.32,1719.1
YLD002497,CROP009,Green Gram (Moong),REG026,Andhra Pradesh,2021,307.2,314.0,5.8,403.4,Drip,4.05,1184.0
YLD002501,CROP009,Green Gram (Moong),REG027,Tamil Nadu,2015,310.3,362.5,7.38,301.4,Drip,2.31,1767.9
YLD002502,CROP009,Green Gram (Moong),REG027,Tamil Nadu,2016,321.6,420.4,5.88,360.3,Rainfed,1.18,937.7
YLD002503,CROP009,Green Gram (Moong),REG027,Tamil Nadu,2017,312.5,334.2,7.74,335.9,Sprinkler,1.01,1760.2
YLD002504,CROP009,Green Gram (Moong),REG027,Tamil Nadu,2018,314.1,340.2,6.91,243.6,Drip,4.55,2501.9
YLD002505,CROP009,Green Gram (Moong),REG027,Tamil Nadu,2019,316.5,440.9,6.93,285.0,Sprinkler,3.76,1599.8
YLD002506,CROP009,Green Gram (Moong),REG027,Tamil Nadu,2020,317.5,512.9,7.29,337.9,Sprinkler,0.56,1572.1
YLD002507,CROP009,Green Gram (Moong),REG027,Tamil Nadu,2021,318.6,472.7,5.87,259.9,Drip,2.36,1608.3
YLD002511,CROP009,Green Gram (Moong),REG028,Tamil Nadu,2015,316.0,240.3,7.97,290.6,Sprinkler,1.48,1605.6
YLD002512,CROP009,Green Gram (Moong),REG028,Tamil Nadu,2016,312.5,316.0,8.14,338.4,Rainfed,4.1,1260.8
YLD002513,CROP009,Green Gram (Moong),REG028,Tamil Nadu,2017,317.5,184.9,6.77,302.0,Sprinkler,4.53,1336.8
YLD002514,CROP009,Green Gram (Moong),REG028,Tamil Nadu,2018,322.3,302.9,6.73,232.9,Drip,0.55,1567.0
YLD002515,CROP009,Green Gram (Moong),REG028,Tamil Nadu,2019,317.2,182.6,6.69,336.7,Flood,2.41,1449.3
YLD002516,CROP009,Green Gram (Moong),REG028,Tamil Nadu,2020,316.7,351.5,6.67,333.8,Sprinkler,1.78,2303.0
YLD002517,CROP009,Green Gram (Moong),REG028,Tamil Nadu,2021,323.9,110.3,6.89,311.3,Rainfed,1.23,330.0
YLD002521,CROP010,Black Gram (Urad),REG001,Punjab,2015,315.9,297.5,6.49,257.3,Flood,4.66,1915.6
YLD002522,CROP010,Black Gram (Urad),REG001,Punjab,2016,318.8,381.9,6.53,180.8,Sprinkler,0.54,1893.1
YLD002523,CROP010,Black Gram (Urad),REG001,Punjab,2017,319.0,436.5,6.72,139.8,Flood,2.08,1951.8
YLD002524,CROP010,Black Gram (Urad),REG001,Punjab,2018,319.0,392.3,6.04,250.5,Drip,0.57,2101.3
YLD002525,CROP010,Black Gram (Urad),REG001,Punjab,2019,314.8,406.1,5.73,389.9,Sprinkler,3.82,1752.6
YLD002526,CROP010,Black Gram (Urad),REG001,Punjab,2020,320.3,180.4,7.21,340.9,Rainfed,3.8,450.4
YLD002527,CROP010,Black Gram (Urad),REG001,Punjab,2021,316.9,398.0,6.4,263.5,Flood,4.72,1774.6
YLD002531,CROP010,Black Gram (Urad),REG002,Punjab,2015,312.1,434.3,7.08,384.9,Rainfed,2.73,893.6
YLD002532,CROP010,Black Gram (Urad),REG002,Punjab,2016,313.3,351.3,6.3,126.8,Drip,4.48,2032.2
YLD002533,CROP010,Black Gram (Urad),REG002,Punjab,2017,313.7,297.4,7.11,279.5,Flood,4.59,1581.2
YLD002534,CROP010,Black Gram (Urad),REG002,Punjab,2018,317.0,399.9,6.51,217.3,Rainfed,4.2,1736.7
YLD002535,CROP010,Black Gram (Urad),REG002,Punjab,2019,309.5,401.4,6.44,207.7,Sprinkler,4.62,1456.5
YLD002536,CROP010,Black Gram (Urad),REG002,Punjab,2020,311.4,445.6,6.33,339.1,Sprinkler,1.86,1641.4
YLD002537,CROP010,Black Gram (Urad),REG002,Punjab,2021,310.7,462.2,7.07,269.8,Drip,4.39,1397.0
YLD002541,CROP010,Black Gram (Urad),REG003,Punjab,2015,313.8,392.9,6.87,349.8,Flood,0.99,1690.5
YLD002542,CROP010,Black Gram (Urad),REG003,Punjab,2016,314.5,417.9,5.86,384.3,Sprinkler,1.36,1537.3
YLD002543,CROP010,Black Gram (Urad),REG003,Punjab,2017,317.1,365.7,6.31,277.3,Sprinkler,4.63,2106.6
YLD002544,CROP010,Black Gram (Urad),REG003,Punjab,2018,322.6,374.6,7.05,249.0,Sprinkler,3.75,1503.6
YLD002545,CROP010,Black Gram (Urad),REG003,Punjab,2019,320.2,259.5,6.74,311.2,Drip,4.48,1583.8
YLD002546,CROP010,Black Gram (Urad),REG003,Punjab,2020,312.8,273.5,6.48,365.7,Drip,3.42,1785.8
YLD002547,CROP010,Black Gram (Urad),REG003,Punjab,2021,321.9,374.8,7.01,265.4,Flood,0.97,1164.2
YLD002551,CROP010,Black Gram (Urad),REG004,Haryana,2015,315.9,611.4,7.06,308.5,Drip,2.87,1544.0
YLD002552,CROP010,Black Gram (Urad),REG004,Haryana,2016,318.3,458.5,6.42,184.9,Rainfed,2.99,1008.9
YLD002553,CROP010,Black Gram (Urad),REG004,Haryana,2017,317.4,274.5,6.56,366.8,Rainfed,4.51,1353.3
YLD002554,CROP010,Black Gram (Urad),REG004,Haryana,2018,319.6,348.5,7.14,204.5,Rainfed,1.41,1353.8
YLD002555,CROP010,Black Gram (Urad),REG004,Haryana,2019,320.2,465.2,7.16,227.5,Sprinkler,3.3,1004.5
YLD002556,CROP010,Black Gram (Urad),REG004,Haryana,2020,319.3,463.3,6.95,286.7,Sprinkler,1.62,1089.5
YLD002557,CROP010,Black Gram (Urad),REG004,Haryana,2021,316.5,435.5,6.27,222.5,Sprinkler,1.11,2171.2
YLD002561,CROP010,Black Gram (Urad),REG005,Haryana,2015,322.4,408.8,5.98,271.9,Drip,4.9,1468.9
YLD002562,CROP010,Black Gram (Urad),REG005,Haryana,2016,315.3,341.4,7.04,282.5,Sprinkler,4.25,2124.2
YLD002563,CROP010,Black Gram (Urad),REG005,Haryana,2017,316.6,273.3,5.37,273.3,Rainfed,2.41,1072.6
YLD002564,CROP010,Black Gram (Urad),REG005,Haryana,2018,311.1,159.9,7.04,310.6,Flood,0.65,1028.9
YLD002565,CROP010,Black Gram (Urad),REG005,Haryana,2019,314.4,413.9,7.02,309.9,Drip,4.56,2058.6
YLD002566,CROP010,Black Gram (Urad),REG005,Haryana,2020,312.3,303.7,6.43,320.3,Rainfed,3.67,1248.9
YLD002567,CROP010,Black Gram (Urad),REG005,Haryana,2021,314.2,284.1,6.46,261.9,Drip,0.89,1975.3
YLD002571,CROP010,Black Gram (Urad),REG006,Uttar Pradesh,2015,308.9,260.9,6.78,380.5,Rainfed,0.57,626.7
YLD002572,CROP010,Black Gram (Urad),REG006,Uttar Pradesh,2016,313.7,386.8,7.05,246.1,Rainfed,2.31,1338.6
YLD002573,CROP010,Black Gram (Urad),REG006,Uttar Pradesh,2017,314.9,330.7,6.72,364.8,Drip,2.33,2233.9
YLD002574,CROP010,Black Gram (Urad),REG006,Uttar Pradesh,2018,314.7,542.7,6.59,273.9,Sprinkler,0.8,1262.2
YLD002575,CROP010,Black Gram (Urad),REG006,Uttar Pradesh,2019,313.4,285.7,6.99,266.0,Drip,0.63,1839.6
YLD002576,CROP010,Black Gram (Urad),REG006,Uttar Pradesh,2020,312.4,341.6,6.37,389.0,Flood,4.98,1849.0
YLD002577,CROP010,Black Gram (Urad),REG006,Uttar Pradesh,2021,318.6,417.1,6.66,210.1,Sprinkler,3.85,1884.0
YLD002581,CROP010,Black Gram (Urad),REG007,Uttar Pradesh,2015,318.2,191.4,6.91,329.8,Rainfed,2.73,782.8
YLD002582,CROP010,Black Gram (Urad),REG007,Uttar Pradesh,2016,314.6,445.2,5.99,225.0,Rainfed,0.87,1218.9
YLD002583,CROP010,Black Gram (Urad),REG007,Uttar Pradesh,2017,318.3,334.5,6.97,264.5,Flood,0.71,1870.2
YLD002584,CROP010,Black Gram (Urad),REG007,Uttar Pradesh,2018,314.7,373.1,7.06,227.3,Drip,4.33,2329.9
YLD002585,CROP010,Black Gram (Urad),REG007,Uttar Pradesh,2019,322.0,474.3,6.37,241.0,Drip,4.9,1169.6
YLD002586,CROP010,Black Gram (Urad),REG007,Uttar Pradesh,2020,321.7,246.5,6.03,235.1,Drip,0.91,1512.6
YLD002587,CROP010,Black Gram (Urad),REG007,Uttar Pradesh,2021,312.2,398.9,7.1,141.9,Flood,4.38,1486.3
YLD002591,CROP010,Black Gram (Urad),REG008,Uttar Pradesh,2015,315.5,288.3,7.15,287.6,Drip,1.91,1759.0
YLD002592,CROP010,Black Gram (Urad),REG008,Uttar Pradesh,2016,313.2,253.4,7.37,342.5,Flood,2.57,1566.5
YLD002593,CROP010,Black Gram (Urad),REG008,Uttar Pradesh,2017,318.0,429.9,6.18,289.1,Rainfed,3.54,1800.5
YLD002594,CROP010,Black Gram (Urad),REG008,Uttar Pradesh,2018,315.1,169.7,6.64,291.0,Flood,2.17,1163.5
YLD002595,CROP010,Black Gram (Urad),REG008,Uttar Pradesh,2019,311.6,623.7,5.96,329.7,Sprinkler,2.2,838.2
YLD002596,CROP010,Black Gram (Urad),REG008,Uttar Pradesh,2020,317.2,238.2,5.82,341.7,Rainfed,2.59,1525.8
YLD002597,CROP010,Black Gram (Urad),REG008,Uttar Pradesh,2021,311.4,469.2,6.6,340.7,Drip,1.88,1544.0
YLD002601,CROP010,Black Gram (Urad),REG009,Bihar,2015,317.9,609.0,5.9,300.7,Rainfed,3.31,457.3
YLD002602,CROP010,Black Gram (Urad),REG009,Bihar,2016,316.4,377.8,6.62,155.9,Drip,2.44,2260.1
YLD002603,CROP010,Black Gram (Urad),REG009,Bihar,2017,315.5,467.1,6.66,360.8,Sprinkler,4.56,1721.3
YLD002604,CROP010,Black Gram (Urad),REG009,Bihar,2018,317.9,465.0,6.5,255.6,Rainfed,3.53,1202.7
YLD002605,CROP010,Black Gram (Urad),REG009,Bihar,2019,314.2,368.4,6.39,282.6,Drip,2.01,2112.7
YLD002606,CROP010,Black Gram (Urad),REG009,Bihar,2020,316.7,292.9,6.51,451.1,Flood,2.02,2254.5
YLD002607,CROP010,Black Gram (Urad),REG009,Bihar,2021,316.6,178.2,7.05,223.3,Sprinkler,1.65,1516.3
YLD002611,CROP010,Black Gram (Urad),REG010,Bihar,2015,313.7,524.6,5.98,213.2,Drip,4.19,1534.6
YLD002612,CROP010,Black Gram (Urad),REG010,Bihar,2016,317.2,447.2,6.47,318.6,Sprinkler,2.03,1474.5
YLD002613,CROP010,Black Gram (Urad),REG010,Bihar,2017,310.0,389.6,7.2,292.8,Flood,4.87,1532.5
YLD002614,CROP010,Black Gram (Urad),REG010,Bihar,2018,316.3,393.2,6.74,277.1,Drip,4.7,2299.1
YLD002615,CROP010,Black Gram (Urad),REG010,Bihar,2019,316.0,197.8,7.21,299.5,Sprinkler,2.09,1633.6
YLD002616,CROP010,Black Gram (Urad),REG010,Bihar,2020,317.4,437.6,6.25,323.7,Drip,3.37,1897.1
YLD002617,CROP010,Black Gram (Urad),REG010,Bihar,2021,321.8,589.4,6.97,310.2,Sprinkler,3.32,721.4
YLD002621,CROP010,Black Gram (Urad),REG011,West Bengal,2015,317.3,310.3,7.56,269.8,Flood,1.46,2122.2
YLD002622,CROP010,Black Gram (Urad),REG011,West Bengal,2016,314.8,185.3,7.53,239.6,Flood,1.09,1474.5
YLD002623,CROP010,Black Gram (Urad),REG011,West Bengal,2017,316.7,268.8,8.01,313.1,Sprinkler,2.09,1547.4
YLD002624,CROP010,Black Gram (Urad),REG011,West Bengal,2018,315.2,447.1,6.98,201.1,Flood,0.67,1760.7
YLD002625,CROP010,Black Gram (Urad),REG011,West Bengal,2019,318.5,281.7,6.53,230.0,Flood,0.7,1458.9
YLD002626,CROP010,Black Gram (Urad),REG011,West Bengal,2020,315.5,267.9,6.62,333.9,Drip,2.65,1916.0
YLD002627,CROP010,Black Gram (Urad),REG011,West Bengal,2021,320.9,320.4,6.95,291.1,Drip,0.64,1581.1
YLD002631,CROP010,Black Gram (Urad),REG012,West Bengal,2015,312.9,439.1,5.79,188.4,Sprinkler,3.25,1646.8
YLD002632,CROP010,Black Gram (Urad),REG012,West Bengal,2016,315.3,440.9,7.79,332.0,Flood,1.13,1922.7
YLD002633,CROP010,Black Gram (Urad),REG012,West Bengal,2017,317.7,347.8,6.92,264.1,Rainfed,1.61,1607.3
YLD002634,CROP010,Black Gram (Urad),REG012,West Bengal,2018,313.1,259.6,7.12,245.9,Rainfed,3.74,1204.1
YLD002635,CROP010,Black Gram (Urad),REG012,West Bengal,2019,320.8,513.4,6.21,252.7,Flood,3.57,1180.1
YLD002636,CROP010,Black Gram (Urad),REG012,West Bengal,2020,313.7,264.0,7.57,318.9,Rainfed,4.84,1540.9
YLD002637,CROP010,Black Gram (Urad),REG012,West Bengal,2021,308.1,200.7,5.99,389.3,Rainfed,0.94,360.9
YLD002641,CROP010,Black Gram (Urad),REG013,Madhya Pradesh,2015,321.1,372.2,6.63,306.0,Flood,3.55,1244.9
YLD002642,CROP010,Black Gram (Urad),REG013,Madhya Pradesh,2016,315.8,370.9,6.37,255.4,Rainfed,3.34,1425.9
YLD002643,CROP010,Black Gram (Urad),REG013,Madhya Pradesh,2017,313.4,213.1,7.17,325.1,Rainfed,3.31,1079.6
YLD002644,CROP010,Black Gram (Urad),REG013,Madhya Pradesh,2018,317.6,362.5,7.23,309.7,Sprinkler,2.43,2079.2
YLD002645,CROP010,Black Gram (Urad),REG013,Madhya Pradesh,2019,317.6,447.3,6.06,311.6,Drip,3.1,1763.4
YLD002646,CROP010,Black Gram (Urad),REG013,Madhya Pradesh,2020,317.9,529.5,6.94,175.9,Sprinkler,4.03,1693.0
YLD002647,CROP010,Black Gram (Urad),REG013,Madhya Pradesh,2021,315.3,353.6,6.98,243.3,Rainfed,2.53,1821.3
YLD002651,CROP010,Black Gram (Urad),REG014,Madhya Pradesh,2015,317.9,259.6,6.7,403.0,Flood,0.68,1397.9
YLD002652,CROP010,Black Gram (Urad),REG014,Madhya Pradesh,2016,316.7,291.5,6.71,225.0,Rainfed,1.08,1451.0
YLD002653,CROP010,Black Gram (Urad),REG014,Madhya Pradesh,2017,313.4,205.2,6.9,253.9,Drip,2.99,1799.7
YLD002654,CROP010,Black Gram (Urad),REG014,Madhya Pradesh,2018,317.4,389.4,6.07,365.7,Sprinkler,4.89,1875.0
YLD002655,CROP010,Black Gram (Urad),REG014,Madhya Pradesh,2019,310.0,325.6,6.85,322.9,Sprinkler,1.64,1640.9
YLD002656,CROP010,Black Gram (Urad),REG014,Madhya Pradesh,2020,315.3,379.0,5.61,159.7,Rainfed,4.62,1634.2
YLD002657,CROP010,Black Gram (Urad),REG014,Madhya Pradesh,2021,316.3,557.7,6.89,168.3,Drip,1.62,1339.9
YLD002661,CROP010,Black Gram (Urad),REG015,Madhya Pradesh,2015,322.0,295.8,6.85,311.4,Flood,0.67,1454.1
YLD002662,CROP010,Black Gram (Urad),REG015,Madhya Pradesh,2016,316.9,425.0,6.36,249.9,Flood,4.87,1553.0
YLD002663,CROP010,Black Gram (Urad),REG015,Madhya Pradesh,2017,322.6,235.6,6.72,269.6,Flood,0.84,887.7
YLD002664,CROP010,Black Gram (Urad),REG015,Madhya Pradesh,2018,314.5,303.8,6.98,262.6,Sprinkler,1.64,2326.7
YLD002665,CROP010,Black Gram (Urad),REG015,Madhya Pradesh,2019,315.1,454.7,6.96,200.3,Rainfed,3.51,901.5
YLD002666,CROP010,Black Gram (Urad),REG015,Madhya Pradesh,2020,315.2,497.1,6.88,335.2,Rainfed,4.23,1192.7
YLD002667,CROP010,Black Gram (Urad),REG015,Madhya Pradesh,2021,321.4,248.4,6.93,373.5,Sprinkler,4.34,1095.7
YLD002671,CROP010,Black Gram (Urad),REG016,Maharashtra,2015,324.2,406.1,5.75,147.4,Sprinkler,2.44,1200.7
YLD002672,CROP010,Black Gram (Urad),REG016,Maharashtra,2016,318.5,549.3,6.84,307.9,Sprinkler,2.28,1400.7
YLD002673,CROP010,Black Gram (Urad),REG016,Maharashtra,2017,315.8,512.8,6.99,235.6,Sprinkler,4.04,1643.0
YLD002674,CROP010,Black Gram (Urad),REG016,Maharashtra,2018,319.9,340.9,7.51,264.8,Sprinkler,1.59,1696.3
YLD002675,CROP010,Black Gram (Urad),REG016,Maharashtra,2019,318.4,270.6,7.29,262.2,Drip,1.63,1646.6
YLD002676,CROP010,Black Gram (Urad),REG016,Maharashtra,2020,314.3,315.9,6.45,335.2,Drip,4.0,2090.1
YLD002677,CROP010,Black Gram (Urad),REG016,Maharashtra,2021,315.0,334.1,6.47,344.8,Sprinkler,2.76,1804.8
YLD002681,CROP010,Black Gram (Urad),REG017,Maharashtra,2015,314.3,488.0,6.15,307.4,Flood,2.64,1376.1
YLD002682,CROP010,Black Gram (Urad),REG017,Maharashtra,2016,319.7,431.2,7.33,338.8,Flood,1.49,1079.8
YLD002683,CROP010,Black Gram (Urad),REG017,Maharashtra,2017,313.9,240.2,5.81,230.0,Rainfed,3.57,1399.9
YLD002684,CROP010,Black Gram (Urad),REG017,Maharashtra,2018,315.7,469.6,6.29,322.9,Rainfed,1.28,1361.9
YLD002685,CROP010,Black Gram (Urad),REG017,Maharashtra,2019,311.2,50.0,6.81,308.5,Flood,0.71,469.8
YLD002686,CROP010,Black Gram (Urad),REG017,Maharashtra,2020,316.7,353.6,6.44,380.8,Rainfed,1.07,1791.3
YLD002687,CROP010,Black Gram (Urad),REG017,Maharashtra,2021,312.7,201.9,6.97,151.3,Drip,3.55,1613.7
YLD002691,CROP010,Black Gram (Urad),REG018,Maharashtra,2015,316.9,498.9,6.88,225.2,Flood,3.34,1495.7
YLD002692,CROP010,Black Gram (Urad),REG018,Maharashtra,2016,320.3,530.8,6.79,210.9,Sprinkler,4.43,1261.4
YLD002693,CROP010,Black Gram (Urad),REG018,Maharashtra,2017,316.3,456.7,6.26,228.6,Drip,2.67,1912.4
YLD002694,CROP010,Black Gram (Urad),REG018,Maharashtra,2018,317.7,271.7,7.48,287.4,Rainfed,0.62,1275.3
YLD002695,CROP010,Black Gram (Urad),REG018,Maharashtra,2019,312.7,378.7,6.45,256.6,Flood,0.67,1790.5
YLD002696,CROP010,Black Gram (Urad),REG018,Maharashtra,2020,317.9,219.6,6.61,175.4,Flood,0.95,1595.0
YLD002697,CROP010,Black Gram (Urad),REG018,Maharashtra,2021,320.0,340.8,6.25,158.9,Sprinkler,1.56,1973.6
YLD002701,CROP010,Black Gram (Urad),REG019,Gujarat,2015,318.7,361.5,5.92,257.0,Rainfed,1.99,1476.7
YLD002702,CROP010,Black Gram (Urad),REG019,Gujarat,2016,316.8,649.8,6.26,282.8,Sprinkler,3.36,1157.1
YLD002703,CROP010,Black Gram (Urad),REG019,Gujarat,2017,319.9,388.5,6.55,316.9,Rainfed,4.06,1261.2
YLD002704,CROP010,Black Gram (Urad),REG019,Gujarat,2018,315.2,352.1,6.11,257.3,Sprinkler,4.04,2195.0
YLD002705,CROP010,Black Gram (Urad),REG019,Gujarat,2019,316.4,251.9,6.43,269.1,Sprinkler,4.65,1654.1
YLD002706,CROP010,Black Gram (Urad),REG019,Gujarat,2020,321.0,274.0,6.68,280.0,Sprinkler,1.38,1377.6
YLD002707,CROP010,Black Gram (Urad),REG019,Gujarat,2021,312.9,207.1,6.3,262.9,Flood,1.37,1000.9
YLD002711,CROP010,Black Gram (Urad),REG020,Gujarat,2015,319.3,282.6,6.71,217.9,Rainfed,1.14,1241.4
YLD002712,CROP010,Black Gram (Urad),REG020,Gujarat,2016,310.0,471.3,5.55,313.2,Drip,1.78,1208.5
YLD002713,CROP010,Black Gram (Urad),REG020,Gujarat,2017,317.8,523.2,6.9,366.0,Rainfed,4.62,1026.2
YLD002714,CROP010,Black Gram (Urad),REG020,Gujarat,2018,320.1,430.7,6.51,155.2,Rainfed,2.93,912.9
YLD002715,CROP010,Black Gram (Urad),REG020,Gujarat,2019,316.3,460.9,6.55,307.0,Drip,0.72,2274.8
YLD002716,CROP010,Black Gram (Urad),REG020,Gujarat,2020,316.3,426.9,6.52,250.4,Flood,4.47,1716.4
YLD002717,CROP010,Black Gram (Urad),REG020,Gujarat,2021,315.6,127.1,6.74,283.3,Sprinkler,4.92,1271.6
YLD002721,CROP010,Black Gram (Urad),REG021,Rajasthan,2015,316.3,589.7,7.47,259.9,Drip,4.17,1339.3
YLD002722,CROP010,Black Gram (Urad),REG021,Rajasthan,2016,315.5,411.2,6.07,333.0,Sprinkler,4.11,2021.6
YLD002723,CROP010,Black Gram (Urad),REG021,Rajasthan,2017,320.6,512.5,6.57,280.2,Sprinkler,2.01,890.0
YLD002724,CROP010,Black Gram (Urad),REG021,Rajasthan,2018,313.4,344.3,7.42,345.2,Drip,3.47,2018.2
YLD002725,CROP010,Black Gram (Urad),REG021,Rajasthan,2019,315.9,466.4,7.03,199.7,Rainfed,1.37,1495.6
YLD002726,CROP010,Black Gram (Urad),REG021,Rajasthan,2020,315.0,544.9,6.42,301.6,Sprinkler,1.53,1427.2
YLD002727,CROP010,Black Gram (Urad),REG021,Rajasthan,2021,314.7,534.2,7.25,282.8,Flood,2.27,994.5
YLD002731,CROP010,Black Gram (Urad),REG022,Rajasthan,2015,316.7,242.6,6.24,163.1,Sprinkler,1.02,1806.3
YLD002732,CROP010,Black Gram (Urad),REG022,Rajasthan,2016,316.7,351.2,6.69,361.4,Drip,1.94,2112.3
YLD002733,CROP010,Black Gram (Urad),REG022,Rajasthan,2017,317.7,520.7,7.42,269.6,Rainfed,4.82,956.1
YLD002734,CROP010,Black Gram (Urad),REG022,Rajasthan,2018,321.8,446.8,6.3,227.9,Sprinkler,2.08,1197.9
YLD002735,CROP010,Black Gram (Urad),REG022,Rajasthan,2019,307.4,270.6,6.45,282.5,Drip,1.55,1369.0
YLD002736,CROP010,Black Gram (Urad),REG022,Rajasthan,2020,313.5,332.8,7.19,298.0,Flood,2.68,1610.7
YLD002737,CROP010,Black Gram (Urad),REG022,Rajasthan,2021,315.4,401.8,6.92,183.8,Drip,4.68,2199.3
YLD002741,CROP010,Black Gram (Urad),REG023,Karnataka,2015,312.9,528.2,7.18,189.3,Drip,4.83,1571.7
YLD002742,CROP010,Black Gram (Urad),REG023,Karnataka,2016,317.0,566.8,6.78,331.4,Drip,2.05,1434.7
YLD002743,CROP010,Black Gram (Urad),REG023,Karnataka,2017,318.3,465.5,7.24,414.2,Rainfed,0.52,1164.9
YLD002744,CROP010,Black Gram (Urad),REG023,Karnataka,2018,321.2,370.1,6.01,318.7,Sprinkler,2.74,1569.9
YLD002745,CROP010,Black Gram (Urad),REG023,Karnataka,2019,316.6,379.5,6.88,229.1,Drip,4.8,2652.1
YLD002746,CROP010,Black Gram (Urad),REG023,Karnataka,2020,320.0,498.5,6.51,322.1,Rainfed,1.72,832.4
YLD002747,CROP010,Black Gram (Urad),REG023,Karnataka,2021,320.2,338.6,6.5,379.5,Sprinkler,3.42,2091.2
YLD002751,CROP010,Black Gram (Urad),REG024,Karnataka,2015,315.0,361.0,6.16,155.6,Sprinkler,3.73,2081.2
YLD002752,CROP010,Black Gram (Urad),REG024,Karnataka,2016,313.0,317.9,6.61,322.2,Sprinkler,0.91,1942.8
YLD002753,CROP010,Black Gram (Urad),REG024,Karnataka,2017,318.1,160.1,6.44,129.9,Drip,0.65,1448.3
YLD002754,CROP010,Black Gram (Urad),REG024,Karnataka,2018,318.4,412.6,5.4,366.0,Flood,1.37,1555.7
YLD002755,CROP010,Black Gram (Urad),REG024,Karnataka,2019,317.4,451.9,7.12,265.1,Rainfed,4.51,1443.2
YLD002756,CROP010,Black Gram (Urad),REG024,Karnataka,2020,314.0,312.4,6.42,288.9,Drip,1.03,1833.8
YLD002757,CROP010,Black Gram (Urad),REG024,Karnataka,2021,320.9,643.8,7.13,199.1,Sprinkler,2.38,654.6
YLD002761,CROP010,Black Gram (Urad),REG025,Andhra Pradesh,2015,316.6,474.8,7.04,243.3,Drip,0.54,1734.3
YLD002762,CROP010,Black Gram (Urad),REG025,Andhra Pradesh,2016,321.1,357.2,6.9,287.0,Drip,4.92,1827.2
YLD002763,CROP010,Black Gram (Urad),REG025,Andhra Pradesh,2017,321.7,389.7,6.1,195.2,Rainfed,3.89,1319.8
YLD002764,CROP010,Black Gram (Urad),REG025,Andhra Pradesh,2018,313.5,354.8,6.17,216.2,Drip,1.85,2148.0
YLD002765,CROP010,Black Gram (Urad),REG025,Andhra Pradesh,2019,319.1,325.2,7.2,313.3,Drip,4.53,2153.9
YLD002766,CROP010,Black Gram (Urad),REG025,Andhra Pradesh,2020,316.1,289.4,7.5,282.2,Flood,3.4,2105.8
YLD002767,CROP010,Black Gram (Urad),REG025,Andhra Pradesh,2021,312.9,238.4,6.17,358.4,Drip,2.54,1774.7
YLD002771,CROP010,Black Gram (Urad),REG026,Andhra Pradesh,2015,325.4,435.5,7.07,231.7,Flood,3.54,780.7
YLD002772,CROP010,Black Gram (Urad),REG026,Andhra Pradesh,2016,312.0,401.4,7.1,307.6,Drip,2.36,1896.0
YLD002773,CROP010,Black Gram (Urad),REG026,Andhra Pradesh,2017,319.3,219.4,6.61,342.5,Rainfed,2.41,970.0
YLD002774,CROP010,Black Gram (Urad),REG026,Andhra Pradesh,2018,312.4,580.6,6.34,445.9,Sprinkler,3.11,1098.9
YLD002775,CROP010,Black Gram (Urad),REG026,Andhra Pradesh,2019,314.2,277.8,6.6,300.5,Flood,4.71,1829.6
YLD002776,CROP010,Black Gram (Urad),REG026,Andhra Pradesh,2020,316.0,453.3,7.35,263.9,Drip,4.26,1799.0
YLD002777,CROP010,Black Gram (Urad),REG026,Andhra Pradesh,2021,312.6,252.1,6.26,195.9,Drip,3.7,1627.0
YLD002781,CROP010,Black Gram (Urad),REG027,Tamil Nadu,2015,315.0,366.5,7.47,277.4,Rainfed,3.85,1716.7
YLD002782,CROP010,Black Gram (Urad),REG027,Tamil Nadu,2016,310.5,265.1,7.68,320.1,Flood,3.76,1036.3
YLD002783,CROP010,Black Gram (Urad),REG027,Tamil Nadu,2017,320.1,247.8,7.05,372.3,Flood,4.01,1130.6
YLD002784,CROP010,Black Gram (Urad),REG027,Tamil Nadu,2018,320.3,465.2,6.2,249.2,Rainfed,3.83,1094.4
YLD002785,CROP010,Black Gram (Urad),REG027,Tamil Nadu,2019,317.2,412.8,6.3,320.8,Flood,2.42,1824.4
YLD002786,CROP010,Black Gram (Urad),REG027,Tamil Nadu,2020,316.3,335.9,5.86,300.8,Rainfed,3.59,1803.2
YLD002787,CROP010,Black Gram (Urad),REG027,Tamil Nadu,2021,316.0,217.5,7.63,116.6,Drip,1.85,1661.8
YLD002791,CROP010,Black Gram (Urad),REG028,Tamil Nadu,2015,319.7,424.9,5.9,237.1,Rainfed,4.83,1050.5
YLD002792,CROP010,Black Gram (Urad),REG028,Tamil Nadu,2016,320.6,383.4,6.66,265.7,Rainfed,4.64,1443.1
YLD002793,CROP010,Black Gram (Urad),REG028,Tamil Nadu,2017,319.3,284.2,6.77,265.8,Sprinkler,1.69,1769.7
YLD002794,CROP010,Black Gram (Urad),REG028,Tamil Nadu,2018,316.5,346.0,5.96,326.6,Rainfed,2.09,1670.6
YLD002795,CROP010,Black Gram (Urad),REG028,Tamil Nadu,2019,312.8,542.3,7.37,417.6,Flood,1.28,1091.8
YLD002796,CROP010,Black Gram (Urad),REG028,Tamil Nadu,2020,318.8,456.4,6.48,333.3,Rainfed,4.24,1050.5
YLD002797,CROP010,Black Gram (Urad),REG028,Tamil Nadu,2021,318.6,344.8,5.91,221.6,Rainfed,3.26,1357.6
YLD002801,CROP011,Soybean,REG001,Punjab,2015,766.0,547.7,7.64,264.1,Rainfed,2.34,1853.1
YLD002802,CROP011,Soybean,REG001,Punjab,2016,765.9,461.5,6.95,304.6,Drip,4.99,2175.0
YLD002803,CROP011,Soybean,REG001,Punjab,2017,769.0,466.1,6.0,133.8,Sprinkler,2.39,1888.5
YLD002804,CROP011,Soybean,REG001,Punjab,2018,764.2,752.2,5.99,254.0,Flood,3.08,2518.0
YLD002805,CROP011,Soybean,REG001,Punjab,2019,769.7,544.5,7.47,216.5,Drip,4.39,2429.0
YLD002806,CROP011,Soybean,REG001,Punjab,2020,764.2,428.3,6.86,291.6,Rainfed,3.56,2256.1
YLD002807,CROP011,Soybean,REG001,Punjab,2021,766.6,866.1,6.9,416.8,Drip,4.73,2274.7
YLD002811,CROP011,Soybean,REG002,Punjab,2015,762.0,497.4,6.89,209.0,Drip,3.18,2706.2
YLD002812,CROP011,Soybean,REG002,Punjab,2016,760.9,892.5,6.14,221.3,Sprinkler,2.59,2115.9
YLD002813,CROP011,Soybean,REG002,Punjab,2017,766.3,659.8,6.61,234.2,Flood,4.17,3048.5
YLD002814,CROP011,Soybean,REG002,Punjab,2018,769.2,647.4,6.31,175.5,Drip,3.68,2339.1
YLD002815,CROP011,Soybean,REG002,Punjab,2019,766.9,496.8,6.57,304.3,Sprinkler,3.4,2681.8
YLD002816,CROP011,Soybean,REG002,Punjab,2020,766.2,632.7,6.78,212.1,Flood,4.71,2746.3
YLD002817,CROP011,Soybean,REG002,Punjab,2021,756.4,852.8,6.53,405.3,Drip,4.24,1775.9
YLD002821,CROP011,Soybean,REG003,Punjab,2015,762.9,499.9,6.32,253.5,Drip,4.71,3237.7
YLD002822,CROP011,Soybean,REG003,Punjab,2016,764.1,534.4,6.68,423.9,Flood,4.59,3083.4
YLD002823,CROP011,Soybean,REG003,Punjab,2017,762.8,591.1,7.46,218.9,Sprinkler,3.23,3079.6
YLD002824,CROP011,Soybean,REG003,Punjab,2018,764.2,495.2,6.28,301.2,Rainfed,1.74,2526.4
YLD002825,CROP011,Soybean,REG003,Punjab,2019,768.1,475.9,5.88,168.0,Sprinkler,3.41,2348.3
YLD002826,CROP011,Soybean,REG003,Punjab,2020,764.0,473.1,5.74,241.1,Drip,2.27,3069.9
YLD002827,CROP011,Soybean,REG003,Punjab,2021,761.4,510.8,5.65,283.7,Flood,2.37,2368.8
YLD002831,CROP011,Soybean,REG004,Haryana,2015,767.8,688.7,7.47,252.6,Sprinkler,2.74,2664.4
YLD002832,CROP011,Soybean,REG004,Haryana,2016,763.3,666.6,7.22,240.4,Drip,3.08,3359.9
YLD002833,CROP011,Soybean,REG004,Haryana,2017,765.0,401.3,6.52,366.8,Drip,3.77,3050.2
YLD002834,CROP011,Soybean,REG004,Haryana,2018,759.6,459.2,5.74,246.7,Sprinkler,3.63,2460.0
YLD002835,CROP011,Soybean,REG004,Haryana,2019,761.6,329.5,7.0,375.9,Flood,0.89,2353.1
YLD002836,CROP011,Soybean,REG004,Haryana,2020,768.9,775.4,7.15,246.8,Flood,4.79,1711.2
YLD002837,CROP011,Soybean,REG004,Haryana,2021,767.2,429.7,6.64,264.8,Rainfed,4.86,1606.9
YLD002841,CROP011,Soybean,REG005,Haryana,2015,767.1,761.4,6.81,262.3,Sprinkler,1.11,2202.3
YLD002842,CROP011,Soybean,REG005,Haryana,2016,761.2,466.4,7.62,330.9,Sprinkler,1.52,2462.5
YLD002843,CROP011,Soybean,REG005,Haryana,2017,763.0,508.8,6.87,312.2,Rainfed,1.29,2349.3
YLD002844,CROP011,Soybean,REG005,Haryana,2018,765.7,779.9,6.41,267.4,Flood,2.09,2179.4
YLD002845,CROP011,Soybean,REG005,Haryana,2019,762.8,193.7,7.29,333.5,Rainfed,0.6,1171.6
YLD002846,CROP011,Soybean,REG005,Haryana,2020,769.5,677.5,6.24,275.4,Flood,1.89,2009.0
YLD002847,CROP011,Soybean,REG005,Haryana,2021,762.2,864.5,6.95,256.2,Flood,4.0,1811.2
YLD002851,CROP011,Soybean,REG006,Uttar Pradesh,2015,762.0,761.8,6.27,271.3,Sprinkler,3.87,2301.7
YLD002852,CROP011,Soybean,REG006,Uttar Pradesh,2016,760.7,835.5,5.84,281.0,Flood,4.84,2180.7
YLD002853,CROP011,Soybean,REG006,Uttar Pradesh,2017,767.8,567.7,5.81,245.8,Rainfed,4.59,1813.1
YLD002854,CROP011,Soybean,REG006,Uttar Pradesh,2018,764.0,679.1,7.37,200.0,Sprinkler,3.91,3171.8
YLD002855,CROP011,Soybean,REG006,Uttar Pradesh,2019,762.8,591.0,7.5,311.8,Flood,3.34,2784.8
YLD002856,CROP011,Soybean,REG006,Uttar Pradesh,2020,761.0,891.9,6.75,376.9,Drip,0.62,1895.9
YLD002857,CROP011,Soybean,REG006,Uttar Pradesh,2021,762.1,677.4,6.35,344.2,Flood,0.95,2728.7
YLD002861,CROP011,Soybean,REG007,Uttar Pradesh,2015,764.0,472.7,6.48,304.0,Rainfed,3.92,2409.8
YLD002862,CROP011,Soybean,REG007,Uttar Pradesh,2016,760.6,663.1,6.57,429.2,Rainfed,2.47,1638.4
YLD002863,CROP011,Soybean,REG007,Uttar Pradesh,2017,760.2,725.4,6.95,352.1,Rainfed,1.9,1573.8
YLD002864,CROP011,Soybean,REG007,Uttar Pradesh,2018,764.4,542.3,6.81,283.4,Drip,4.29,2950.0
YLD002865,CROP011,Soybean,REG007,Uttar Pradesh,2019,768.9,817.6,6.31,306.0,Flood,2.59,1547.6
YLD002866,CROP011,Soybean,REG007,Uttar Pradesh,2020,761.1,496.5,6.93,276.5,Flood,4.2,2597.7
YLD002867,CROP011,Soybean,REG007,Uttar Pradesh,2021,762.5,611.6,6.81,223.6,Flood,1.72,2752.1
YLD002871,CROP011,Soybean,REG008,Uttar Pradesh,2015,766.2,473.6,6.21,358.4,Rainfed,1.32,2212.4
YLD002872,CROP011,Soybean,REG008,Uttar Pradesh,2016,758.7,1120.5,7.63,216.7,Flood,0.95,480.0
YLD002873,CROP011,Soybean,REG008,Uttar Pradesh,2017,766.7,961.3,6.82,350.8,Rainfed,1.75,1631.1
YLD002874,CROP011,Soybean,REG008,Uttar Pradesh,2018,764.6,388.1,6.69,367.8,Flood,2.76,2523.9
YLD002875,CROP011,Soybean,REG008,Uttar Pradesh,2019,763.2,514.7,7.59,329.2,Flood,4.63,2894.0
YLD002876,CROP011,Soybean,REG008,Uttar Pradesh,2020,761.4,315.7,6.15,221.7,Drip,1.33,2045.9
YLD002877,CROP011,Soybean,REG008,Uttar Pradesh,2021,758.1,709.8,6.8,336.1,Drip,2.53,2071.8
YLD002881,CROP011,Soybean,REG009,Bihar,2015,764.5,808.9,7.14,317.2,Rainfed,2.94,2183.7
YLD002882,CROP011,Soybean,REG009,Bihar,2016,763.8,574.6,6.48,361.4,Flood,3.66,3291.3
YLD002883,CROP011,Soybean,REG009,Bihar,2017,767.7,593.8,6.84,266.4,Rainfed,1.44,2160.8
YLD002884,CROP011,Soybean,REG009,Bihar,2018,760.8,668.6,5.51,332.8,Drip,3.61,2815.5
YLD002885,CROP011,Soybean,REG009,Bihar,2019,768.9,660.2,7.13,248.3,Drip,2.81,2389.4
YLD002886,CROP011,Soybean,REG009,Bihar,2020,753.9,610.4,7.3,226.2,Rainfed,2.09,1000.4
YLD002887,CROP011,Soybean,REG009,Bihar,2021,764.5,854.4,6.7,212.7,Flood,0.57,2316.6
YLD002891,CROP011,Soybean,REG010,Bihar,2015,764.6,527.4,6.38,275.3,Rainfed,3.15,2353.6
YLD002892,CROP011,Soybean,REG010,Bihar,2016,766.0,539.1,6.32,341.5,Sprinkler,4.63,2263.7
YLD002893,CROP011,Soybean,REG010,Bihar,2017,764.7,221.3,6.67,224.0,Drip,4.15,2481.3
YLD002894,CROP011,Soybean,REG010,Bihar,2018,766.7,167.6,6.52,378.6,Drip,0.94,2132.7
YLD002895,CROP011,Soybean,REG010,Bihar,2019,773.0,751.4,6.2,208.7,Flood,4.03,995.1
YLD002896,CROP011,Soybean,REG010,Bihar,2020,769.8,870.7,6.98,409.7,Drip,3.43,1717.3
YLD002897,CROP011,Soybean,REG010,Bihar,2021,763.9,721.0,6.97,223.0,Drip,1.37,2480.9
YLD002901,CROP011,Soybean,REG011,West Bengal,2015,769.4,594.6,6.63,325.0,Drip,4.98,2902.3
YLD002902,CROP011,Soybean,REG011,West Bengal,2016,766.8,399.6,6.63,313.6,Rainfed,3.09,2037.1
YLD002903,CROP011,Soybean,REG011,West Bengal,2017,773.3,477.6,5.33,217.9,Flood,1.26,1012.0
YLD002904,CROP011,Soybean,REG011,West Bengal,2018,765.3,769.9,7.47,347.8,Drip,1.24,2722.5
YLD002905,CROP011,Soybean,REG011,West Bengal,2019,757.7,530.1,5.82,313.5,Rainfed,4.27,1129.3
YLD002906,CROP011,Soybean,REG011,West Bengal,2020,768.7,707.9,6.24,306.6,Sprinkler,4.98,2418.7
YLD002907,CROP011,Soybean,REG011,West Bengal,2021,766.8,655.0,6.87,107.5,Sprinkler,0.63,2689.6
YLD002911,CROP011,Soybean,REG012,West Bengal,2015,765.0,879.9,7.41,239.5,Drip,4.46,2217.8
YLD002912,CROP011,Soybean,REG012,West Bengal,2016,758.0,751.5,6.02,331.2,Flood,2.58,1717.1
YLD002913,CROP011,Soybean,REG012,West Bengal,2017,760.8,304.7,6.28,363.8,Rainfed,2.42,1211.9
YLD002914,CROP011,Soybean,REG012,West Bengal,2018,771.2,789.8,6.71,310.1,Flood,4.76,1639.8
YLD002915,CROP011,Soybean,REG012,West Bengal,2019,765.1,314.5,5.92,177.5,Drip,1.03,2321.4
YLD002916,CROP011,Soybean,REG012,West Bengal,2020,759.9,702.2,7.06,347.0,Flood,1.23,2438.8
YLD002917,CROP011,Soybean,REG012,West Bengal,2021,763.5,691.0,7.32,293.5,Drip,4.65,3274.9
YLD002921,CROP011,Soybean,REG013,Madhya Pradesh,2015,766.5,546.2,6.42,326.2,Sprinkler,1.97,2964.3
YLD002922,CROP011,Soybean,REG013,Madhya Pradesh,2016,759.2,604.8,6.02,204.9,Sprinkler,4.33,2607.8
YLD002923,CROP011,Soybean,REG013,Madhya Pradesh,2017,764.5,693.5,6.06,379.9,Sprinkler,3.55,3351.5
YLD002924,CROP011,Soybean,REG013,Madhya Pradesh,2018,761.9,638.7,6.12,272.5,Flood,4.29,2854.7
YLD002925,CROP011,Soybean,REG013,Madhya Pradesh,2019,761.5,722.6,6.84,288.6,Rainfed,2.89,1608.6
YLD002926,CROP011,Soybean,REG013,Madhya Pradesh,2020,759.7,844.9,6.25,320.8,Flood,2.02,1937.4
YLD002927,CROP011,Soybean,REG013,Madhya Pradesh,2021,770.6,452.4,6.06,364.4,Drip,3.19,1812.0
YLD002931,CROP011,Soybean,REG014,Madhya Pradesh,2015,768.5,602.3,6.29,199.0,Sprinkler,2.04,2503.2
YLD002932,CROP011,Soybean,REG014,Madhya Pradesh,2016,764.1,657.3,6.42,264.6,Rainfed,1.05,2551.5
YLD002933,CROP011,Soybean,REG014,Madhya Pradesh,2017,761.6,582.6,7.16,304.2,Drip,2.22,2996.4
YLD002934,CROP011,Soybean,REG014,Madhya Pradesh,2018,763.6,957.5,6.12,401.5,Sprinkler,1.23,2359.2
YLD002935,CROP011,Soybean,REG014,Madhya Pradesh,2019,768.8,550.3,6.78,366.0,Rainfed,2.52,2131.6
YLD002936,CROP011,Soybean,REG014,Madhya Pradesh,2020,765.5,441.1,6.67,315.9,Sprinkler,0.63,2786.7
YLD002937,CROP011,Soybean,REG014,Madhya Pradesh,2021,770.8,521.3,7.23,368.2,Sprinkler,3.62,2120.4
YLD002941,CROP011,Soybean,REG015,Madhya Pradesh,2015,762.8,675.5,6.57,277.8,Flood,2.03,2741.8
YLD002942,CROP011,Soybean,REG015,Madhya Pradesh,2016,766.7,679.4,6.77,123.7,Rainfed,1.82,2107.2
YLD002943,CROP011,Soybean,REG015,Madhya Pradesh,2017,765.4,265.7,7.27,321.4,Sprinkler,1.86,2031.2
YLD002944,CROP011,Soybean,REG015,Madhya Pradesh,2018,755.0,773.2,6.72,284.2,Drip,1.56,1309.3
YLD002945,CROP011,Soybean,REG015,Madhya Pradesh,2019,765.6,664.9,6.94,231.6,Sprinkler,3.85,2855.4
YLD002946,CROP011,Soybean,REG015,Madhya Pradesh,2020,764.4,357.5,7.03,271.4,Drip,2.18,3122.0
YLD002947,CROP011,Soybean,REG015,Madhya Pradesh,2021,766.5,923.2,6.97,424.6,Flood,3.49,2238.3
YLD002951,CROP011,Soybean,REG016,Maharashtra,2015,760.0,654.4,5.7,240.5,Flood,1.84,1877.3
YLD002952,CROP011,Soybean,REG016,Maharashtra,2016,762.0,749.7,6.14,281.6,Sprinkler,0.51,2486.0
YLD002953,CROP011,Soybean,REG016,Maharashtra,2017,764.7,486.7,6.39,342.2,Sprinkler,3.03,3003.1
YLD002954,CROP011,Soybean,REG016,Maharashtra,2018,757.7,838.0,6.48,352.1,Sprinkler,4.4,1795.0
YLD002955,CROP011,Soybean,REG016,Maharashtra,2019,764.1,835.1,6.48,272.6,Sprinkler,1.26,2846.8
YLD002956,CROP011,Soybean,REG016,Maharashtra,2020,758.9,699.7,6.45,370.8,Drip,4.81,2768.0
YLD002957,CROP011,Soybean,REG016,Maharashtra,2021,762.7,692.3,6.01,278.7,Flood,1.8,2785.9
YLD002961,CROP011,Soybean,REG017,Maharashtra,2015,761.6,214.5,7.04,336.5,Drip,2.57,1622.9
YLD002962,CROP011,Soybean,REG017,Maharashtra,2016,769.5,612.3,6.31,286.0,Drip,2.9,3168.4
YLD002963,CROP011,Soybean,REG017,Maharashtra,2017,771.0,499.0,6.54,216.3,Drip,4.49,1757.3
YLD002964,CROP011,Soybean,REG017,Maharashtra,2018,761.2,528.2,6.72,286.3,Drip,1.6,2470.9
YLD002965,CROP011,Soybean,REG017,Maharashtra,2019,767.4,428.6,6.1,269.4,Drip,2.59,2178.4
YLD002966,CROP011,Soybean,REG017,Maharashtra,2020,757.3,339.2,6.33,290.1,Flood,0.61,1204.4
YLD002967,CROP011,Soybean,REG017,Maharashtra,2021,760.2,434.7,6.55,236.5,Rainfed,2.15,1409.0
YLD002971,CROP011,Soybean,REG018,Maharashtra,2015,769.7,611.7,6.44,282.3,Flood,4.99,2315.2
YLD002972,CROP011,Soybean,REG018,Maharashtra,2016,768.4,528.4,6.95,343.5,Rainfed,4.43,2031.0
YLD002973,CROP011,Soybean,REG018,Maharashtra,2017,765.2,672.2,7.23,312.8,Drip,1.44,3661.7
YLD002974,CROP011,Soybean,REG018,Maharashtra,2018,768.0,598.7,6.55,244.1,Sprinkler,2.0,2928.7
YLD002975,CROP011,Soybean,REG018,Maharashtra,2019,764.5,1084.7,6.86,310.7,Sprinkler,0.58,1898.2
YLD002976,CROP011,Soybean,REG018,Maharashtra,2020,767.7,593.7,6.46,280.6,Drip,1.73,2653.6
YLD002977,CROP011,Soybean,REG018,Maharashtra,2021,760.5,726.6,6.39,350.5,Sprinkler,4.56,2557.9
YLD002981,CROP011,Soybean,REG019,Gujarat,2015,765.7,538.4,6.89,256.2,Sprinkler,1.7,2947.5
YLD002982,CROP011,Soybean,REG019,Gujarat,2016,767.5,559.3,5.99,180.6,Sprinkler,4.69,2623.5
YLD002983,CROP011,Soybean,REG019,Gujarat,2017,768.1,690.0,6.86,252.6,Drip,1.88,2417.4
YLD002984,CROP011,Soybean,REG019,Gujarat,2018,764.1,967.4,6.72,318.5,Flood,3.82,1647.2
YLD002985,CROP011,Soybean,REG019,Gujarat,2019,764.4,635.5,7.98,236.9,Flood,0.78,3016.2
YLD002986,CROP011,Soybean,REG019,Gujarat,2020,767.3,683.5,6.32,309.9,Rainfed,2.95,2134.6
YLD002987,CROP011,Soybean,REG019,Gujarat,2021,768.5,774.8,6.84,205.3,Rainfed,4.07,1839.3
YLD002991,CROP011,Soybean,REG020,Gujarat,2015,763.9,509.3,6.07,255.6,Flood,2.25,2682.1
YLD002992,CROP011,Soybean,REG020,Gujarat,2016,759.9,351.4,7.55,308.8,Flood,4.51,1462.9
YLD002993,CROP011,Soybean,REG020,Gujarat,2017,763.3,580.0,7.25,324.6,Flood,4.9,2848.7
YLD002994,CROP011,Soybean,REG020,Gujarat,2018,763.1,643.4,6.52,304.2,Flood,1.06,2605.3
YLD002995,CROP011,Soybean,REG020,Gujarat,2019,762.8,602.1,6.91,233.1,Flood,4.49,2868.3
YLD002996,CROP011,Soybean,REG020,Gujarat,2020,760.1,541.3,6.7,330.7,Flood,3.16,2268.4
YLD002997,CROP011,Soybean,REG020,Gujarat,2021,759.7,771.9,6.54,295.9,Rainfed,3.83,1860.7
YLD003001,CROP011,Soybean,REG021,Rajasthan,2015,765.9,516.4,7.19,322.0,Sprinkler,0.73,2981.0
YLD003002,CROP011,Soybean,REG021,Rajasthan,2016,764.0,585.5,6.26,294.4,Rainfed,3.4,3028.8
YLD003003,CROP011,Soybean,REG021,Rajasthan,2017,763.2,1051.4,7.06,230.1,Flood,0.53,1207.5
YLD003004,CROP011,Soybean,REG021,Rajasthan,2018,765.9,490.2,7.37,224.1,Flood,2.76,2430.5
YLD003005,CROP011,Soybean,REG021,Rajasthan,2019,762.5,762.5,6.55,334.4,Drip,1.37,3094.0
YLD003006,CROP011,Soybean,REG021,Rajasthan,2020,763.5,566.4,6.34,379.9,Sprinkler,4.1,3269.0
YLD003007,CROP011,Soybean,REG021,Rajasthan,2021,769.5,499.1,5.98,286.1,Rainfed,0.85,1092.7
YLD003011,CROP011,Soybean,REG022,Rajasthan,2015,768.1,407.5,6.93,218.2,Drip,2.73,1666.0
YLD003012,CROP011,Soybean,REG022,Rajasthan,2016,766.9,777.2,6.57,358.1,Rainfed,3.88,1240.5
YLD003013,CROP011,Soybean,REG022,Rajasthan,2017,768.0,352.4,6.31,319.2,Sprinkler,4.34,2012.8
YLD003014,CROP011,Soybean,REG022,Rajasthan,2018,768.6,617.6,6.51,325.1,Rainfed,2.2,2084.7
YLD003015,CROP011,Soybean,REG022,Rajasthan,2019,764.2,558.6,6.51,284.9,Flood,2.99,2897.5
YLD003016,CROP011,Soybean,REG022,Rajasthan,2020,766.9,694.4,6.39,269.3,Drip,1.05,3185.0
YLD003017,CROP011,Soybean,REG022,Rajasthan,2021,761.5,767.5,6.5,205.0,Flood,3.67,2167.1
YLD003021,CROP011,Soybean,REG023,Karnataka,2015,772.6,586.9,6.4,278.4,Flood,2.85,1979.1
YLD003022,CROP011,Soybean,REG023,Karnataka,2016,765.7,691.9,6.48,249.4,Sprinkler,2.19,2767.5
YLD003023,CROP011,Soybean,REG023,Karnataka,2017,761.1,450.4,6.47,142.9,Flood,0.84,2229.6
YLD003024,CROP011,Soybean,REG023,Karnataka,2018,759.1,680.9,6.27,228.1,Flood,3.74,1860.9
YLD003025,CROP011,Soybean,REG023,Karnataka,2019,762.8,665.9,6.96,300.7,Rainfed,2.22,1934.9
YLD003026,CROP011,Soybean,REG023,Karnataka,2020,768.7,386.9,5.95,188.5,Drip,4.23,2023.9
YLD003027,CROP011,Soybean,REG023,Karnataka,2021,760.2,882.9,5.96,189.7,Flood,2.68,1441.5
YLD003031,CROP011,Soybean,REG024,Karnataka,2015,764.1,453.8,6.44,230.8,Flood,3.9,2517.4
YLD003032,CROP011,Soybean,REG024,Karnataka,2016,766.8,755.6,7.42,302.1,Sprinkler,4.51,2378.4
YLD003033,CROP011,Soybean,REG024,Karnataka,2017,762.5,631.2,7.34,110.9,Rainfed,4.39,2463.2
YLD003034,CROP011,Soybean,REG024,Karnataka,2018,762.9,464.7,7.13,196.4,Sprinkler,4.08,2727.6
YLD003035,CROP011,Soybean,REG024,Karnataka,2019,758.1,690.0,6.71,344.5,Drip,4.34,2035.4
YLD003036,CROP011,Soybean,REG024,Karnataka,2020,759.7,573.9,7.36,319.2,Sprinkler,4.66,2643.1
YLD003037,CROP011,Soybean,REG024,Karnataka,2021,765.2,833.9,7.49,252.1,Drip,2.65,2030.8
YLD003041,CROP011,Soybean,REG025,Andhra Pradesh,2015,763.9,740.7,6.06,232.8,Drip,3.26,2836.7
YLD003042,CROP011,Soybean,REG025,Andhra Pradesh,2016,766.9,425.9,6.9,313.0,Rainfed,2.75,2147.6
YLD003043,CROP011,Soybean,REG025,Andhra Pradesh,2017,761.5,468.2,5.91,259.8,Sprinkler,4.52,2355.2
YLD003044,CROP011,Soybean,REG025,Andhra Pradesh,2018,759.3,331.1,6.76,147.7,Rainfed,2.78,1018.8
YLD003045,CROP011,Soybean,REG025,Andhra Pradesh,2019,766.4,874.3,7.56,198.9,Drip,2.56,2392.2
YLD003046,CROP011,Soybean,REG025,Andhra Pradesh,2020,766.1,557.0,6.26,269.2,Rainfed,4.58,2225.5
YLD003047,CROP011,Soybean,REG025,Andhra Pradesh,2021,761.9,681.0,6.43,225.9,Rainfed,0.67,2390.7
YLD003051,CROP011,Soybean,REG026,Andhra Pradesh,2015,764.5,674.9,7.0,289.9,Rainfed,2.19,2281.1
YLD003052,CROP011,Soybean,REG026,Andhra Pradesh,2016,761.3,581.1,6.96,253.6,Drip,1.08,2820.4
YLD003053,CROP011,Soybean,REG026,Andhra Pradesh,2017,764.0,403.3,6.63,286.9,Flood,4.74,2447.5
YLD003054,CROP011,Soybean,REG026,Andhra Pradesh,2018,765.2,502.8,6.58,270.5,Sprinkler,1.04,2359.7
YLD003055,CROP011,Soybean,REG026,Andhra Pradesh,2019,765.9,570.9,6.63,330.2,Flood,4.8,2960.5
YLD003056,CROP011,Soybean,REG026,Andhra Pradesh,2020,763.4,651.9,6.42,322.0,Flood,4.56,2767.9
YLD003057,CROP011,Soybean,REG026,Andhra Pradesh,2021,760.1,634.1,6.44,277.2,Rainfed,1.37,1917.5
YLD003061,CROP011,Soybean,REG027,Tamil Nadu,2015,766.1,197.9,7.04,318.2,Drip,3.8,1867.3
YLD003062,CROP011,Soybean,REG027,Tamil Nadu,2016,761.7,448.0,6.71,277.1,Flood,1.04,2501.5
YLD003063,CROP011,Soybean,REG027,Tamil Nadu,2017,765.3,1088.3,6.49,301.8,Rainfed,2.1,922.2
YLD003064,CROP011,Soybean,REG027,Tamil Nadu,2018,755.6,107.1,6.93,235.9,Flood,0.85,480.0
YLD003065,CROP011,Soybean,REG027,Tamil Nadu,2019,762.7,610.3,6.78,145.1,Flood,4.01,3297.1
YLD003066,CROP011,Soybean,REG027,Tamil Nadu,2020,761.7,819.3,7.3,270.8,Sprinkler,3.87,1796.0
YLD003067,CROP011,Soybean,REG027,Tamil Nadu,2021,758.7,844.1,6.99,405.0,Rainfed,0.74,1147.9
YLD003071,CROP011,Soybean,REG028,Tamil Nadu,2015,768.3,582.7,6.13,228.5,Flood,0.78,2232.9
YLD003072,CROP011,Soybean,REG028,Tamil Nadu,2016,769.1,351.1,6.6,326.1,Sprinkler,1.28,1566.0
YLD003073,CROP011,Soybean,REG028,Tamil Nadu,2017,770.7,487.3,7.65,199.4,Sprinkler,3.43,1649.8
YLD003074,CROP011,Soybean,REG028,Tamil Nadu,2018,757.8,936.6,6.67,329.0,Flood,4.63,724.4
YLD003075,CROP011,Soybean,REG028,Tamil Nadu,2019,767.9,534.0,5.94,287.8,Sprinkler,1.79,2520.0
YLD003076,CROP011,Soybean,REG028,Tamil Nadu,2020,772.2,619.7,6.54,309.2,Sprinkler,4.13,1668.7
YLD003077,CROP011,Soybean,REG028,Tamil Nadu,2021,762.3,764.3,5.88,359.9,Rainfed,1.44,1512.0
YLD003081,CROP012,Groundnut,REG001,Punjab,2015,963.4,460.6,6.6,373.6,Rainfed,3.74,3228.0
YLD003082,CROP012,Groundnut,REG001,Punjab,2016,968.6,488.4,6.29,262.6,Rainfed,2.0,2540.6
YLD003083,CROP012,Groundnut,REG001,Punjab,2017,972.3,639.1,6.42,244.0,Flood,1.12,2466.2
YLD003084,CROP012,Groundnut,REG001,Punjab,2018,961.2,449.1,6.22,339.8,Rainfed,1.64,2409.6
YLD003085,CROP012,Groundnut,REG001,Punjab,2019,964.3,464.5,6.43,263.2,Rainfed,4.62,2983.0
YLD003086,CROP012,Groundnut,REG001,Punjab,2020,970.5,580.6,7.15,185.4,Drip,1.86,3411.5
YLD003087,CROP012,Groundnut,REG001,Punjab,2021,959.0,312.7,5.87,297.3,Flood,4.94,1747.6
YLD003091,CROP012,Groundnut,REG002,Punjab,2015,958.0,561.6,6.53,377.2,Rainfed,2.21,2125.4
YLD003092,CROP012,Groundnut,REG002,Punjab,2016,967.1,562.1,7.2,319.2,Flood,3.16,3542.4
YLD003093,CROP012,Groundnut,REG002,Punjab,2017,966.3,449.3,6.24,266.9,Drip,2.53,3861.6
YLD003094,CROP012,Groundnut,REG002,Punjab,2018,973.6,455.8,6.33,248.2,Rainfed,0.59,1348.3
YLD003095,CROP012,Groundnut,REG002,Punjab,2019,972.1,650.1,7.09,286.0,Flood,2.96,1771.7
YLD003096,CROP012,Groundnut,REG002,Punjab,2020,965.2,962.6,7.13,269.3,Sprinkler,3.26,2505.3
YLD003097,CROP012,Groundnut,REG002,Punjab,2021,964.4,387.6,7.01,361.9,Sprinkler,2.81,2905.1
YLD003101,CROP012,Groundnut,REG003,Punjab,2015,967.7,772.3,6.71,284.6,Rainfed,4.36,1985.2
YLD003102,CROP012,Groundnut,REG003,Punjab,2016,963.0,541.5,6.62,357.3,Rainfed,4.98,3243.4
YLD003103,CROP012,Groundnut,REG003,Punjab,2017,963.2,609.7,6.95,317.2,Rainfed,1.54,2238.5
YLD003104,CROP012,Groundnut,REG003,Punjab,2018,966.4,527.5,6.98,224.6,Sprinkler,1.97,4300.3
YLD003105,CROP012,Groundnut,REG003,Punjab,2019,970.5,857.2,6.94,254.2,Drip,4.97,1459.3
YLD003106,CROP012,Groundnut,REG003,Punjab,2020,962.0,105.7,7.27,281.0,Flood,2.09,1131.3
YLD003107,CROP012,Groundnut,REG003,Punjab,2021,965.7,745.7,6.58,223.2,Drip,1.16,3238.8
YLD003111,CROP012,Groundnut,REG004,Haryana,2015,967.2,739.1,7.47,341.0,Rainfed,2.73,2434.9
YLD003112,CROP012,Groundnut,REG004,Haryana,2016,963.0,476.9,6.81,299.6,Sprinkler,1.76,3879.5
YLD003113,CROP012,Groundnut,REG004,Haryana,2017,968.6,718.6,7.52,214.8,Sprinkler,1.46,2229.4
YLD003114,CROP012,Groundnut,REG004,Haryana,2018,961.1,643.4,7.6,254.3,Drip,1.84,3078.9
YLD003115,CROP012,Groundnut,REG004,Haryana,2019,965.8,504.0,6.08,376.7,Drip,1.86,3685.5
YLD003116,CROP012,Groundnut,REG004,Haryana,2020,966.7,534.3,6.17,283.4,Flood,2.53,3564.8
YLD003117,CROP012,Groundnut,REG004,Haryana,2021,971.0,679.3,6.75,256.4,Rainfed,2.45,1270.4
YLD003121,CROP012,Groundnut,REG005,Haryana,2015,974.5,479.2,6.53,386.2,Drip,1.33,2937.2
YLD003122,CROP012,Groundnut,REG005,Haryana,2016,961.5,703.0,5.8,345.3,Drip,1.03,3438.6
YLD003123,CROP012,Groundnut,REG005,Haryana,2017,970.7,680.5,6.43,181.7,Sprinkler,2.78,2280.1
YLD003124,CROP012,Groundnut,REG005,Haryana,2018,969.0,340.1,7.68,346.9,Sprinkler,2.21,2218.7
YLD003125,CROP012,Groundnut,REG005,Haryana,2019,968.6,710.0,6.56,189.7,Drip,4.97,3337.1
YLD003126,CROP012,Groundnut,REG005,Haryana,2020,960.6,640.8,6.71,314.1,Drip,0.56,2923.7
YLD003127,CROP012,Groundnut,REG005,Haryana,2021,962.9,512.4,7.44,336.4,Flood,2.78,3063.4
YLD003131,CROP012,Groundnut,REG006,Uttar Pradesh,2015,968.4,614.4,6.23,286.4,Drip,0.88,3106.5
YLD003132,CROP012,Groundnut,REG006,Uttar Pradesh,2016,964.3,657.9,6.76,191.7,Sprinkler,4.41,3836.3
YLD003133,CROP012,Groundnut,REG006,Uttar Pradesh,2017,967.0,456.1,6.44,161.5,Sprinkler,0.56,3712.1
YLD003134,CROP012,Groundnut,REG006,Uttar Pradesh,2018,970.1,675.3,7.4,172.6,Rainfed,4.3,1307.0
YLD003135,CROP012,Groundnut,REG006,Uttar Pradesh,2019,958.5,620.3,7.58,249.7,Rainfed,2.15,1450.7
YLD003136,CROP012,Groundnut,REG006,Uttar Pradesh,2020,963.0,699.6,7.64,210.5,Drip,2.12,3143.4
YLD003137,CROP012,Groundnut,REG006,Uttar Pradesh,2021,966.7,271.0,7.15,322.0,Rainfed,4.33,1476.3
YLD003141,CROP012,Groundnut,REG007,Uttar Pradesh,2015,960.5,425.5,6.44,372.7,Rainfed,3.11,1797.3
YLD003142,CROP012,Groundnut,REG007,Uttar Pradesh,2016,959.9,427.0,7.26,255.2,Sprinkler,3.97,2712.9
YLD003143,CROP012,Groundnut,REG007,Uttar Pradesh,2017,958.9,406.6,6.28,381.6,Rainfed,4.53,1506.6
YLD003144,CROP012,Groundnut,REG007,Uttar Pradesh,2018,968.8,579.1,6.34,218.1,Rainfed,4.73,2991.5
YLD003145,CROP012,Groundnut,REG007,Uttar Pradesh,2019,965.5,270.2,6.78,294.7,Drip,4.04,2768.4
YLD003146,CROP012,Groundnut,REG007,Uttar Pradesh,2020,967.0,544.7,6.54,299.3,Sprinkler,4.23,4076.6
YLD003147,CROP012,Groundnut,REG007,Uttar Pradesh,2021,968.1,812.3,7.14,216.8,Sprinkler,2.44,2164.4
YLD003151,CROP012,Groundnut,REG008,Uttar Pradesh,2015,967.4,533.5,6.75,252.4,Rainfed,4.38,3177.1
YLD003152,CROP012,Groundnut,REG008,Uttar Pradesh,2016,965.6,604.8,6.65,361.0,Flood,3.32,3280.0
YLD003153,CROP012,Groundnut,REG008,Uttar Pradesh,2017,966.1,773.4,6.75,321.5,Sprinkler,1.21,3140.4
YLD003154,CROP012,Groundnut,REG008,Uttar Pradesh,2018,970.5,500.9,7.18,288.3,Flood,2.91,2608.3
YLD003155,CROP012,Groundnut,REG008,Uttar Pradesh,2019,964.2,533.9,6.1,232.6,Flood,4.46,3552.8
YLD003156,CROP012,Groundnut,REG008,Uttar Pradesh,2020,968.6,744.5,6.29,208.3,Flood,0.62,2458.9
YLD003157,CROP012,Groundnut,REG008,Uttar Pradesh,2021,960.2,483.9,7.48,291.5,Sprinkler,1.43,2568.0
YLD003161,CROP012,Groundnut,REG009,Bihar,2015,962.7,550.3,6.68,213.2,Sprinkler,1.46,3666.2
YLD003162,CROP012,Groundnut,REG009,Bihar,2016,968.2,509.1,6.26,306.5,Rainfed,1.36,3311.0
YLD003163,CROP012,Groundnut,REG009,Bihar,2017,966.3,412.4,6.31,192.9,Rainfed,1.71,2343.3
YLD003164,CROP012,Groundnut,REG009,Bihar,2018,960.9,627.6,6.63,323.5,Sprinkler,2.15,3219.0
YLD003165,CROP012,Groundnut,REG009,Bihar,2019,967.3,738.0,5.9,245.9,Drip,1.37,3136.5
YLD003166,CROP012,Groundnut,REG009,Bihar,2020,958.1,644.3,6.79,175.0,Drip,3.7,2545.6
YLD003167,CROP012,Groundnut,REG009,Bihar,2021,958.7,602.9,6.62,178.0,Rainfed,4.57,2208.9
YLD003171,CROP012,Groundnut,REG010,Bihar,2015,965.6,492.2,7.16,348.2,Rainfed,3.03,2730.3
YLD003172,CROP012,Groundnut,REG010,Bihar,2016,966.9,681.6,7.18,220.9,Flood,4.28,2839.9
YLD003173,CROP012,Groundnut,REG010,Bihar,2017,968.3,554.0,6.6,344.8,Flood,4.79,3190.3
YLD003174,CROP012,Groundnut,REG010,Bihar,2018,970.4,439.3,5.71,333.6,Rainfed,4.51,1547.3
YLD003175,CROP012,Groundnut,REG010,Bihar,2019,969.1,793.4,6.99,205.7,Rainfed,3.08,1082.2
YLD003176,CROP012,Groundnut,REG010,Bihar,2020,965.2,482.6,6.98,303.7,Sprinkler,4.25,4050.4
YLD003177,CROP012,Groundnut,REG010,Bihar,2021,966.6,665.3,6.25,246.2,Rainfed,1.7,2969.5
YLD003181,CROP012,Groundnut,REG011,West Bengal,2015,971.2,1002.7,6.65,257.7,Sprinkler,2.56,600.0
YLD003182,CROP012,Groundnut,REG011,West Bengal,2016,970.1,301.2,6.68,257.5,Drip,3.43,2436.6
YLD003183,CROP012,Groundnut,REG011,West Bengal,2017,963.9,511.8,6.89,347.6,Drip,3.5,4071.3
YLD003184,CROP012,Groundnut,REG011,West Bengal,2018,961.9,394.2,6.7,258.8,Rainfed,1.53,1904.3
YLD003185,CROP012,Groundnut,REG011,West Bengal,2019,969.9,581.4,6.98,224.5,Drip,4.03,3073.5
YLD003186,CROP012,Groundnut,REG011,West Bengal,2020,961.6,503.3,6.94,353.6,Rainfed,4.59,2667.2
YLD003187,CROP012,Groundnut,REG011,West Bengal,2021,965.8,717.5,7.41,347.4,Rainfed,4.04,2286.1
YLD003191,CROP012,Groundnut,REG012,West Bengal,2015,960.9,636.6,8.04,339.5,Flood,2.53,2550.4
YLD003192,CROP012,Groundnut,REG012,West Bengal,2016,959.4,739.8,6.63,408.4,Rainfed,0.68,1846.7
YLD003193,CROP012,Groundnut,REG012,West Bengal,2017,963.6,759.1,6.64,309.4,Flood,3.58,3588.2
YLD003194,CROP012,Groundnut,REG012,West Bengal,2018,966.5,917.9,6.43,277.6,Flood,3.45,1479.0
YLD003195,CROP012,Groundnut,REG012,West Bengal,2019,966.4,592.7,6.14,252.2,Flood,4.33,3268.7
YLD003196,CROP012,Groundnut,REG012,West Bengal,2020,968.2,766.7,7.05,254.2,Rainfed,2.33,2050.0
YLD003197,CROP012,Groundnut,REG012,West Bengal,2021,965.7,380.6,6.41,335.9,Rainfed,1.99,2612.5
YLD003201,CROP012,Groundnut,REG013,Madhya Pradesh,2015,964.0,450.4,7.08,348.0,Rainfed,4.49,2242.8
YLD003202,CROP012,Groundnut,REG013,Madhya Pradesh,2016,964.7,312.0,7.58,210.3,Rainfed,1.36,1899.4
YLD003203,CROP012,Groundnut,REG013,Madhya Pradesh,2017,956.1,497.4,6.11,341.1,Rainfed,3.61,1871.9
YLD003204,CROP012,Groundnut,REG013,Madhya Pradesh,2018,970.8,562.9,7.0,181.4,Rainfed,3.9,1662.0
YLD003205,CROP012,Groundnut,REG013,Madhya Pradesh,2019,967.8,429.0,6.21,317.2,Flood,0.71,3708.3
YLD003206,CROP012,Groundnut,REG013,Madhya Pradesh,2020,963.5,354.5,6.41,277.8,Drip,0.67,3018.1
YLD003207,CROP012,Groundnut,REG013,Madhya Pradesh,2021,963.6,405.4,6.24,256.0,Flood,0.58,3468.8
YLD003211,CROP012,Groundnut,REG014,Madhya Pradesh,2015,969.4,347.2,7.06,240.9,Rainfed,4.33,2095.5
YLD003212,CROP012,Groundnut,REG014,Madhya Pradesh,2016,966.5,522.9,6.54,303.6,Rainfed,1.9,2613.2
YLD003213,CROP012,Groundnut,REG014,Madhya Pradesh,2017,964.6,580.1,7.99,161.3,Drip,1.86,3537.7
YLD003214,CROP012,Groundnut,REG014,Madhya Pradesh,2018,969.9,568.2,7.02,350.8,Rainfed,2.14,2188.0
YLD003215,CROP012,Groundnut,REG014,Madhya Pradesh,2019,962.1,559.6,6.51,241.9,Flood,3.92,3148.2
YLD003216,CROP012,Groundnut,REG014,Madhya Pradesh,2020,959.4,704.6,6.9,272.2,Flood,4.7,2528.1
YLD003217,CROP012,Groundnut,REG014,Madhya Pradesh,2021,966.9,518.5,6.17,278.9,Flood,0.56,3014.6
YLD003221,CROP012,Groundnut,REG015,Madhya Pradesh,2015,970.8,670.1,6.35,360.2,Flood,3.96,1748.6
YLD003222,CROP012,Groundnut,REG015,Madhya Pradesh,2016,965.7,201.1,7.12,244.5,Rainfed,2.71,1814.7
YLD003223,CROP012,Groundnut,REG015,Madhya Pradesh,2017,969.9,530.7,6.12,243.2,Flood,4.5,2991.0
YLD003224,CROP012,Groundnut,REG015,Madhya Pradesh,2018,964.7,374.7,6.83,306.6,Sprinkler,4.36,3616.9
YLD003225,CROP012,Groundnut,REG015,Madhya Pradesh,2019,965.3,595.0,7.18,261.4,Sprinkler,3.21,4053.7
YLD003226,CROP012,Groundnut,REG015,Madhya Pradesh,2020,964.9,455.1,5.99,361.1,Flood,4.07,3711.2
YLD003227,CROP012,Groundnut,REG015,Madhya Pradesh,2021,968.1,704.3,7.0,257.5,Drip,3.83,3023.4
YLD003231,CROP012,Groundnut,REG016,Maharashtra,2015,967.4,394.3,6.52,201.5,Drip,3.17,3097.7
YLD003232,CROP012,Groundnut,REG016,Maharashtra,2016,960.7,759.3,6.03,333.3,Drip,1.66,2692.7
YLD003233,CROP012,Groundnut,REG016,Maharashtra,2017,966.0,670.1,6.68,227.1,Sprinkler,4.42,3488.1
YLD003234,CROP012,Groundnut,REG016,Maharashtra,2018,965.2,1024.0,6.7,296.3,Flood,4.74,1896.0
YLD003235,CROP012,Groundnut,REG016,Maharashtra,2019,956.7,136.2,7.04,262.5,Drip,1.47,600.0
YLD003236,CROP012,Groundnut,REG016,Maharashtra,2020,965.3,456.7,7.32,371.9,Drip,1.96,3889.2
YLD003237,CROP012,Groundnut,REG016,Maharashtra,2021,962.4,603.9,7.02,166.9,Rainfed,1.03,2208.3
YLD003241,CROP012,Groundnut,REG017,Maharashtra,2015,955.8,246.2,6.08,344.0,Flood,1.19,600.0
YLD003242,CROP012,Groundnut,REG017,Maharashtra,2016,971.3,351.0,6.86,264.5,Sprinkler,3.77,2014.7
YLD003243,CROP012,Groundnut,REG017,Maharashtra,2017,966.6,497.7,6.13,294.5,Flood,1.34,3466.3
YLD003244,CROP012,Groundnut,REG017,Maharashtra,2018,965.0,431.6,6.33,240.6,Drip,2.72,4085.5
YLD003245,CROP012,Groundnut,REG017,Maharashtra,2019,963.9,627.1,6.81,251.5,Flood,3.07,3496.6
YLD003246,CROP012,Groundnut,REG017,Maharashtra,2020,969.2,606.3,7.1,321.1,Rainfed,2.23,2342.7
YLD003247,CROP012,Groundnut,REG017,Maharashtra,2021,965.4,641.1,7.0,293.6,Rainfed,3.27,2940.2
YLD003251,CROP012,Groundnut,REG018,Maharashtra,2015,959.5,628.7,6.51,228.3,Flood,3.38,2774.5
YLD003252,CROP012,Groundnut,REG018,Maharashtra,2016,961.4,563.0,6.21,249.3,Sprinkler,1.07,3624.6
YLD003253,CROP012,Groundnut,REG018,Maharashtra,2017,959.8,641.7,6.71,248.8,Flood,4.3,2541.3
YLD003254,CROP012,Groundnut,REG018,Maharashtra,2018,972.7,661.9,6.7,238.0,Drip,1.48,2069.2
YLD003255,CROP012,Groundnut,REG018,Maharashtra,2019,960.5,657.1,6.48,336.2,Sprinkler,1.53,3167.5
YLD003256,CROP012,Groundnut,REG018,Maharashtra,2020,966.7,560.6,7.11,308.7,Rainfed,1.36,3056.9
YLD003257,CROP012,Groundnut,REG018,Maharashtra,2021,961.6,343.7,6.27,343.6,Sprinkler,3.83,3286.6
YLD003261,CROP012,Groundnut,REG019,Gujarat,2015,967.7,499.7,7.03,231.6,Drip,4.05,3590.0
YLD003262,CROP012,Groundnut,REG019,Gujarat,2016,964.5,544.7,5.82,310.3,Flood,1.55,3588.3
YLD003263,CROP012,Groundnut,REG019,Gujarat,2017,963.8,523.9,7.8,303.6,Flood,4.26,3259.5
YLD003264,CROP012,Groundnut,REG019,Gujarat,2018,968.9,742.8,6.17,275.8,Drip,3.61,2117.4
YLD003265,CROP012,Groundnut,REG019,Gujarat,2019,965.7,540.0,7.33,255.1,Sprinkler,3.01,4681.5
YLD003266,CROP012,Groundnut,REG019,Gujarat,2020,964.6,209.6,6.9,360.5,Sprinkler,1.41,2866.2
YLD003267,CROP012,Groundnut,REG019,Gujarat,2021,966.6,611.8,6.39,282.5,Drip,3.44,4040.9
YLD003271,CROP012,Groundnut,REG020,Gujarat,2015,968.6,584.9,6.97,217.0,Rainfed,3.59,2773.9
YLD003272,CROP012,Groundnut,REG020,Gujarat,2016,962.5,397.2,7.32,151.1,Sprinkler,3.61,2747.1
YLD003273,CROP012,Groundnut,REG020,Gujarat,2017,967.1,817.1,6.99,178.8,Rainfed,1.27,1234.6
YLD003274,CROP012,Groundnut,REG020,Gujarat,2018,965.2,682.3,7.35,246.8,Flood,4.89,3460.5
YLD003275,CROP012,Groundnut,REG020,Gujarat,2019,972.7,609.4,6.42,222.5,Sprinkler,4.17,2341.9
YLD003276,CROP012,Groundnut,REG020,Gujarat,2020,959.6,484.1,6.66,213.6,Drip,3.08,3476.2
YLD003277,CROP012,Groundnut,REG020,Gujarat,2021,960.5,606.7,7.75,228.7,Drip,2.89,2606.9
YLD003281,CROP012,Groundnut,REG021,Rajasthan,2015,959.1,429.6,6.52,308.6,Sprinkler,2.15,2373.0
YLD003282,CROP012,Groundnut,REG021,Rajasthan,2016,969.1,616.4,6.49,263.5,Flood,3.44,2828.6
YLD003283,CROP012,Groundnut,REG021,Rajasthan,2017,967.8,528.6,6.8,361.3,Rainfed,3.82,2964.9
YLD003284,CROP012,Groundnut,REG021,Rajasthan,2018,961.6,607.1,6.34,338.1,Rainfed,0.72,2419.4
YLD003285,CROP012,Groundnut,REG021,Rajasthan,2019,964.8,555.4,6.92,185.8,Drip,1.93,4558.5
YLD003286,CROP012,Groundnut,REG021,Rajasthan,2020,965.0,361.0,5.89,270.4,Drip,2.99,3826.6
YLD003287,CROP012,Groundnut,REG021,Rajasthan,2021,966.4,675.7,6.67,344.5,Flood,4.09,3299.5
YLD003291,CROP012,Groundnut,REG022,Rajasthan,2015,961.2,498.2,6.47,304.6,Drip,1.67,3728.2
YLD003292,CROP012,Groundnut,REG022,Rajasthan,2016,964.1,427.2,6.27,334.7,Flood,4.74,2993.9
YLD003293,CROP012,Groundnut,REG022,Rajasthan,2017,968.6,574.9,6.93,324.2,Sprinkler,1.8,4155.6
YLD003294,CROP012,Groundnut,REG022,Rajasthan,2018,965.1,792.7,6.88,273.0,Flood,1.05,3224.5
YLD003295,CROP012,Groundnut,REG022,Rajasthan,2019,962.5,545.4,6.9,311.9,Flood,0.72,2931.8
YLD003296,CROP012,Groundnut,REG022,Rajasthan,2020,962.2,636.4,7.28,331.6,Drip,1.23,3280.4
YLD003297,CROP012,Groundnut,REG022,Rajasthan,2021,964.2,421.9,6.3,318.2,Drip,4.12,3320.4
YLD003301,CROP012,Groundnut,REG023,Karnataka,2015,967.2,692.3,7.01,297.7,Drip,2.29,2867.2
YLD003302,CROP012,Groundnut,REG023,Karnataka,2016,961.8,425.2,6.9,316.0,Flood,2.28,3076.2
YLD003303,CROP012,Groundnut,REG023,Karnataka,2017,966.7,544.6,5.69,362.9,Flood,4.17,3492.5
YLD003304,CROP012,Groundnut,REG023,Karnataka,2018,965.6,623.4,6.29,219.9,Rainfed,1.06,2185.7
YLD003305,CROP012,Groundnut,REG023,Karnataka,2019,962.8,373.5,5.93,262.4,Sprinkler,2.5,3195.1
YLD003306,CROP012,Groundnut,REG023,Karnataka,2020,964.4,629.5,7.03,315.0,Rainfed,3.63,3013.4
YLD003307,CROP012,Groundnut,REG023,Karnataka,2021,965.2,266.2,6.07,347.9,Rainfed,0.74,2497.4
YLD003311,CROP012,Groundnut,REG024,Karnataka,2015,962.9,712.0,6.28,194.5,Rainfed,0.58,2419.2
YLD003312,CROP012,Groundnut,REG024,Karnataka,2016,967.4,132.4,6.35,263.4,Flood,1.83,1428.7
YLD003313,CROP012,Groundnut,REG024,Karnataka,2017,962.6,442.6,7.44,342.9,Flood,2.6,2667.1
YLD003314,CROP012,Groundnut,REG024,Karnataka,2018,970.2,581.1,6.17,333.3,Drip,4.03,3113.1
YLD003315,CROP012,Groundnut,REG024,Karnataka,2019,961.5,460.9,6.96,389.1,Flood,3.03,3295.4
YLD003316,CROP012,Groundnut,REG024,Karnataka,2020,964.5,616.9,7.2,327.3,Sprinkler,4.18,3707.2
YLD003317,CROP012,Groundnut,REG024,Karnataka,2021,962.9,647.1,6.07,238.2,Rainfed,2.24,2536.2
YLD003321,CROP012,Groundnut,REG025,Andhra Pradesh,2015,966.1,645.9,7.0,290.3,Flood,1.65,3524.1
YLD003322,CROP012,Groundnut,REG025,Andhra Pradesh,2016,974.2,815.6,6.23,270.9,Flood,3.24,1339.4
YLD003323,CROP012,Groundnut,REG025,Andhra Pradesh,2017,962.8,389.6,5.86,252.3,Flood,1.0,2960.0
YLD003324,CROP012,Groundnut,REG025,Andhra Pradesh,2018,967.3,683.5,6.07,251.3,Rainfed,4.14,2150.9
YLD003325,CROP012,Groundnut,REG025,Andhra Pradesh,2019,963.4,447.4,6.83,351.8,Flood,0.81,3406.1
YLD003326,CROP012,Groundnut,REG025,Andhra Pradesh,2020,963.6,461.5,7.26,170.6,Flood,1.69,2937.5
YLD003327,CROP012,Groundnut,REG025,Andhra Pradesh,2021,966.1,731.3,6.13,225.2,Flood,4.26,2729.4
YLD003331,CROP012,Groundnut,REG026,Andhra Pradesh,2015,956.4,645.3,5.48,251.9,Flood,4.12,1713.2
YLD003332,CROP012,Groundnut,REG026,Andhra Pradesh,2016,968.8,518.8,6.96,342.6,Flood,2.46,2696.2
YLD003333,CROP012,Groundnut,REG026,Andhra Pradesh,2017,962.2,518.3,6.74,332.2,Flood,1.27,3723.1
YLD003334,CROP012,Groundnut,REG026,Andhra Pradesh,2018,967.5,627.7,6.53,299.6,Rainfed,3.17,2453.7
YLD003335,CROP012,Groundnut,REG026,Andhra Pradesh,2019,971.0,519.9,6.24,290.0,Rainfed,4.62,1722.8
YLD003336,CROP012,Groundnut,REG026,Andhra Pradesh,2020,965.3,567.3,6.63,226.4,Flood,3.67,3846.1
YLD003337,CROP012,Groundnut,REG026,Andhra Pradesh,2021,965.5,518.4,5.92,214.7,Rainfed,4.13,3428.4
YLD003341,CROP012,Groundnut,REG027,Tamil Nadu,2015,971.9,621.6,6.89,316.6,Rainfed,3.69,948.8
YLD003342,CROP012,Groundnut,REG027,Tamil Nadu,2016,964.4,467.8,6.56,344.7,Drip,4.17,4283.7
YLD003343,CROP012,Groundnut,REG027,Tamil Nadu,2017,967.6,507.4,6.4,334.0,Flood,1.1,2928.8
YLD003344,CROP012,Groundnut,REG027,Tamil Nadu,2018,963.3,658.7,6.66,192.3,Drip,1.52,3796.0
YLD003345,CROP012,Groundnut,REG027,Tamil Nadu,2019,961.4,585.6,6.84,218.3,Drip,2.31,3904.9
YLD003346,CROP012,Groundnut,REG027,Tamil Nadu,2020,965.6,551.5,7.15,281.7,Flood,2.4,3311.4
YLD003347,CROP012,Groundnut,REG027,Tamil Nadu,2021,969.9,858.4,6.29,238.2,Flood,2.14,1278.5
YLD003351,CROP012,Groundnut,REG028,Tamil Nadu,2015,959.2,514.1,7.59,312.0,Rainfed,3.46,1434.0
YLD003352,CROP012,Groundnut,REG028,Tamil Nadu,2016,961.7,520.2,6.12,264.1,Flood,3.76,3219.5
YLD003353,CROP012,Groundnut,REG028,Tamil Nadu,2017,967.3,260.5,6.97,280.2,Rainfed,4.14,1975.2
YLD003354,CROP012,Groundnut,REG028,Tamil Nadu,2018,963.3,662.2,6.72,311.5,Sprinkler,2.19,2860.3
YLD003355,CROP012,Groundnut,REG028,Tamil Nadu,2019,966.2,764.3,7.0,237.3,Rainfed,0.84,1960.0
YLD003356,CROP012,Groundnut,REG028,Tamil Nadu,2020,969.6,481.0,6.82,300.9,Sprinkler,4.77,2975.9
YLD003357,CROP012,Groundnut,REG028,Tamil Nadu,2021,962.6,567.6,7.93,196.3,Sprinkler,1.37,3771.7
YLD003361,CROP013,Mustard,REG001,Punjab,2015,762.6,459.5,6.79,304.8,Flood,0.65,1559.4
YLD003362,CROP013,Mustard,REG001,Punjab,2016,757.9,322.8,6.31,157.2,Rainfed,4.26,1233.3
YLD003363,CROP013,Mustard,REG001,Punjab,2017,765.0,370.7,6.32,258.8,Rainfed,3.34,1600.3
YLD003364,CROP013,Mustard,REG001,Punjab,2018,759.2,617.5,6.64,270.7,Sprinkler,3.46,1001.9
YLD003365,CROP013,Mustard,REG001,Punjab,2019,765.0,246.3,6.56,350.8,Flood,4.79,1699.3
YLD003366,CROP013,Mustard,REG001,Punjab,2020,763.7,396.6,7.24,313.7,Sprinkler,1.2,1861.9
YLD003367,CROP013,Mustard,REG001,Punjab,2021,767.2,318.7,6.4,259.0,Rainfed,4.31,1359.0
YLD003371,CROP013,Mustard,REG002,Punjab,2015,764.8,443.5,5.79,333.1,Rainfed,3.46,1148.9
YLD003372,CROP013,Mustard,REG002,Punjab,2016,757.1,245.9,7.06,237.8,Drip,1.37,1333.9
YLD003373,CROP013,Mustard,REG002,Punjab,2017,763.8,353.7,6.43,320.2,Drip,0.94,2134.4
YLD003374,CROP013,Mustard,REG002,Punjab,2018,764.4,314.2,5.8,239.9,Drip,1.01,1882.0
YLD003375,CROP013,Mustard,REG002,Punjab,2019,759.5,451.4,6.2,263.9,Flood,4.91,1314.4
YLD003376,CROP013,Mustard,REG002,Punjab,2020,760.4,385.3,7.0,291.3,Flood,4.23,1968.8
YLD003377,CROP013,Mustard,REG002,Punjab,2021,759.6,393.9,7.15,208.6,Flood,2.55,1692.6
YLD003381,CROP013,Mustard,REG003,Punjab,2015,763.3,326.5,7.01,259.1,Flood,3.08,1970.3
YLD003382,CROP013,Mustard,REG003,Punjab,2016,763.5,328.2,6.77,254.0,Drip,0.68,2428.1
YLD003383,CROP013,Mustard,REG003,Punjab,2017,764.5,151.8,6.85,222.9,Sprinkler,0.79,1011.6
YLD003384,CROP013,Mustard,REG003,Punjab,2018,757.2,443.4,5.78,218.4,Drip,3.27,1682.4
YLD003385,CROP013,Mustard,REG003,Punjab,2019,761.9,380.5,7.72,237.6,Rainfed,4.13,1704.5
YLD003386,CROP013,Mustard,REG003,Punjab,2020,761.9,242.8,5.74,254.8,Flood,0.87,1677.1
YLD003387,CROP013,Mustard,REG003,Punjab,2021,763.4,591.5,6.77,186.7,Rainfed,1.67,744.1
YLD003391,CROP013,Mustard,REG004,Haryana,2015,756.6,265.2,6.43,238.1,Sprinkler,2.1,1368.8
YLD003392,CROP013,Mustard,REG004,Haryana,2016,763.3,288.0,6.66,307.9,Drip,0.53,2034.0
YLD003393,CROP013,Mustard,REG004,Haryana,2017,759.8,347.6,5.75,392.6,Sprinkler,3.63,2301.5
YLD003394,CROP013,Mustard,REG004,Haryana,2018,767.9,447.1,6.52,262.9,Flood,1.41,761.6
YLD003395,CROP013,Mustard,REG004,Haryana,2019,763.8,473.7,6.45,303.2,Sprinkler,0.99,1914.6
YLD003396,CROP013,Mustard,REG004,Haryana,2020,765.0,396.1,6.98,326.7,Flood,0.84,1563.9
YLD003397,CROP013,Mustard,REG004,Haryana,2021,758.5,363.6,6.01,188.5,Drip,1.78,1960.9
YLD003401,CROP013,Mustard,REG005,Haryana,2015,764.1,303.3,6.64,270.4,Flood,2.22,1813.7
YLD003402,CROP013,Mustard,REG005,Haryana,2016,763.9,210.9,6.56,362.7,Flood,3.56,1744.9
YLD003403,CROP013,Mustard,REG005,Haryana,2017,762.9,385.2,6.44,286.9,Flood,3.32,2276.7
YLD003404,CROP013,Mustard,REG005,Haryana,2018,769.1,393.6,5.76,203.5,Sprinkler,2.27,1244.7
YLD003405,CROP013,Mustard,REG005,Haryana,2019,760.7,331.4,7.16,293.9,Rainfed,2.78,1566.8
YLD003406,CROP013,Mustard,REG005,Haryana,2020,762.1,291.2,6.55,284.0,Flood,2.13,1912.7
YLD003407,CROP013,Mustard,REG005,Haryana,2021,760.8,328.9,6.54,304.5,Sprinkler,4.94,2273.8
YLD003411,CROP013,Mustard,REG006,Uttar Pradesh,2015,759.5,536.2,6.44,226.3,Sprinkler,4.61,981.5
YLD003412,CROP013,Mustard,REG006,Uttar Pradesh,2016,764.1,392.4,6.77,350.4,Sprinkler,3.14,1857.3
YLD003413,CROP013,Mustard,REG006,Uttar Pradesh,2017,762.1,335.1,7.44,332.5,Drip,2.48,2258.2
YLD003414,CROP013,Mustard,REG006,Uttar Pradesh,2018,764.2,408.3,7.87,276.5,Drip,3.39,1976.2
YLD003415,CROP013,Mustard,REG006,Uttar Pradesh,2019,762.7,389.7,6.86,183.7,Sprinkler,1.32,1983.0
YLD003416,CROP013,Mustard,REG006,Uttar Pradesh,2020,766.8,520.4,7.31,245.3,Drip,4.03,1248.9
YLD003417,CROP013,Mustard,REG006,Uttar Pradesh,2021,766.2,449.6,6.64,206.5,Sprinkler,3.14,1757.7
YLD003421,CROP013,Mustard,REG007,Uttar Pradesh,2015,766.7,366.2,6.41,269.6,Drip,1.37,2276.6
YLD003422,CROP013,Mustard,REG007,Uttar Pradesh,2016,763.8,327.6,6.4,286.2,Drip,3.66,2251.0
YLD003423,CROP013,Mustard,REG007,Uttar Pradesh,2017,762.3,208.2,6.55,214.5,Drip,3.06,1528.4
YLD003424,CROP013,Mustard,REG007,Uttar Pradesh,2018,766.7,361.5,6.35,281.8,Sprinkler,0.74,1611.8
YLD003425,CROP013,Mustard,REG007,Uttar Pradesh,2019,765.1,518.3,6.27,384.3,Sprinkler,1.06,1588.4
YLD003426,CROP013,Mustard,REG007,Uttar Pradesh,2020,763.8,347.1,7.03,294.0,Sprinkler,1.96,1672.3
YLD003427,CROP013,Mustard,REG007,Uttar Pradesh,2021,764.2,299.0,6.48,321.0,Rainfed,4.34,1390.3
YLD003431,CROP013,Mustard,REG008,Uttar Pradesh,2015,754.0,173.0,5.93,229.2,Drip,4.45,1071.8
YLD003432,CROP013,Mustard,REG008,Uttar Pradesh,2016,762.4,489.8,5.64,176.6,Drip,1.14,1743.5
YLD003433,CROP013,Mustard,REG008,Uttar Pradesh,2017,763.5,304.6,6.61,255.2,Rainfed,3.87,1493.4
YLD003434,CROP013,Mustard,REG008,Uttar Pradesh,2018,759.2,361.6,6.64,262.5,Drip,1.42,2138.9
YLD003435,CROP013,Mustard,REG008,Uttar Pradesh,2019,765.4,433.6,6.64,356.8,Sprinkler,1.85,1621.9
YLD003436,CROP013,Mustard,REG008,Uttar Pradesh,2020,759.8,259.6,6.17,335.8,Sprinkler,4.4,1668.9
YLD003437,CROP013,Mustard,REG008,Uttar Pradesh,2021,754.1,368.7,6.95,329.3,Drip,3.51,1418.3
YLD003441,CROP013,Mustard,REG009,Bihar,2015,757.6,318.0,6.24,304.4,Rainfed,2.02,1119.3
YLD003442,CROP013,Mustard,REG009,Bihar,2016,762.2,460.3,6.24,230.3,Flood,4.22,1671.3
YLD003443,CROP013,Mustard,REG009,Bihar,2017,766.5,394.1,6.72,282.2,Flood,3.71,1537.4
YLD003444,CROP013,Mustard,REG009,Bihar,2018,760.4,231.9,7.48,332.1,Sprinkler,2.84,1978.9
YLD003445,CROP013,Mustard,REG009,Bihar,2019,760.2,459.6,6.75,415.6,Rainfed,4.31,1124.8
YLD003446,CROP013,Mustard,REG009,Bihar,2020,756.9,282.2,5.55,213.7,Sprinkler,2.63,1400.6
YLD003447,CROP013,Mustard,REG009,Bihar,2021,760.8,489.5,6.48,280.6,Sprinkler,1.06,1809.5
YLD003451,CROP013,Mustard,REG010,Bihar,2015,761.0,273.4,7.11,229.7,Drip,2.64,2083.3
YLD003452,CROP013,Mustard,REG010,Bihar,2016,758.6,308.6,7.04,191.9,Flood,0.97,1603.1
YLD003453,CROP013,Mustard,REG010,Bihar,2017,764.6,326.3,6.94,314.9,Flood,0.99,1740.2
YLD003454,CROP013,Mustard,REG010,Bihar,2018,762.1,237.5,6.91,315.7,Sprinkler,0.93,1743.2
YLD003455,CROP013,Mustard,REG010,Bihar,2019,759.3,517.3,7.49,369.0,Rainfed,2.45,678.3
YLD003456,CROP013,Mustard,REG010,Bihar,2020,760.6,455.5,6.81,239.9,Drip,1.74,1922.6
YLD003457,CROP013,Mustard,REG010,Bihar,2021,764.0,370.4,6.18,337.7,Drip,4.75,2079.4
YLD003461,CROP013,Mustard,REG011,West Bengal,2015,763.8,289.9,6.72,274.0,Sprinkler,3.38,1899.4
YLD003462,CROP013,Mustard,REG011,West Bengal,2016,767.6,361.6,6.92,272.4,Drip,1.32,2012.4
YLD003463,CROP013,Mustard,REG011,West Bengal,2017,768.8,391.4,6.95,260.3,Rainfed,1.7,1076.8
YLD003464,CROP013,Mustard,REG011,West Bengal,2018,766.1,413.4,6.31,230.0,Rainfed,1.34,1078.2
YLD003465,CROP013,Mustard,REG011,West Bengal,2019,767.8,206.0,7.26,266.1,Drip,4.81,1230.6
YLD003466,CROP013,Mustard,REG011,West Bengal,2020,765.4,440.2,6.24,275.1,Sprinkler,4.28,1567.0
YLD003467,CROP013,Mustard,REG011,West Bengal,2021,763.6,265.1,6.28,286.6,Drip,1.95,1875.3
YLD003471,CROP013,Mustard,REG012,West Bengal,2015,767.7,238.6,6.97,265.7,Sprinkler,1.8,1654.4
YLD003472,CROP013,Mustard,REG012,West Bengal,2016,759.4,332.6,5.97,281.6,Drip,1.22,1851.0
YLD003473,CROP013,Mustard,REG012,West Bengal,2017,760.2,472.1,6.95,235.9,Flood,3.8,1549.3
YLD003474,CROP013,Mustard,REG012,West Bengal,2018,763.2,242.7,7.14,222.2,Rainfed,4.7,1404.4
YLD003475,CROP013,Mustard,REG012,West Bengal,2019,760.1,479.8,6.96,203.8,Drip,1.34,1858.8
YLD003476,CROP013,Mustard,REG012,West Bengal,2020,761.7,434.7,6.96,383.6,Rainfed,3.07,1587.5
YLD003477,CROP013,Mustard,REG012,West Bengal,2021,761.7,278.6,6.07,257.6,Drip,3.53,2052.2
YLD003481,CROP013,Mustard,REG013,Madhya Pradesh,2015,760.7,287.7,6.4,234.4,Sprinkler,4.71,1891.9
YLD003482,CROP013,Mustard,REG013,Madhya Pradesh,2016,763.8,266.9,7.34,375.9,Flood,3.01,1620.8
YLD003483,CROP013,Mustard,REG013,Madhya Pradesh,2017,769.7,634.4,6.61,252.2,Rainfed,1.54,330.0
YLD003484,CROP013,Mustard,REG013,Madhya Pradesh,2018,763.0,438.4,6.11,243.2,Flood,2.69,1981.9
YLD003485,CROP013,Mustard,REG013,Madhya Pradesh,2019,760.7,341.6,6.77,254.0,Sprinkler,3.87,1979.0
YLD003486,CROP013,Mustard,REG013,Madhya Pradesh,2020,757.6,250.4,6.77,353.7,Rainfed,1.55,778.1
YLD003487,CROP013,Mustard,REG013,Madhya Pradesh,2021,763.3,357.1,6.77,209.1,Drip,4.8,2349.9
YLD003491,CROP013,Mustard,REG014,Madhya Pradesh,2015,765.4,187.8,6.15,332.3,Sprinkler,2.6,1254.0
YLD003492,CROP013,Mustard,REG014,Madhya Pradesh,2016,759.2,282.6,6.49,288.8,Flood,3.27,1450.7
YLD003493,CROP013,Mustard,REG014,Madhya Pradesh,2017,767.7,207.0,6.79,264.3,Rainfed,3.01,831.5
YLD003494,CROP013,Mustard,REG014,Madhya Pradesh,2018,766.4,424.1,5.44,199.2,Flood,3.47,1210.6
YLD003495,CROP013,Mustard,REG014,Madhya Pradesh,2019,763.9,225.0,7.33,265.3,Rainfed,4.19,1234.9
YLD003496,CROP013,Mustard,REG014,Madhya Pradesh,2020,764.7,437.9,6.89,312.0,Drip,3.83,1817.0
YLD003497,CROP013,Mustard,REG014,Madhya Pradesh,2021,760.0,413.6,5.87,231.7,Flood,2.1,1675.8
YLD003501,CROP013,Mustard,REG015,Madhya Pradesh,2015,763.3,347.3,6.27,258.9,Drip,2.55,2036.5
YLD003502,CROP013,Mustard,REG015,Madhya Pradesh,2016,767.4,463.4,6.86,251.6,Rainfed,4.2,815.7
YLD003503,CROP013,Mustard,REG015,Madhya Pradesh,2017,763.8,452.1,6.7,311.9,Rainfed,3.22,1638.0
YLD003504,CROP013,Mustard,REG015,Madhya Pradesh,2018,758.8,442.2,6.67,275.5,Flood,0.67,1112.7
YLD003505,CROP013,Mustard,REG015,Madhya Pradesh,2019,765.2,265.9,5.94,260.3,Drip,3.75,2040.8
YLD003506,CROP013,Mustard,REG015,Madhya Pradesh,2020,764.2,475.2,6.87,146.3,Sprinkler,4.18,1843.2
YLD003507,CROP013,Mustard,REG015,Madhya Pradesh,2021,766.5,309.0,6.75,312.8,Sprinkler,3.54,1637.3
YLD003511,CROP013,Mustard,REG016,Maharashtra,2015,764.1,383.7,6.29,156.3,Rainfed,4.73,1640.9
YLD003512,CROP013,Mustard,REG016,Maharashtra,2016,766.9,324.4,6.61,293.6,Drip,1.32,1873.9
YLD003513,CROP013,Mustard,REG016,Maharashtra,2017,761.7,362.6,6.98,374.5,Flood,4.43,1969.8
YLD003514,CROP013,Mustard,REG016,Maharashtra,2018,762.9,222.0,6.88,259.8,Drip,3.09,1902.3
YLD003515,CROP013,Mustard,REG016,Maharashtra,2019,762.6,250.4,6.9,320.9,Flood,0.63,1359.5
YLD003516,CROP013,Mustard,REG016,Maharashtra,2020,760.4,227.9,6.73,400.6,Drip,3.86,1530.2
YLD003517,CROP013,Mustard,REG016,Maharashtra,2021,760.6,275.7,6.68,240.4,Drip,3.44,2163.2
YLD003521,CROP013,Mustard,REG017,Maharashtra,2015,761.7,212.9,5.99,288.6,Flood,3.08,1502.8
YLD003522,CROP013,Mustard,REG017,Maharashtra,2016,761.1,473.2,6.81,281.7,Drip,4.9,1961.9
YLD003523,CROP013,Mustard,REG017,Maharashtra,2017,760.0,363.4,7.44,306.5,Rainfed,0.65,1418.5
YLD003524,CROP013,Mustard,REG017,Maharashtra,2018,758.4,354.7,7.33,269.0,Flood,0.58,1470.4
YLD003525,CROP013,Mustard,REG017,Maharashtra,2019,758.8,416.2,6.47,288.0,Drip,1.08,1915.2
YLD003526,CROP013,Mustard,REG017,Maharashtra,2020,757.6,343.6,6.41,385.8,Rainfed,2.43,1187.0
YLD003527,CROP013,Mustard,REG017,Maharashtra,2021,765.1,278.9,6.89,221.1,Rainfed,2.45,1345.0
YLD003531,CROP013,Mustard,REG018,Maharashtra,2015,764.1,383.9,6.45,274.3,Drip,1.24,2387.3
YLD003532,CROP013,Mustard,REG018,Maharashtra,2016,759.1,372.4,6.71,254.2,Sprinkler,3.18,1646.8
YLD003533,CROP013,Mustard,REG018,Maharashtra,2017,765.8,431.8,7.5,417.7,Rainfed,2.48,803.9
YLD003534,CROP013,Mustard,REG018,Maharashtra,2018,760.9,262.6,7.45,331.6,Drip,4.13,1979.8
YLD003535,CROP013,Mustard,REG018,Maharashtra,2019,765.1,239.5,6.26,286.2,Flood,1.46,1619.0
YLD003536,CROP013,Mustard,REG018,Maharashtra,2020,759.3,183.9,6.68,208.7,Rainfed,3.09,811.3
YLD003537,CROP013,Mustard,REG018,Maharashtra,2021,766.1,386.4,6.71,234.1,Rainfed,0.73,1303.3
YLD003541,CROP013,Mustard,REG019,Gujarat,2015,762.2,456.8,6.88,353.4,Rainfed,2.87,1452.5
YLD003542,CROP013,Mustard,REG019,Gujarat,2016,762.6,290.3,7.74,353.2,Sprinkler,0.95,1618.8
YLD003543,CROP013,Mustard,REG019,Gujarat,2017,762.4,328.3,6.45,269.0,Rainfed,1.72,2077.5
YLD003544,CROP013,Mustard,REG019,Gujarat,2018,767.7,389.2,6.96,248.4,Flood,4.57,1117.2
YLD003545,CROP013,Mustard,REG019,Gujarat,2019,762.9,331.6,5.72,267.5,Rainfed,4.22,1844.4
YLD003546,CROP013,Mustard,REG019,Gujarat,2020,762.4,422.8,6.98,339.0,Rainfed,1.76,1657.3
YLD003547,CROP013,Mustard,REG019,Gujarat,2021,754.8,311.0,7.48,312.2,Sprinkler,4.86,1027.4
YLD003551,CROP013,Mustard,REG020,Gujarat,2015,760.4,326.8,6.16,263.7,Sprinkler,3.18,2293.1
YLD003552,CROP013,Mustard,REG020,Gujarat,2016,758.6,376.8,6.78,413.3,Sprinkler,3.65,1762.8
YLD003553,CROP013,Mustard,REG020,Gujarat,2017,755.3,473.8,6.5,247.7,Drip,3.93,1144.0
YLD003554,CROP013,Mustard,REG020,Gujarat,2018,758.7,457.4,6.44,284.4,Flood,0.93,1352.9
YLD003555,CROP013,Mustard,REG020,Gujarat,2019,757.1,309.2,6.87,333.4,Sprinkler,3.93,1297.5
YLD003556,CROP013,Mustard,REG020,Gujarat,2020,762.6,452.3,6.55,270.1,Rainfed,4.6,1827.6
YLD003557,CROP013,Mustard,REG020,Gujarat,2021,762.4,206.4,5.96,385.2,Rainfed,1.69,1269.8
YLD003561,CROP013,Mustard,REG021,Rajasthan,2015,761.7,256.3,7.56,285.6,Sprinkler,2.18,1787.5
YLD003562,CROP013,Mustard,REG021,Rajasthan,2016,768.3,326.4,5.62,252.3,Sprinkler,3.76,1518.7
YLD003563,CROP013,Mustard,REG021,Rajasthan,2017,763.4,357.6,6.05,202.3,Drip,4.07,2193.9
YLD003564,CROP013,Mustard,REG021,Rajasthan,2018,759.8,332.1,6.63,287.1,Sprinkler,1.84,2193.0
YLD003565,CROP013,Mustard,REG021,Rajasthan,2019,765.0,286.0,6.02,297.6,Rainfed,1.41,1146.0
YLD003566,CROP013,Mustard,REG021,Rajasthan,2020,760.6,330.8,6.91,259.5,Rainfed,0.79,1785.1
YLD003567,CROP013,Mustard,REG021,Rajasthan,2021,765.7,393.7,6.53,329.1,Rainfed,0.98,980.0
YLD003571,CROP013,Mustard,REG022,Rajasthan,2015,761.9,356.9,7.16,334.2,Rainfed,1.14,1578.1
YLD003572,CROP013,Mustard,REG022,Rajasthan,2016,756.7,309.6,7.15,315.1,Sprinkler,2.53,1412.7
YLD003573,CROP013,Mustard,REG022,Rajasthan,2017,766.9,280.2,6.92,295.4,Flood,3.12,1693.9
YLD003574,CROP013,Mustard,REG022,Rajasthan,2018,768.0,319.6,7.36,323.7,Sprinkler,1.49,1392.9
YLD003575,CROP013,Mustard,REG022,Rajasthan,2019,763.3,342.1,7.69,255.6,Sprinkler,3.47,1888.9
YLD003576,CROP013,Mustard,REG022,Rajasthan,2020,762.9,378.3,6.44,297.1,Sprinkler,4.24,2243.0
YLD003577,CROP013,Mustard,REG022,Rajasthan,2021,763.5,133.2,5.83,168.2,Drip,3.31,1552.1
YLD003581,CROP013,Mustard,REG023,Karnataka,2015,762.0,404.4,7.31,224.8,Flood,4.42,1703.3
YLD003582,CROP013,Mustard,REG023,Karnataka,2016,759.4,386.7,6.08,183.9,Drip,4.51,1645.0
YLD003583,CROP013,Mustard,REG023,Karnataka,2017,760.5,510.5,6.18,282.9,Flood,1.94,1181.3
YLD003584,CROP013,Mustard,REG023,Karnataka,2018,757.8,334.9,6.6,212.7,Drip,2.91,1882.9
YLD003585,CROP013,Mustard,REG023,Karnataka,2019,770.5,414.6,5.81,251.5,Flood,2.94,863.8
YLD003586,CROP013,Mustard,REG023,Karnataka,2020,760.7,470.6,6.42,279.1,Flood,1.58,1460.8
YLD003587,CROP013,Mustard,REG023,Karnataka,2021,763.1,428.0,7.46,294.9,Rainfed,4.47,1349.3
YLD003591,CROP013,Mustard,REG024,Karnataka,2015,757.6,387.0,7.06,201.4,Flood,4.8,1517.0
YLD003592,CROP013,Mustard,REG024,Karnataka,2016,762.5,233.5,6.97,346.9,Drip,4.94,1876.5
YLD003593,CROP013,Mustard,REG024,Karnataka,2017,765.1,367.4,7.06,245.3,Rainfed,0.96,1289.5
YLD003594,CROP013,Mustard,REG024,Karnataka,2018,762.1,217.9,6.07,236.4,Drip,4.57,1909.6
YLD003595,CROP013,Mustard,REG024,Karnataka,2019,764.5,291.5,6.16,210.2,Rainfed,0.65,1302.4
YLD003596,CROP013,Mustard,REG024,Karnataka,2020,759.9,174.0,6.74,257.3,Sprinkler,4.67,1261.8
YLD003597,CROP013,Mustard,REG024,Karnataka,2021,761.0,450.5,7.57,219.5,Flood,1.38,1685.0
YLD003601,CROP013,Mustard,REG025,Andhra Pradesh,2015,762.8,196.4,7.29,196.6,Rainfed,4.83,1294.9
YLD003602,CROP013,Mustard,REG025,Andhra Pradesh,2016,763.1,237.9,5.88,328.7,Drip,1.69,1959.5
YLD003603,CROP013,Mustard,REG025,Andhra Pradesh,2017,760.5,265.9,6.33,366.7,Flood,0.99,1727.2
YLD003604,CROP013,Mustard,REG025,Andhra Pradesh,2018,757.2,212.4,6.38,330.8,Flood,1.62,897.2
YLD003605,CROP013,Mustard,REG025,Andhra Pradesh,2019,764.0,244.5,7.2,274.0,Rainfed,2.2,1314.1
YLD003606,CROP013,Mustard,REG025,Andhra Pradesh,2020,768.2,349.4,5.55,329.3,Flood,0.75,1292.6
YLD003607,CROP013,Mustard,REG025,Andhra Pradesh,2021,767.9,245.4,6.8,161.9,Flood,1.14,822.2
YLD003611,CROP013,Mustard,REG026,Andhra Pradesh,2015,758.4,295.6,5.82,248.9,Drip,0.87,1641.2
YLD003612,CROP013,Mustard,REG026,Andhra Pradesh,2016,760.5,360.8,6.69,221.8,Rainfed,1.65,1508.8
YLD003613,CROP013,Mustard,REG026,Andhra Pradesh,2017,760.6,474.8,6.7,189.9,Sprinkler,4.59,1655.5
YLD003614,CROP013,Mustard,REG026,Andhra Pradesh,2018,765.9,329.1,7.03,170.6,Rainfed,2.58,1260.0
YLD003615,CROP013,Mustard,REG026,Andhra Pradesh,2019,763.7,421.0,7.91,153.5,Flood,3.21,1736.3
YLD003616,CROP013,Mustard,REG026,Andhra Pradesh,2020,763.1,342.2,6.93,202.0,Drip,1.48,2376.7
YLD003617,CROP013,Mustard,REG026,Andhra Pradesh,2021,758.5,376.2,6.34,208.6,Rainfed,2.65,1142.2
YLD003621,CROP013,Mustard,REG027,Tamil Nadu,2015,760.7,510.3,6.98,266.7,Rainfed,2.72,1139.5
YLD003622,CROP013,Mustard,REG027,Tamil Nadu,2016,760.5,389.9,7.16,198.6,Drip,2.87,2236.9
YLD003623,CROP013,Mustard,REG027,Tamil Nadu,2017,762.5,549.6,7.31,306.3,Sprinkler,1.67,1526.6
YLD003624,CROP013,Mustard,REG027,Tamil Nadu,2018,764.6,327.0,6.44,274.0,Drip,2.44,2077.8
YLD003625,CROP013,Mustard,REG027,Tamil Nadu,2019,753.8,235.6,6.47,227.0,Drip,3.99,1317.2
YLD003626,CROP013,Mustard,REG027,Tamil Nadu,2020,767.5,392.3,6.98,173.1,Rainfed,1.16,1260.8
YLD003627,CROP013,Mustard,REG027,Tamil Nadu,2021,765.9,372.1,6.84,350.9,Rainfed,4.03,1533.8
YLD003631,CROP013,Mustard,REG028,Tamil Nadu,2015,770.7,400.4,7.31,252.0,Sprinkler,4.02,1364.2
YLD003632,CROP013,Mustard,REG028,Tamil Nadu,2016,752.8,464.1,7.77,321.6,Rainfed,2.37,355.1
YLD003633,CROP013,Mustard,REG028,Tamil Nadu,2017,758.5,408.7,6.21,251.2,Flood,4.81,1451.3
YLD003634,CROP013,Mustard,REG028,Tamil Nadu,2018,756.5,257.6,6.92,340.2,Rainfed,3.76,1035.5
YLD003635,CROP013,Mustard,REG028,Tamil Nadu,2019,757.2,254.4,7.68,355.2,Rainfed,0.51,1157.3
YLD003636,CROP013,Mustard,REG028,Tamil Nadu,2020,761.2,331.9,5.39,210.0,Flood,2.31,1768.7
YLD003637,CROP013,Mustard,REG028,Tamil Nadu,2021,768.2,376.5,7.39,277.5,Drip,3.42,1864.2
YLD003641,CROP014,Sunflower,REG001,Punjab,2015,619.6,418.4,6.19,265.0,Drip,3.01,2202.9
YLD003642,CROP014,Sunflower,REG001,Punjab,2016,612.4,302.3,6.05,168.9,Sprinkler,2.06,2635.6
YLD003643,CROP014,Sunflower,REG001,Punjab,2017,621.7,459.9,6.52,285.3,Rainfed,0.71,1410.7
YLD003644,CROP014,Sunflower,REG001,Punjab,2018,612.0,981.4,6.95,253.8,Drip,1.69,1734.4
YLD003645,CROP014,Sunflower,REG001,Punjab,2019,617.2,544.4,6.43,351.1,Flood,3.57,2805.6
YLD003646,CROP014,Sunflower,REG001,Punjab,2020,611.9,642.9,6.64,261.3,Rainfed,1.85,1500.8
YLD003647,CROP014,Sunflower,REG001,Punjab,2021,613.2,314.4,7.98,250.4,Sprinkler,4.6,2847.0
YLD003651,CROP014,Sunflower,REG002,Punjab,2015,614.2,610.8,5.88,216.3,Drip,1.93,3219.9
YLD003652,CROP014,Sunflower,REG002,Punjab,2016,611.3,521.5,7.2,282.0,Drip,4.06,3372.4
YLD003653,CROP014,Sunflower,REG002,Punjab,2017,615.6,522.7,6.15,245.5,Flood,2.79,2757.6
YLD003654,CROP014,Sunflower,REG002,Punjab,2018,609.2,769.8,5.89,266.5,Rainfed,4.0,1179.6
YLD003655,CROP014,Sunflower,REG002,Punjab,2019,608.7,752.6,7.51,247.4,Sprinkler,4.2,1632.5
YLD003656,CROP014,Sunflower,REG002,Punjab,2020,617.1,402.8,6.55,338.4,Rainfed,4.03,2527.0
YLD003657,CROP014,Sunflower,REG002,Punjab,2021,618.3,474.1,6.99,319.4,Drip,3.0,3186.9
YLD003661,CROP014,Sunflower,REG003,Punjab,2015,610.9,665.3,6.83,367.7,Drip,1.03,2701.0
YLD003662,CROP014,Sunflower,REG003,Punjab,2016,614.1,492.5,6.85,274.5,Flood,3.29,3783.9
YLD003663,CROP014,Sunflower,REG003,Punjab,2017,613.9,533.7,6.31,267.2,Flood,2.9,2973.1
YLD003664,CROP014,Sunflower,REG003,Punjab,2018,614.3,491.1,6.83,288.5,Drip,2.92,3706.9
YLD003665,CROP014,Sunflower,REG003,Punjab,2019,615.7,399.5,6.33,222.3,Drip,4.38,2982.9
YLD003666,CROP014,Sunflower,REG003,Punjab,2020,618.7,809.2,6.21,186.5,Sprinkler,1.6,1555.5
YLD003667,CROP014,Sunflower,REG003,Punjab,2021,614.4,485.8,7.36,296.2,Sprinkler,2.23,3263.1
YLD003671,CROP014,Sunflower,REG004,Haryana,2015,615.5,735.9,6.43,246.0,Drip,3.56,2542.6
YLD003672,CROP014,Sunflower,REG004,Haryana,2016,608.0,610.2,7.2,250.6,Flood,4.57,2366.6
YLD003673,CROP014,Sunflower,REG004,Haryana,2017,613.5,448.9,6.71,181.7,Rainfed,4.04,2306.8
YLD003674,CROP014,Sunflower,REG004,Haryana,2018,610.8,791.7,7.47,313.8,Sprinkler,4.44,2034.5
YLD003675,CROP014,Sunflower,REG004,Haryana,2019,613.2,669.6,6.2,315.1,Flood,4.23,2869.3
YLD003676,CROP014,Sunflower,REG004,Haryana,2020,619.9,447.8,7.37,177.7,Drip,2.28,2078.6
YLD003677,CROP014,Sunflower,REG004,Haryana,2021,618.1,780.5,7.22,297.7,Flood,2.0,1580.7
YLD003681,CROP014,Sunflower,REG005,Haryana,2015,614.5,186.8,5.86,207.8,Flood,3.85,1450.7
YLD003682,CROP014,Sunflower,REG005,Haryana,2016,611.0,593.8,5.91,260.5,Drip,2.53,3233.0
YLD003683,CROP014,Sunflower,REG005,Haryana,2017,611.3,387.2,6.93,380.2,Flood,1.49,2484.0
YLD003684,CROP014,Sunflower,REG005,Haryana,2018,619.2,528.7,6.59,392.6,Sprinkler,4.47,2909.6
YLD003685,CROP014,Sunflower,REG005,Haryana,2019,617.2,500.3,6.07,257.3,Sprinkler,3.08,3240.2
YLD003686,CROP014,Sunflower,REG005,Haryana,2020,612.1,368.2,7.35,272.7,Drip,0.52,3139.1
YLD003687,CROP014,Sunflower,REG005,Haryana,2021,616.9,370.0,6.46,331.8,Drip,2.88,3428.4
YLD003691,CROP014,Sunflower,REG006,Uttar Pradesh,2015,617.4,337.3,6.34,312.4,Rainfed,4.88,1861.1
YLD003692,CROP014,Sunflower,REG006,Uttar Pradesh,2016,611.9,725.8,7.1,285.3,Flood,3.39,2290.4
YLD003693,CROP014,Sunflower,REG006,Uttar Pradesh,2017,612.8,577.5,6.91,244.9,Rainfed,4.26,2659.1
YLD003694,CROP014,Sunflower,REG006,Uttar Pradesh,2018,617.4,598.4,7.1,343.3,Drip,3.86,2356.1
YLD003695,CROP014,Sunflower,REG006,Uttar Pradesh,2019,611.5,415.6,5.69,250.1,Rainfed,3.16,2024.4
YLD003696,CROP014,Sunflower,REG006,Uttar Pradesh,2020,617.1,625.9,6.75,275.7,Sprinkler,4.53,2151.4
YLD003697,CROP014,Sunflower,REG006,Uttar Pradesh,2021,618.4,389.7,7.72,202.4,Drip,2.12,2471.7
YLD003701,CROP014,Sunflower,REG007,Uttar Pradesh,2015,610.7,465.4,5.44,237.0,Drip,4.07,3279.8
YLD003702,CROP014,Sunflower,REG007,Uttar Pradesh,2016,613.3,603.9,5.9,326.1,Flood,3.62,2987.0
YLD003703,CROP014,Sunflower,REG007,Uttar Pradesh,2017,616.7,286.4,6.38,271.0,Flood,3.96,2117.6
YLD003704,CROP014,Sunflower,REG007,Uttar Pradesh,2018,617.3,485.6,6.51,333.2,Flood,3.5,3316.9
YLD003705,CROP014,Sunflower,REG007,Uttar Pradesh,2019,616.9,683.8,6.56,338.8,Sprinkler,4.14,2189.8
YLD003706,CROP014,Sunflower,REG007,Uttar Pradesh,2020,614.7,719.7,6.65,258.0,Rainfed,2.06,1999.0
YLD003707,CROP014,Sunflower,REG007,Uttar Pradesh,2021,621.1,408.1,6.77,277.8,Drip,1.75,1818.8
YLD003711,CROP014,Sunflower,REG008,Uttar Pradesh,2015,607.3,619.5,7.11,252.8,Flood,0.71,1152.3
YLD003712,CROP014,Sunflower,REG008,Uttar Pradesh,2016,612.4,607.8,6.76,332.2,Sprinkler,4.46,3104.2
YLD003713,CROP014,Sunflower,REG008,Uttar Pradesh,2017,607.7,305.4,6.2,308.8,Rainfed,4.62,1285.3
YLD003714,CROP014,Sunflower,REG008,Uttar Pradesh,2018,608.9,443.1,5.96,311.4,Drip,4.99,2650.4
YLD003715,CROP014,Sunflower,REG008,Uttar Pradesh,2019,609.2,179.6,7.09,326.1,Sprinkler,2.59,1968.6
YLD003716,CROP014,Sunflower,REG008,Uttar Pradesh,2020,620.1,410.0,7.14,343.3,Rainfed,0.57,1914.1
YLD003717,CROP014,Sunflower,REG008,Uttar Pradesh,2021,613.7,427.9,6.96,277.9,Drip,4.97,3871.6
YLD003721,CROP014,Sunflower,REG009,Bihar,2015,607.6,400.8,6.16,271.8,Rainfed,1.54,1682.3
YLD003722,CROP014,Sunflower,REG009,Bihar,2016,612.7,371.0,6.15,281.5,Rainfed,4.09,2653.6
YLD003723,CROP014,Sunflower,REG009,Bihar,2017,616.4,679.8,7.04,283.7,Sprinkler,3.65,2297.3
YLD003724,CROP014,Sunflower,REG009,Bihar,2018,609.3,534.1,5.89,337.4,Sprinkler,1.42,2451.3
YLD003725,CROP014,Sunflower,REG009,Bihar,2019,616.6,315.9,6.7,256.2,Sprinkler,2.18,2763.1
YLD003726,CROP014,Sunflower,REG009,Bihar,2020,617.2,469.8,6.68,242.2,Sprinkler,0.64,2649.2
YLD003727,CROP014,Sunflower,REG009,Bihar,2021,614.5,500.4,6.88,303.6,Flood,2.84,3602.4
YLD003731,CROP014,Sunflower,REG010,Bihar,2015,612.0,670.2,6.24,291.8,Drip,1.74,3157.2
YLD003732,CROP014,Sunflower,REG010,Bihar,2016,611.7,164.0,6.5,320.3,Sprinkler,1.02,1711.5
YLD003733,CROP014,Sunflower,REG010,Bihar,2017,615.3,481.4,6.28,178.1,Drip,4.22,3722.4
YLD003734,CROP014,Sunflower,REG010,Bihar,2018,614.6,687.2,7.15,275.0,Sprinkler,3.54,2879.3
YLD003735,CROP014,Sunflower,REG010,Bihar,2019,614.1,242.9,6.23,325.9,Rainfed,2.49,1855.5
YLD003736,CROP014,Sunflower,REG010,Bihar,2020,615.0,746.8,6.97,177.5,Rainfed,1.11,1661.9
YLD003737,CROP014,Sunflower,REG010,Bihar,2021,619.8,708.8,6.48,297.8,Rainfed,2.68,555.3
YLD003741,CROP014,Sunflower,REG011,West Bengal,2015,618.7,399.5,6.67,306.2,Drip,2.9,2277.0
YLD003742,CROP014,Sunflower,REG011,West Bengal,2016,621.1,557.8,6.36,255.7,Drip,3.31,2276.0
YLD003743,CROP014,Sunflower,REG011,West Bengal,2017,610.7,506.8,6.25,328.3,Rainfed,3.47,2443.2
YLD003744,CROP014,Sunflower,REG011,West Bengal,2018,618.4,574.2,6.43,285.7,Flood,3.06,2319.3
YLD003745,CROP014,Sunflower,REG011,West Bengal,2019,611.1,491.8,6.03,297.8,Sprinkler,4.71,3166.5
YLD003746,CROP014,Sunflower,REG011,West Bengal,2020,612.5,584.4,6.81,191.0,Sprinkler,1.01,3169.6
YLD003747,CROP014,Sunflower,REG011,West Bengal,2021,614.3,421.7,6.62,240.5,Rainfed,1.54,2539.3
YLD003751,CROP014,Sunflower,REG012,West Bengal,2015,608.8,396.5,7.38,260.1,Drip,4.64,1814.4
YLD003752,CROP014,Sunflower,REG012,West Bengal,2016,615.1,457.1,7.02,280.8,Sprinkler,1.69,2952.8
YLD003753,CROP014,Sunflower,REG012,West Bengal,2017,616.6,404.4,6.75,319.5,Sprinkler,4.43,2159.1
YLD003754,CROP014,Sunflower,REG012,West Bengal,2018,618.3,731.6,6.38,253.4,Sprinkler,0.58,1918.9
YLD003755,CROP014,Sunflower,REG012,West Bengal,2019,618.8,587.9,6.57,293.0,Flood,4.2,2101.1
YLD003756,CROP014,Sunflower,REG012,West Bengal,2020,613.5,603.0,6.86,172.4,Flood,1.34,2656.5
YLD003757,CROP014,Sunflower,REG012,West Bengal,2021,618.2,360.5,6.57,242.1,Sprinkler,0.81,2451.8
YLD003761,CROP014,Sunflower,REG013,Madhya Pradesh,2015,613.3,484.7,6.76,314.2,Rainfed,1.39,2929.1
YLD003762,CROP014,Sunflower,REG013,Madhya Pradesh,2016,612.6,433.8,6.94,280.1,Sprinkler,1.61,2954.8
YLD003763,CROP014,Sunflower,REG013,Madhya Pradesh,2017,614.6,230.3,6.52,436.0,Flood,3.03,1633.5
YLD003764,CROP014,Sunflower,REG013,Madhya Pradesh,2018,613.2,585.0,7.04,292.8,Drip,3.57,3063.4
YLD003765,CROP014,Sunflower,REG013,Madhya Pradesh,2019,615.0,407.1,6.92,294.6,Flood,1.08,3004.7
YLD003766,CROP014,Sunflower,REG013,Madhya Pradesh,2020,613.4,411.5,6.16,248.0,Sprinkler,2.38,2685.6
YLD003767,CROP014,Sunflower,REG013,Madhya Pradesh,2021,613.5,308.0,7.22,414.1,Drip,2.55,3027.3
YLD003771,CROP014,Sunflower,REG014,Madhya Pradesh,2015,611.4,612.7,6.61,337.2,Flood,2.34,2734.8
YLD003772,CROP014,Sunflower,REG014,Madhya Pradesh,2016,610.2,567.2,7.07,303.1,Drip,3.18,2936.1
YLD003773,CROP014,Sunflower,REG014,Madhya Pradesh,2017,613.7,456.1,7.0,246.3,Rainfed,3.3,3247.0
YLD003774,CROP014,Sunflower,REG014,Madhya Pradesh,2018,614.0,461.5,6.44,319.3,Drip,4.16,4150.8
YLD003775,CROP014,Sunflower,REG014,Madhya Pradesh,2019,610.6,402.6,7.17,272.5,Rainfed,3.82,1584.5
YLD003776,CROP014,Sunflower,REG014,Madhya Pradesh,2020,611.6,438.8,6.83,252.4,Flood,2.94,2783.3
YLD003777,CROP014,Sunflower,REG014,Madhya Pradesh,2021,613.7,559.5,6.9,284.0,Drip,4.32,4116.0
YLD003781,CROP014,Sunflower,REG015,Madhya Pradesh,2015,609.0,630.5,7.25,220.0,Flood,3.4,1709.9
YLD003782,CROP014,Sunflower,REG015,Madhya Pradesh,2016,611.9,474.6,7.12,324.2,Flood,3.75,2869.5
YLD003783,CROP014,Sunflower,REG015,Madhya Pradesh,2017,612.0,532.2,7.0,213.1,Flood,4.17,2609.2
YLD003784,CROP014,Sunflower,REG015,Madhya Pradesh,2018,611.9,597.8,6.78,264.6,Flood,3.78,2711.4
YLD003785,CROP014,Sunflower,REG015,Madhya Pradesh,2019,619.0,144.1,6.54,240.7,Drip,3.94,1326.0
YLD003786,CROP014,Sunflower,REG015,Madhya Pradesh,2020,611.5,387.9,6.99,323.4,Rainfed,1.25,2245.7
YLD003787,CROP014,Sunflower,REG015,Madhya Pradesh,2021,616.8,544.5,6.27,261.3,Sprinkler,4.65,2536.0
YLD003791,CROP014,Sunflower,REG016,Maharashtra,2015,611.6,563.3,6.28,299.4,Rainfed,2.97,1956.2
YLD003792,CROP014,Sunflower,REG016,Maharashtra,2016,611.8,525.9,7.67,192.4,Drip,3.41,3089.4
YLD003793,CROP014,Sunflower,REG016,Maharashtra,2017,618.2,491.5,6.05,276.7,Sprinkler,3.38,2615.9
YLD003794,CROP014,Sunflower,REG016,Maharashtra,2018,616.6,618.2,6.57,343.9,Rainfed,1.39,1886.1
YLD003795,CROP014,Sunflower,REG016,Maharashtra,2019,615.4,652.0,6.38,135.9,Flood,3.68,2742.4
YLD003796,CROP014,Sunflower,REG016,Maharashtra,2020,612.9,697.7,6.91,279.6,Drip,1.48,2622.1
YLD003797,CROP014,Sunflower,REG016,Maharashtra,2021,615.3,416.8,6.79,267.3,Drip,1.61,3230.4
YLD003801,CROP014,Sunflower,REG017,Maharashtra,2015,619.3,275.1,7.04,353.3,Sprinkler,1.39,2155.0
YLD003802,CROP014,Sunflower,REG017,Maharashtra,2016,616.1,298.3,6.22,149.0,Drip,2.92,2564.6
YLD003803,CROP014,Sunflower,REG017,Maharashtra,2017,616.5,573.0,6.74,315.3,Sprinkler,0.93,3079.4
YLD003804,CROP014,Sunflower,REG017,Maharashtra,2018,612.6,361.6,6.52,313.6,Flood,3.61,2335.4
YLD003805,CROP014,Sunflower,REG017,Maharashtra,2019,623.2,678.3,6.14,283.4,Flood,1.73,525.0
YLD003806,CROP014,Sunflower,REG017,Maharashtra,2020,611.7,813.6,5.55,224.2,Drip,2.12,1817.0
YLD003807,CROP014,Sunflower,REG017,Maharashtra,2021,614.1,519.9,7.71,309.0,Rainfed,1.34,2595.7
YLD003811,CROP014,Sunflower,REG018,Maharashtra,2015,617.8,568.3,5.77,275.3,Drip,0.55,3101.4
YLD003812,CROP014,Sunflower,REG018,Maharashtra,2016,613.1,314.7,6.46,259.4,Rainfed,4.88,1829.3
YLD003813,CROP014,Sunflower,REG018,Maharashtra,2017,617.7,576.7,6.17,305.2,Flood,2.11,2131.6
YLD003814,CROP014,Sunflower,REG018,Maharashtra,2018,609.7,417.2,6.81,295.4,Rainfed,1.02,1836.2
YLD003815,CROP014,Sunflower,REG018,Maharashtra,2019,615.3,338.7,6.47,224.5,Rainfed,4.6,2270.8
YLD003816,CROP014,Sunflower,REG018,Maharashtra,2020,612.1,596.9,7.23,247.7,Rainfed,4.07,2348.5
YLD003817,CROP014,Sunflower,REG018,Maharashtra,2021,616.1,407.4,7.26,277.4,Rainfed,1.56,2272.7
YLD003821,CROP014,Sunflower,REG019,Gujarat,2015,618.5,532.9,7.15,276.7,Drip,4.35,2862.6
YLD003822,CROP014,Sunflower,REG019,Gujarat,2016,610.0,610.5,7.09,310.5,Rainfed,3.67,1747.7
YLD003823,CROP014,Sunflower,REG019,Gujarat,2017,608.9,317.8,7.1,339.5,Rainfed,0.6,1001.2
YLD003824,CROP014,Sunflower,REG019,Gujarat,2018,611.3,597.3,6.15,256.3,Drip,1.96,3383.4
YLD003825,CROP014,Sunflower,REG019,Gujarat,2019,613.3,450.7,5.95,210.4,Flood,2.83,3180.4
YLD003826,CROP014,Sunflower,REG019,Gujarat,2020,618.1,373.1,7.34,104.7,Flood,0.7,1889.9
YLD003827,CROP014,Sunflower,REG019,Gujarat,2021,611.9,557.7,7.35,249.8,Sprinkler,4.37,3194.8
YLD003831,CROP014,Sunflower,REG020,Gujarat,2015,612.4,362.3,6.74,412.6,Sprinkler,4.71,2702.8
YLD003832,CROP014,Sunflower,REG020,Gujarat,2016,614.6,385.8,6.11,299.6,Drip,1.96,3432.9
YLD003833,CROP014,Sunflower,REG020,Gujarat,2017,614.6,396.1,5.99,307.7,Rainfed,0.96,2486.3
YLD003834,CROP014,Sunflower,REG020,Gujarat,2018,618.3,433.4,6.36,259.5,Sprinkler,2.49,2252.9
YLD003835,CROP014,Sunflower,REG020,Gujarat,2019,611.4,424.0,7.4,323.4,Rainfed,1.88,2156.5
YLD003836,CROP014,Sunflower,REG020,Gujarat,2020,612.9,385.0,6.2,246.3,Flood,1.09,2543.5
YLD003837,CROP014,Sunflower,REG020,Gujarat,2021,612.7,551.7,7.1,256.6,Sprinkler,2.53,2583.8
YLD003841,CROP014,Sunflower,REG021,Rajasthan,2015,618.9,461.1,7.1,221.4,Flood,0.8,1805.9
YLD003842,CROP014,Sunflower,REG021,Rajasthan,2016,610.4,549.7,6.3,346.0,Rainfed,1.87,1901.5
YLD003843,CROP014,Sunflower,REG021,Rajasthan,2017,613.4,532.8,6.85,304.4,Sprinkler,2.62,3976.7
YLD003844,CROP014,Sunflower,REG021,Rajasthan,2018,619.6,652.9,7.9,263.6,Drip,3.92,2311.4
YLD003845,CROP014,Sunflower,REG021,Rajasthan,2019,618.3,526.2,7.34,269.7,Flood,2.63,2021.7
YLD003846,CROP014,Sunflower,REG021,Rajasthan,2020,616.4,414.4,6.29,357.0,Sprinkler,0.6,3121.7
YLD003847,CROP014,Sunflower,REG021,Rajasthan,2021,610.6,593.4,6.5,283.1,Drip,2.79,3023.2
YLD003851,CROP014,Sunflower,REG022,Rajasthan,2015,611.1,592.8,7.19,236.6,Sprinkler,3.34,2546.5
YLD003852,CROP014,Sunflower,REG022,Rajasthan,2016,609.3,365.7,6.96,358.0,Drip,2.88,2168.5
YLD003853,CROP014,Sunflower,REG022,Rajasthan,2017,613.0,520.3,6.74,269.5,Drip,2.64,3466.8
YLD003854,CROP014,Sunflower,REG022,Rajasthan,2018,612.9,497.6,7.26,298.7,Sprinkler,2.36,3599.9
YLD003855,CROP014,Sunflower,REG022,Rajasthan,2019,612.5,625.7,6.58,271.5,Rainfed,1.64,1775.1
YLD003856,CROP014,Sunflower,REG022,Rajasthan,2020,618.1,488.8,6.84,375.6,Rainfed,2.92,1479.2
YLD003857,CROP014,Sunflower,REG022,Rajasthan,2021,616.9,647.9,6.77,226.8,Drip,1.17,2665.8
YLD003861,CROP014,Sunflower,REG023,Karnataka,2015,613.5,362.4,6.68,216.5,Flood,3.43,2734.6
YLD003862,CROP014,Sunflower,REG023,Karnataka,2016,618.0,50.0,6.83,368.3,Drip,2.0,1331.7
YLD003863,CROP014,Sunflower,REG023,Karnataka,2017,601.1,485.1,6.93,305.8,Flood,2.9,1520.1
YLD003864,CROP014,Sunflower,REG023,Karnataka,2018,614.7,427.7,7.21,315.2,Drip,0.69,3476.6
YLD003865,CROP014,Sunflower,REG023,Karnataka,2019,616.7,435.4,6.39,314.3,Drip,2.05,3056.0
YLD003866,CROP014,Sunflower,REG023,Karnataka,2020,617.1,438.6,6.36,272.1,Flood,4.93,2955.8
YLD003867,CROP014,Sunflower,REG023,Karnataka,2021,610.7,718.4,6.84,219.1,Sprinkler,1.15,2286.3
YLD003871,CROP014,Sunflower,REG024,Karnataka,2015,613.4,419.9,6.5,346.6,Rainfed,1.73,2920.9
YLD003872,CROP014,Sunflower,REG024,Karnataka,2016,609.2,395.0,6.55,273.9,Flood,1.09,2318.4
YLD003873,CROP014,Sunflower,REG024,Karnataka,2017,612.6,503.3,6.42,394.4,Sprinkler,4.97,3845.6
YLD003874,CROP014,Sunflower,REG024,Karnataka,2018,614.4,503.7,6.39,212.5,Flood,2.6,3169.1
YLD003875,CROP014,Sunflower,REG024,Karnataka,2019,610.7,238.7,7.35,268.7,Sprinkler,2.52,1359.6
YLD003876,CROP014,Sunflower,REG024,Karnataka,2020,619.1,783.4,5.71,333.1,Drip,0.89,1436.2
YLD003877,CROP014,Sunflower,REG024,Karnataka,2021,610.5,464.9,6.43,304.1,Flood,1.16,2656.0
YLD003881,CROP014,Sunflower,REG025,Andhra Pradesh,2015,612.1,473.2,6.34,395.7,Drip,2.88,3371.9
YLD003882,CROP014,Sunflower,REG025,Andhra Pradesh,2016,613.4,275.9,6.51,459.1,Sprinkler,1.63,2236.3
YLD003883,CROP014,Sunflower,REG025,Andhra Pradesh,2017,609.9,273.8,6.81,194.9,Sprinkler,3.38,2297.7
YLD003884,CROP014,Sunflower,REG025,Andhra Pradesh,2018,612.3,605.7,7.26,256.9,Sprinkler,2.27,3083.6
YLD003885,CROP014,Sunflower,REG025,Andhra Pradesh,2019,619.6,473.4,6.82,247.9,Sprinkler,1.84,2080.6
YLD003886,CROP014,Sunflower,REG025,Andhra Pradesh,2020,610.3,379.2,7.5,239.0,Rainfed,4.9,1256.5
YLD003887,CROP014,Sunflower,REG025,Andhra Pradesh,2021,613.9,285.7,7.5,320.9,Sprinkler,2.12,2227.2
YLD003891,CROP014,Sunflower,REG026,Andhra Pradesh,2015,609.3,608.4,7.11,370.0,Drip,2.08,2504.5
YLD003892,CROP014,Sunflower,REG026,Andhra Pradesh,2016,608.9,467.7,6.87,147.9,Rainfed,0.7,2059.8
YLD003893,CROP014,Sunflower,REG026,Andhra Pradesh,2017,614.3,380.1,6.04,256.3,Flood,1.63,2733.3
YLD003894,CROP014,Sunflower,REG026,Andhra Pradesh,2018,613.3,329.0,6.63,254.4,Drip,2.28,2919.5
YLD003895,CROP014,Sunflower,REG026,Andhra Pradesh,2019,611.4,436.2,6.55,263.8,Drip,4.11,3520.0
YLD003896,CROP014,Sunflower,REG026,Andhra Pradesh,2020,616.1,428.6,7.76,294.0,Rainfed,3.47,2476.7
YLD003897,CROP014,Sunflower,REG026,Andhra Pradesh,2021,613.2,392.7,7.28,317.1,Drip,3.32,2915.4
YLD003901,CROP014,Sunflower,REG027,Tamil Nadu,2015,617.6,593.4,6.81,192.1,Drip,1.06,2867.1
YLD003902,CROP014,Sunflower,REG027,Tamil Nadu,2016,613.7,545.2,7.87,242.9,Flood,3.74,2659.3
YLD003903,CROP014,Sunflower,REG027,Tamil Nadu,2017,612.7,743.1,6.78,354.6,Sprinkler,1.8,1916.5
YLD003904,CROP014,Sunflower,REG027,Tamil Nadu,2018,613.2,293.6,6.89,242.1,Drip,3.41,3309.5
YLD003905,CROP014,Sunflower,REG027,Tamil Nadu,2019,616.1,732.2,7.21,291.2,Sprinkler,1.27,1959.3
YLD003906,CROP014,Sunflower,REG027,Tamil Nadu,2020,610.0,573.1,6.71,311.4,Sprinkler,0.93,2817.9
YLD003907,CROP014,Sunflower,REG027,Tamil Nadu,2021,616.0,388.7,6.94,300.7,Rainfed,0.94,1760.8
YLD003911,CROP014,Sunflower,REG028,Tamil Nadu,2015,604.1,404.1,7.4,201.0,Drip,2.05,1481.8
YLD003912,CROP014,Sunflower,REG028,Tamil Nadu,2016,612.0,578.7,6.69,350.2,Sprinkler,3.95,3194.6
YLD003913,CROP014,Sunflower,REG028,Tamil Nadu,2017,612.3,477.7,6.12,285.1,Drip,2.94,3356.2
YLD003914,CROP014,Sunflower,REG028,Tamil Nadu,2018,616.7,287.5,6.64,350.7,Drip,1.07,2224.4
YLD003915,CROP014,Sunflower,REG028,Tamil Nadu,2019,613.3,435.8,6.76,263.3,Flood,2.68,2985.7
YLD003916,CROP014,Sunflower,REG028,Tamil Nadu,2020,615.0,392.9,7.37,202.1,Rainfed,1.41,1894.4
YLD003917,CROP014,Sunflower,REG028,Tamil Nadu,2021,612.1,521.2,6.84,288.8,Rainfed,1.5,2491.9
YLD003921,CROP015,Sesame,REG001,Punjab,2015,262.9,467.9,5.96,384.5,Rainfed,1.52,1156.5
YLD003922,CROP015,Sesame,REG001,Punjab,2016,262.9,562.6,7.25,379.4,Drip,0.91,1364.8
YLD003923,CROP015,Sesame,REG001,Punjab,2017,267.8,469.9,6.34,294.7,Flood,1.92,1686.3
YLD003924,CROP015,Sesame,REG001,Punjab,2018,257.8,545.2,7.64,233.0,Sprinkler,1.13,836.7
YLD003925,CROP015,Sesame,REG001,Punjab,2019,271.4,518.6,6.72,277.7,Sprinkler,1.26,929.7
YLD003926,CROP015,Sesame,REG001,Punjab,2020,265.4,337.0,7.94,303.1,Flood,1.4,1605.9
YLD003927,CROP015,Sesame,REG001,Punjab,2021,269.4,382.9,6.72,238.9,Sprinkler,2.97,1712.0
YLD003931,CROP015,Sesame,REG002,Punjab,2015,264.8,197.5,5.87,244.1,Drip,1.51,1538.9
YLD003932,CROP015,Sesame,REG002,Punjab,2016,263.0,279.0,6.16,175.7,Drip,0.82,1581.6
YLD003933,CROP015,Sesame,REG002,Punjab,2017,260.7,294.7,7.05,243.0,Drip,3.48,1227.7
YLD003934,CROP015,Sesame,REG002,Punjab,2018,263.5,280.7,5.6,389.1,Sprinkler,2.61,1465.1
YLD003935,CROP015,Sesame,REG002,Punjab,2019,267.6,387.5,6.72,249.5,Rainfed,3.91,1596.1
YLD003936,CROP015,Sesame,REG002,Punjab,2020,264.8,487.7,6.49,345.1,Flood,4.11,1576.8
YLD003937,CROP015,Sesame,REG002,Punjab,2021,267.6,313.3,6.89,316.3,Rainfed,1.0,982.4
YLD003941,CROP015,Sesame,REG003,Punjab,2015,270.5,504.6,6.17,298.6,Flood,2.64,1048.8
YLD003942,CROP015,Sesame,REG003,Punjab,2016,268.4,301.2,6.84,329.4,Drip,4.35,1645.7
YLD003943,CROP015,Sesame,REG003,Punjab,2017,272.6,549.1,7.44,221.4,Drip,2.9,1284.9
YLD003944,CROP015,Sesame,REG003,Punjab,2018,270.3,199.7,7.6,305.6,Sprinkler,0.83,1116.0
YLD003945,CROP015,Sesame,REG003,Punjab,2019,260.8,443.6,6.77,263.8,Drip,4.52,1580.0
YLD003946,CROP015,Sesame,REG003,Punjab,2020,264.4,280.9,6.22,289.3,Sprinkler,2.51,1508.1
YLD003947,CROP015,Sesame,REG003,Punjab,2021,266.8,330.4,5.99,365.1,Rainfed,0.79,1233.3
YLD003951,CROP015,Sesame,REG004,Haryana,2015,263.2,395.9,7.11,307.2,Rainfed,3.3,1532.5
YLD003952,CROP015,Sesame,REG004,Haryana,2016,266.7,297.8,7.07,213.1,Drip,1.79,1706.0
YLD003953,CROP015,Sesame,REG004,Haryana,2017,257.9,235.4,5.88,359.5,Sprinkler,3.78,956.1
YLD003954,CROP015,Sesame,REG004,Haryana,2018,266.4,487.2,6.8,335.0,Flood,3.01,1708.8
YLD003955,CROP015,Sesame,REG004,Haryana,2019,266.8,496.4,6.08,344.7,Rainfed,1.67,1248.6
YLD003956,CROP015,Sesame,REG004,Haryana,2020,265.7,663.3,6.59,177.3,Flood,1.22,1321.1
YLD003957,CROP015,Sesame,REG004,Haryana,2021,261.2,453.5,6.03,280.4,Flood,1.61,1165.9
YLD003961,CROP015,Sesame,REG005,Haryana,2015,268.5,602.0,6.53,287.9,Flood,1.91,1154.6
YLD003962,CROP015,Sesame,REG005,Haryana,2016,263.7,231.7,6.32,326.4,Flood,3.23,925.5
YLD003963,CROP015,Sesame,REG005,Haryana,2017,274.2,543.4,6.37,343.8,Flood,1.44,602.5
YLD003964,CROP015,Sesame,REG005,Haryana,2018,262.9,245.9,6.44,196.3,Drip,1.18,1463.2
YLD003965,CROP015,Sesame,REG005,Haryana,2019,262.7,377.2,6.97,328.8,Rainfed,2.5,1422.4
YLD003966,CROP015,Sesame,REG005,Haryana,2020,264.3,281.3,7.13,281.8,Rainfed,1.94,1101.9
YLD003967,CROP015,Sesame,REG005,Haryana,2021,265.7,233.7,6.85,196.8,Rainfed,1.07,1220.6
YLD003971,CROP015,Sesame,REG006,Uttar Pradesh,2015,269.0,303.7,6.6,188.4,Flood,2.95,1082.1
YLD003972,CROP015,Sesame,REG006,Uttar Pradesh,2016,270.7,419.4,6.89,251.7,Flood,0.92,1177.4
YLD003973,CROP015,Sesame,REG006,Uttar Pradesh,2017,261.8,417.7,6.97,215.8,Sprinkler,2.85,1329.7
YLD003974,CROP015,Sesame,REG006,Uttar Pradesh,2018,266.3,294.7,7.19,356.3,Drip,2.92,1794.3
YLD003975,CROP015,Sesame,REG006,Uttar Pradesh,2019,270.2,239.3,7.48,358.4,Sprinkler,1.67,1169.1
YLD003976,CROP015,Sesame,REG006,Uttar Pradesh,2020,261.6,222.5,6.97,229.9,Sprinkler,3.26,849.8
YLD003977,CROP015,Sesame,REG006,Uttar Pradesh,2021,271.7,426.7,7.27,189.4,Flood,3.08,1278.4
YLD003981,CROP015,Sesame,REG007,Uttar Pradesh,2015,268.1,297.6,6.4,276.3,Drip,1.1,1817.2
YLD003982,CROP015,Sesame,REG007,Uttar Pradesh,2016,266.9,396.9,6.88,294.8,Rainfed,4.21,1523.9
YLD003983,CROP015,Sesame,REG007,Uttar Pradesh,2017,262.8,470.6,7.07,334.0,Sprinkler,4.67,1535.3
YLD003984,CROP015,Sesame,REG007,Uttar Pradesh,2018,266.9,322.0,7.68,380.0,Flood,3.64,1507.7
YLD003985,CROP015,Sesame,REG007,Uttar Pradesh,2019,265.0,598.0,6.98,261.6,Drip,1.21,1646.2
YLD003986,CROP015,Sesame,REG007,Uttar Pradesh,2020,267.1,300.4,7.01,225.7,Drip,2.5,1860.4
YLD003987,CROP015,Sesame,REG007,Uttar Pradesh,2021,262.6,387.1,6.27,341.9,Sprinkler,4.74,1703.0
YLD003991,CROP015,Sesame,REG008,Uttar Pradesh,2015,269.6,237.8,7.18,259.1,Flood,2.15,1024.5
YLD003992,CROP015,Sesame,REG008,Uttar Pradesh,2016,267.2,280.8,5.95,277.4,Rainfed,1.88,1227.8
YLD003993,CROP015,Sesame,REG008,Uttar Pradesh,2017,266.0,491.8,6.57,194.7,Drip,2.93,2156.4
YLD003994,CROP015,Sesame,REG008,Uttar Pradesh,2018,265.1,311.4,6.52,293.3,Drip,2.1,2080.4
YLD003995,CROP015,Sesame,REG008,Uttar Pradesh,2019,261.7,424.1,6.18,197.5,Drip,1.13,1478.9
YLD003996,CROP015,Sesame,REG008,Uttar Pradesh,2020,265.3,374.2,7.13,337.8,Rainfed,0.59,1445.4
YLD003997,CROP015,Sesame,REG008,Uttar Pradesh,2021,264.2,256.6,6.66,280.1,Flood,4.5,1403.8
YLD004001,CROP015,Sesame,REG009,Bihar,2015,264.5,556.1,7.24,314.1,Flood,2.09,1234.6
YLD004002,CROP015,Sesame,REG009,Bihar,2016,269.2,199.2,6.37,349.7,Drip,1.48,1310.2
YLD004003,CROP015,Sesame,REG009,Bihar,2017,263.8,277.5,6.77,242.2,Drip,4.76,1509.6
YLD004004,CROP015,Sesame,REG009,Bihar,2018,266.6,328.4,6.06,237.4,Rainfed,1.27,1376.4
YLD004005,CROP015,Sesame,REG009,Bihar,2019,272.7,344.3,5.93,292.2,Flood,0.52,1150.4
YLD004006,CROP015,Sesame,REG009,Bihar,2020,268.5,532.1,7.08,241.8,Rainfed,4.45,1219.0
YLD004007,CROP015,Sesame,REG009,Bihar,2021,268.9,513.7,7.25,227.3,Rainfed,3.66,968.3
YLD004011,CROP015,Sesame,REG010,Bihar,2015,267.3,297.5,6.95,326.7,Rainfed,4.86,1314.1
YLD004012,CROP015,Sesame,REG010,Bihar,2016,261.9,409.7,5.71,329.6,Flood,3.15,1479.3
YLD004013,CROP015,Sesame,REG010,Bihar,2017,261.2,367.5,7.12,265.9,Drip,3.06,1675.8
YLD004014,CROP015,Sesame,REG010,Bihar,2018,263.4,357.0,6.2,308.2,Drip,2.14,1835.8
YLD004015,CROP015,Sesame,REG010,Bihar,2019,265.5,399.6,6.33,307.0,Flood,1.08,1927.7
YLD004016,CROP015,Sesame,REG010,Bihar,2020,255.9,532.1,6.97,235.8,Rainfed,2.24,300.0
YLD004017,CROP015,Sesame,REG010,Bihar,2021,260.0,171.1,6.99,278.3,Drip,3.92,995.9
YLD004021,CROP015,Sesame,REG011,West Bengal,2015,266.7,429.7,6.79,354.6,Rainfed,2.99,1453.0
YLD004022,CROP015,Sesame,REG011,West Bengal,2016,263.4,679.0,7.18,305.8,Flood,3.02,818.2
YLD004023,CROP015,Sesame,REG011,West Bengal,2017,266.6,139.6,6.74,366.2,Drip,2.44,1099.6
YLD004024,CROP015,Sesame,REG011,West Bengal,2018,261.7,442.4,5.43,231.5,Flood,4.68,1619.5
YLD004025,CROP015,Sesame,REG011,West Bengal,2019,265.8,395.7,6.73,325.6,Rainfed,2.6,1729.6
YLD004026,CROP015,Sesame,REG011,West Bengal,2020,264.6,471.9,6.84,268.5,Rainfed,1.79,1484.1
YLD004027,CROP015,Sesame,REG011,West Bengal,2021,268.7,377.9,6.9,223.6,Rainfed,1.55,1642.3
YLD004031,CROP015,Sesame,REG012,West Bengal,2015,264.2,234.4,6.54,241.7,Flood,3.76,1418.1
YLD004032,CROP015,Sesame,REG012,West Bengal,2016,264.5,379.3,7.12,321.8,Sprinkler,3.69,2051.3
YLD004033,CROP015,Sesame,REG012,West Bengal,2017,265.4,329.6,7.3,371.9,Sprinkler,2.53,2010.0
YLD004034,CROP015,Sesame,REG012,West Bengal,2018,265.6,474.8,6.59,300.7,Flood,1.34,1427.8
YLD004035,CROP015,Sesame,REG012,West Bengal,2019,266.3,316.5,7.18,369.5,Drip,0.78,1757.2
YLD004036,CROP015,Sesame,REG012,West Bengal,2020,273.2,387.2,6.91,303.1,Sprinkler,2.73,1236.5
YLD004037,CROP015,Sesame,REG012,West Bengal,2021,269.8,449.9,6.58,296.2,Drip,1.62,1864.3
YLD004041,CROP015,Sesame,REG013,Madhya Pradesh,2015,273.6,524.6,6.41,303.4,Flood,0.71,664.0
YLD004042,CROP015,Sesame,REG013,Madhya Pradesh,2016,261.7,331.2,6.98,363.2,Drip,3.58,1506.6
YLD004043,CROP015,Sesame,REG013,Madhya Pradesh,2017,270.5,223.2,6.08,310.3,Flood,4.54,632.7
YLD004044,CROP015,Sesame,REG013,Madhya Pradesh,2018,270.3,526.8,6.67,371.8,Sprinkler,4.38,1082.8
YLD004045,CROP015,Sesame,REG013,Madhya Pradesh,2019,270.1,587.6,6.97,278.5,Rainfed,0.87,361.6
YLD004046,CROP015,Sesame,REG013,Madhya Pradesh,2020,262.7,462.0,7.16,167.5,Sprinkler,3.4,1662.8
YLD004047,CROP015,Sesame,REG013,Madhya Pradesh,2021,262.1,227.6,6.36,290.3,Flood,3.18,1090.8
YLD004051,CROP015,Sesame,REG014,Madhya Pradesh,2015,267.6,310.5,7.13,348.7,Flood,2.32,1299.7
YLD004052,CROP015,Sesame,REG014,Madhya Pradesh,2016,258.6,484.5,7.09,313.6,Flood,2.83,996.5
YLD004053,CROP015,Sesame,REG014,Madhya Pradesh,2017,264.1,496.8,6.25,179.6,Sprinkler,4.79,1905.5
YLD004054,CROP015,Sesame,REG014,Madhya Pradesh,2018,264.5,403.5,6.82,223.4,Rainfed,2.73,1369.5
YLD004055,CROP015,Sesame,REG014,Madhya Pradesh,2019,264.4,741.4,7.01,340.8,Rainfed,1.43,300.0
YLD004056,CROP015,Sesame,REG014,Madhya Pradesh,2020,268.5,571.1,6.12,369.7,Drip,2.63,1375.0
YLD004057,CROP015,Sesame,REG014,Madhya Pradesh,2021,266.9,525.0,6.7,293.9,Drip,3.15,1825.3
YLD004061,CROP015,Sesame,REG015,Madhya Pradesh,2015,262.9,491.9,7.78,379.1,Rainfed,0.81,755.0
YLD004062,CROP015,Sesame,REG015,Madhya Pradesh,2016,262.9,405.0,7.21,302.7,Rainfed,1.11,1496.9
YLD004063,CROP015,Sesame,REG015,Madhya Pradesh,2017,258.3,373.9,6.07,231.9,Drip,1.13,1265.7
YLD004064,CROP015,Sesame,REG015,Madhya Pradesh,2018,267.5,439.5,7.93,189.4,Drip,0.78,1591.6
YLD004065,CROP015,Sesame,REG015,Madhya Pradesh,2019,271.4,349.7,6.56,191.5,Sprinkler,3.01,1389.1
YLD004066,CROP015,Sesame,REG015,Madhya Pradesh,2020,264.9,289.2,6.15,182.5,Sprinkler,2.46,1424.8
YLD004067,CROP015,Sesame,REG015,Madhya Pradesh,2021,268.0,466.6,6.83,309.9,Drip,3.93,1910.7
YLD004071,CROP015,Sesame,REG016,Maharashtra,2015,269.9,527.0,6.98,282.4,Sprinkler,2.42,1372.1
YLD004072,CROP015,Sesame,REG016,Maharashtra,2016,264.7,392.3,7.11,270.0,Flood,4.76,1874.2
YLD004073,CROP015,Sesame,REG016,Maharashtra,2017,262.6,444.6,6.12,293.3,Flood,2.42,1421.0
YLD004074,CROP015,Sesame,REG016,Maharashtra,2018,260.3,304.2,6.59,238.7,Rainfed,1.59,644.8
YLD004075,CROP015,Sesame,REG016,Maharashtra,2019,265.4,307.8,5.51,259.6,Flood,1.15,1492.7
YLD004076,CROP015,Sesame,REG016,Maharashtra,2020,263.5,122.2,6.79,400.6,Flood,1.97,686.0
YLD004077,CROP015,Sesame,REG016,Maharashtra,2021,272.9,411.4,6.96,333.0,Sprinkler,1.23,1619.1
YLD004081,CROP015,Sesame,REG017,Maharashtra,2015,265.6,465.4,6.94,354.5,Flood,4.77,1582.5
YLD004082,CROP015,Sesame,REG017,Maharashtra,2016,261.7,505.5,5.2,125.7,Rainfed,2.39,941.1
YLD004083,CROP015,Sesame,REG017,Maharashtra,2017,272.1,544.4,7.36,205.5,Sprinkler,3.05,922.9
YLD004084,CROP015,Sesame,REG017,Maharashtra,2018,267.5,423.6,5.75,306.6,Flood,3.17,1611.1
YLD004085,CROP015,Sesame,REG017,Maharashtra,2019,262.7,77.1,7.0,247.9,Drip,1.01,1075.0
YLD004086,CROP015,Sesame,REG017,Maharashtra,2020,270.5,300.7,6.13,320.2,Drip,1.12,1341.2
YLD004087,CROP015,Sesame,REG017,Maharashtra,2021,262.8,455.0,6.28,246.6,Sprinkler,4.52,1642.9
YLD004091,CROP015,Sesame,REG018,Maharashtra,2015,273.7,316.8,7.62,348.6,Sprinkler,1.8,935.7
YLD004092,CROP015,Sesame,REG018,Maharashtra,2016,268.5,397.6,6.58,293.5,Flood,1.75,1548.2
YLD004093,CROP015,Sesame,REG018,Maharashtra,2017,261.3,288.9,6.73,292.5,Rainfed,4.83,788.7
YLD004094,CROP015,Sesame,REG018,Maharashtra,2018,263.3,302.7,7.14,272.3,Sprinkler,3.74,1580.6
YLD004095,CROP015,Sesame,REG018,Maharashtra,2019,262.7,333.9,6.65,263.9,Rainfed,3.08,1265.3
YLD004096,CROP015,Sesame,REG018,Maharashtra,2020,261.8,290.0,7.54,182.4,Sprinkler,2.38,950.3
YLD004097,CROP015,Sesame,REG018,Maharashtra,2021,265.2,478.9,6.97,338.7,Drip,4.76,2141.7
YLD004101,CROP015,Sesame,REG019,Gujarat,2015,262.8,287.8,6.41,305.4,Flood,2.39,1288.2
YLD004102,CROP015,Sesame,REG019,Gujarat,2016,263.3,374.7,6.69,222.2,Drip,2.96,1909.2
YLD004103,CROP015,Sesame,REG019,Gujarat,2017,267.4,633.2,7.06,319.3,Sprinkler,4.06,1173.2
YLD004104,CROP015,Sesame,REG019,Gujarat,2018,272.1,259.2,6.43,388.0,Sprinkler,2.04,901.7
YLD004105,CROP015,Sesame,REG019,Gujarat,2019,265.8,315.5,6.81,338.4,Flood,2.25,1832.7
YLD004106,CROP015,Sesame,REG019,Gujarat,2020,266.0,477.4,6.34,201.2,Flood,4.74,1810.2
YLD004107,CROP015,Sesame,REG019,Gujarat,2021,265.0,562.8,6.1,160.8,Rainfed,1.05,1197.8
YLD004111,CROP015,Sesame,REG020,Gujarat,2015,272.1,492.0,6.88,326.8,Sprinkler,1.43,1266.2
YLD004112,CROP015,Sesame,REG020,Gujarat,2016,269.4,390.6,6.69,302.9,Drip,1.66,1723.0
YLD004113,CROP015,Sesame,REG020,Gujarat,2017,268.3,345.5,7.28,256.5,Sprinkler,2.93,1916.2
YLD004114,CROP015,Sesame,REG020,Gujarat,2018,268.8,267.8,6.87,237.3,Sprinkler,3.54,1487.6
YLD004115,CROP015,Sesame,REG020,Gujarat,2019,259.4,382.8,6.27,271.7,Drip,1.37,1683.8
YLD004116,CROP015,Sesame,REG020,Gujarat,2020,269.3,72.0,7.1,353.5,Drip,3.84,796.1
YLD004117,CROP015,Sesame,REG020,Gujarat,2021,266.7,204.3,7.02,356.8,Drip,0.84,1410.5
YLD004121,CROP015,Sesame,REG021,Rajasthan,2015,261.5,230.7,7.6,321.4,Rainfed,3.82,864.7
YLD004122,CROP015,Sesame,REG021,Rajasthan,2016,269.8,452.7,6.78,233.7,Flood,4.78,1397.2
YLD004123,CROP015,Sesame,REG021,Rajasthan,2017,260.4,290.6,6.05,185.8,Rainfed,1.02,939.2
YLD004124,CROP015,Sesame,REG021,Rajasthan,2018,259.7,366.5,6.59,272.3,Rainfed,1.44,862.8
YLD004125,CROP015,Sesame,REG021,Rajasthan,2019,262.9,376.8,7.38,351.6,Rainfed,2.23,1241.5
YLD004126,CROP015,Sesame,REG021,Rajasthan,2020,265.5,563.1,6.54,345.7,Flood,0.82,1398.0
YLD004127,CROP015,Sesame,REG021,Rajasthan,2021,260.5,342.5,7.11,290.5,Rainfed,3.67,962.6
YLD004131,CROP015,Sesame,REG022,Rajasthan,2015,269.8,272.9,6.35,296.5,Sprinkler,4.33,1259.8
YLD004132,CROP015,Sesame,REG022,Rajasthan,2016,271.8,492.9,7.13,363.8,Sprinkler,3.46,1302.6
YLD004133,CROP015,Sesame,REG022,Rajasthan,2017,261.4,228.5,6.9,328.4,Rainfed,4.85,743.1
YLD004134,CROP015,Sesame,REG022,Rajasthan,2018,261.2,261.7,6.81,327.9,Drip,2.87,1290.4
YLD004135,CROP015,Sesame,REG022,Rajasthan,2019,264.0,345.7,6.74,263.5,Drip,4.98,1851.2
YLD004136,CROP015,Sesame,REG022,Rajasthan,2020,270.9,383.9,6.66,345.2,Rainfed,3.48,1169.8
YLD004137,CROP015,Sesame,REG022,Rajasthan,2021,264.8,383.6,6.35,275.5,Sprinkler,3.9,1931.2
YLD004141,CROP015,Sesame,REG023,Karnataka,2015,262.6,398.2,6.32,226.3,Drip,3.05,1902.0
YLD004142,CROP015,Sesame,REG023,Karnataka,2016,272.5,643.1,7.12,284.7,Sprinkler,3.24,802.0
YLD004143,CROP015,Sesame,REG023,Karnataka,2017,266.9,357.8,5.69,311.1,Rainfed,4.49,1286.9
YLD004144,CROP015,Sesame,REG023,Karnataka,2018,266.0,610.4,6.79,288.1,Flood,1.74,1394.2
YLD004145,CROP015,Sesame,REG023,Karnataka,2019,266.5,109.9,6.18,468.9,Flood,2.32,1239.6
YLD004146,CROP015,Sesame,REG023,Karnataka,2020,263.4,355.7,7.26,243.1,Rainfed,2.67,1309.9
YLD004147,CROP015,Sesame,REG023,Karnataka,2021,270.6,418.7,7.67,387.2,Sprinkler,2.11,1396.5
YLD004151,CROP015,Sesame,REG024,Karnataka,2015,270.7,445.8,6.62,286.5,Drip,2.65,1716.4
YLD004152,CROP015,Sesame,REG024,Karnataka,2016,263.0,332.6,6.3,249.6,Flood,4.3,1493.7
YLD004153,CROP015,Sesame,REG024,Karnataka,2017,265.8,294.8,7.65,357.4,Sprinkler,2.17,1647.5
YLD004154,CROP015,Sesame,REG024,Karnataka,2018,261.9,360.3,6.7,328.9,Flood,3.97,1509.6
YLD004155,CROP015,Sesame,REG024,Karnataka,2019,268.5,305.0,6.48,279.2,Sprinkler,2.81,1817.3
YLD004156,CROP015,Sesame,REG024,Karnataka,2020,261.5,304.6,6.58,368.4,Sprinkler,0.76,1354.6
YLD004157,CROP015,Sesame,REG024,Karnataka,2021,277.0,410.0,5.86,261.5,Drip,3.58,979.1
YLD004161,CROP015,Sesame,REG025,Andhra Pradesh,2015,261.8,140.9,7.0,241.2,Rainfed,4.93,395.8
YLD004162,CROP015,Sesame,REG025,Andhra Pradesh,2016,272.0,413.1,6.09,191.1,Flood,1.78,1261.7
YLD004163,CROP015,Sesame,REG025,Andhra Pradesh,2017,265.5,401.8,7.61,295.4,Drip,2.42,2051.7
YLD004164,CROP015,Sesame,REG025,Andhra Pradesh,2018,267.0,270.1,6.95,301.3,Flood,1.2,1362.5
YLD004165,CROP015,Sesame,REG025,Andhra Pradesh,2019,266.5,464.0,6.85,348.7,Drip,1.17,2077.1
YLD004166,CROP015,Sesame,REG025,Andhra Pradesh,2020,270.5,570.5,7.34,319.3,Drip,3.89,1126.4
YLD004167,CROP015,Sesame,REG025,Andhra Pradesh,2021,267.5,293.6,7.12,215.6,Rainfed,3.5,1050.4
YLD004171,CROP015,Sesame,REG026,Andhra Pradesh,2015,263.6,310.8,6.86,343.2,Flood,4.41,1620.3
YLD004172,CROP015,Sesame,REG026,Andhra Pradesh,2016,265.9,589.5,5.75,227.8,Drip,4.45,1512.4
YLD004173,CROP015,Sesame,REG026,Andhra Pradesh,2017,265.7,406.9,7.07,394.5,Flood,2.21,1524.2
YLD004174,CROP015,Sesame,REG026,Andhra Pradesh,2018,266.4,463.5,6.61,197.5,Drip,2.04,1996.3
YLD004175,CROP015,Sesame,REG026,Andhra Pradesh,2019,264.4,377.4,6.4,324.5,Drip,0.77,2097.3
YLD004176,CROP015,Sesame,REG026,Andhra Pradesh,2020,270.0,297.1,6.62,319.9,Drip,4.56,1353.9
YLD004177,CROP015,Sesame,REG026,Andhra Pradesh,2021,265.9,290.1,6.24,244.9,Rainfed,2.84,1371.0
YLD004181,CROP015,Sesame,REG027,Tamil Nadu,2015,264.1,131.6,7.24,295.6,Rainfed,0.58,663.1
YLD004182,CROP015,Sesame,REG027,Tamil Nadu,2016,265.4,480.5,6.34,247.3,Flood,2.9,1730.5
YLD004183,CROP015,Sesame,REG027,Tamil Nadu,2017,267.8,494.5,6.48,298.0,Drip,1.43,1954.9
YLD004184,CROP015,Sesame,REG027,Tamil Nadu,2018,266.6,370.8,7.6,367.7,Flood,1.06,2017.9
YLD004185,CROP015,Sesame,REG027,Tamil Nadu,2019,274.1,410.3,6.46,247.4,Flood,1.56,1022.9
YLD004186,CROP015,Sesame,REG027,Tamil Nadu,2020,266.5,541.0,6.97,304.6,Drip,0.55,1562.7
YLD004187,CROP015,Sesame,REG027,Tamil Nadu,2021,262.7,224.6,6.43,305.0,Sprinkler,4.49,1517.3
YLD004191,CROP015,Sesame,REG028,Tamil Nadu,2015,271.6,489.2,6.91,275.7,Rainfed,4.87,899.8
YLD004192,CROP015,Sesame,REG028,Tamil Nadu,2016,270.4,332.2,6.57,238.9,Sprinkler,4.22,1470.7
YLD004193,CROP015,Sesame,REG028,Tamil Nadu,2017,267.4,346.3,7.09,270.2,Rainfed,1.81,1281.3
YLD004194,CROP015,Sesame,REG028,Tamil Nadu,2018,266.6,530.0,6.15,314.8,Drip,0.76,1690.0
YLD004195,CROP015,Sesame,REG028,Tamil Nadu,2019,264.2,409.7,6.28,288.8,Flood,4.11,1670.5
YLD004196,CROP015,Sesame,REG028,Tamil Nadu,2020,267.4,561.3,6.73,361.5,Drip,1.19,1678.4
YLD004197,CROP015,Sesame,REG028,Tamil Nadu,2021,262.5,233.4,6.2,305.4,Drip,2.77,1271.9
YLD004201,CROP016,Cotton,REG001,Punjab,2015,295.6,651.9,7.69,357.3,Drip,1.88,3941.8
YLD004202,CROP016,Cotton,REG001,Punjab,2016,287.5,799.6,6.27,233.7,Rainfed,2.16,2763.2
YLD004203,CROP016,Cotton,REG001,Punjab,2017,294.0,974.7,6.61,247.1,Flood,4.46,3379.5
YLD004204,CROP016,Cotton,REG001,Punjab,2018,298.4,683.4,7.24,281.2,Flood,3.26,3163.9
YLD004205,CROP016,Cotton,REG001,Punjab,2019,289.4,1141.8,6.4,187.6,Drip,2.66,3882.3
YLD004206,CROP016,Cotton,REG001,Punjab,2020,290.4,575.3,7.79,317.1,Flood,4.53,4532.8
YLD004207,CROP016,Cotton,REG001,Punjab,2021,294.3,594.0,6.4,281.2,Rainfed,4.39,2779.7
YLD004211,CROP016,Cotton,REG002,Punjab,2015,290.5,629.8,5.44,263.9,Drip,2.79,5456.0
YLD004212,CROP016,Cotton,REG002,Punjab,2016,286.1,589.0,6.47,332.0,Rainfed,3.56,1944.0
YLD004213,CROP016,Cotton,REG002,Punjab,2017,295.3,514.2,6.69,381.6,Drip,0.58,4195.1
YLD004214,CROP016,Cotton,REG002,Punjab,2018,294.3,791.7,7.44,306.4,Flood,4.66,4083.6
YLD004215,CROP016,Cotton,REG002,Punjab,2019,290.4,675.3,7.0,164.7,Rainfed,3.57,4561.0
YLD004216,CROP016,Cotton,REG002,Punjab,2020,285.4,813.5,7.23,327.4,Rainfed,2.87,2777.9
YLD004217,CROP016,Cotton,REG002,Punjab,2021,290.5,583.6,6.95,223.3,Sprinkler,1.22,4601.7
YLD004221,CROP016,Cotton,REG003,Punjab,2015,291.6,1172.8,6.91,201.7,Drip,2.96,3651.3
YLD004222,CROP016,Cotton,REG003,Punjab,2016,292.9,258.2,7.48,249.3,Flood,4.47,2763.3
YLD004223,CROP016,Cotton,REG003,Punjab,2017,290.0,978.1,7.0,302.2,Drip,2.44,4111.9
YLD004224,CROP016,Cotton,REG003,Punjab,2018,292.4,372.2,6.84,267.6,Rainfed,4.47,1856.0
YLD004225,CROP016,Cotton,REG003,Punjab,2019,285.4,991.5,6.15,195.1,Flood,3.03,2150.6
YLD004226,CROP016,Cotton,REG003,Punjab,2020,285.2,632.6,7.14,303.4,Flood,3.47,3422.3
YLD004227,CROP016,Cotton,REG003,Punjab,2021,279.3,500.5,6.65,206.4,Drip,0.97,2472.8
YLD004231,CROP016,Cotton,REG004,Haryana,2015,292.1,1103.0,6.75,295.7,Flood,1.65,3384.1
YLD004232,CROP016,Cotton,REG004,Haryana,2016,289.7,490.9,5.9,292.3,Rainfed,4.93,2948.9
YLD004233,CROP016,Cotton,REG004,Haryana,2017,283.4,440.2,7.0,288.0,Rainfed,4.43,1215.4
YLD004234,CROP016,Cotton,REG004,Haryana,2018,288.7,342.7,6.65,178.8,Flood,0.83,2956.3
YLD004235,CROP016,Cotton,REG004,Haryana,2019,291.8,431.0,6.26,274.1,Drip,4.45,4465.9
YLD004236,CROP016,Cotton,REG004,Haryana,2020,290.8,1145.8,6.44,181.5,Drip,4.67,5164.8
YLD004237,CROP016,Cotton,REG004,Haryana,2021,292.8,824.0,6.63,180.3,Flood,4.16,4911.2
YLD004241,CROP016,Cotton,REG005,Haryana,2015,288.2,570.5,6.93,249.5,Rainfed,4.36,3254.4
YLD004242,CROP016,Cotton,REG005,Haryana,2016,287.4,645.8,7.09,245.5,Drip,2.44,4040.3
YLD004243,CROP016,Cotton,REG005,Haryana,2017,287.7,655.7,7.07,337.8,Rainfed,0.51,3456.2
YLD004244,CROP016,Cotton,REG005,Haryana,2018,292.2,699.1,7.4,274.4,Drip,3.6,5590.0
YLD004245,CROP016,Cotton,REG005,Haryana,2019,295.5,798.3,6.98,405.6,Flood,1.35,3569.7
YLD004246,CROP016,Cotton,REG005,Haryana,2020,295.9,656.8,6.11,236.3,Flood,4.26,3364.5
YLD004247,CROP016,Cotton,REG005,Haryana,2021,294.7,80.8,6.37,309.7,Drip,3.06,2531.6
YLD004251,CROP016,Cotton,REG006,Uttar Pradesh,2015,289.5,1008.3,6.62,321.3,Drip,2.41,3917.6
YLD004252,CROP016,Cotton,REG006,Uttar Pradesh,2016,293.0,667.9,6.46,178.3,Rainfed,1.6,3295.6
YLD004253,CROP016,Cotton,REG006,Uttar Pradesh,2017,284.9,588.6,6.08,278.3,Rainfed,0.96,2893.6
YLD004254,CROP016,Cotton,REG006,Uttar Pradesh,2018,289.6,586.3,6.23,226.9,Flood,3.01,5088.5
YLD004255,CROP016,Cotton,REG006,Uttar Pradesh,2019,287.5,427.4,6.31,214.1,Flood,2.19,2692.9
YLD004256,CROP016,Cotton,REG006,Uttar Pradesh,2020,289.8,867.4,6.57,249.2,Sprinkler,2.99,4865.9
YLD004257,CROP016,Cotton,REG006,Uttar Pradesh,2021,283.3,684.0,6.59,319.2,Flood,4.86,3182.9
YLD004261,CROP016,Cotton,REG007,Uttar Pradesh,2015,296.8,644.4,6.87,314.2,Rainfed,3.11,2453.7
YLD004262,CROP016,Cotton,REG007,Uttar Pradesh,2016,291.5,568.3,6.94,212.7,Drip,3.44,5358.7
YLD004263,CROP016,Cotton,REG007,Uttar Pradesh,2017,286.3,665.6,6.98,294.7,Rainfed,4.75,3166.3
YLD004264,CROP016,Cotton,REG007,Uttar Pradesh,2018,295.0,356.3,6.87,385.0,Drip,2.4,2293.1
YLD004265,CROP016,Cotton,REG007,Uttar Pradesh,2019,290.2,560.6,7.74,100.0,Flood,1.07,4661.5
YLD004266,CROP016,Cotton,REG007,Uttar Pradesh,2020,290.7,1003.7,6.59,310.8,Rainfed,3.13,2782.3
YLD004267,CROP016,Cotton,REG007,Uttar Pradesh,2021,294.3,679.4,6.05,252.5,Drip,0.84,4305.0
YLD004271,CROP016,Cotton,REG008,Uttar Pradesh,2015,291.7,610.1,6.25,321.2,Flood,3.63,4962.9
YLD004272,CROP016,Cotton,REG008,Uttar Pradesh,2016,290.9,697.2,7.07,294.8,Rainfed,2.0,4906.8
YLD004273,CROP016,Cotton,REG008,Uttar Pradesh,2017,291.7,837.6,6.92,335.6,Drip,2.29,5726.2
YLD004274,CROP016,Cotton,REG008,Uttar Pradesh,2018,287.9,883.4,6.66,216.2,Rainfed,0.96,3834.9
YLD004275,CROP016,Cotton,REG008,Uttar Pradesh,2019,289.3,638.5,6.79,328.4,Flood,3.42,4547.4
YLD004276,CROP016,Cotton,REG008,Uttar Pradesh,2020,294.2,1013.9,6.9,280.8,Flood,1.48,3482.6
YLD004277,CROP016,Cotton,REG008,Uttar Pradesh,2021,291.4,599.2,6.49,358.3,Flood,4.23,4947.1
YLD004281,CROP016,Cotton,REG009,Bihar,2015,293.4,713.5,7.03,335.4,Sprinkler,2.11,4390.8
YLD004282,CROP016,Cotton,REG009,Bihar,2016,294.2,661.3,6.3,268.4,Drip,2.57,5653.3
YLD004283,CROP016,Cotton,REG009,Bihar,2017,294.5,967.4,7.05,302.7,Drip,3.7,4109.7
YLD004284,CROP016,Cotton,REG009,Bihar,2018,288.4,516.9,6.24,247.8,Flood,4.11,4110.6
YLD004285,CROP016,Cotton,REG009,Bihar,2019,291.3,426.6,6.15,217.8,Flood,0.68,3943.0
YLD004286,CROP016,Cotton,REG009,Bihar,2020,292.6,413.4,6.27,331.6,Drip,1.63,3897.5
YLD004287,CROP016,Cotton,REG009,Bihar,2021,291.1,739.8,7.48,359.8,Drip,4.57,5963.6
YLD004291,CROP016,Cotton,REG010,Bihar,2015,287.7,409.7,7.02,305.9,Flood,1.63,2463.0
YLD004292,CROP016,Cotton,REG010,Bihar,2016,285.0,810.6,7.15,316.1,Flood,4.22,4067.8
YLD004293,CROP016,Cotton,REG010,Bihar,2017,291.3,294.9,5.61,241.1,Flood,4.38,3630.9
YLD004294,CROP016,Cotton,REG010,Bihar,2018,291.1,1165.4,7.04,389.2,Drip,2.7,3934.2
YLD004295,CROP016,Cotton,REG010,Bihar,2019,289.1,655.6,6.91,370.2,Sprinkler,0.53,4910.5
YLD004296,CROP016,Cotton,REG010,Bihar,2020,294.5,1185.6,7.27,285.7,Flood,2.33,1646.2
YLD004297,CROP016,Cotton,REG010,Bihar,2021,292.4,774.7,6.82,341.6,Drip,3.16,5755.8
YLD004301,CROP016,Cotton,REG011,West Bengal,2015,291.7,989.0,6.91,339.9,Sprinkler,4.77,3147.9
YLD004302,CROP016,Cotton,REG011,West Bengal,2016,295.3,713.9,5.94,431.3,Drip,4.14,5454.6
YLD004303,CROP016,Cotton,REG011,West Bengal,2017,290.3,765.9,5.76,282.6,Sprinkler,3.43,5038.8
YLD004304,CROP016,Cotton,REG011,West Bengal,2018,291.1,877.9,7.05,315.3,Sprinkler,4.44,4566.5
YLD004305,CROP016,Cotton,REG011,West Bengal,2019,294.1,1246.0,6.35,136.8,Drip,3.45,2225.3
YLD004306,CROP016,Cotton,REG011,West Bengal,2020,291.1,284.5,5.9,139.0,Sprinkler,0.96,3438.9
YLD004307,CROP016,Cotton,REG011,West Bengal,2021,294.6,625.9,5.97,263.6,Sprinkler,4.56,4808.6
YLD004311,CROP016,Cotton,REG012,West Bengal,2015,292.3,659.0,6.24,234.0,Flood,4.87,4949.6
YLD004312,CROP016,Cotton,REG012,West Bengal,2016,296.2,344.2,5.72,409.6,Sprinkler,2.83,2439.8
YLD004313,CROP016,Cotton,REG012,West Bengal,2017,295.2,749.7,6.55,280.4,Flood,3.08,4294.5
YLD004314,CROP016,Cotton,REG012,West Bengal,2018,290.8,969.1,6.85,176.0,Rainfed,1.85,3825.1
YLD004315,CROP016,Cotton,REG012,West Bengal,2019,292.4,342.8,6.91,314.6,Drip,4.79,4412.4
YLD004316,CROP016,Cotton,REG012,West Bengal,2020,294.5,681.6,6.08,277.7,Sprinkler,2.31,5662.7
YLD004317,CROP016,Cotton,REG012,West Bengal,2021,295.3,969.0,6.45,369.1,Sprinkler,2.33,3324.3
YLD004321,CROP016,Cotton,REG013,Madhya Pradesh,2015,293.3,1208.8,7.23,247.8,Sprinkler,3.81,2060.9
YLD004322,CROP016,Cotton,REG013,Madhya Pradesh,2016,284.8,790.3,6.77,242.5,Drip,1.61,4048.8
YLD004323,CROP016,Cotton,REG013,Madhya Pradesh,2017,284.9,646.1,7.34,366.3,Sprinkler,1.74,3480.5
YLD004324,CROP016,Cotton,REG013,Madhya Pradesh,2018,301.7,932.0,6.29,366.0,Drip,0.72,2586.2
YLD004325,CROP016,Cotton,REG013,Madhya Pradesh,2019,291.6,694.7,6.31,272.0,Rainfed,4.75,3687.9
YLD004326,CROP016,Cotton,REG013,Madhya Pradesh,2020,285.2,523.7,7.87,457.7,Rainfed,2.04,2324.6
YLD004327,CROP016,Cotton,REG013,Madhya Pradesh,2021,294.9,699.1,5.74,443.0,Rainfed,4.88,3404.4
YLD004331,CROP016,Cotton,REG014,Madhya Pradesh,2015,292.5,805.2,7.62,287.0,Flood,1.68,4633.4
YLD004332,CROP016,Cotton,REG014,Madhya Pradesh,2016,294.0,1089.2,7.21,176.2,Sprinkler,2.82,3690.8
YLD004333,CROP016,Cotton,REG014,Madhya Pradesh,2017,289.2,965.9,6.58,388.4,Drip,3.08,4359.8
YLD004334,CROP016,Cotton,REG014,Madhya Pradesh,2018,290.1,794.2,7.67,272.2,Drip,2.26,5245.5
YLD004335,CROP016,Cotton,REG014,Madhya Pradesh,2019,290.5,874.2,6.41,261.4,Sprinkler,1.96,4610.4
YLD004336,CROP016,Cotton,REG014,Madhya Pradesh,2020,290.4,747.7,6.41,338.9,Rainfed,0.74,4422.6
YLD004337,CROP016,Cotton,REG014,Madhya Pradesh,2021,285.7,723.0,5.99,240.9,Drip,4.08,4095.9
YLD004341,CROP016,Cotton,REG015,Madhya Pradesh,2015,289.0,985.7,6.0,325.2,Rainfed,4.41,1849.2
YLD004342,CROP016,Cotton,REG015,Madhya Pradesh,2016,295.2,680.0,6.59,301.1,Sprinkler,4.7,5013.6
YLD004343,CROP016,Cotton,REG015,Madhya Pradesh,2017,291.7,747.7,7.01,315.7,Flood,0.92,4414.5
YLD004344,CROP016,Cotton,REG015,Madhya Pradesh,2018,292.6,832.8,6.34,278.8,Flood,4.03,4126.9
YLD004345,CROP016,Cotton,REG015,Madhya Pradesh,2019,292.3,727.8,5.88,148.2,Rainfed,3.61,3817.9
YLD004346,CROP016,Cotton,REG015,Madhya Pradesh,2020,290.9,905.2,6.77,379.9,Rainfed,1.44,3502.9
YLD004347,CROP016,Cotton,REG015,Madhya Pradesh,2021,290.3,836.5,6.74,316.3,Sprinkler,2.02,4778.8
YLD004351,CROP016,Cotton,REG016,Maharashtra,2015,293.5,822.0,6.71,153.3,Drip,0.63,4781.7
YLD004352,CROP016,Cotton,REG016,Maharashtra,2016,296.4,404.5,6.58,251.5,Flood,1.73,3071.5
YLD004353,CROP016,Cotton,REG016,Maharashtra,2017,287.6,653.7,5.73,313.3,Sprinkler,1.39,4441.3
YLD004354,CROP016,Cotton,REG016,Maharashtra,2018,291.0,595.4,6.84,356.8,Rainfed,3.43,4303.3
YLD004355,CROP016,Cotton,REG016,Maharashtra,2019,289.3,883.4,6.41,298.9,Rainfed,1.95,3536.3
YLD004356,CROP016,Cotton,REG016,Maharashtra,2020,290.6,590.6,6.61,289.8,Flood,0.6,5387.3
YLD004357,CROP016,Cotton,REG016,Maharashtra,2021,288.9,956.6,6.94,238.5,Rainfed,2.42,3578.5
YLD004361,CROP016,Cotton,REG017,Maharashtra,2015,290.3,690.1,7.48,220.8,Drip,3.31,4643.6
YLD004362,CROP016,Cotton,REG017,Maharashtra,2016,293.5,612.0,6.37,280.5,Rainfed,1.52,2655.1
YLD004363,CROP016,Cotton,REG017,Maharashtra,2017,288.8,652.8,6.97,216.1,Drip,0.94,5005.3
YLD004364,CROP016,Cotton,REG017,Maharashtra,2018,290.8,611.0,5.93,251.4,Flood,1.35,4843.6
YLD004365,CROP016,Cotton,REG017,Maharashtra,2019,288.8,927.1,7.72,287.3,Drip,0.63,4566.9
YLD004366,CROP016,Cotton,REG017,Maharashtra,2020,286.6,787.4,6.72,255.4,Rainfed,3.88,2697.7
YLD004367,CROP016,Cotton,REG017,Maharashtra,2021,282.8,871.5,7.56,319.1,Sprinkler,4.85,2883.2
YLD004371,CROP016,Cotton,REG018,Maharashtra,2015,287.3,500.0,6.45,293.8,Flood,1.38,3931.8
YLD004372,CROP016,Cotton,REG018,Maharashtra,2016,291.4,412.0,6.91,375.7,Drip,0.67,4200.8
YLD004373,CROP016,Cotton,REG018,Maharashtra,2017,288.6,1017.4,6.93,261.7,Rainfed,4.26,1819.6
YLD004374,CROP016,Cotton,REG018,Maharashtra,2018,287.9,823.7,7.12,239.3,Flood,4.08,4405.2
YLD004375,CROP016,Cotton,REG018,Maharashtra,2019,297.2,910.8,6.13,225.4,Flood,4.22,2652.4
YLD004376,CROP016,Cotton,REG018,Maharashtra,2020,292.7,556.2,5.86,243.4,Rainfed,3.59,2986.4
YLD004377,CROP016,Cotton,REG018,Maharashtra,2021,289.5,1023.0,7.03,360.9,Drip,1.6,4095.7
YLD004381,CROP016,Cotton,REG019,Gujarat,2015,287.4,432.4,7.52,360.3,Drip,3.07,3802.3
YLD004382,CROP016,Cotton,REG019,Gujarat,2016,292.0,466.8,6.34,232.4,Sprinkler,2.32,4566.3
YLD004383,CROP016,Cotton,REG019,Gujarat,2017,291.9,497.5,6.29,293.9,Drip,2.93,4949.4
YLD004384,CROP016,Cotton,REG019,Gujarat,2018,297.5,682.1,6.67,300.9,Sprinkler,1.39,3464.4
YLD004385,CROP016,Cotton,REG019,Gujarat,2019,294.1,1002.4,6.88,194.4,Flood,1.62,3052.2
YLD004386,CROP016,Cotton,REG019,Gujarat,2020,290.7,490.6,7.26,311.4,Sprinkler,1.89,4445.5
YLD004387,CROP016,Cotton,REG019,Gujarat,2021,289.6,581.3,6.46,323.5,Flood,4.26,4362.3
YLD004391,CROP016,Cotton,REG020,Gujarat,2015,293.0,787.2,6.96,295.8,Flood,1.94,3365.9
YLD004392,CROP016,Cotton,REG020,Gujarat,2016,291.3,994.9,6.7,349.9,Rainfed,5.0,2384.3
YLD004393,CROP016,Cotton,REG020,Gujarat,2017,285.2,479.8,7.92,170.5,Drip,3.32,3318.1
YLD004394,CROP016,Cotton,REG020,Gujarat,2018,294.9,1145.4,6.91,199.8,Drip,0.55,2813.7
YLD004395,CROP016,Cotton,REG020,Gujarat,2019,291.9,826.3,6.4,183.8,Sprinkler,3.9,4684.2
YLD004396,CROP016,Cotton,REG020,Gujarat,2020,286.5,482.3,6.34,403.9,Rainfed,4.14,2845.5
YLD004397,CROP016,Cotton,REG020,Gujarat,2021,294.0,480.0,6.18,247.8,Rainfed,3.89,2177.2
YLD004401,CROP016,Cotton,REG021,Rajasthan,2015,290.5,832.7,6.23,207.8,Rainfed,2.97,3354.9
YLD004402,CROP016,Cotton,REG021,Rajasthan,2016,285.8,461.0,6.01,218.1,Rainfed,4.82,825.0
YLD004403,CROP016,Cotton,REG021,Rajasthan,2017,287.3,1102.8,6.58,373.4,Rainfed,4.31,1503.6
YLD004404,CROP016,Cotton,REG021,Rajasthan,2018,292.5,528.9,7.0,222.2,Rainfed,4.02,2417.7
YLD004405,CROP016,Cotton,REG021,Rajasthan,2019,290.4,923.8,5.68,285.1,Flood,2.35,3933.3
YLD004406,CROP016,Cotton,REG021,Rajasthan,2020,283.3,604.7,7.05,270.2,Drip,0.7,2825.1
YLD004407,CROP016,Cotton,REG021,Rajasthan,2021,288.8,727.8,6.75,246.3,Rainfed,2.61,3206.8
YLD004411,CROP016,Cotton,REG022,Rajasthan,2015,290.3,872.1,6.45,304.7,Flood,1.75,5189.6
YLD004412,CROP016,Cotton,REG022,Rajasthan,2016,296.4,811.1,7.06,234.9,Sprinkler,3.39,3654.3
YLD004413,CROP016,Cotton,REG022,Rajasthan,2017,296.0,1001.1,7.37,303.9,Sprinkler,1.13,2119.5
YLD004414,CROP016,Cotton,REG022,Rajasthan,2018,288.1,598.3,6.92,185.3,Rainfed,3.95,3603.5
YLD004415,CROP016,Cotton,REG022,Rajasthan,2019,295.3,700.1,6.11,262.4,Drip,1.42,4499.6
YLD004416,CROP016,Cotton,REG022,Rajasthan,2020,293.4,926.5,6.13,216.7,Rainfed,2.45,2667.8
YLD004417,CROP016,Cotton,REG022,Rajasthan,2021,289.1,998.4,6.23,170.7,Flood,3.61,3473.2
YLD004421,CROP016,Cotton,REG023,Karnataka,2015,290.9,713.2,6.44,329.6,Drip,0.68,6362.4
YLD004422,CROP016,Cotton,REG023,Karnataka,2016,292.8,1179.7,6.72,434.6,Sprinkler,2.76,3776.4
YLD004423,CROP016,Cotton,REG023,Karnataka,2017,289.0,584.4,6.39,243.9,Sprinkler,0.6,4795.9
YLD004424,CROP016,Cotton,REG023,Karnataka,2018,294.2,772.3,6.33,348.9,Drip,1.79,4935.4
YLD004425,CROP016,Cotton,REG023,Karnataka,2019,290.2,704.1,6.66,279.5,Sprinkler,1.23,5112.5
YLD004426,CROP016,Cotton,REG023,Karnataka,2020,292.1,130.9,6.87,166.4,Sprinkler,4.05,2769.8
YLD004427,CROP016,Cotton,REG023,Karnataka,2021,290.3,835.9,6.21,220.4,Sprinkler,0.82,4954.0
YLD004431,CROP016,Cotton,REG024,Karnataka,2015,291.1,329.6,6.92,228.6,Sprinkler,1.86,4102.1
YLD004432,CROP016,Cotton,REG024,Karnataka,2016,290.1,922.0,6.67,208.9,Rainfed,4.51,4197.5
YLD004433,CROP016,Cotton,REG024,Karnataka,2017,290.3,694.8,6.59,331.8,Drip,0.75,5794.1
YLD004434,CROP016,Cotton,REG024,Karnataka,2018,285.8,945.0,7.3,266.0,Rainfed,4.69,1697.8
YLD004435,CROP016,Cotton,REG024,Karnataka,2019,292.1,254.4,6.16,277.1,Rainfed,3.78,1356.2
YLD004436,CROP016,Cotton,REG024,Karnataka,2020,283.1,768.8,7.16,379.9,Flood,4.16,2434.3
YLD004437,CROP016,Cotton,REG024,Karnataka,2021,287.3,635.1,6.17,290.9,Flood,2.16,4369.2
YLD004441,CROP016,Cotton,REG025,Andhra Pradesh,2015,293.9,1095.6,6.47,310.4,Drip,2.57,3771.7
YLD004442,CROP016,Cotton,REG025,Andhra Pradesh,2016,288.5,526.8,6.31,284.3,Rainfed,1.84,2936.8
YLD004443,CROP016,Cotton,REG025,Andhra Pradesh,2017,290.0,891.1,6.66,267.5,Drip,1.72,4888.5
YLD004444,CROP016,Cotton,REG025,Andhra Pradesh,2018,290.4,944.2,7.87,368.4,Drip,0.76,4321.7
YLD004445,CROP016,Cotton,REG025,Andhra Pradesh,2019,292.0,451.7,7.13,341.1,Flood,0.77,3978.1
YLD004446,CROP016,Cotton,REG025,Andhra Pradesh,2020,289.3,950.2,7.09,289.8,Drip,4.31,4175.2
YLD004447,CROP016,Cotton,REG025,Andhra Pradesh,2021,291.0,672.4,7.09,160.9,Rainfed,3.66,3560.2
YLD004451,CROP016,Cotton,REG026,Andhra Pradesh,2015,295.1,555.1,7.08,278.1,Flood,4.58,3409.0
YLD004452,CROP016,Cotton,REG026,Andhra Pradesh,2016,290.3,751.3,6.5,202.6,Drip,4.07,5673.8
YLD004453,CROP016,Cotton,REG026,Andhra Pradesh,2017,290.1,846.9,6.38,266.7,Drip,1.2,4289.6
YLD004454,CROP016,Cotton,REG026,Andhra Pradesh,2018,287.6,949.6,7.1,294.5,Rainfed,3.98,2767.1
YLD004455,CROP016,Cotton,REG026,Andhra Pradesh,2019,293.0,666.9,6.32,296.4,Rainfed,3.7,3705.7
YLD004456,CROP016,Cotton,REG026,Andhra Pradesh,2020,287.9,907.6,7.58,170.2,Sprinkler,2.28,4311.5
YLD004457,CROP016,Cotton,REG026,Andhra Pradesh,2021,296.1,564.5,6.16,227.7,Rainfed,4.28,2697.5
YLD004461,CROP016,Cotton,REG027,Tamil Nadu,2015,287.5,626.7,6.91,329.0,Rainfed,3.89,3216.4
YLD004462,CROP016,Cotton,REG027,Tamil Nadu,2016,288.8,891.4,7.25,310.1,Rainfed,4.59,3055.2
YLD004463,CROP016,Cotton,REG027,Tamil Nadu,2017,287.4,550.5,6.59,367.3,Rainfed,2.8,2781.9
YLD004464,CROP016,Cotton,REG027,Tamil Nadu,2018,287.1,528.4,6.94,314.1,Flood,2.49,3246.3
YLD004465,CROP016,Cotton,REG027,Tamil Nadu,2019,295.1,832.8,7.15,162.5,Rainfed,4.05,3103.7
YLD004466,CROP016,Cotton,REG027,Tamil Nadu,2020,293.8,935.8,7.08,270.4,Flood,2.02,2584.9
YLD004467,CROP016,Cotton,REG027,Tamil Nadu,2021,295.0,771.6,6.03,212.2,Flood,1.69,3971.2
YLD004471,CROP016,Cotton,REG028,Tamil Nadu,2015,292.3,780.7,6.43,301.1,Drip,1.62,5421.3
YLD004472,CROP016,Cotton,REG028,Tamil Nadu,2016,296.1,644.4,6.59,236.7,Rainfed,2.32,2935.1
YLD004473,CROP016,Cotton,REG028,Tamil Nadu,2017,296.8,608.5,6.34,285.7,Drip,3.09,3576.4
YLD004474,CROP016,Cotton,REG028,Tamil Nadu,2018,293.5,520.1,6.15,374.6,Flood,2.12,3651.5
YLD004475,CROP016,Cotton,REG028,Tamil Nadu,2019,291.7,538.8,6.42,265.0,Flood,0.59,5027.8
YLD004476,CROP016,Cotton,REG028,Tamil Nadu,2020,295.8,1025.9,6.14,165.2,Sprinkler,0.64,3090.6
YLD004477,CROP016,Cotton,REG028,Tamil Nadu,2021,283.9,795.8,5.61,271.4,Flood,3.1,2440.1
YLD004481,CROP017,Sugarcane,REG001,Punjab,2015,40014.9,1941.9,5.28,155.3,Sprinkler,4.26,7626.7
YLD004482,CROP017,Sugarcane,REG001,Punjab,2016,40016.3,2014.9,6.42,282.0,Flood,3.29,8728.2
YLD004483,CROP017,Sugarcane,REG001,Punjab,2017,40015.9,1051.6,5.88,217.4,Sprinkler,4.45,3966.1
YLD004484,CROP017,Sugarcane,REG001,Punjab,2018,40015.1,2226.2,6.86,301.2,Sprinkler,2.39,6189.6
YLD004485,CROP017,Sugarcane,REG001,Punjab,2019,40011.3,1783.1,5.71,267.6,Drip,4.38,5589.3
YLD004486,CROP017,Sugarcane,REG001,Punjab,2020,40013.9,1387.6,6.64,276.6,Rainfed,2.14,4324.2
YLD004487,CROP017,Sugarcane,REG001,Punjab,2021,40011.2,1563.2,5.82,236.3,Rainfed,4.49,4038.7
YLD004491,CROP017,Sugarcane,REG002,Punjab,2015,40016.8,2218.0,6.2,351.0,Flood,3.01,7236.7
YLD004492,CROP017,Sugarcane,REG002,Punjab,2016,40016.7,1900.1,6.59,354.8,Flood,2.46,7056.7
YLD004493,CROP017,Sugarcane,REG002,Punjab,2017,40018.1,1767.5,5.95,287.0,Sprinkler,4.5,6627.6
YLD004494,CROP017,Sugarcane,REG002,Punjab,2018,40015.1,2070.8,6.71,194.7,Rainfed,0.54,5771.8
YLD004495,CROP017,Sugarcane,REG002,Punjab,2019,40018.3,1257.3,7.13,408.3,Sprinkler,2.5,6198.7
YLD004496,CROP017,Sugarcane,REG002,Punjab,2020,40013.2,431.5,7.3,185.5,Sprinkler,3.55,3991.5
YLD004497,CROP017,Sugarcane,REG002,Punjab,2021,40007.3,2700.8,5.63,155.4,Drip,3.76,3615.7
YLD004501,CROP017,Sugarcane,REG003,Punjab,2015,40018.6,2403.4,6.55,352.1,Sprinkler,4.51,6798.5
YLD004502,CROP017,Sugarcane,REG003,Punjab,2016,40014.6,1339.6,7.02,201.6,Rainfed,0.99,3929.3
YLD004503,CROP017,Sugarcane,REG003,Punjab,2017,40019.3,2052.4,6.95,288.9,Sprinkler,4.67,7410.6
YLD004504,CROP017,Sugarcane,REG003,Punjab,2018,40017.5,2469.4,5.49,310.0,Drip,1.92,8170.5
YLD004505,CROP017,Sugarcane,REG003,Punjab,2019,40019.9,1779.2,6.64,236.0,Sprinkler,3.13,5897.5
YLD004506,CROP017,Sugarcane,REG003,Punjab,2020,40013.2,50.0,6.84,246.0,Rainfed,0.91,1257.9
YLD004507,CROP017,Sugarcane,REG003,Punjab,2021,40014.6,3920.7,7.38,182.5,Drip,3.43,2579.5
YLD004511,CROP017,Sugarcane,REG004,Haryana,2015,40017.1,3707.4,6.85,172.1,Rainfed,4.78,1200.0
YLD004512,CROP017,Sugarcane,REG004,Haryana,2016,40013.5,1858.8,5.57,290.8,Drip,1.3,6633.6
YLD004513,CROP017,Sugarcane,REG004,Haryana,2017,40014.7,2664.5,6.71,318.7,Rainfed,4.2,5290.3
YLD004514,CROP017,Sugarcane,REG004,Haryana,2018,40025.5,2222.7,6.14,291.3,Drip,2.63,5003.9
YLD004515,CROP017,Sugarcane,REG004,Haryana,2019,40015.9,789.3,6.18,274.4,Drip,3.71,5416.9
YLD004516,CROP017,Sugarcane,REG004,Haryana,2020,40014.0,931.2,6.56,341.4,Flood,1.59,4385.7
YLD004517,CROP017,Sugarcane,REG004,Haryana,2021,40011.7,3058.6,6.88,348.8,Drip,3.01,5234.7
YLD004521,CROP017,Sugarcane,REG005,Haryana,2015,40018.5,1467.6,6.76,249.9,Sprinkler,1.97,5660.6
YLD004522,CROP017,Sugarcane,REG005,Haryana,2016,40014.1,2055.4,7.17,223.5,Drip,2.79,8651.6
YLD004523,CROP017,Sugarcane,REG005,Haryana,2017,40020.4,1344.9,7.12,248.3,Flood,2.93,4475.5
YLD004524,CROP017,Sugarcane,REG005,Haryana,2018,40014.7,2111.6,6.67,167.7,Flood,1.65,7801.5
YLD004525,CROP017,Sugarcane,REG005,Haryana,2019,40011.5,2544.3,6.98,297.6,Drip,3.49,5450.3
YLD004526,CROP017,Sugarcane,REG005,Haryana,2020,40015.8,2046.5,7.16,225.0,Sprinkler,2.56,8726.8
YLD004527,CROP017,Sugarcane,REG005,Haryana,2021,40019.7,2455.6,6.55,284.2,Rainfed,3.73,3747.4
YLD004531,CROP017,Sugarcane,REG006,Uttar Pradesh,2015,40018.9,1638.3,7.03,330.0,Flood,0.58,5740.8
YLD004532,CROP017,Sugarcane,REG006,Uttar Pradesh,2016,40016.8,2433.6,5.96,260.2,Rainfed,4.1,5386.3
YLD004533,CROP017,Sugarcane,REG006,Uttar Pradesh,2017,40019.6,1654.0,6.61,370.9,Drip,2.39,7489.3
YLD004534,CROP017,Sugarcane,REG006,Uttar Pradesh,2018,40012.4,753.3,6.89,294.8,Drip,0.51,3794.3
YLD004535,CROP017,Sugarcane,REG006,Uttar Pradesh,2019,40020.1,1527.4,7.02,185.4,Rainfed,4.13,3212.7
YLD004536,CROP017,Sugarcane,REG006,Uttar Pradesh,2020,40016.1,2134.7,7.22,132.4,Flood,3.54,7915.0
YLD004537,CROP017,Sugarcane,REG006,Uttar Pradesh,2021,40020.6,2241.7,7.03,349.1,Flood,3.64,5798.7
YLD004541,CROP017,Sugarcane,REG007,Uttar Pradesh,2015,40016.4,3021.1,6.43,346.4,Sprinkler,2.09,5449.9
YLD004542,CROP017,Sugarcane,REG007,Uttar Pradesh,2016,40015.5,1777.8,6.46,259.5,Flood,1.34,6054.2
YLD004543,CROP017,Sugarcane,REG007,Uttar Pradesh,2017,40015.9,1948.1,6.07,236.3,Sprinkler,3.63,6903.1
YLD004544,CROP017,Sugarcane,REG007,Uttar Pradesh,2018,40024.5,2653.3,6.27,348.8,Rainfed,1.16,1422.1
YLD004545,CROP017,Sugarcane,REG007,Uttar Pradesh,2019,40015.4,2138.3,6.89,387.5,Drip,0.79,8915.1
YLD004546,CROP017,Sugarcane,REG007,Uttar Pradesh,2020,40017.8,2166.8,6.58,314.1,Rainfed,3.86,6531.0
YLD004547,CROP017,Sugarcane,REG007,Uttar Pradesh,2021,40011.9,2926.2,6.74,266.3,Drip,0.64,4851.9
YLD004551,CROP017,Sugarcane,REG008,Uttar Pradesh,2015,40015.1,1696.2,6.84,254.1,Flood,4.99,6985.0
YLD004552,CROP017,Sugarcane,REG008,Uttar Pradesh,2016,40018.4,2386.0,5.65,284.9,Sprinkler,1.86,6231.4
YLD004553,CROP017,Sugarcane,REG008,Uttar Pradesh,2017,40018.4,1919.2,6.51,299.2,Sprinkler,2.07,7125.5
YLD004554,CROP017,Sugarcane,REG008,Uttar Pradesh,2018,40014.0,1665.8,6.87,212.4,Sprinkler,2.65,6868.9
YLD004555,CROP017,Sugarcane,REG008,Uttar Pradesh,2019,40018.5,2051.1,7.14,307.5,Rainfed,1.3,4736.5
YLD004556,CROP017,Sugarcane,REG008,Uttar Pradesh,2020,40019.6,2207.0,7.15,368.6,Rainfed,1.99,4556.3
YLD004557,CROP017,Sugarcane,REG008,Uttar Pradesh,2021,40018.3,2443.3,6.61,275.5,Sprinkler,4.93,5344.4
YLD004561,CROP017,Sugarcane,REG009,Bihar,2015,40015.7,2782.9,6.48,309.6,Sprinkler,1.42,6931.0
YLD004562,CROP017,Sugarcane,REG009,Bihar,2016,40007.6,1216.6,6.02,195.7,Rainfed,0.8,1483.8
YLD004563,CROP017,Sugarcane,REG009,Bihar,2017,40013.7,2467.3,7.46,222.7,Sprinkler,4.07,6578.3
YLD004564,CROP017,Sugarcane,REG009,Bihar,2018,40020.7,1435.7,6.45,286.5,Flood,2.84,5668.2
YLD004565,CROP017,Sugarcane,REG009,Bihar,2019,40016.6,1456.0,6.3,210.0,Rainfed,4.07,4903.1
YLD004566,CROP017,Sugarcane,REG009,Bihar,2020,40013.8,1520.5,8.19,301.2,Drip,2.63,6062.4
YLD004567,CROP017,Sugarcane,REG009,Bihar,2021,40020.4,2310.4,6.9,277.8,Drip,1.82,7015.9
YLD004571,CROP017,Sugarcane,REG010,Bihar,2015,40023.0,1518.7,5.25,288.3,Flood,3.24,2860.3
YLD004572,CROP017,Sugarcane,REG010,Bihar,2016,40019.4,2532.8,6.08,225.9,Sprinkler,2.36,6234.8
YLD004573,CROP017,Sugarcane,REG010,Bihar,2017,40013.6,1966.2,6.09,328.9,Rainfed,4.12,6370.8
YLD004574,CROP017,Sugarcane,REG010,Bihar,2018,40013.4,2520.9,6.96,235.8,Flood,4.39,4502.5
YLD004575,CROP017,Sugarcane,REG010,Bihar,2019,40017.1,2799.2,5.86,204.1,Rainfed,3.08,4651.5
YLD004576,CROP017,Sugarcane,REG010,Bihar,2020,40014.1,1489.7,6.89,189.8,Drip,4.03,7182.4
YLD004577,CROP017,Sugarcane,REG010,Bihar,2021,40014.8,2856.1,6.96,284.6,Sprinkler,0.65,5632.4
YLD004581,CROP017,Sugarcane,REG011,West Bengal,2015,40018.7,1596.0,7.71,315.4,Flood,2.27,5613.5
YLD004582,CROP017,Sugarcane,REG011,West Bengal,2016,40015.7,2840.3,6.76,329.2,Sprinkler,4.22,6584.9
YLD004583,CROP017,Sugarcane,REG011,West Bengal,2017,40018.4,2230.6,7.05,313.0,Sprinkler,0.6,7325.2
YLD004584,CROP017,Sugarcane,REG011,West Bengal,2018,40016.9,2318.2,6.14,344.3,Flood,4.12,7176.6
YLD004585,CROP017,Sugarcane,REG011,West Bengal,2019,40015.9,2283.7,6.16,261.5,Flood,0.86,6905.8
YLD004586,CROP017,Sugarcane,REG011,West Bengal,2020,40016.0,1000.2,6.4,209.3,Rainfed,3.84,4442.7
YLD004587,CROP017,Sugarcane,REG011,West Bengal,2021,40018.3,1650.7,6.92,386.0,Drip,3.42,5773.4
YLD004591,CROP017,Sugarcane,REG012,West Bengal,2015,40024.5,1566.5,6.28,357.8,Flood,2.93,3271.6
YLD004592,CROP017,Sugarcane,REG012,West Bengal,2016,40019.0,1163.6,7.03,266.1,Sprinkler,0.89,5072.5
YLD004593,CROP017,Sugarcane,REG012,West Bengal,2017,40015.6,1566.2,7.04,334.1,Rainfed,4.13,5680.9
YLD004594,CROP017,Sugarcane,REG012,West Bengal,2018,40017.3,1469.6,6.02,332.6,Rainfed,1.11,3771.2
YLD004595,CROP017,Sugarcane,REG012,West Bengal,2019,40014.4,2145.0,6.4,317.3,Sprinkler,1.91,7633.0
YLD004596,CROP017,Sugarcane,REG012,West Bengal,2020,40018.8,2513.2,6.69,281.3,Rainfed,4.11,2916.1
YLD004597,CROP017,Sugarcane,REG012,West Bengal,2021,40018.7,2352.5,6.05,197.5,Flood,2.38,5360.1
YLD004601,CROP017,Sugarcane,REG013,Madhya Pradesh,2015,40010.5,1762.9,7.03,282.9,Drip,3.61,6325.8
YLD004602,CROP017,Sugarcane,REG013,Madhya Pradesh,2016,40019.4,2176.9,6.38,207.7,Drip,2.15,6945.8
YLD004603,CROP017,Sugarcane,REG013,Madhya Pradesh,2017,40013.2,1333.3,7.17,218.9,Drip,0.57,4623.4
YLD004604,CROP017,Sugarcane,REG013,Madhya Pradesh,2018,40016.5,1927.7,7.36,278.9,Rainfed,4.52,5677.8
YLD004605,CROP017,Sugarcane,REG013,Madhya Pradesh,2019,40017.1,1376.1,7.54,121.0,Sprinkler,3.14,7592.9
YLD004606,CROP017,Sugarcane,REG013,Madhya Pradesh,2020,40012.9,1839.3,5.82,263.3,Rainfed,1.91,5896.1
YLD004607,CROP017,Sugarcane,REG013,Madhya Pradesh,2021,40021.5,2081.5,7.01,370.7,Sprinkler,3.03,6203.8
YLD004611,CROP017,Sugarcane,REG014,Madhya Pradesh,2015,40012.3,1259.1,7.36,252.8,Sprinkler,1.77,4886.7
YLD004612,CROP017,Sugarcane,REG014,Madhya Pradesh,2016,40014.3,2897.9,7.06,304.7,Flood,0.74,5762.2
YLD004613,CROP017,Sugarcane,REG014,Madhya Pradesh,2017,40021.9,1611.7,6.63,187.9,Drip,2.74,5246.1
YLD004614,CROP017,Sugarcane,REG014,Madhya Pradesh,2018,40012.5,795.5,6.64,311.9,Sprinkler,1.94,3415.6
YLD004615,CROP017,Sugarcane,REG014,Madhya Pradesh,2019,40015.9,2659.7,6.71,225.6,Drip,1.28,8128.0
YLD004616,CROP017,Sugarcane,REG014,Madhya Pradesh,2020,40011.6,860.7,6.58,327.7,Rainfed,1.03,1200.0
YLD004617,CROP017,Sugarcane,REG014,Madhya Pradesh,2021,40017.8,1860.4,7.41,207.7,Drip,3.77,6438.4
YLD004621,CROP017,Sugarcane,REG015,Madhya Pradesh,2015,40013.1,2621.7,5.98,280.9,Rainfed,2.39,3126.7
YLD004622,CROP017,Sugarcane,REG015,Madhya Pradesh,2016,40019.1,1794.5,5.81,216.2,Sprinkler,3.74,7958.7
YLD004623,CROP017,Sugarcane,REG015,Madhya Pradesh,2017,40011.1,1193.4,6.23,341.6,Drip,1.82,5287.5
YLD004624,CROP017,Sugarcane,REG015,Madhya Pradesh,2018,40011.7,1239.5,6.35,324.2,Drip,3.63,4500.7
YLD004625,CROP017,Sugarcane,REG015,Madhya Pradesh,2019,40015.3,2845.9,6.88,273.6,Sprinkler,2.32,6358.6
YLD004626,CROP017,Sugarcane,REG015,Madhya Pradesh,2020,40022.1,2580.1,6.19,236.0,Drip,2.13,6011.6
YLD004627,CROP017,Sugarcane,REG015,Madhya Pradesh,2021,40015.4,1625.8,6.92,243.4,Sprinkler,1.87,7300.3
YLD004631,CROP017,Sugarcane,REG016,Maharashtra,2015,40015.8,1007.2,7.06,263.6,Sprinkler,0.61,6239.4
YLD004632,CROP017,Sugarcane,REG016,Maharashtra,2016,40018.3,1440.0,6.79,307.9,Drip,3.58,6365.1
YLD004633,CROP017,Sugarcane,REG016,Maharashtra,2017,40013.2,2306.5,6.78,189.2,Rainfed,1.54,4899.0
YLD004634,CROP017,Sugarcane,REG016,Maharashtra,2018,40012.4,2033.0,7.09,267.4,Sprinkler,2.44,5977.7
YLD004635,CROP017,Sugarcane,REG016,Maharashtra,2019,40017.7,1253.4,6.94,255.0,Drip,3.94,6427.2
YLD004636,CROP017,Sugarcane,REG016,Maharashtra,2020,40017.7,2762.5,6.8,288.0,Drip,2.21,7711.3
YLD004637,CROP017,Sugarcane,REG016,Maharashtra,2021,40016.7,1506.5,7.07,222.6,Rainfed,3.48,5315.2
YLD004641,CROP017,Sugarcane,REG017,Maharashtra,2015,40019.1,2152.4,7.75,250.0,Rainfed,0.59,4496.5
YLD004642,CROP017,Sugarcane,REG017,Maharashtra,2016,40011.4,2657.0,6.81,366.3,Drip,1.65,5313.3
YLD004643,CROP017,Sugarcane,REG017,Maharashtra,2017,40015.2,1875.0,6.55,275.7,Flood,2.3,7771.0
YLD004644,CROP017,Sugarcane,REG017,Maharashtra,2018,40018.4,2156.4,6.13,328.8,Rainfed,3.7,4132.4
YLD004645,CROP017,Sugarcane,REG017,Maharashtra,2019,40025.8,2841.6,7.43,373.5,Sprinkler,2.57,2572.5
YLD004646,CROP017,Sugarcane,REG017,Maharashtra,2020,40014.9,2047.5,6.59,264.7,Flood,2.37,7709.6
YLD004647,CROP017,Sugarcane,REG017,Maharashtra,2021,40015.7,2621.6,7.67,272.9,Flood,4.77,6558.9
YLD004651,CROP017,Sugarcane,REG018,Maharashtra,2015,40014.1,729.4,6.48,218.2,Flood,2.32,4413.1
YLD004652,CROP017,Sugarcane,REG018,Maharashtra,2016,40017.7,2258.7,7.71,275.0,Drip,0.97,7136.9
YLD004653,CROP017,Sugarcane,REG018,Maharashtra,2017,40014.1,2181.0,6.39,278.8,Rainfed,1.14,4988.5
YLD004654,CROP017,Sugarcane,REG018,Maharashtra,2018,40014.6,698.6,7.9,275.6,Flood,4.57,4181.9
YLD004655,CROP017,Sugarcane,REG018,Maharashtra,2019,40015.0,2610.9,6.07,242.9,Sprinkler,3.98,4725.4
YLD004656,CROP017,Sugarcane,REG018,Maharashtra,2020,40015.8,1996.2,7.74,236.1,Flood,3.06,7886.8
YLD004657,CROP017,Sugarcane,REG018,Maharashtra,2021,40018.1,1767.5,6.76,267.5,Rainfed,0.79,5518.3
YLD004661,CROP017,Sugarcane,REG019,Gujarat,2015,40012.3,2065.4,6.83,243.4,Sprinkler,3.54,7005.3
YLD004662,CROP017,Sugarcane,REG019,Gujarat,2016,40017.6,2866.3,6.71,179.9,Sprinkler,1.92,5651.1
YLD004663,CROP017,Sugarcane,REG019,Gujarat,2017,40019.5,1834.2,7.24,352.0,Drip,2.85,7403.7
YLD004664,CROP017,Sugarcane,REG019,Gujarat,2018,40015.1,1892.7,6.73,268.7,Rainfed,2.2,6285.5
YLD004665,CROP017,Sugarcane,REG019,Gujarat,2019,40021.6,1168.2,6.4,219.6,Flood,3.62,3924.2
YLD004666,CROP017,Sugarcane,REG019,Gujarat,2020,40021.9,2300.1,7.16,307.3,Flood,3.43,5161.7
YLD004667,CROP017,Sugarcane,REG019,Gujarat,2021,40015.2,1413.2,7.38,246.6,Flood,3.36,5966.0
YLD004671,CROP017,Sugarcane,REG020,Gujarat,2015,40024.1,897.1,6.91,281.8,Drip,1.68,2428.6
YLD004672,CROP017,Sugarcane,REG020,Gujarat,2016,40013.3,2612.9,5.78,293.1,Rainfed,4.45,4092.4
YLD004673,CROP017,Sugarcane,REG020,Gujarat,2017,40017.7,1958.2,7.54,248.6,Sprinkler,2.49,7941.8
YLD004674,CROP017,Sugarcane,REG020,Gujarat,2018,40018.8,1807.9,6.44,254.2,Flood,1.48,6057.2
YLD004675,CROP017,Sugarcane,REG020,Gujarat,2019,40009.3,1986.9,6.53,261.1,Sprinkler,1.5,5569.9
YLD004676,CROP017,Sugarcane,REG020,Gujarat,2020,40024.4,1820.5,6.29,257.5,Flood,2.08,3640.9
YLD004677,CROP017,Sugarcane,REG020,Gujarat,2021,40017.8,1413.0,7.34,223.2,Drip,4.46,7877.7
YLD004681,CROP017,Sugarcane,REG021,Rajasthan,2015,40010.5,1578.0,7.27,314.0,Drip,2.85,6078.9
YLD004682,CROP017,Sugarcane,REG021,Rajasthan,2016,40021.5,2397.7,6.81,217.8,Drip,1.84,5247.1
YLD004683,CROP017,Sugarcane,REG021,Rajasthan,2017,40015.2,822.7,6.74,236.0,Rainfed,2.53,2878.1
YLD004684,CROP017,Sugarcane,REG021,Rajasthan,2018,40020.9,1321.2,7.2,317.5,Rainfed,0.53,3400.0
YLD004685,CROP017,Sugarcane,REG021,Rajasthan,2019,40012.8,2579.6,5.93,180.2,Rainfed,4.82,3084.7
YLD004686,CROP017,Sugarcane,REG021,Rajasthan,2020,40012.9,1394.8,6.77,338.9,Flood,4.53,5707.4
YLD004687,CROP017,Sugarcane,REG021,Rajasthan,2021,40011.6,765.9,6.55,358.4,Drip,3.23,4407.4
YLD004691,CROP017,Sugarcane,REG022,Rajasthan,2015,40025.1,1448.9,6.63,259.5,Drip,4.41,3643.7
YLD004692,CROP017,Sugarcane,REG022,Rajasthan,2016,40016.1,2282.9,7.17,339.3,Drip,2.37,7303.7
YLD004693,CROP017,Sugarcane,REG022,Rajasthan,2017,40012.4,3185.7,6.25,260.8,Flood,4.45,3916.1
YLD004694,CROP017,Sugarcane,REG022,Rajasthan,2018,40017.3,1879.7,6.76,177.8,Rainfed,3.28,5761.1
YLD004695,CROP017,Sugarcane,REG022,Rajasthan,2019,40016.7,2008.3,6.85,348.9,Drip,4.79,9389.5
YLD004696,CROP017,Sugarcane,REG022,Rajasthan,2020,40017.5,2070.1,7.04,215.8,Sprinkler,1.95,6912.4
YLD004697,CROP017,Sugarcane,REG022,Rajasthan,2021,40015.2,1438.7,6.51,211.9,Flood,4.02,6198.6
YLD004701,CROP017,Sugarcane,REG023,Karnataka,2015,40018.8,2115.2,5.58,255.9,Sprinkler,2.0,7003.8
YLD004702,CROP017,Sugarcane,REG023,Karnataka,2016,40014.5,2264.8,6.83,294.6,Rainfed,1.72,4435.4
YLD004703,CROP017,Sugarcane,REG023,Karnataka,2017,40015.8,2254.0,7.67,194.8,Drip,4.29,8277.7
YLD004704,CROP017,Sugarcane,REG023,Karnataka,2018,40023.4,1820.8,7.15,294.8,Rainfed,1.33,3093.5
YLD004705,CROP017,Sugarcane,REG023,Karnataka,2019,40015.0,1539.0,6.63,210.9,Sprinkler,3.96,6591.3
YLD004706,CROP017,Sugarcane,REG023,Karnataka,2020,40013.4,1836.8,6.28,307.7,Rainfed,4.67,5157.5
YLD004707,CROP017,Sugarcane,REG023,Karnataka,2021,40011.4,1502.6,6.93,244.7,Sprinkler,0.58,5293.8
YLD004711,CROP017,Sugarcane,REG024,Karnataka,2015,40019.4,2503.3,6.54,251.3,Rainfed,1.01,3028.7
YLD004712,CROP017,Sugarcane,REG024,Karnataka,2016,40015.6,2592.2,7.34,316.0,Sprinkler,2.65,6251.6
YLD004713,CROP017,Sugarcane,REG024,Karnataka,2017,40013.8,2340.8,6.72,293.1,Rainfed,1.98,5065.0
YLD004714,CROP017,Sugarcane,REG024,Karnataka,2018,40017.5,2035.5,7.67,203.3,Flood,2.75,7051.7
YLD004715,CROP017,Sugarcane,REG024,Karnataka,2019,40019.2,1500.6,6.87,258.2,Rainfed,4.12,3176.6
YLD004716,CROP017,Sugarcane,REG024,Karnataka,2020,40010.7,1830.0,7.04,343.2,Flood,0.85,6405.8
YLD004717,CROP017,Sugarcane,REG024,Karnataka,2021,40015.6,2235.2,6.45,280.3,Rainfed,3.83,6396.7
YLD004721,CROP017,Sugarcane,REG025,Andhra Pradesh,2015,40014.8,2159.1,5.67,255.6,Rainfed,0.52,5285.5
YLD004722,CROP017,Sugarcane,REG025,Andhra Pradesh,2016,40016.1,1960.1,7.14,233.3,Rainfed,0.94,6171.0
YLD004723,CROP017,Sugarcane,REG025,Andhra Pradesh,2017,40008.8,1695.6,6.54,186.6,Flood,1.78,5924.5
YLD004724,CROP017,Sugarcane,REG025,Andhra Pradesh,2018,40014.4,1971.0,6.93,203.1,Drip,2.59,8260.9
YLD004725,CROP017,Sugarcane,REG025,Andhra Pradesh,2019,40018.5,1337.7,7.04,223.0,Drip,0.91,7124.2
YLD004726,CROP017,Sugarcane,REG025,Andhra Pradesh,2020,40012.5,2226.4,5.97,200.3,Rainfed,2.82,4201.0
YLD004727,CROP017,Sugarcane,REG025,Andhra Pradesh,2021,40012.0,1765.6,6.95,239.9,Drip,1.41,6426.3
YLD004731,CROP017,Sugarcane,REG026,Andhra Pradesh,2015,40016.4,2193.0,5.86,306.7,Drip,3.87,7396.9
YLD004732,CROP017,Sugarcane,REG026,Andhra Pradesh,2016,40014.7,1873.4,6.8,199.1,Sprinkler,0.55,7275.1
YLD004733,CROP017,Sugarcane,REG026,Andhra Pradesh,2017,40020.9,2558.1,7.81,179.8,Sprinkler,1.13,5169.2
YLD004734,CROP017,Sugarcane,REG026,Andhra Pradesh,2018,40018.4,1220.2,5.9,305.5,Sprinkler,0.87,5522.1
YLD004735,CROP017,Sugarcane,REG026,Andhra Pradesh,2019,40018.8,1262.5,7.33,324.3,Sprinkler,2.28,6230.2
YLD004736,CROP017,Sugarcane,REG026,Andhra Pradesh,2020,40013.8,2114.7,6.9,254.0,Sprinkler,1.72,7528.1
YLD004737,CROP017,Sugarcane,REG026,Andhra Pradesh,2021,40020.0,2889.3,5.47,380.9,Drip,2.4,4505.5
YLD004741,CROP017,Sugarcane,REG027,Tamil Nadu,2015,40021.5,1109.6,6.69,222.9,Rainfed,3.06,2200.4
YLD004742,CROP017,Sugarcane,REG027,Tamil Nadu,2016,40019.3,1430.2,6.72,311.0,Flood,2.74,5948.2
YLD004743,CROP017,Sugarcane,REG027,Tamil Nadu,2017,40020.1,976.3,6.11,299.6,Drip,2.73,3857.6
YLD004744,CROP017,Sugarcane,REG027,Tamil Nadu,2018,40017.6,2360.9,6.24,283.0,Drip,0.95,7176.9
YLD004745,CROP017,Sugarcane,REG027,Tamil Nadu,2019,40014.0,1883.1,7.28,186.3,Flood,1.43,6650.6
YLD004746,CROP017,Sugarcane,REG027,Tamil Nadu,2020,40013.0,2730.7,6.15,327.4,Rainfed,2.06,2841.4
YLD004747,CROP017,Sugarcane,REG027,Tamil Nadu,2021,40015.6,1379.1,6.53,306.8,Flood,1.01,6404.7
YLD004751,CROP017,Sugarcane,REG028,Tamil Nadu,2015,40013.3,2305.1,6.45,256.4,Sprinkler,3.92,6707.6
YLD004752,CROP017,Sugarcane,REG028,Tamil Nadu,2016,40016.7,2262.3,6.55,199.6,Rainfed,0.77,5557.9
YLD004753,CROP017,Sugarcane,REG028,Tamil Nadu,2017,40011.9,2675.6,6.94,354.7,Sprinkler,4.99,4782.5
YLD004754,CROP017,Sugarcane,REG028,Tamil Nadu,2018,40018.9,2463.9,6.8,203.4,Flood,1.19,4271.4
YLD004755,CROP017,Sugarcane,REG028,Tamil Nadu,2019,40016.7,2622.8,6.16,391.3,Flood,2.07,6070.5
YLD004756,CROP017,Sugarcane,REG028,Tamil Nadu,2020,40020.6,1900.7,6.94,391.9,Drip,0.6,6595.4
YLD004757,CROP017,Sugarcane,REG028,Tamil Nadu,2021,40022.6,2497.1,6.71,231.5,Rainfed,2.43,2499.3
YLD004761,CROP018,Jute,REG001,Punjab,2015,1114.9,1004.2,6.39,247.1,Sprinkler,4.6,2698.3
YLD004762,CROP018,Jute,REG001,Punjab,2016,1117.3,1431.8,6.94,314.6,Rainfed,2.12,2012.7
YLD004763,CROP018,Jute,REG001,Punjab,2017,1113.9,1308.4,6.74,217.3,Flood,3.08,2752.6
YLD004764,CROP018,Jute,REG001,Punjab,2018,1112.0,1054.0,7.26,317.7,Drip,4.51,2210.8
YLD004765,CROP018,Jute,REG001,Punjab,2019,1120.6,1189.8,7.14,302.7,Flood,1.02,2312.4
YLD004766,CROP018,Jute,REG001,Punjab,2020,1108.4,831.4,6.01,407.6,Rainfed,3.75,795.4
YLD004767,CROP018,Jute,REG001,Punjab,2021,1112.7,1145.9,7.64,104.9,Sprinkler,4.59,2391.8
YLD004771,CROP018,Jute,REG002,Punjab,2015,1117.1,1073.7,6.97,437.3,Rainfed,2.87,1947.7
YLD004772,CROP018,Jute,REG002,Punjab,2016,1121.2,813.0,6.4,332.0,Flood,1.62,1508.6
YLD004773,CROP018,Jute,REG002,Punjab,2017,1118.7,1357.8,5.9,261.0,Drip,2.86,2579.5
YLD004774,CROP018,Jute,REG002,Punjab,2018,1114.8,1082.7,5.23,399.1,Flood,3.32,2550.5
YLD004775,CROP018,Jute,REG002,Punjab,2019,1116.3,979.0,6.17,296.9,Sprinkler,4.81,2893.6
YLD004776,CROP018,Jute,REG002,Punjab,2020,1118.1,945.3,6.68,303.9,Drip,3.14,2327.6
YLD004777,CROP018,Jute,REG002,Punjab,2021,1116.4,1211.1,6.85,306.9,Flood,4.96,2788.8
YLD004781,CROP018,Jute,REG003,Punjab,2015,1119.7,1058.8,7.21,302.7,Drip,2.95,2409.6
YLD004782,CROP018,Jute,REG003,Punjab,2016,1120.1,565.5,6.33,200.9,Sprinkler,2.27,1731.6
YLD004783,CROP018,Jute,REG003,Punjab,2017,1119.7,838.2,6.72,277.4,Sprinkler,0.7,2282.1
YLD004784,CROP018,Jute,REG003,Punjab,2018,1116.6,1351.0,6.94,393.8,Sprinkler,2.63,3085.2
YLD004785,CROP018,Jute,REG003,Punjab,2019,1116.8,1932.7,6.57,302.0,Drip,4.08,1858.5
YLD004786,CROP018,Jute,REG003,Punjab,2020,1114.4,1470.3,6.8,268.6,Flood,1.51,2215.2
YLD004787,CROP018,Jute,REG003,Punjab,2021,1124.1,994.7,7.17,108.7,Flood,4.82,1440.4
YLD004791,CROP018,Jute,REG004,Haryana,2015,1115.3,1356.1,6.65,258.4,Rainfed,4.55,2162.7
YLD004792,CROP018,Jute,REG004,Haryana,2016,1121.4,1450.8,6.4,290.5,Flood,2.98,2177.4
YLD004793,CROP018,Jute,REG004,Haryana,2017,1109.2,1073.5,7.56,356.6,Flood,1.63,1448.5
YLD004794,CROP018,Jute,REG004,Haryana,2018,1115.8,864.8,5.79,304.7,Sprinkler,2.0,2678.3
YLD004795,CROP018,Jute,REG004,Haryana,2019,1118.5,801.1,6.49,219.2,Sprinkler,2.3,2508.3
YLD004796,CROP018,Jute,REG004,Haryana,2020,1119.1,1036.8,8.1,318.3,Sprinkler,0.77,2329.5
YLD004797,CROP018,Jute,REG004,Haryana,2021,1120.9,1444.7,7.16,210.8,Sprinkler,2.11,2574.1
YLD004801,CROP018,Jute,REG005,Haryana,2015,1120.0,1538.6,6.34,313.0,Rainfed,2.06,1201.4
YLD004802,CROP018,Jute,REG005,Haryana,2016,1117.5,745.4,6.76,297.9,Rainfed,0.74,1659.3
YLD004803,CROP018,Jute,REG005,Haryana,2017,1118.0,1477.5,6.45,232.5,Drip,4.23,2690.5
YLD004804,CROP018,Jute,REG005,Haryana,2018,1115.5,1030.7,6.94,228.8,Rainfed,1.69,2385.5
YLD004805,CROP018,Jute,REG005,Haryana,2019,1119.8,934.8,5.98,163.6,Flood,2.13,2039.8
YLD004806,CROP018,Jute,REG005,Haryana,2020,1115.4,912.7,6.87,313.2,Flood,4.46,2008.3
YLD004807,CROP018,Jute,REG005,Haryana,2021,1114.4,1270.4,5.82,323.2,Rainfed,4.28,2266.2
YLD004811,CROP018,Jute,REG006,Uttar Pradesh,2015,1114.3,1330.5,6.94,263.9,Sprinkler,4.89,2898.2
YLD004812,CROP018,Jute,REG006,Uttar Pradesh,2016,1121.6,1908.0,6.98,272.4,Sprinkler,2.95,1260.2
YLD004813,CROP018,Jute,REG006,Uttar Pradesh,2017,1115.5,1567.7,6.78,254.8,Sprinkler,3.93,2958.7
YLD004814,CROP018,Jute,REG006,Uttar Pradesh,2018,1118.7,1429.1,6.48,208.9,Sprinkler,3.06,3006.0
YLD004815,CROP018,Jute,REG006,Uttar Pradesh,2019,1116.9,1271.8,5.64,194.8,Sprinkler,2.5,2728.6
YLD004816,CROP018,Jute,REG006,Uttar Pradesh,2020,1117.6,793.3,7.2,265.3,Sprinkler,3.77,2132.1
YLD004817,CROP018,Jute,REG006,Uttar Pradesh,2021,1121.2,833.1,6.8,229.7,Sprinkler,1.86,1624.7
YLD004821,CROP018,Jute,REG007,Uttar Pradesh,2015,1116.0,975.9,7.18,247.6,Drip,0.76,2541.0
YLD004822,CROP018,Jute,REG007,Uttar Pradesh,2016,1120.3,729.8,6.5,326.1,Rainfed,3.02,1326.9
YLD004823,CROP018,Jute,REG007,Uttar Pradesh,2017,1120.6,941.0,7.55,277.3,Rainfed,2.46,1675.5
YLD004824,CROP018,Jute,REG007,Uttar Pradesh,2018,1118.2,1040.3,6.39,247.9,Sprinkler,1.94,2533.8
YLD004825,CROP018,Jute,REG007,Uttar Pradesh,2019,1114.6,1472.5,6.7,276.1,Sprinkler,3.59,2638.8
YLD004826,CROP018,Jute,REG007,Uttar Pradesh,2020,1116.6,1280.4,6.31,300.0,Drip,4.3,3303.4
YLD004827,CROP018,Jute,REG007,Uttar Pradesh,2021,1122.2,1152.7,6.83,251.4,Sprinkler,1.46,2378.3
YLD004831,CROP018,Jute,REG008,Uttar Pradesh,2015,1119.3,664.1,6.83,262.9,Drip,4.52,2182.5
YLD004832,CROP018,Jute,REG008,Uttar Pradesh,2016,1108.9,1600.0,5.86,354.9,Sprinkler,1.55,1375.6
YLD004833,CROP018,Jute,REG008,Uttar Pradesh,2017,1109.8,1914.8,6.41,370.9,Sprinkler,4.23,1132.5
YLD004834,CROP018,Jute,REG008,Uttar Pradesh,2018,1115.5,1106.1,6.31,341.8,Rainfed,3.79,2563.7
YLD004835,CROP018,Jute,REG008,Uttar Pradesh,2019,1116.8,1298.3,7.28,222.4,Sprinkler,4.77,2701.0
YLD004836,CROP018,Jute,REG008,Uttar Pradesh,2020,1110.8,1590.6,7.19,361.4,Rainfed,0.75,934.6
YLD004837,CROP018,Jute,REG008,Uttar Pradesh,2021,1121.4,2036.8,6.92,239.6,Flood,1.97,1008.1
YLD004841,CROP018,Jute,REG009,Bihar,2015,1119.4,1881.0,6.52,315.9,Rainfed,1.94,1267.3
YLD004842,CROP018,Jute,REG009,Bihar,2016,1115.1,1286.0,6.09,229.4,Flood,4.36,2208.7
YLD004843,CROP018,Jute,REG009,Bihar,2017,1117.3,916.3,7.36,346.4,Drip,4.53,3115.6
YLD004844,CROP018,Jute,REG009,Bihar,2018,1118.4,1596.5,6.3,411.4,Flood,3.19,2127.6
YLD004845,CROP018,Jute,REG009,Bihar,2019,1113.5,539.6,6.93,256.3,Rainfed,1.6,1185.4
YLD004846,CROP018,Jute,REG009,Bihar,2020,1116.3,1207.7,6.79,370.6,Rainfed,3.91,2315.6
YLD004847,CROP018,Jute,REG009,Bihar,2021,1117.2,643.0,6.55,330.0,Drip,1.82,2274.5
YLD004851,CROP018,Jute,REG010,Bihar,2015,1111.5,1203.3,7.69,253.8,Drip,1.21,2339.9
YLD004852,CROP018,Jute,REG010,Bihar,2016,1111.5,1236.6,6.28,256.4,Flood,4.61,2283.0
YLD004853,CROP018,Jute,REG010,Bihar,2017,1115.1,1068.4,6.09,349.4,Sprinkler,1.51,2486.8
YLD004854,CROP018,Jute,REG010,Bihar,2018,1111.9,778.3,7.52,255.3,Rainfed,3.79,1300.6
YLD004855,CROP018,Jute,REG010,Bihar,2019,1117.5,1536.7,6.89,276.9,Drip,3.31,2675.7
YLD004856,CROP018,Jute,REG010,Bihar,2020,1113.0,445.4,6.78,475.6,Drip,3.43,2328.6
YLD004857,CROP018,Jute,REG010,Bihar,2021,1117.5,1539.2,5.87,237.5,Flood,1.32,2058.0
YLD004861,CROP018,Jute,REG011,West Bengal,2015,1118.1,1077.7,6.8,373.2,Flood,1.14,2236.4
YLD004862,CROP018,Jute,REG011,West Bengal,2016,1113.1,629.0,6.07,240.1,Flood,3.01,1586.0
YLD004863,CROP018,Jute,REG011,West Bengal,2017,1116.3,1004.5,6.93,247.2,Rainfed,3.83,2265.6
YLD004864,CROP018,Jute,REG011,West Bengal,2018,1115.1,1492.4,6.5,229.2,Drip,3.69,2687.6
YLD004865,CROP018,Jute,REG011,West Bengal,2019,1121.7,797.9,7.04,269.9,Flood,3.87,1621.0
YLD004866,CROP018,Jute,REG011,West Bengal,2020,1112.1,1219.7,6.16,197.7,Sprinkler,4.28,2618.4
YLD004867,CROP018,Jute,REG011,West Bengal,2021,1124.3,794.6,6.71,251.6,Sprinkler,1.0,1161.1
YLD004871,CROP018,Jute,REG012,West Bengal,2015,1111.1,1412.7,6.5,320.9,Sprinkler,1.38,2184.1
YLD004872,CROP018,Jute,REG012,West Bengal,2016,1118.6,1632.8,6.9,336.8,Drip,4.91,2377.0
YLD004873,CROP018,Jute,REG012,West Bengal,2017,1114.0,1273.4,6.86,338.3,Rainfed,2.25,1881.9
YLD004874,CROP018,Jute,REG012,West Bengal,2018,1116.6,1006.6,6.01,236.8,Drip,4.14,3076.5
YLD004875,CROP018,Jute,REG012,West Bengal,2019,1116.7,861.8,7.72,391.5,Sprinkler,1.22,2281.0
YLD004876,CROP018,Jute,REG012,West Bengal,2020,1120.5,722.0,7.0,285.1,Rainfed,2.92,1076.4
YLD004877,CROP018,Jute,REG012,West Bengal,2021,1117.5,1175.3,6.53,278.3,Sprinkler,3.36,2917.7
YLD004881,CROP018,Jute,REG013,Madhya Pradesh,2015,1118.8,1217.0,7.23,396.6,Sprinkler,4.88,2895.6
YLD004882,CROP018,Jute,REG013,Madhya Pradesh,2016,1119.2,1002.1,7.7,383.6,Flood,4.44,2350.7
YLD004883,CROP018,Jute,REG013,Madhya Pradesh,2017,1113.8,818.7,7.08,206.4,Sprinkler,2.45,2333.7
YLD004884,CROP018,Jute,REG013,Madhya Pradesh,2018,1116.4,1395.1,6.94,220.2,Sprinkler,1.53,2945.6
YLD004885,CROP018,Jute,REG013,Madhya Pradesh,2019,1115.0,1134.7,6.89,176.0,Drip,2.49,2877.9
YLD004886,CROP018,Jute,REG013,Madhya Pradesh,2020,1118.0,919.0,7.03,258.5,Sprinkler,0.76,2579.8
YLD004887,CROP018,Jute,REG013,Madhya Pradesh,2021,1109.4,1371.1,7.45,189.2,Flood,3.98,1504.1
YLD004891,CROP018,Jute,REG014,Madhya Pradesh,2015,1119.0,1084.1,6.8,344.0,Rainfed,2.58,1568.4
YLD004892,CROP018,Jute,REG014,Madhya Pradesh,2016,1127.6,1147.8,6.0,379.0,Flood,1.28,1928.6
YLD004893,CROP018,Jute,REG014,Madhya Pradesh,2017,1117.4,1282.1,6.36,229.6,Flood,1.52,2886.3
YLD004894,CROP018,Jute,REG014,Madhya Pradesh,2018,1116.2,1267.7,6.7,259.9,Flood,3.22,2967.5
YLD004895,CROP018,Jute,REG014,Madhya Pradesh,2019,1113.8,610.4,7.6,411.9,Drip,2.29,1816.1
YLD004896,CROP018,Jute,REG014,Madhya Pradesh,2020,1115.8,905.9,6.47,135.0,Drip,4.39,3095.0
YLD004897,CROP018,Jute,REG014,Madhya Pradesh,2021,1115.5,1200.6,5.92,207.1,Flood,1.5,2945.4
YLD004901,CROP018,Jute,REG015,Madhya Pradesh,2015,1117.5,1207.5,6.7,324.0,Rainfed,4.68,2047.4
YLD004902,CROP018,Jute,REG015,Madhya Pradesh,2016,1118.5,784.2,6.56,227.7,Sprinkler,1.57,2323.4
YLD004903,CROP018,Jute,REG015,Madhya Pradesh,2017,1118.0,2077.8,7.47,292.3,Sprinkler,2.93,1270.4
YLD004904,CROP018,Jute,REG015,Madhya Pradesh,2018,1112.8,1180.4,6.64,258.2,Flood,4.03,2299.6
YLD004905,CROP018,Jute,REG015,Madhya Pradesh,2019,1117.8,1568.2,6.86,273.6,Drip,2.19,2281.0
YLD004906,CROP018,Jute,REG015,Madhya Pradesh,2020,1114.8,1528.4,6.33,377.6,Drip,2.77,2249.7
YLD004907,CROP018,Jute,REG015,Madhya Pradesh,2021,1114.7,645.7,7.04,193.1,Flood,1.48,2040.9
YLD004911,CROP018,Jute,REG016,Maharashtra,2015,1119.0,1413.6,6.65,198.5,Rainfed,4.42,1496.9
YLD004912,CROP018,Jute,REG016,Maharashtra,2016,1117.1,891.7,5.52,352.9,Flood,4.76,1732.5
YLD004913,CROP018,Jute,REG016,Maharashtra,2017,1116.9,1475.6,6.29,290.6,Drip,3.46,2591.2
YLD004914,CROP018,Jute,REG016,Maharashtra,2018,1119.5,1112.2,7.43,401.1,Flood,3.25,2601.0
YLD004915,CROP018,Jute,REG016,Maharashtra,2019,1110.6,1808.6,6.14,174.9,Drip,3.42,1611.2
YLD004916,CROP018,Jute,REG016,Maharashtra,2020,1120.1,1592.6,6.53,305.5,Drip,1.24,1847.6
YLD004917,CROP018,Jute,REG016,Maharashtra,2021,1109.9,1451.2,6.5,155.2,Sprinkler,1.82,2093.0
YLD004921,CROP018,Jute,REG017,Maharashtra,2015,1118.6,1482.2,6.13,203.6,Drip,2.55,2162.0
YLD004922,CROP018,Jute,REG017,Maharashtra,2016,1113.1,1515.3,6.98,324.4,Sprinkler,1.73,2217.7
YLD004923,CROP018,Jute,REG017,Maharashtra,2017,1112.2,1103.0,6.9,248.5,Flood,1.59,2312.0
YLD004924,CROP018,Jute,REG017,Maharashtra,2018,1119.0,878.9,7.24,268.3,Flood,0.81,2081.9
YLD004925,CROP018,Jute,REG017,Maharashtra,2019,1111.9,1293.1,6.56,244.3,Rainfed,3.82,1637.5
YLD004926,CROP018,Jute,REG017,Maharashtra,2020,1114.4,1349.4,6.74,369.5,Sprinkler,1.66,2717.7
YLD004927,CROP018,Jute,REG017,Maharashtra,2021,1111.9,1207.0,6.36,334.9,Rainfed,4.64,1557.0
YLD004931,CROP018,Jute,REG018,Maharashtra,2015,1111.3,1003.9,6.71,296.9,Sprinkler,4.43,1870.4
YLD004932,CROP018,Jute,REG018,Maharashtra,2016,1121.8,1180.7,6.91,177.8,Sprinkler,4.25,2879.8
YLD004933,CROP018,Jute,REG018,Maharashtra,2017,1114.8,1229.0,6.64,279.8,Flood,3.28,2966.8
YLD004934,CROP018,Jute,REG018,Maharashtra,2018,1112.4,1498.4,7.14,345.1,Drip,3.77,1613.6
YLD004935,CROP018,Jute,REG018,Maharashtra,2019,1114.3,1365.4,5.88,254.8,Sprinkler,3.84,2803.1
YLD004936,CROP018,Jute,REG018,Maharashtra,2020,1116.3,1811.8,7.07,344.2,Drip,3.55,2714.6
YLD004937,CROP018,Jute,REG018,Maharashtra,2021,1112.6,496.1,7.27,306.3,Sprinkler,3.71,1846.7
YLD004941,CROP018,Jute,REG019,Gujarat,2015,1111.9,1389.2,6.98,341.6,Flood,0.79,2065.2
YLD004942,CROP018,Jute,REG019,Gujarat,2016,1115.6,1809.1,7.13,335.8,Sprinkler,1.78,1733.7
YLD004943,CROP018,Jute,REG019,Gujarat,2017,1116.8,1798.5,6.85,238.4,Drip,4.62,2595.4
YLD004944,CROP018,Jute,REG019,Gujarat,2018,1115.0,1811.3,6.62,285.3,Drip,4.74,2558.8
YLD004945,CROP018,Jute,REG019,Gujarat,2019,1116.3,1897.4,7.39,117.3,Rainfed,3.29,970.4
YLD004946,CROP018,Jute,REG019,Gujarat,2020,1112.4,814.0,6.44,250.1,Rainfed,3.69,1449.4
YLD004947,CROP018,Jute,REG019,Gujarat,2021,1119.1,1506.5,7.51,223.1,Rainfed,3.99,1694.8
YLD004951,CROP018,Jute,REG020,Gujarat,2015,1124.4,1562.6,6.1,201.5,Sprinkler,1.34,973.8
YLD004952,CROP018,Jute,REG020,Gujarat,2016,1115.8,1021.3,6.71,298.2,Drip,4.2,3165.5
YLD004953,CROP018,Jute,REG020,Gujarat,2017,1120.1,1007.6,6.61,326.8,Flood,4.9,1983.0
YLD004954,CROP018,Jute,REG020,Gujarat,2018,1117.9,710.0,6.32,318.8,Rainfed,1.97,1418.4
YLD004955,CROP018,Jute,REG020,Gujarat,2019,1111.4,875.3,6.49,241.6,Flood,4.21,1944.0
YLD004956,CROP018,Jute,REG020,Gujarat,2020,1114.7,1062.9,7.14,357.3,Flood,2.16,2544.1
YLD004957,CROP018,Jute,REG020,Gujarat,2021,1108.2,1080.8,6.11,266.4,Flood,4.05,2330.4
YLD004961,CROP018,Jute,REG021,Rajasthan,2015,1115.4,518.9,6.46,182.2,Sprinkler,0.79,2295.3
YLD004962,CROP018,Jute,REG021,Rajasthan,2016,1112.3,1616.8,6.42,300.8,Rainfed,1.57,1578.8
YLD004963,CROP018,Jute,REG021,Rajasthan,2017,1115.4,1760.3,6.68,146.7,Drip,2.58,2647.0
YLD004964,CROP018,Jute,REG021,Rajasthan,2018,1118.4,617.5,6.01,142.9,Flood,1.31,1450.9
YLD004965,CROP018,Jute,REG021,Rajasthan,2019,1114.6,1790.9,6.38,223.4,Rainfed,0.83,1362.2
YLD004966,CROP018,Jute,REG021,Rajasthan,2020,1115.4,1119.3,5.95,351.7,Flood,3.13,2660.4
YLD004967,CROP018,Jute,REG021,Rajasthan,2021,1112.0,1199.0,7.64,285.8,Sprinkler,4.6,2465.2
YLD004971,CROP018,Jute,REG022,Rajasthan,2015,1106.7,1485.9,7.22,329.4,Drip,3.79,1394.1
YLD004972,CROP018,Jute,REG022,Rajasthan,2016,1114.4,581.3,7.44,252.3,Flood,4.22,1521.7
YLD004973,CROP018,Jute,REG022,Rajasthan,2017,1119.5,1298.4,7.51,383.2,Rainfed,2.65,1694.1
YLD004974,CROP018,Jute,REG022,Rajasthan,2018,1110.6,1510.6,6.91,373.1,Drip,4.19,2262.9
YLD004975,CROP018,Jute,REG022,Rajasthan,2019,1119.8,740.5,6.87,324.7,Drip,4.3,2164.0
YLD004976,CROP018,Jute,REG022,Rajasthan,2020,1115.5,1356.4,6.62,278.5,Sprinkler,3.77,2997.9
YLD004977,CROP018,Jute,REG022,Rajasthan,2021,1119.0,1037.5,6.91,269.6,Rainfed,0.62,1723.7
YLD004981,CROP018,Jute,REG023,Karnataka,2015,1125.4,948.7,7.51,354.2,Sprinkler,0.55,1189.1
YLD004982,CROP018,Jute,REG023,Karnataka,2016,1116.2,1307.0,7.74,302.2,Sprinkler,4.28,2768.5
YLD004983,CROP018,Jute,REG023,Karnataka,2017,1115.9,1797.0,6.13,276.3,Flood,2.63,1659.9
YLD004984,CROP018,Jute,REG023,Karnataka,2018,1120.9,1233.4,6.57,228.6,Rainfed,1.27,1567.0
YLD004985,CROP018,Jute,REG023,Karnataka,2019,1110.7,887.8,7.17,182.0,Drip,2.7,2133.6
YLD004986,CROP018,Jute,REG023,Karnataka,2020,1118.5,1850.5,7.23,322.7,Sprinkler,4.66,1742.3
YLD004987,CROP018,Jute,REG023,Karnataka,2021,1120.9,1445.4,6.63,267.4,Flood,1.84,1699.1
YLD004991,CROP018,Jute,REG024,Karnataka,2015,1114.9,2256.0,7.1,339.6,Flood,3.08,1328.0
YLD004992,CROP018,Jute,REG024,Karnataka,2016,1114.3,1166.8,6.84,336.4,Flood,3.88,2849.5
YLD004993,CROP018,Jute,REG024,Karnataka,2017,1122.0,1118.8,6.72,264.0,Sprinkler,0.72,2008.6
YLD004994,CROP018,Jute,REG024,Karnataka,2018,1122.6,911.0,6.37,353.3,Sprinkler,4.9,1375.4
YLD004995,CROP018,Jute,REG024,Karnataka,2019,1120.2,1273.8,6.89,261.5,Sprinkler,1.95,2502.4
YLD004996,CROP018,Jute,REG024,Karnataka,2020,1113.6,1198.8,6.02,359.5,Drip,2.15,2671.1
YLD004997,CROP018,Jute,REG024,Karnataka,2021,1116.2,1266.3,6.71,287.1,Flood,3.19,2848.8
YLD005001,CROP018,Jute,REG025,Andhra Pradesh,2015,1122.9,1187.4,5.92,195.3,Sprinkler,0.67,1816.3
YLD005002,CROP018,Jute,REG025,Andhra Pradesh,2016,1119.9,643.1,6.75,256.6,Flood,3.82,1544.7
YLD005003,CROP018,Jute,REG025,Andhra Pradesh,2017,1116.0,2139.4,7.32,230.8,Flood,2.77,1422.0
YLD005004,CROP018,Jute,REG025,Andhra Pradesh,2018,1111.3,1339.9,6.77,218.9,Flood,4.11,1926.5
YLD005005,CROP018,Jute,REG025,Andhra Pradesh,2019,1109.5,1122.5,7.49,312.0,Drip,2.2,2770.5
YLD005006,CROP018,Jute,REG025,Andhra Pradesh,2020,1123.6,728.1,6.4,282.9,Drip,1.73,1435.5
YLD005007,CROP018,Jute,REG025,Andhra Pradesh,2021,1119.5,1359.1,6.27,241.4,Rainfed,2.76,1686.2
YLD005011,CROP018,Jute,REG026,Andhra Pradesh,2015,1117.3,1448.3,7.15,226.4,Rainfed,2.66,1736.7
YLD005012,CROP018,Jute,REG026,Andhra Pradesh,2016,1110.3,1597.5,7.18,288.8,Sprinkler,2.35,1600.3
YLD005013,CROP018,Jute,REG026,Andhra Pradesh,2017,1115.7,678.5,6.62,308.1,Sprinkler,1.55,2005.0
YLD005014,CROP018,Jute,REG026,Andhra Pradesh,2018,1118.3,1084.5,7.18,299.5,Sprinkler,2.91,2511.9
YLD005015,CROP018,Jute,REG026,Andhra Pradesh,2019,1117.3,1230.7,5.92,313.7,Sprinkler,4.61,2712.8
YLD005016,CROP018,Jute,REG026,Andhra Pradesh,2020,1121.4,1117.3,6.85,296.3,Sprinkler,0.93,2421.2
YLD005017,CROP018,Jute,REG026,Andhra Pradesh,2021,1111.1,1147.3,5.64,363.1,Drip,2.43,2597.0
YLD005021,CROP018,Jute,REG027,Tamil Nadu,2015,1113.3,1000.2,5.77,293.5,Drip,0.81,2551.7
YLD005022,CROP018,Jute,REG027,Tamil Nadu,2016,1120.8,1411.5,7.27,261.6,Sprinkler,2.1,2237.6
YLD005023,CROP018,Jute,REG027,Tamil Nadu,2017,1113.4,1329.8,6.48,236.5,Drip,3.0,2748.4
YLD005024,CROP018,Jute,REG027,Tamil Nadu,2018,1117.7,1478.8,7.17,369.6,Sprinkler,1.64,2165.8
YLD005025,CROP018,Jute,REG027,Tamil Nadu,2019,1116.7,1327.2,6.83,230.9,Sprinkler,2.83,3278.0
YLD005026,CROP018,Jute,REG027,Tamil Nadu,2020,1115.3,1208.1,6.86,256.6,Flood,1.46,3001.0
YLD005027,CROP018,Jute,REG027,Tamil Nadu,2021,1116.3,667.5,7.31,214.6,Sprinkler,3.77,2028.1
YLD005031,CROP018,Jute,REG028,Tamil Nadu,2015,1112.8,848.7,5.88,255.3,Rainfed,2.15,1378.3
YLD005032,CROP018,Jute,REG028,Tamil Nadu,2016,1115.0,1138.2,6.98,140.6,Flood,2.41,2476.3
YLD005033,CROP018,Jute,REG028,Tamil Nadu,2017,1118.1,1465.9,6.53,377.4,Rainfed,0.85,1998.4
YLD005034,CROP018,Jute,REG028,Tamil Nadu,2018,1115.1,890.6,7.01,281.9,Flood,1.12,2476.5
YLD005035,CROP018,Jute,REG028,Tamil Nadu,2019,1126.8,1884.9,6.29,309.4,Sprinkler,2.13,464.3
YLD005036,CROP018,Jute,REG028,Tamil Nadu,2020,1117.2,849.4,6.56,273.0,Flood,2.58,2541.9
YLD005037,CROP018,Jute,REG028,Tamil Nadu,2021,1112.4,1632.5,7.12,218.8,Drip,4.08,2059.7
YLD005041,CROP019,Potato,REG001,Punjab,2015,11002.6,560.3,6.6,304.2,Drip,4.39,11872.6
YLD005042,CROP019,Potato,REG001,Punjab,2016,11019.4,550.9,6.0,228.4,Drip,1.22,11031.2
YLD005043,CROP019,Potato,REG001,Punjab,2017,11006.7,527.2,6.52,310.1,Drip,3.86,15789.1
YLD005044,CROP019,Potato,REG001,Punjab,2018,11010.0,495.5,5.94,324.7,Drip,0.75,18020.1
YLD005045,CROP019,Potato,REG001,Punjab,2019,11007.2,361.2,6.4,341.8,Sprinkler,0.82,10905.5
YLD005046,CROP019,Potato,REG001,Punjab,2020,11009.6,407.5,6.4,122.1,Drip,3.54,17184.5
YLD005047,CROP019,Potato,REG001,Punjab,2021,11011.7,344.4,6.41,227.8,Flood,1.23,14102.7
YLD005051,CROP019,Potato,REG002,Punjab,2015,11009.2,652.6,6.98,290.1,Drip,3.85,12173.2
YLD005052,CROP019,Potato,REG002,Punjab,2016,11012.3,597.3,5.72,225.9,Rainfed,2.04,11124.5
YLD005053,CROP019,Potato,REG002,Punjab,2017,11007.6,181.6,6.97,259.5,Rainfed,3.29,5367.0
YLD005054,CROP019,Potato,REG002,Punjab,2018,11011.1,591.6,6.13,314.8,Flood,1.78,13384.8
YLD005055,CROP019,Potato,REG002,Punjab,2019,11011.5,556.2,6.45,314.8,Sprinkler,1.34,14838.7
YLD005056,CROP019,Potato,REG002,Punjab,2020,11008.3,539.3,7.01,271.8,Sprinkler,2.66,13222.0
YLD005057,CROP019,Potato,REG002,Punjab,2021,11011.6,453.7,6.76,299.6,Drip,4.38,16978.2
YLD005061,CROP019,Potato,REG003,Punjab,2015,11008.2,493.1,7.54,275.7,Flood,1.0,14124.1
YLD005062,CROP019,Potato,REG003,Punjab,2016,11010.7,696.6,6.6,391.9,Flood,0.61,13054.7
YLD005063,CROP019,Potato,REG003,Punjab,2017,11008.1,366.6,7.4,375.0,Flood,3.58,13641.1
YLD005064,CROP019,Potato,REG003,Punjab,2018,11013.8,535.4,7.16,125.6,Sprinkler,3.01,14271.5
YLD005065,CROP019,Potato,REG003,Punjab,2019,11012.2,475.6,6.7,256.1,Flood,3.71,16232.8
YLD005066,CROP019,Potato,REG003,Punjab,2020,11014.0,432.0,6.43,200.5,Rainfed,0.68,10775.2
YLD005067,CROP019,Potato,REG003,Punjab,2021,11008.5,324.3,6.7,319.7,Rainfed,3.23,11202.2
YLD005071,CROP019,Potato,REG004,Haryana,2015,11007.8,312.5,6.62,239.6,Flood,0.51,10978.2
YLD005072,CROP019,Potato,REG004,Haryana,2016,11015.7,579.8,6.16,313.3,Drip,4.83,14543.5
YLD005073,CROP019,Potato,REG004,Haryana,2017,11009.8,483.7,7.73,356.6,Sprinkler,0.92,16932.4
YLD005074,CROP019,Potato,REG004,Haryana,2018,11010.9,751.0,6.9,259.0,Drip,3.01,12497.3
YLD005075,CROP019,Potato,REG004,Haryana,2019,11007.6,441.6,6.87,237.3,Rainfed,4.86,10247.7
YLD005076,CROP019,Potato,REG004,Haryana,2020,11006.8,644.4,6.41,229.5,Rainfed,0.74,9187.1
YLD005077,CROP019,Potato,REG004,Haryana,2021,11008.4,456.2,6.51,257.1,Drip,2.12,16578.5
YLD005081,CROP019,Potato,REG005,Haryana,2015,11013.9,497.5,6.07,302.6,Sprinkler,3.89,14863.4
YLD005082,CROP019,Potato,REG005,Haryana,2016,11012.8,576.5,5.53,229.5,Rainfed,3.42,14148.3
YLD005083,CROP019,Potato,REG005,Haryana,2017,11012.6,571.4,6.3,256.4,Drip,1.81,15586.5
YLD005084,CROP019,Potato,REG005,Haryana,2018,11008.8,705.2,5.98,182.2,Sprinkler,1.49,11118.0
YLD005085,CROP019,Potato,REG005,Haryana,2019,11015.0,504.7,6.79,465.0,Flood,2.04,15506.4
YLD005086,CROP019,Potato,REG005,Haryana,2020,11009.7,305.3,7.15,244.2,Flood,3.54,11697.4
YLD005087,CROP019,Potato,REG005,Haryana,2021,11015.3,450.5,6.54,242.4,Sprinkler,4.53,13766.1
YLD005091,CROP019,Potato,REG006,Uttar Pradesh,2015,11009.9,552.0,6.35,242.1,Flood,3.48,14512.6
YLD005092,CROP019,Potato,REG006,Uttar Pradesh,2016,11015.5,382.9,6.2,280.0,Flood,3.95,10284.6
YLD005093,CROP019,Potato,REG006,Uttar Pradesh,2017,11012.5,481.9,6.4,302.0,Sprinkler,3.18,17737.5
YLD005094,CROP019,Potato,REG006,Uttar Pradesh,2018,11010.7,225.9,6.14,323.7,Drip,2.3,13860.8
YLD005095,CROP019,Potato,REG006,Uttar Pradesh,2019,11011.0,394.5,6.77,200.9,Sprinkler,1.8,18553.0
YLD005096,CROP019,Potato,REG006,Uttar Pradesh,2020,11008.3,481.4,6.98,277.4,Drip,1.67,16211.5
YLD005097,CROP019,Potato,REG006,Uttar Pradesh,2021,11007.7,276.4,6.7,163.7,Rainfed,1.54,8576.0
YLD005101,CROP019,Potato,REG007,Uttar Pradesh,2015,11010.2,358.7,6.86,343.9,Sprinkler,3.89,15061.3
YLD005102,CROP019,Potato,REG007,Uttar Pradesh,2016,11014.7,527.9,6.41,341.7,Rainfed,3.71,10023.7
YLD005103,CROP019,Potato,REG007,Uttar Pradesh,2017,11010.9,533.1,7.03,287.3,Drip,4.63,19415.8
YLD005104,CROP019,Potato,REG007,Uttar Pradesh,2018,11013.2,396.9,7.24,363.7,Drip,3.81,17428.6
YLD005105,CROP019,Potato,REG007,Uttar Pradesh,2019,11009.9,502.5,5.88,319.0,Rainfed,0.56,13374.1
YLD005106,CROP019,Potato,REG007,Uttar Pradesh,2020,11013.5,352.1,5.88,289.8,Drip,0.77,16193.1
YLD005107,CROP019,Potato,REG007,Uttar Pradesh,2021,11008.2,553.3,7.3,309.6,Rainfed,4.15,11657.5
YLD005111,CROP019,Potato,REG008,Uttar Pradesh,2015,11006.7,340.8,6.79,303.1,Drip,2.39,14210.0
YLD005112,CROP019,Potato,REG008,Uttar Pradesh,2016,11012.1,297.9,6.87,360.0,Rainfed,4.49,8503.0
YLD005113,CROP019,Potato,REG008,Uttar Pradesh,2017,11014.4,508.9,7.06,306.5,Flood,2.95,12878.7
YLD005114,CROP019,Potato,REG008,Uttar Pradesh,2018,11011.0,492.3,6.67,380.8,Drip,2.73,17946.2
YLD005115,CROP019,Potato,REG008,Uttar Pradesh,2019,11011.0,522.4,7.22,347.2,Sprinkler,1.61,19704.8
YLD005116,CROP019,Potato,REG008,Uttar Pradesh,2020,11014.8,355.3,5.84,368.6,Flood,3.45,10071.3
YLD005117,CROP019,Potato,REG008,Uttar Pradesh,2021,11011.9,401.1,7.01,210.7,Drip,0.55,14851.4
YLD005121,CROP019,Potato,REG009,Bihar,2015,11013.0,364.3,7.52,260.4,Drip,1.09,15481.2
YLD005122,CROP019,Potato,REG009,Bihar,2016,11011.2,459.3,6.41,306.9,Flood,3.61,17404.2
YLD005123,CROP019,Potato,REG009,Bihar,2017,11011.4,436.0,7.15,209.1,Rainfed,0.52,12246.8
YLD005124,CROP019,Potato,REG009,Bihar,2018,11009.0,655.9,6.55,267.4,Flood,2.78,13451.6
YLD005125,CROP019,Potato,REG009,Bihar,2019,11014.6,574.1,6.26,231.5,Flood,0.6,12174.2
YLD005126,CROP019,Potato,REG009,Bihar,2020,11014.8,318.6,7.21,282.6,Flood,1.98,8433.0
YLD005127,CROP019,Potato,REG009,Bihar,2021,11016.1,287.5,6.68,298.3,Flood,4.97,9473.1
YLD005131,CROP019,Potato,REG010,Bihar,2015,11012.8,320.1,6.23,224.2,Drip,1.05,16654.0
YLD005132,CROP019,Potato,REG010,Bihar,2016,11014.4,498.7,6.9,291.7,Rainfed,2.98,10484.2
YLD005133,CROP019,Potato,REG010,Bihar,2017,11017.6,584.1,5.96,309.1,Rainfed,2.16,8960.8
YLD005134,CROP019,Potato,REG010,Bihar,2018,11009.0,309.5,7.68,385.7,Drip,4.92,13851.0
YLD005135,CROP019,Potato,REG010,Bihar,2019,11011.2,398.9,6.22,263.2,Flood,4.94,13628.0
YLD005136,CROP019,Potato,REG010,Bihar,2020,11008.8,347.5,6.06,270.4,Flood,4.36,10072.1
YLD005137,CROP019,Potato,REG010,Bihar,2021,11006.8,797.0,7.02,264.2,Flood,1.03,7723.7
YLD005141,CROP019,Potato,REG011,West Bengal,2015,11006.5,459.9,6.34,243.3,Flood,2.11,15720.6
YLD005142,CROP019,Potato,REG011,West Bengal,2016,11014.7,372.4,6.69,234.6,Sprinkler,3.99,12350.9
YLD005143,CROP019,Potato,REG011,West Bengal,2017,11005.3,744.3,6.09,277.8,Sprinkler,1.16,6464.9
YLD005144,CROP019,Potato,REG011,West Bengal,2018,11011.1,446.9,7.15,381.5,Flood,3.65,17926.7
YLD005145,CROP019,Potato,REG011,West Bengal,2019,11012.2,481.5,7.32,383.1,Drip,0.85,17617.8
YLD005146,CROP019,Potato,REG011,West Bengal,2020,11011.4,519.7,6.91,272.1,Flood,4.07,17253.7
YLD005147,CROP019,Potato,REG011,West Bengal,2021,11015.0,357.4,6.69,276.2,Rainfed,3.2,10167.5
YLD005151,CROP019,Potato,REG012,West Bengal,2015,11008.5,600.4,7.42,287.2,Rainfed,2.34,11456.8
YLD005152,CROP019,Potato,REG012,West Bengal,2016,11007.7,642.5,6.13,289.9,Sprinkler,1.1,12944.8
YLD005153,CROP019,Potato,REG012,West Bengal,2017,11008.8,365.5,6.13,263.9,Flood,3.5,11363.7
YLD005154,CROP019,Potato,REG012,West Bengal,2018,11002.0,331.1,6.84,181.4,Flood,0.78,8164.6
YLD005155,CROP019,Potato,REG012,West Bengal,2019,11007.5,494.4,6.67,364.6,Rainfed,3.9,13139.1
YLD005156,CROP019,Potato,REG012,West Bengal,2020,11013.5,317.0,7.52,387.7,Rainfed,3.73,7793.4
YLD005157,CROP019,Potato,REG012,West Bengal,2021,11010.7,422.4,6.6,310.8,Sprinkler,2.0,19054.0
YLD005161,CROP019,Potato,REG013,Madhya Pradesh,2015,11002.5,317.1,7.66,359.3,Rainfed,4.89,4444.2
YLD005162,CROP019,Potato,REG013,Madhya Pradesh,2016,11018.0,911.7,6.38,285.6,Sprinkler,3.15,5540.5
YLD005163,CROP019,Potato,REG013,Madhya Pradesh,2017,11013.3,520.2,6.16,318.7,Drip,3.7,15930.2
YLD005164,CROP019,Potato,REG013,Madhya Pradesh,2018,11015.1,613.2,6.67,444.8,Flood,3.84,10352.8
YLD005165,CROP019,Potato,REG013,Madhya Pradesh,2019,11013.0,372.6,6.6,280.5,Drip,0.68,16138.8
YLD005166,CROP019,Potato,REG013,Madhya Pradesh,2020,11014.7,439.9,6.36,348.8,Drip,3.88,15342.4
YLD005167,CROP019,Potato,REG013,Madhya Pradesh,2021,11013.4,351.1,6.42,264.7,Drip,0.71,15100.2
YLD005171,CROP019,Potato,REG014,Madhya Pradesh,2015,11010.7,445.6,6.56,234.8,Sprinkler,1.93,17024.1
YLD005172,CROP019,Potato,REG014,Madhya Pradesh,2016,11010.2,500.3,5.42,172.9,Rainfed,3.91,11159.3
YLD005173,CROP019,Potato,REG014,Madhya Pradesh,2017,11011.7,522.7,6.44,244.1,Rainfed,3.86,11631.7
YLD005174,CROP019,Potato,REG014,Madhya Pradesh,2018,11011.1,650.9,6.28,206.7,Drip,2.15,18762.8
YLD005175,CROP019,Potato,REG014,Madhya Pradesh,2019,11012.1,531.2,6.32,318.1,Sprinkler,2.26,17063.0
YLD005176,CROP019,Potato,REG014,Madhya Pradesh,2020,11011.2,295.5,6.5,186.5,Flood,0.73,12463.2
YLD005177,CROP019,Potato,REG014,Madhya Pradesh,2021,11010.2,674.0,6.91,266.9,Flood,2.38,11914.2
YLD005181,CROP019,Potato,REG015,Madhya Pradesh,2015,11011.6,356.8,7.58,221.0,Sprinkler,1.38,17801.8
YLD005182,CROP019,Potato,REG015,Madhya Pradesh,2016,11011.7,602.7,5.68,362.0,Flood,4.31,14194.6
YLD005183,CROP019,Potato,REG015,Madhya Pradesh,2017,11013.1,377.5,5.75,285.9,Rainfed,1.95,9037.6
YLD005184,CROP019,Potato,REG015,Madhya Pradesh,2018,11016.8,604.6,6.17,259.8,Flood,4.25,10727.8
YLD005185,CROP019,Potato,REG015,Madhya Pradesh,2019,11013.6,393.6,6.47,343.5,Rainfed,1.44,11486.3
YLD005186,CROP019,Potato,REG015,Madhya Pradesh,2020,11015.7,634.4,8.11,294.0,Sprinkler,1.31,8330.4
YLD005187,CROP019,Potato,REG015,Madhya Pradesh,2021,11012.4,365.4,6.92,211.9,Rainfed,4.84,11631.2
YLD005191,CROP019,Potato,REG016,Maharashtra,2015,11013.0,583.8,6.46,354.5,Sprinkler,4.78,14311.4
YLD005192,CROP019,Potato,REG016,Maharashtra,2016,11007.5,356.8,6.14,180.1,Flood,3.96,11161.2
YLD005193,CROP019,Potato,REG016,Maharashtra,2017,11006.7,597.6,7.36,299.1,Sprinkler,2.46,13735.9
YLD005194,CROP019,Potato,REG016,Maharashtra,2018,11012.4,412.3,6.53,170.9,Sprinkler,3.84,17978.3
YLD005195,CROP019,Potato,REG016,Maharashtra,2019,11006.2,343.9,7.11,285.8,Sprinkler,0.87,9520.9
YLD005196,CROP019,Potato,REG016,Maharashtra,2020,11008.2,386.7,5.34,352.4,Sprinkler,2.15,13697.8
YLD005197,CROP019,Potato,REG016,Maharashtra,2021,11015.6,274.6,7.7,265.5,Rainfed,3.34,5626.7
YLD005201,CROP019,Potato,REG017,Maharashtra,2015,11013.4,544.2,5.04,285.8,Drip,4.39,14478.4
YLD005202,CROP019,Potato,REG017,Maharashtra,2016,11013.6,541.8,6.84,274.0,Rainfed,3.6,11686.0
YLD005203,CROP019,Potato,REG017,Maharashtra,2017,11009.6,707.3,6.77,186.7,Flood,0.91,13438.0
YLD005204,CROP019,Potato,REG017,Maharashtra,2018,11012.4,506.0,7.05,373.5,Sprinkler,3.4,19405.9
YLD005205,CROP019,Potato,REG017,Maharashtra,2019,11007.9,609.5,6.83,325.6,Sprinkler,1.44,12448.8
YLD005206,CROP019,Potato,REG017,Maharashtra,2020,11014.0,411.2,8.27,277.0,Flood,1.6,12613.5
YLD005207,CROP019,Potato,REG017,Maharashtra,2021,11013.2,392.3,6.64,232.7,Drip,4.2,17191.2
YLD005211,CROP019,Potato,REG018,Maharashtra,2015,11012.3,467.1,6.99,211.7,Flood,3.06,16734.0
YLD005212,CROP019,Potato,REG018,Maharashtra,2016,11008.9,226.5,6.78,307.2,Drip,0.72,14889.6
YLD005213,CROP019,Potato,REG018,Maharashtra,2017,11009.3,370.2,7.42,243.3,Sprinkler,1.75,14804.2
YLD005214,CROP019,Potato,REG018,Maharashtra,2018,11004.5,328.1,7.41,219.5,Rainfed,1.73,5471.9
YLD005215,CROP019,Potato,REG018,Maharashtra,2019,11014.6,660.9,6.35,297.7,Rainfed,0.83,7399.8
YLD005216,CROP019,Potato,REG018,Maharashtra,2020,11017.3,484.1,6.1,178.0,Flood,3.42,13170.9
YLD005217,CROP019,Potato,REG018,Maharashtra,2021,11015.5,508.6,6.67,279.8,Sprinkler,3.36,16802.6
YLD005221,CROP019,Potato,REG019,Gujarat,2015,11016.3,444.4,7.68,290.5,Rainfed,2.62,7848.7
YLD005222,CROP019,Potato,REG019,Gujarat,2016,11012.0,508.4,7.25,242.7,Flood,4.06,17725.9
YLD005223,CROP019,Potato,REG019,Gujarat,2017,11014.3,336.8,6.79,294.5,Sprinkler,2.55,11086.0
YLD005224,CROP019,Potato,REG019,Gujarat,2018,11010.9,487.2,6.27,173.1,Sprinkler,4.5,17987.6
YLD005225,CROP019,Potato,REG019,Gujarat,2019,11011.4,787.7,6.64,230.4,Drip,2.47,11786.1
YLD005226,CROP019,Potato,REG019,Gujarat,2020,11002.8,556.6,6.7,277.0,Drip,2.63,13201.0
YLD005227,CROP019,Potato,REG019,Gujarat,2021,11008.3,512.2,6.49,236.0,Rainfed,0.9,12003.8
YLD005231,CROP019,Potato,REG020,Gujarat,2015,11006.7,332.2,7.49,312.5,Rainfed,2.77,6890.1
YLD005232,CROP019,Potato,REG020,Gujarat,2016,11007.7,293.0,6.65,261.0,Flood,1.82,9262.5
YLD005233,CROP019,Potato,REG020,Gujarat,2017,11016.7,350.3,6.4,246.7,Sprinkler,0.93,12083.3
YLD005234,CROP019,Potato,REG020,Gujarat,2018,11015.1,643.1,7.31,226.3,Drip,1.63,14741.2
YLD005235,CROP019,Potato,REG020,Gujarat,2019,11013.3,512.8,6.03,371.7,Drip,3.19,17268.3
YLD005236,CROP019,Potato,REG020,Gujarat,2020,11005.7,96.5,6.56,318.5,Sprinkler,1.66,6446.5
YLD005237,CROP019,Potato,REG020,Gujarat,2021,11012.8,625.6,6.92,253.4,Sprinkler,3.12,13015.6
YLD005241,CROP019,Potato,REG021,Rajasthan,2015,11011.6,533.1,7.2,229.4,Rainfed,3.03,12286.4
YLD005242,CROP019,Potato,REG021,Rajasthan,2016,11008.8,388.4,6.27,339.0,Flood,3.32,15948.5
YLD005243,CROP019,Potato,REG021,Rajasthan,2017,11011.9,401.8,5.99,176.3,Rainfed,1.46,13282.7
YLD005244,CROP019,Potato,REG021,Rajasthan,2018,11009.0,557.2,6.24,281.3,Drip,1.03,16616.4
YLD005245,CROP019,Potato,REG021,Rajasthan,2019,11012.7,909.6,6.47,273.6,Flood,4.54,7510.0
YLD005246,CROP019,Potato,REG021,Rajasthan,2020,11013.2,432.5,5.92,344.4,Flood,1.36,14949.1
YLD005247,CROP019,Potato,REG021,Rajasthan,2021,11011.8,442.8,6.41,351.7,Drip,3.89,17790.4
YLD005251,CROP019,Potato,REG022,Rajasthan,2015,11011.3,285.8,6.35,206.1,Sprinkler,0.63,13532.2
YLD005252,CROP019,Potato,REG022,Rajasthan,2016,11008.3,428.4,7.14,366.9,Flood,3.48,12276.9
YLD005253,CROP019,Potato,REG022,Rajasthan,2017,11010.7,285.2,6.2,288.4,Sprinkler,4.13,14536.9
YLD005254,CROP019,Potato,REG022,Rajasthan,2018,11007.1,721.8,5.7,173.1,Flood,2.66,10626.3
YLD005255,CROP019,Potato,REG022,Rajasthan,2019,11008.9,282.6,6.03,379.0,Sprinkler,2.01,11696.6
YLD005256,CROP019,Potato,REG022,Rajasthan,2020,11008.3,668.6,7.14,212.1,Flood,2.75,12025.2
YLD005257,CROP019,Potato,REG022,Rajasthan,2021,11010.3,378.7,6.5,248.2,Sprinkler,3.91,15051.1
YLD005261,CROP019,Potato,REG023,Karnataka,2015,11008.5,870.3,6.81,256.1,Drip,2.24,8338.4
YLD005262,CROP019,Potato,REG023,Karnataka,2016,11010.5,392.2,6.75,259.6,Drip,1.78,18967.3
YLD005263,CROP019,Potato,REG023,Karnataka,2017,11012.1,711.8,6.34,261.5,Flood,2.31,14059.2
YLD005264,CROP019,Potato,REG023,Karnataka,2018,11015.9,192.2,6.91,304.3,Flood,2.19,6684.1
YLD005265,CROP019,Potato,REG023,Karnataka,2019,11012.0,477.2,6.71,304.0,Drip,0.6,16974.2
YLD005266,CROP019,Potato,REG023,Karnataka,2020,11004.7,514.1,5.86,359.5,Rainfed,4.34,8213.8
YLD005267,CROP019,Potato,REG023,Karnataka,2021,11010.6,652.3,6.98,325.9,Rainfed,4.63,9882.7
YLD005271,CROP019,Potato,REG024,Karnataka,2015,11011.8,665.3,6.05,168.9,Flood,3.77,12579.0
YLD005272,CROP019,Potato,REG024,Karnataka,2016,11009.9,527.7,6.93,290.5,Rainfed,4.9,14552.3
YLD005273,CROP019,Potato,REG024,Karnataka,2017,11013.5,497.8,6.92,209.8,Flood,1.83,14666.0
YLD005274,CROP019,Potato,REG024,Karnataka,2018,11013.1,386.7,7.21,326.7,Flood,1.87,8431.2
YLD005275,CROP019,Potato,REG024,Karnataka,2019,11012.0,364.0,7.62,284.9,Drip,2.95,15467.3
YLD005276,CROP019,Potato,REG024,Karnataka,2020,11007.4,177.1,6.39,367.0,Drip,3.37,10289.0
YLD005277,CROP019,Potato,REG024,Karnataka,2021,11008.0,599.8,6.25,368.8,Drip,2.63,14793.2
YLD005281,CROP019,Potato,REG025,Andhra Pradesh,2015,11009.8,615.6,7.32,362.3,Sprinkler,3.86,15886.9
YLD005282,CROP019,Potato,REG025,Andhra Pradesh,2016,11010.8,497.2,7.61,337.6,Drip,2.55,18535.3
YLD005283,CROP019,Potato,REG025,Andhra Pradesh,2017,11015.4,685.5,6.94,340.3,Flood,3.97,10161.6
YLD005284,CROP019,Potato,REG025,Andhra Pradesh,2018,11001.4,724.3,7.13,296.1,Drip,2.85,5865.0
YLD005285,CROP019,Potato,REG025,Andhra Pradesh,2019,11004.9,645.5,6.09,344.4,Flood,4.09,9196.1
YLD005286,CROP019,Potato,REG025,Andhra Pradesh,2020,11008.7,633.8,7.66,289.5,Sprinkler,2.85,14081.4
YLD005287,CROP019,Potato,REG025,Andhra Pradesh,2021,11011.4,629.5,7.08,327.1,Sprinkler,2.82,13401.3
YLD005291,CROP019,Potato,REG026,Andhra Pradesh,2015,11008.5,381.9,5.99,211.6,Rainfed,3.38,7806.6
YLD005292,CROP019,Potato,REG026,Andhra Pradesh,2016,11009.5,807.0,7.18,301.0,Rainfed,0.82,6872.1
YLD005293,CROP019,Potato,REG026,Andhra Pradesh,2017,11012.0,609.0,7.92,249.7,Drip,3.74,19184.1
YLD005294,CROP019,Potato,REG026,Andhra Pradesh,2018,11012.4,486.1,6.82,268.6,Rainfed,1.34,13145.5
YLD005295,CROP019,Potato,REG026,Andhra Pradesh,2019,11009.6,276.8,6.83,307.3,Rainfed,4.81,9244.9
YLD005296,CROP019,Potato,REG026,Andhra Pradesh,2020,11009.9,481.4,6.44,279.3,Drip,2.99,17485.7
YLD005297,CROP019,Potato,REG026,Andhra Pradesh,2021,11017.7,422.6,6.85,199.6,Rainfed,0.53,8230.2
YLD005301,CROP019,Potato,REG027,Tamil Nadu,2015,11011.0,447.7,7.47,282.3,Sprinkler,1.81,14716.1
YLD005302,CROP019,Potato,REG027,Tamil Nadu,2016,11014.5,290.0,6.16,270.9,Drip,4.72,12740.5
YLD005303,CROP019,Potato,REG027,Tamil Nadu,2017,11012.3,508.1,5.91,266.8,Sprinkler,0.5,17576.2
YLD005304,CROP019,Potato,REG027,Tamil Nadu,2018,11016.3,237.6,6.46,197.1,Rainfed,2.47,5928.5
YLD005305,CROP019,Potato,REG027,Tamil Nadu,2019,11009.1,163.2,6.73,249.3,Flood,2.33,9308.5
YLD005306,CROP019,Potato,REG027,Tamil Nadu,2020,11003.5,287.5,7.7,327.2,Rainfed,1.45,4045.4
YLD005307,CROP019,Potato,REG027,Tamil Nadu,2021,11013.0,470.7,6.73,251.7,Flood,0.66,17637.6
YLD005311,CROP019,Potato,REG028,Tamil Nadu,2015,11010.5,571.3,6.81,357.4,Rainfed,2.1,11932.0
YLD005312,CROP019,Potato,REG028,Tamil Nadu,2016,11011.0,304.7,6.16,264.3,Sprinkler,3.79,14163.5
YLD005313,CROP019,Potato,REG028,Tamil Nadu,2017,11012.8,536.1,6.59,297.1,Sprinkler,2.25,16071.0
YLD005314,CROP019,Potato,REG028,Tamil Nadu,2018,11010.3,562.9,6.55,244.0,Flood,1.67,15733.8
YLD005315,CROP019,Potato,REG028,Tamil Nadu,2019,11013.7,661.3,5.91,345.1,Sprinkler,3.77,12276.8
YLD005316,CROP019,Potato,REG028,Tamil Nadu,2020,11006.1,454.0,6.21,308.7,Rainfed,1.51,10252.4
YLD005317,CROP019,Potato,REG028,Tamil Nadu,2021,11012.5,571.3,6.33,299.3,Sprinkler,3.89,16400.5
YLD005321,CROP020,Onion,REG001,Punjab,2015,9010.6,446.3,7.42,298.4,Flood,3.79,7751.8
YLD005322,CROP020,Onion,REG001,Punjab,2016,9014.0,397.3,6.66,257.3,Sprinkler,2.65,7650.7
YLD005323,CROP020,Onion,REG001,Punjab,2017,9012.6,469.8,6.54,349.2,Rainfed,2.98,6723.5
YLD005324,CROP020,Onion,REG001,Punjab,2018,9016.5,517.9,7.13,342.4,Rainfed,1.35,5748.2
YLD005325,CROP020,Onion,REG001,Punjab,2019,9013.4,400.7,5.94,326.9,Drip,4.94,7983.2
YLD005326,CROP020,Onion,REG001,Punjab,2020,9009.1,637.8,7.23,220.7,Rainfed,4.45,4794.3
YLD005327,CROP020,Onion,REG001,Punjab,2021,9016.1,538.9,6.97,330.7,Rainfed,3.88,3508.2
YLD005331,CROP020,Onion,REG002,Punjab,2015,9015.7,454.3,6.53,179.2,Sprinkler,1.86,7953.7
YLD005332,CROP020,Onion,REG002,Punjab,2016,9018.6,480.0,5.98,242.1,Drip,1.31,7415.7
YLD005333,CROP020,Onion,REG002,Punjab,2017,9012.5,538.2,6.89,331.6,Flood,4.39,7912.3
YLD005334,CROP020,Onion,REG002,Punjab,2018,9006.9,565.6,7.4,251.7,Rainfed,0.65,2588.6
YLD005335,CROP020,Onion,REG002,Punjab,2019,9013.9,467.3,7.36,283.3,Rainfed,1.97,6680.9
YLD005336,CROP020,Onion,REG002,Punjab,2020,9013.2,324.1,7.63,341.4,Rainfed,1.05,5565.7
YLD005337,CROP020,Onion,REG002,Punjab,2021,9018.2,324.9,5.76,308.7,Rainfed,4.57,2918.6
YLD005341,CROP020,Onion,REG003,Punjab,2015,9010.7,573.7,6.95,205.9,Flood,3.96,6061.9
YLD005342,CROP020,Onion,REG003,Punjab,2016,9007.2,346.4,7.27,235.1,Flood,4.36,3903.7
YLD005343,CROP020,Onion,REG003,Punjab,2017,9007.0,222.3,5.69,146.2,Rainfed,3.85,1633.7
YLD005344,CROP020,Onion,REG003,Punjab,2018,9012.3,356.7,6.54,336.7,Rainfed,4.68,6263.4
YLD005345,CROP020,Onion,REG003,Punjab,2019,9015.8,518.9,6.58,231.4,Drip,4.78,8182.7
YLD005346,CROP020,Onion,REG003,Punjab,2020,9009.6,370.1,6.43,180.4,Rainfed,4.95,4207.4
YLD005347,CROP020,Onion,REG003,Punjab,2021,9007.3,194.1,7.18,350.7,Drip,4.33,5175.6
YLD005351,CROP020,Onion,REG004,Haryana,2015,9019.2,366.0,6.11,290.8,Flood,4.7,5535.3
YLD005352,CROP020,Onion,REG004,Haryana,2016,9014.0,567.8,6.73,253.0,Sprinkler,1.47,8338.0
YLD005353,CROP020,Onion,REG004,Haryana,2017,9005.8,567.1,7.12,379.1,Rainfed,1.07,3940.5
YLD005354,CROP020,Onion,REG004,Haryana,2018,9010.3,596.4,7.31,291.2,Sprinkler,2.97,6095.2
YLD005355,CROP020,Onion,REG004,Haryana,2019,9011.9,667.8,7.48,276.9,Rainfed,0.77,4542.3
YLD005356,CROP020,Onion,REG004,Haryana,2020,9012.5,506.2,6.22,165.3,Rainfed,2.28,5683.0
YLD005357,CROP020,Onion,REG004,Haryana,2021,9020.9,425.9,7.62,228.3,Rainfed,3.55,3358.5
YLD005361,CROP020,Onion,REG005,Haryana,2015,9012.6,358.3,6.32,279.7,Rainfed,1.63,7178.2
YLD005362,CROP020,Onion,REG005,Haryana,2016,9014.1,410.0,7.55,183.7,Sprinkler,2.3,8012.1
YLD005363,CROP020,Onion,REG005,Haryana,2017,9011.0,60.6,6.11,273.9,Flood,2.39,2869.9
YLD005364,CROP020,Onion,REG005,Haryana,2018,9014.3,647.0,6.78,364.0,Sprinkler,4.48,5883.5
YLD005365,CROP020,Onion,REG005,Haryana,2019,9013.6,426.7,7.11,414.3,Sprinkler,0.96,8236.5
YLD005366,CROP020,Onion,REG005,Haryana,2020,9015.2,413.9,6.97,327.7,Rainfed,3.24,7059.2
YLD005367,CROP020,Onion,REG005,Haryana,2021,9020.8,527.1,6.47,201.0,Rainfed,2.84,3174.2
YLD005371,CROP020,Onion,REG006,Uttar Pradesh,2015,9010.2,515.6,6.93,293.4,Drip,1.46,9336.0
YLD005372,CROP020,Onion,REG006,Uttar Pradesh,2016,9015.4,449.9,7.16,152.5,Sprinkler,3.1,8651.3
YLD005373,CROP020,Onion,REG006,Uttar Pradesh,2017,9011.3,609.1,6.0,181.6,Drip,3.48,7885.4
YLD005374,CROP020,Onion,REG006,Uttar Pradesh,2018,9006.7,255.6,6.86,229.8,Sprinkler,0.79,4371.4
YLD005375,CROP020,Onion,REG006,Uttar Pradesh,2019,9018.3,203.2,6.42,270.3,Drip,4.19,5319.6
YLD005376,CROP020,Onion,REG006,Uttar Pradesh,2020,9018.1,466.5,6.75,318.9,Rainfed,0.57,4652.8
YLD005377,CROP020,Onion,REG006,Uttar Pradesh,2021,9013.1,284.8,6.64,273.9,Drip,2.76,7276.1
YLD005381,CROP020,Onion,REG007,Uttar Pradesh,2015,9015.6,577.1,7.48,499.6,Flood,2.41,5323.9
YLD005382,CROP020,Onion,REG007,Uttar Pradesh,2016,9004.0,579.5,6.82,221.7,Rainfed,1.8,2854.4
YLD005383,CROP020,Onion,REG007,Uttar Pradesh,2017,9014.3,504.5,6.09,224.6,Sprinkler,1.2,8175.7
YLD005384,CROP020,Onion,REG007,Uttar Pradesh,2018,9011.1,697.2,7.05,158.5,Drip,1.35,6655.0
YLD005385,CROP020,Onion,REG007,Uttar Pradesh,2019,9011.2,595.2,5.7,249.5,Drip,1.98,7863.1
YLD005386,CROP020,Onion,REG007,Uttar Pradesh,2020,9014.0,622.3,6.76,282.2,Rainfed,3.82,5101.4
YLD005387,CROP020,Onion,REG007,Uttar Pradesh,2021,9007.0,387.8,6.54,295.0,Sprinkler,1.3,6723.5
YLD005391,CROP020,Onion,REG008,Uttar Pradesh,2015,9007.8,626.4,7.23,394.3,Drip,2.12,5757.6
YLD005392,CROP020,Onion,REG008,Uttar Pradesh,2016,9012.2,312.7,6.14,309.0,Drip,1.16,9096.7
YLD005393,CROP020,Onion,REG008,Uttar Pradesh,2017,9014.8,162.1,6.62,216.3,Flood,1.49,3956.6
YLD005394,CROP020,Onion,REG008,Uttar Pradesh,2018,9012.2,428.8,5.98,254.0,Sprinkler,1.45,9102.4
YLD005395,CROP020,Onion,REG008,Uttar Pradesh,2019,9010.5,372.5,6.49,296.6,Rainfed,2.12,5235.0
YLD005396,CROP020,Onion,REG008,Uttar Pradesh,2020,9013.5,521.5,6.42,239.7,Sprinkler,2.82,8861.8
YLD005397,CROP020,Onion,REG008,Uttar Pradesh,2021,9014.8,614.8,7.15,339.7,Sprinkler,2.94,6886.5
YLD005401,CROP020,Onion,REG009,Bihar,2015,9015.6,549.7,7.0,296.2,Rainfed,2.87,5437.0
YLD005402,CROP020,Onion,REG009,Bihar,2016,9008.3,505.6,6.06,328.8,Drip,2.87,7906.5
YLD005403,CROP020,Onion,REG009,Bihar,2017,9006.1,248.6,6.7,363.0,Sprinkler,1.64,4801.8
YLD005404,CROP020,Onion,REG009,Bihar,2018,9015.9,286.2,7.46,313.7,Sprinkler,2.9,6888.4
YLD005405,CROP020,Onion,REG009,Bihar,2019,9014.0,513.9,7.06,319.1,Flood,1.39,8077.2
YLD005406,CROP020,Onion,REG009,Bihar,2020,9011.3,626.0,7.13,293.6,Flood,2.18,5578.7
YLD005407,CROP020,Onion,REG009,Bihar,2021,9012.1,628.9,6.54,287.1,Drip,3.05,8750.4
YLD005411,CROP020,Onion,REG010,Bihar,2015,9010.6,59.0,7.25,299.6,Drip,1.04,3438.9
YLD005412,CROP020,Onion,REG010,Bihar,2016,9013.5,347.8,7.07,263.5,Flood,3.55,7167.9
YLD005413,CROP020,Onion,REG010,Bihar,2017,9014.1,397.2,6.26,206.8,Drip,2.75,9715.7
YLD005414,CROP020,Onion,REG010,Bihar,2018,9009.2,259.3,6.75,294.9,Rainfed,0.78,3156.5
YLD005415,CROP020,Onion,REG010,Bihar,2019,9010.0,715.7,7.04,294.1,Sprinkler,2.5,4003.9
YLD005416,CROP020,Onion,REG010,Bihar,2020,9015.5,228.7,6.06,279.0,Flood,4.47,5033.9
YLD005417,CROP020,Onion,REG010,Bihar,2021,9016.3,433.3,6.56,355.2,Drip,4.51,9040.7
YLD005421,CROP020,Onion,REG011,West Bengal,2015,9012.3,382.2,6.62,347.6,Sprinkler,2.93,9125.2
YLD005422,CROP020,Onion,REG011,West Bengal,2016,9010.9,336.9,7.04,376.2,Flood,4.04,6690.1
YLD005423,CROP020,Onion,REG011,West Bengal,2017,9016.5,521.6,6.49,257.2,Drip,3.69,8003.6
YLD005424,CROP020,Onion,REG011,West Bengal,2018,9012.6,421.9,6.57,321.5,Rainfed,3.8,6928.7
YLD005425,CROP020,Onion,REG011,West Bengal,2019,9009.3,757.1,6.31,308.9,Flood,0.86,4980.6
YLD005426,CROP020,Onion,REG011,West Bengal,2020,9009.1,381.8,7.29,313.6,Rainfed,0.71,5171.7
YLD005427,CROP020,Onion,REG011,West Bengal,2021,9011.7,693.1,7.81,264.6,Sprinkler,2.95,5438.5
YLD005431,CROP020,Onion,REG012,West Bengal,2015,9013.4,545.0,7.9,277.0,Rainfed,0.5,4799.2
YLD005432,CROP020,Onion,REG012,West Bengal,2016,9016.9,536.6,6.75,324.8,Flood,0.83,6537.4
YLD005433,CROP020,Onion,REG012,West Bengal,2017,9010.8,504.8,6.16,244.3,Flood,1.32,7546.2
YLD005434,CROP020,Onion,REG012,West Bengal,2018,9011.0,422.4,5.87,253.2,Sprinkler,3.93,7583.9
YLD005435,CROP020,Onion,REG012,West Bengal,2019,9011.8,597.8,6.84,326.4,Sprinkler,3.93,8242.5
YLD005436,CROP020,Onion,REG012,West Bengal,2020,9011.5,315.9,6.96,330.8,Rainfed,3.34,5463.5
YLD005437,CROP020,Onion,REG012,West Bengal,2021,9006.9,749.6,7.43,362.3,Flood,2.16,2629.6
YLD005441,CROP020,Onion,REG013,Madhya Pradesh,2015,9011.1,337.3,7.13,227.8,Sprinkler,2.41,7058.8
YLD005442,CROP020,Onion,REG013,Madhya Pradesh,2016,9011.2,396.6,6.48,319.9,Drip,2.32,8720.7
YLD005443,CROP020,Onion,REG013,Madhya Pradesh,2017,9013.3,510.6,6.65,373.2,Drip,0.95,8806.8
YLD005444,CROP020,Onion,REG013,Madhya Pradesh,2018,9011.8,204.5,6.13,283.5,Sprinkler,2.99,7431.3
YLD005445,CROP020,Onion,REG013,Madhya Pradesh,2019,9017.5,446.9,6.02,296.7,Rainfed,1.1,5391.2
YLD005446,CROP020,Onion,REG013,Madhya Pradesh,2020,9011.1,516.1,7.06,261.5,Flood,3.84,6225.8
YLD005447,CROP020,Onion,REG013,Madhya Pradesh,2021,9014.1,565.7,6.71,185.9,Rainfed,0.53,6914.8
YLD005451,CROP020,Onion,REG014,Madhya Pradesh,2015,9008.5,437.5,7.42,217.5,Flood,3.81,5181.0
YLD005452,CROP020,Onion,REG014,Madhya Pradesh,2016,9006.3,308.1,6.39,202.1,Flood,4.36,4155.5
YLD005453,CROP020,Onion,REG014,Madhya Pradesh,2017,9010.5,412.0,6.84,356.4,Drip,3.94,7875.9
YLD005454,CROP020,Onion,REG014,Madhya Pradesh,2018,9010.5,567.6,7.38,311.9,Sprinkler,4.89,7178.1
YLD005455,CROP020,Onion,REG014,Madhya Pradesh,2019,9013.9,440.6,6.3,301.8,Flood,2.06,7221.2
YLD005456,CROP020,Onion,REG014,Madhya Pradesh,2020,9015.0,307.3,6.62,260.5,Sprinkler,1.51,6916.8
YLD005457,CROP020,Onion,REG014,Madhya Pradesh,2021,9018.2,305.4,6.92,186.0,Flood,2.77,4802.1
YLD005461,CROP020,Onion,REG015,Madhya Pradesh,2015,9012.5,353.7,6.84,336.1,Drip,0.7,9562.5
YLD005462,CROP020,Onion,REG015,Madhya Pradesh,2016,9006.6,239.7,5.75,367.2,Drip,4.46,4328.7
YLD005463,CROP020,Onion,REG015,Madhya Pradesh,2017,9011.4,503.9,7.12,270.3,Drip,2.32,7927.8
YLD005464,CROP020,Onion,REG015,Madhya Pradesh,2018,9009.6,633.6,7.15,306.9,Sprinkler,4.25,5965.2
YLD005465,CROP020,Onion,REG015,Madhya Pradesh,2019,9009.7,700.4,7.09,268.6,Rainfed,0.82,2605.3
YLD005466,CROP020,Onion,REG015,Madhya Pradesh,2020,9013.9,304.2,6.09,308.3,Flood,0.89,6362.5
YLD005467,CROP020,Onion,REG015,Madhya Pradesh,2021,9018.9,376.1,6.29,325.8,Flood,1.87,4872.0
YLD005471,CROP020,Onion,REG016,Maharashtra,2015,9018.9,482.2,6.85,207.5,Rainfed,2.3,6250.7
YLD005472,CROP020,Onion,REG016,Maharashtra,2016,9016.0,50.0,6.87,319.0,Drip,2.39,3654.7
YLD005473,CROP020,Onion,REG016,Maharashtra,2017,9009.8,655.3,6.89,334.5,Sprinkler,2.44,5134.9
YLD005474,CROP020,Onion,REG016,Maharashtra,2018,9019.7,395.4,6.31,338.8,Sprinkler,2.92,6171.3
YLD005475,CROP020,Onion,REG016,Maharashtra,2019,9015.0,552.8,6.2,314.0,Sprinkler,1.54,6754.8
YLD005476,CROP020,Onion,REG016,Maharashtra,2020,9013.0,703.4,6.07,279.3,Drip,2.5,6637.8
YLD005477,CROP020,Onion,REG016,Maharashtra,2021,9013.5,150.4,6.29,246.5,Drip,2.99,6372.4
YLD005481,CROP020,Onion,REG017,Maharashtra,2015,9021.7,495.9,6.96,285.1,Flood,4.79,5374.7
YLD005482,CROP020,Onion,REG017,Maharashtra,2016,9016.2,419.6,6.69,287.0,Rainfed,2.73,5591.0
YLD005483,CROP020,Onion,REG017,Maharashtra,2017,9016.3,526.0,6.54,341.2,Sprinkler,0.56,7159.6
YLD005484,CROP020,Onion,REG017,Maharashtra,2018,9011.3,471.3,6.62,261.2,Rainfed,4.39,6889.3
YLD005485,CROP020,Onion,REG017,Maharashtra,2019,9014.8,461.5,6.17,217.2,Rainfed,2.02,6384.7
YLD005486,CROP020,Onion,REG017,Maharashtra,2020,9014.3,644.7,7.04,226.2,Drip,4.9,6403.3
YLD005487,CROP020,Onion,REG017,Maharashtra,2021,9006.0,749.5,6.21,287.5,Drip,1.83,3230.4
YLD005491,CROP020,Onion,REG018,Maharashtra,2015,9014.5,233.7,6.83,279.8,Drip,3.47,6615.3
YLD005492,CROP020,Onion,REG018,Maharashtra,2016,9012.4,569.0,6.27,413.6,Rainfed,2.11,6572.7
YLD005493,CROP020,Onion,REG018,Maharashtra,2017,9005.1,427.0,6.47,228.3,Drip,4.57,5428.7
YLD005494,CROP020,Onion,REG018,Maharashtra,2018,9015.0,422.4,7.09,425.2,Flood,3.74,7129.3
YLD005495,CROP020,Onion,REG018,Maharashtra,2019,9013.1,223.7,6.73,393.1,Sprinkler,1.87,5427.4
YLD005496,CROP020,Onion,REG018,Maharashtra,2020,9016.3,359.8,6.49,194.4,Drip,4.59,7447.3
YLD005497,CROP020,Onion,REG018,Maharashtra,2021,9005.7,456.8,6.65,345.7,Drip,4.14,6810.1
YLD005501,CROP020,Onion,REG019,Gujarat,2015,9011.2,448.9,6.72,334.3,Flood,1.54,8608.4
YLD005502,CROP020,Onion,REG019,Gujarat,2016,9008.4,471.4,6.16,336.9,Drip,1.27,7297.1
YLD005503,CROP020,Onion,REG019,Gujarat,2017,9018.2,402.3,7.36,258.1,Flood,1.91,5022.9
YLD005504,CROP020,Onion,REG019,Gujarat,2018,9010.7,306.8,6.74,269.5,Flood,2.95,7027.1
YLD005505,CROP020,Onion,REG019,Gujarat,2019,9009.2,388.4,7.02,305.7,Rainfed,2.95,5667.2
YLD005506,CROP020,Onion,REG019,Gujarat,2020,9013.4,416.2,7.15,234.6,Rainfed,2.41,7290.6
YLD005507,CROP020,Onion,REG019,Gujarat,2021,9010.3,326.6,7.15,304.3,Drip,2.24,7385.0
YLD005511,CROP020,Onion,REG020,Gujarat,2015,9016.5,331.5,7.51,215.4,Sprinkler,4.37,6419.5
YLD005512,CROP020,Onion,REG020,Gujarat,2016,9012.3,352.8,7.03,405.9,Sprinkler,0.56,8365.6
YLD005513,CROP020,Onion,REG020,Gujarat,2017,9010.9,516.8,6.1,299.4,Flood,1.67,7856.1
YLD005514,CROP020,Onion,REG020,Gujarat,2018,9004.9,371.6,7.02,282.0,Rainfed,3.2,2220.3
YLD005515,CROP020,Onion,REG020,Gujarat,2019,9008.8,625.8,6.86,251.8,Rainfed,3.23,4112.7
YLD005516,CROP020,Onion,REG020,Gujarat,2020,9011.3,389.3,5.96,182.5,Drip,2.05,7748.2
YLD005517,CROP020,Onion,REG020,Gujarat,2021,9011.8,198.1,7.01,367.0,Sprinkler,2.13,7866.1
YLD005521,CROP020,Onion,REG021,Rajasthan,2015,9004.3,374.1,7.48,259.5,Flood,1.6,4134.8
YLD005522,CROP020,Onion,REG021,Rajasthan,2016,9004.5,460.1,6.26,325.0,Drip,2.56,6557.2
YLD005523,CROP020,Onion,REG021,Rajasthan,2017,9011.9,548.5,7.04,279.5,Sprinkler,2.11,7538.9
YLD005524,CROP020,Onion,REG021,Rajasthan,2018,9014.4,371.8,6.64,307.1,Sprinkler,1.35,8287.0
YLD005525,CROP020,Onion,REG021,Rajasthan,2019,9017.0,823.5,6.8,205.5,Sprinkler,1.21,3374.4
YLD005526,CROP020,Onion,REG021,Rajasthan,2020,9013.0,411.3,6.11,245.7,Rainfed,4.01,6506.5
YLD005527,CROP020,Onion,REG021,Rajasthan,2021,9017.7,544.1,6.03,250.2,Flood,3.71,4280.5
YLD005531,CROP020,Onion,REG022,Rajasthan,2015,9014.1,306.8,7.06,272.2,Drip,3.01,6994.7
YLD005532,CROP020,Onion,REG022,Rajasthan,2016,9014.3,338.3,5.97,301.6,Flood,0.74,6334.8
YLD005533,CROP020,Onion,REG022,Rajasthan,2017,9013.4,560.0,6.21,196.1,Drip,4.51,8122.2
YLD005534,CROP020,Onion,REG022,Rajasthan,2018,9010.0,555.7,6.74,265.0,Sprinkler,2.4,5945.4
YLD005535,CROP020,Onion,REG022,Rajasthan,2019,9011.2,426.3,6.5,290.2,Rainfed,2.53,6498.1
YLD005536,CROP020,Onion,REG022,Rajasthan,2020,9019.9,346.3,5.68,322.6,Sprinkler,2.66,6397.7
YLD005537,CROP020,Onion,REG022,Rajasthan,2021,9011.1,331.3,6.5,320.2,Rainfed,3.67,4819.9
YLD005541,CROP020,Onion,REG023,Karnataka,2015,9005.7,534.8,7.3,212.5,Flood,1.94,4534.0
YLD005542,CROP020,Onion,REG023,Karnataka,2016,9009.4,500.2,5.93,283.3,Drip,2.77,9082.2
YLD005543,CROP020,Onion,REG023,Karnataka,2017,9010.6,579.3,6.87,409.9,Flood,4.15,6611.5
YLD005544,CROP020,Onion,REG023,Karnataka,2018,9020.6,446.4,7.34,239.2,Flood,0.81,5584.5
YLD005545,CROP020,Onion,REG023,Karnataka,2019,9002.8,469.7,6.79,329.9,Flood,3.6,3272.6
YLD005546,CROP020,Onion,REG023,Karnataka,2020,9015.9,378.2,5.79,254.8,Drip,3.04,8459.7
YLD005547,CROP020,Onion,REG023,Karnataka,2021,9011.0,364.9,7.14,275.7,Flood,3.69,7044.9
YLD005551,CROP020,Onion,REG024,Karnataka,2015,9013.3,392.9,6.57,228.1,Flood,3.55,6738.8
YLD005552,CROP020,Onion,REG024,Karnataka,2016,9008.8,265.6,6.12,252.8,Sprinkler,3.01,5671.1
YLD005553,CROP020,Onion,REG024,Karnataka,2017,9010.0,468.0,6.2,186.2,Flood,3.83,7884.6
YLD005554,CROP020,Onion,REG024,Karnataka,2018,9019.2,303.5,6.38,169.4,Drip,3.28,5971.8
YLD005555,CROP020,Onion,REG024,Karnataka,2019,9013.9,495.1,7.18,259.8,Sprinkler,1.52,8770.6
YLD005556,CROP020,Onion,REG024,Karnataka,2020,9016.5,395.8,6.57,212.7,Drip,2.27,7985.6
YLD005557,CROP020,Onion,REG024,Karnataka,2021,9018.1,342.9,5.85,289.7,Rainfed,0.62,3625.8
YLD005561,CROP020,Onion,REG025,Andhra Pradesh,2015,9014.2,337.5,6.63,335.6,Rainfed,2.45,6059.7
YLD005562,CROP020,Onion,REG025,Andhra Pradesh,2016,9013.3,665.0,6.49,334.1,Sprinkler,4.94,6146.3
YLD005563,CROP020,Onion,REG025,Andhra Pradesh,2017,9010.9,392.2,6.57,303.8,Rainfed,4.28,7021.8
YLD005564,CROP020,Onion,REG025,Andhra Pradesh,2018,9009.2,275.0,7.0,254.1,Sprinkler,2.88,5912.1
YLD005565,CROP020,Onion,REG025,Andhra Pradesh,2019,9018.4,364.9,7.45,180.6,Rainfed,1.21,3523.7
YLD005566,CROP020,Onion,REG025,Andhra Pradesh,2020,9009.8,330.5,7.14,277.8,Flood,2.28,5567.4
YLD005567,CROP020,Onion,REG025,Andhra Pradesh,2021,9009.1,445.4,6.55,252.6,Rainfed,1.56,5719.0
YLD005571,CROP020,Onion,REG026,Andhra Pradesh,2015,9021.3,316.5,7.67,292.3,Flood,4.93,3114.9
YLD005572,CROP020,Onion,REG026,Andhra Pradesh,2016,9014.5,808.5,5.52,240.0,Sprinkler,2.31,3233.1
YLD005573,CROP020,Onion,REG026,Andhra Pradesh,2017,9016.4,550.5,6.69,205.7,Drip,2.85,7272.7
YLD005574,CROP020,Onion,REG026,Andhra Pradesh,2018,9010.7,256.4,6.7,327.7,Flood,1.11,5646.8
YLD005575,CROP020,Onion,REG026,Andhra Pradesh,2019,9010.5,499.5,6.15,206.5,Sprinkler,1.76,7894.1
YLD005576,CROP020,Onion,REG026,Andhra Pradesh,2020,9016.3,277.7,7.37,308.1,Drip,1.83,6801.8
YLD005577,CROP020,Onion,REG026,Andhra Pradesh,2021,9014.8,635.3,6.42,256.7,Drip,2.49,6918.5
YLD005581,CROP020,Onion,REG027,Tamil Nadu,2015,9013.8,312.0,6.68,262.6,Drip,3.59,7214.0
YLD005582,CROP020,Onion,REG027,Tamil Nadu,2016,9013.1,269.9,6.62,290.1,Flood,2.17,6457.3
YLD005583,CROP020,Onion,REG027,Tamil Nadu,2017,9013.1,498.0,6.5,231.9,Sprinkler,3.3,8642.7
YLD005584,CROP020,Onion,REG027,Tamil Nadu,2018,9017.0,367.2,7.3,268.7,Sprinkler,3.83,6243.3
YLD005585,CROP020,Onion,REG027,Tamil Nadu,2019,9008.4,579.6,6.78,232.1,Flood,3.41,5605.6
YLD005586,CROP020,Onion,REG027,Tamil Nadu,2020,9008.0,596.5,6.76,299.7,Rainfed,4.12,4826.8
YLD005587,CROP020,Onion,REG027,Tamil Nadu,2021,9011.8,442.1,6.41,262.8,Rainfed,2.52,8301.6
YLD005591,CROP020,Onion,REG028,Tamil Nadu,2015,9010.5,233.4,6.09,314.3,Drip,2.2,7136.3
YLD005592,CROP020,Onion,REG028,Tamil Nadu,2016,9014.0,377.1,7.05,334.4,Rainfed,4.82,6096.0
YLD005593,CROP020,Onion,REG028,Tamil Nadu,2017,9012.0,424.8,5.97,295.1,Flood,2.38,8221.8
YLD005594,CROP020,Onion,REG028,Tamil Nadu,2018,9010.7,629.4,6.78,329.0,Flood,3.33,6108.9
YLD005595,CROP020,Onion,REG028,Tamil Nadu,2019,9013.9,459.2,6.28,345.2,Sprinkler,1.55,9694.2
YLD005596,CROP020,Onion,REG028,Tamil Nadu,2020,9018.4,388.0,6.56,286.6,Drip,2.61,5778.0
YLD005597,CROP020,Onion,REG028,Tamil Nadu,2021,9014.0,356.1,6.91,304.7,Drip,3.24,8954.6
YLD005601,CROP021,Tomato,REG001,Punjab,2015,12514.5,598.8,7.08,220.0,Flood,3.09,4971.0
YLD005602,CROP021,Tomato,REG001,Punjab,2016,12517.3,131.0,6.06,305.4,Rainfed,4.6,900.0
YLD005603,CROP021,Tomato,REG001,Punjab,2017,12513.3,482.7,6.72,257.0,Drip,2.42,6316.0
YLD005604,CROP021,Tomato,REG001,Punjab,2018,12512.8,357.9,7.39,343.1,Sprinkler,4.14,5758.3
YLD005605,CROP021,Tomato,REG001,Punjab,2019,12513.8,613.9,7.24,276.8,Drip,2.2,4492.5
YLD005606,CROP021,Tomato,REG001,Punjab,2020,12515.8,300.4,6.72,394.5,Sprinkler,4.63,4774.0
YLD005607,CROP021,Tomato,REG001,Punjab,2021,12513.2,676.8,6.37,285.5,Drip,1.78,4880.5
YLD005611,CROP021,Tomato,REG002,Punjab,2015,12517.0,524.6,7.36,425.0,Flood,2.91,3491.0
YLD005612,CROP021,Tomato,REG002,Punjab,2016,12512.8,520.2,5.68,298.0,Sprinkler,4.58,5009.0
YLD005613,CROP021,Tomato,REG002,Punjab,2017,12513.8,515.0,7.47,349.1,Drip,3.28,6008.0
YLD005614,CROP021,Tomato,REG002,Punjab,2018,12512.9,50.0,5.79,333.7,Flood,0.8,2572.3
YLD005615,CROP021,Tomato,REG002,Punjab,2019,12519.3,578.4,7.31,235.1,Drip,3.11,3812.0
YLD005616,CROP021,Tomato,REG002,Punjab,2020,12508.8,209.9,6.14,359.5,Rainfed,1.84,900.0
YLD005617,CROP021,Tomato,REG002,Punjab,2021,12512.1,130.1,7.55,374.2,Rainfed,1.56,1800.4
YLD005621,CROP021,Tomato,REG003,Punjab,2015,12508.8,371.8,6.91,269.5,Sprinkler,2.8,4868.9
YLD005622,CROP021,Tomato,REG003,Punjab,2016,12513.5,489.6,7.08,309.3,Flood,4.89,5336.5
YLD005623,CROP021,Tomato,REG003,Punjab,2017,12512.1,491.2,6.39,260.7,Drip,4.26,6632.4
YLD005624,CROP021,Tomato,REG003,Punjab,2018,12514.9,464.8,5.84,394.7,Drip,1.08,6003.7
YLD005625,CROP021,Tomato,REG003,Punjab,2019,12514.1,422.9,6.78,274.9,Rainfed,2.53,4322.7
YLD005626,CROP021,Tomato,REG003,Punjab,2020,12508.9,308.7,7.08,263.3,Drip,1.48,3908.9
YLD005627,CROP021,Tomato,REG003,Punjab,2021,12513.1,503.9,6.46,266.7,Flood,0.6,5111.4
YLD005631,CROP021,Tomato,REG004,Haryana,2015,12511.7,411.4,7.36,332.5,Flood,3.07,4407.2
YLD005632,CROP021,Tomato,REG004,Haryana,2016,12520.3,427.9,5.01,378.0,Flood,1.48,2989.1
YLD005633,CROP021,Tomato,REG004,Haryana,2017,12514.1,542.3,6.44,169.9,Drip,2.7,6327.2
YLD005634,CROP021,Tomato,REG004,Haryana,2018,12518.5,196.0,6.42,326.4,Flood,3.2,2163.0
YLD005635,CROP021,Tomato,REG004,Haryana,2019,12516.7,454.7,7.0,272.6,Rainfed,2.91,4673.1
YLD005636,CROP021,Tomato,REG004,Haryana,2020,12512.8,387.4,7.02,336.9,Drip,3.32,5522.6
YLD005637,CROP021,Tomato,REG004,Haryana,2021,12508.7,462.9,7.2,271.3,Rainfed,0.76,2997.1
YLD005641,CROP021,Tomato,REG005,Haryana,2015,12515.1,462.3,6.41,323.7,Drip,4.23,5473.6
YLD005642,CROP021,Tomato,REG005,Haryana,2016,12516.6,374.2,6.71,296.3,Rainfed,2.69,4109.4
YLD005643,CROP021,Tomato,REG005,Haryana,2017,12515.0,299.7,6.61,254.9,Sprinkler,1.04,4752.8
YLD005644,CROP021,Tomato,REG005,Haryana,2018,12511.4,229.2,7.15,293.1,Drip,3.42,3915.0
YLD005645,CROP021,Tomato,REG005,Haryana,2019,12515.9,605.7,7.08,188.2,Drip,2.95,4079.5
YLD005646,CROP021,Tomato,REG005,Haryana,2020,12508.9,304.7,6.54,248.6,Flood,3.78,3342.7
YLD005647,CROP021,Tomato,REG005,Haryana,2021,12518.8,281.3,6.38,254.8,Drip,1.95,3359.9
YLD005651,CROP021,Tomato,REG006,Uttar Pradesh,2015,12516.7,137.8,5.75,295.7,Sprinkler,1.76,2744.5
YLD005652,CROP021,Tomato,REG006,Uttar Pradesh,2016,12512.6,473.8,6.69,216.9,Flood,3.11,4977.6
YLD005653,CROP021,Tomato,REG006,Uttar Pradesh,2017,12511.7,431.7,5.99,277.0,Drip,1.12,6114.4
YLD005654,CROP021,Tomato,REG006,Uttar Pradesh,2018,12515.1,478.7,6.62,309.0,Rainfed,4.09,4346.7
YLD005655,CROP021,Tomato,REG006,Uttar Pradesh,2019,12511.1,293.7,6.34,179.2,Drip,2.9,4636.7
YLD005656,CROP021,Tomato,REG006,Uttar Pradesh,2020,12516.1,324.3,6.33,306.1,Rainfed,0.5,3581.8
YLD005657,CROP021,Tomato,REG006,Uttar Pradesh,2021,12512.9,694.9,6.31,464.5,Drip,2.38,4818.3
YLD005661,CROP021,Tomato,REG007,Uttar Pradesh,2015,12508.4,365.4,6.59,315.6,Rainfed,3.6,2685.2
YLD005662,CROP021,Tomato,REG007,Uttar Pradesh,2016,12513.0,181.1,6.95,347.0,Rainfed,2.38,2516.3
YLD005663,CROP021,Tomato,REG007,Uttar Pradesh,2017,12512.7,385.2,6.71,190.8,Flood,0.64,4681.8
YLD005664,CROP021,Tomato,REG007,Uttar Pradesh,2018,12515.6,679.0,6.76,195.2,Flood,3.98,3372.0
YLD005665,CROP021,Tomato,REG007,Uttar Pradesh,2019,12510.0,581.5,6.64,314.2,Flood,2.49,3680.2
YLD005666,CROP021,Tomato,REG007,Uttar Pradesh,2020,12510.9,478.5,5.05,245.2,Sprinkler,3.0,4079.5
YLD005667,CROP021,Tomato,REG007,Uttar Pradesh,2021,12520.6,691.2,7.0,346.1,Rainfed,0.83,1096.3
YLD005671,CROP021,Tomato,REG008,Uttar Pradesh,2015,12514.6,371.6,6.8,283.2,Drip,1.57,5609.7
YLD005672,CROP021,Tomato,REG008,Uttar Pradesh,2016,12508.1,590.4,7.01,304.9,Rainfed,2.58,2032.1
YLD005673,CROP021,Tomato,REG008,Uttar Pradesh,2017,12511.0,337.2,6.19,353.8,Drip,1.13,5012.8
YLD005674,CROP021,Tomato,REG008,Uttar Pradesh,2018,12510.2,440.5,6.15,291.1,Drip,4.77,6088.1
YLD005675,CROP021,Tomato,REG008,Uttar Pradesh,2019,12513.6,557.1,7.54,159.9,Sprinkler,1.28,5294.0
YLD005676,CROP021,Tomato,REG008,Uttar Pradesh,2020,12515.3,425.7,6.56,276.5,Rainfed,4.29,4334.6
YLD005677,CROP021,Tomato,REG008,Uttar Pradesh,2021,12513.8,402.6,6.67,390.3,Sprinkler,1.21,6073.1
YLD005681,CROP021,Tomato,REG009,Bihar,2015,12516.3,496.9,7.37,213.0,Rainfed,4.51,3494.8
YLD005682,CROP021,Tomato,REG009,Bihar,2016,12513.6,695.2,7.46,325.7,Drip,1.79,4165.1
YLD005683,CROP021,Tomato,REG009,Bihar,2017,12516.0,607.2,7.34,302.7,Drip,2.43,3798.8
YLD005684,CROP021,Tomato,REG009,Bihar,2018,12511.2,384.7,7.26,234.8,Rainfed,3.18,3394.2
YLD005685,CROP021,Tomato,REG009,Bihar,2019,12513.5,283.6,6.79,321.6,Flood,1.83,4861.4
YLD005686,CROP021,Tomato,REG009,Bihar,2020,12513.8,420.9,5.97,341.5,Drip,3.19,6468.2
YLD005687,CROP021,Tomato,REG009,Bihar,2021,12516.7,455.4,6.37,223.8,Rainfed,3.58,3838.2
YLD005691,CROP021,Tomato,REG010,Bihar,2015,12518.3,539.9,6.93,200.6,Flood,3.67,3707.2
YLD005692,CROP021,Tomato,REG010,Bihar,2016,12513.3,437.4,7.41,334.8,Rainfed,4.35,4759.8
YLD005693,CROP021,Tomato,REG010,Bihar,2017,12512.9,510.4,6.67,273.3,Sprinkler,1.06,6703.7
YLD005694,CROP021,Tomato,REG010,Bihar,2018,12513.1,576.9,6.85,258.4,Sprinkler,3.6,4727.7
YLD005695,CROP021,Tomato,REG010,Bihar,2019,12516.0,544.2,7.44,214.0,Drip,2.31,5310.6
YLD005696,CROP021,Tomato,REG010,Bihar,2020,12517.2,485.6,6.71,362.2,Drip,3.6,5217.9
YLD005697,CROP021,Tomato,REG010,Bihar,2021,12509.0,306.9,5.67,250.1,Flood,1.22,3184.0
YLD005701,CROP021,Tomato,REG011,West Bengal,2015,12510.2,456.8,5.97,291.0,Sprinkler,3.15,5591.1
YLD005702,CROP021,Tomato,REG011,West Bengal,2016,12509.8,394.8,6.59,142.8,Drip,2.94,5334.7
YLD005703,CROP021,Tomato,REG011,West Bengal,2017,12518.4,377.9,6.18,368.4,Flood,2.12,3464.5
YLD005704,CROP021,Tomato,REG011,West Bengal,2018,12509.9,384.5,6.32,366.7,Rainfed,2.48,3531.1
YLD005705,CROP021,Tomato,REG011,West Bengal,2019,12519.6,658.0,6.9,343.5,Rainfed,1.19,1666.9
YLD005706,CROP021,Tomato,REG011,West Bengal,2020,12517.3,496.7,7.73,390.2,Flood,4.4,3906.9
YLD005707,CROP021,Tomato,REG011,West Bengal,2021,12516.4,590.2,6.61,238.9,Sprinkler,4.08,4778.9
YLD005711,CROP021,Tomato,REG012,West Bengal,2015,12513.4,312.5,6.76,270.8,Sprinkler,3.56,5525.3
YLD005712,CROP021,Tomato,REG012,West Bengal,2016,12510.7,534.6,6.89,295.9,Flood,2.56,4201.8
YLD005713,CROP021,Tomato,REG012,West Bengal,2017,12512.5,709.5,6.24,265.8,Sprinkler,1.65,3376.9
YLD005714,CROP021,Tomato,REG012,West Bengal,2018,12506.9,420.4,6.42,301.3,Rainfed,0.89,2644.9
YLD005715,CROP021,Tomato,REG012,West Bengal,2019,12510.1,272.7,6.76,384.7,Rainfed,4.89,3060.6
YLD005716,CROP021,Tomato,REG012,West Bengal,2020,12513.8,423.9,6.03,325.8,Flood,3.33,6191.6
YLD005717,CROP021,Tomato,REG012,West Bengal,2021,12512.0,584.4,6.38,222.6,Flood,0.7,4061.0
YLD005721,CROP021,Tomato,REG013,Madhya Pradesh,2015,12516.6,459.0,6.54,312.9,Flood,1.88,4327.0
YLD005722,CROP021,Tomato,REG013,Madhya Pradesh,2016,12510.2,242.1,7.26,286.6,Sprinkler,2.38,3433.9
YLD005723,CROP021,Tomato,REG013,Madhya Pradesh,2017,12514.3,462.5,6.95,278.1,Flood,4.18,6118.9
YLD005724,CROP021,Tomato,REG013,Madhya Pradesh,2018,12512.5,383.5,6.81,319.0,Rainfed,1.22,4599.2
YLD005725,CROP021,Tomato,REG013,Madhya Pradesh,2019,12508.8,280.2,5.2,287.6,Flood,3.02,2009.4
YLD005726,CROP021,Tomato,REG013,Madhya Pradesh,2020,12509.7,488.4,6.64,247.2,Rainfed,4.17,3598.4
YLD005727,CROP021,Tomato,REG013,Madhya Pradesh,2021,12508.0,429.9,6.33,218.9,Drip,3.48,4650.7
YLD005731,CROP021,Tomato,REG014,Madhya Pradesh,2015,12516.3,322.1,6.59,264.5,Drip,3.5,4926.8
YLD005732,CROP021,Tomato,REG014,Madhya Pradesh,2016,12508.5,283.1,6.75,249.7,Drip,3.2,3382.9
YLD005733,CROP021,Tomato,REG014,Madhya Pradesh,2017,12511.4,383.5,6.29,325.3,Sprinkler,3.42,5005.9
YLD005734,CROP021,Tomato,REG014,Madhya Pradesh,2018,12512.6,378.7,6.41,210.6,Drip,4.21,5649.8
YLD005735,CROP021,Tomato,REG014,Madhya Pradesh,2019,12515.7,484.1,6.69,377.9,Rainfed,2.51,4325.7
YLD005736,CROP021,Tomato,REG014,Madhya Pradesh,2020,12512.5,444.1,6.64,296.6,Drip,3.45,5425.8
YLD005737,CROP021,Tomato,REG014,Madhya Pradesh,2021,12515.0,569.3,7.11,394.9,Sprinkler,1.23,4931.7
YLD005741,CROP021,Tomato,REG015,Madhya Pradesh,2015,12514.7,348.1,6.81,285.6,Rainfed,4.09,4269.7
YLD005742,CROP021,Tomato,REG015,Madhya Pradesh,2016,12514.9,467.5,6.78,316.1,Flood,1.35,4453.1
YLD005743,CROP021,Tomato,REG015,Madhya Pradesh,2017,12514.6,325.4,6.27,311.0,Flood,3.48,4751.6
YLD005744,CROP021,Tomato,REG015,Madhya Pradesh,2018,12511.4,351.1,7.34,298.5,Flood,4.32,4540.3
YLD005745,CROP021,Tomato,REG015,Madhya Pradesh,2019,12511.4,526.8,6.87,382.1,Sprinkler,2.8,4900.1
YLD005746,CROP021,Tomato,REG015,Madhya Pradesh,2020,12511.3,293.0,5.93,262.3,Rainfed,2.51,2630.2
YLD005747,CROP021,Tomato,REG015,Madhya Pradesh,2021,12518.2,368.2,6.76,297.5,Rainfed,4.02,3863.3
YLD005751,CROP021,Tomato,REG016,Maharashtra,2015,12514.5,412.0,6.05,318.7,Flood,2.19,6085.3
YLD005752,CROP021,Tomato,REG016,Maharashtra,2016,12510.8,645.1,6.1,274.8,Rainfed,1.86,3424.2
YLD005753,CROP021,Tomato,REG016,Maharashtra,2017,12512.9,441.9,5.45,249.7,Rainfed,2.69,4048.5
YLD005754,CROP021,Tomato,REG016,Maharashtra,2018,12509.7,450.1,6.68,327.2,Flood,1.42,4401.0
YLD005755,CROP021,Tomato,REG016,Maharashtra,2019,12515.4,509.6,7.22,253.9,Rainfed,4.56,3552.6
YLD005756,CROP021,Tomato,REG016,Maharashtra,2020,12511.3,223.0,7.72,262.0,Sprinkler,4.81,3681.3
YLD005757,CROP021,Tomato,REG016,Maharashtra,2021,12517.0,359.0,6.86,235.5,Rainfed,1.47,3465.2
YLD005761,CROP021,Tomato,REG017,Maharashtra,2015,12517.9,303.6,6.61,219.6,Flood,3.06,3129.1
YLD005762,CROP021,Tomato,REG017,Maharashtra,2016,12518.1,483.7,5.6,239.3,Rainfed,3.14,3431.5
YLD005763,CROP021,Tomato,REG017,Maharashtra,2017,12515.4,708.0,6.61,341.6,Flood,3.99,3429.4
YLD005764,CROP021,Tomato,REG017,Maharashtra,2018,12508.7,579.9,6.75,219.6,Sprinkler,1.43,4444.0
YLD005765,CROP021,Tomato,REG017,Maharashtra,2019,12512.8,522.6,6.32,255.0,Sprinkler,0.5,4881.5
YLD005766,CROP021,Tomato,REG017,Maharashtra,2020,12510.7,468.1,6.91,276.6,Sprinkler,4.04,5150.2
YLD005767,CROP021,Tomato,REG017,Maharashtra,2021,12513.3,496.8,7.26,406.4,Rainfed,4.45,4541.9
YLD005771,CROP021,Tomato,REG018,Maharashtra,2015,12509.4,322.2,6.59,195.9,Rainfed,4.72,3060.0
YLD005772,CROP021,Tomato,REG018,Maharashtra,2016,12513.7,604.7,7.2,232.0,Flood,0.91,4578.2
YLD005773,CROP021,Tomato,REG018,Maharashtra,2017,12514.3,402.0,6.78,298.0,Drip,0.96,6611.2
YLD005774,CROP021,Tomato,REG018,Maharashtra,2018,12513.9,380.8,6.75,265.9,Flood,2.15,5177.0
YLD005775,CROP021,Tomato,REG018,Maharashtra,2019,12510.4,544.7,7.28,216.8,Sprinkler,1.48,4836.8
YLD005776,CROP021,Tomato,REG018,Maharashtra,2020,12513.2,175.3,6.5,202.4,Rainfed,0.54,2485.6
YLD005777,CROP021,Tomato,REG018,Maharashtra,2021,12512.7,476.8,6.91,203.4,Flood,2.4,5257.3
YLD005781,CROP021,Tomato,REG019,Gujarat,2015,12510.2,341.7,6.82,257.3,Sprinkler,2.44,4347.3
YLD005782,CROP021,Tomato,REG019,Gujarat,2016,12512.7,523.7,6.74,320.3,Drip,1.96,5314.3
YLD005783,CROP021,Tomato,REG019,Gujarat,2017,12509.5,629.3,5.99,292.1,Drip,3.34,4085.8
YLD005784,CROP021,Tomato,REG019,Gujarat,2018,12511.5,420.5,6.53,302.2,Sprinkler,1.3,6168.5
YLD005785,CROP021,Tomato,REG019,Gujarat,2019,12512.5,482.1,5.94,212.3,Drip,2.62,6043.5
YLD005786,CROP021,Tomato,REG019,Gujarat,2020,12510.6,137.8,6.55,272.4,Drip,3.92,2538.7
YLD005787,CROP021,Tomato,REG019,Gujarat,2021,12508.6,337.4,6.69,253.5,Sprinkler,1.96,4476.7
YLD005791,CROP021,Tomato,REG020,Gujarat,2015,12512.2,50.0,7.67,352.0,Rainfed,3.37,900.0
YLD005792,CROP021,Tomato,REG020,Gujarat,2016,12514.2,603.0,5.97,335.2,Sprinkler,3.97,4184.3
YLD005793,CROP021,Tomato,REG020,Gujarat,2017,12513.3,396.5,6.34,227.6,Drip,3.48,6869.7
YLD005794,CROP021,Tomato,REG020,Gujarat,2018,12512.5,436.9,6.94,357.3,Flood,0.55,5199.7
YLD005795,CROP021,Tomato,REG020,Gujarat,2019,12515.0,182.6,7.15,250.6,Rainfed,3.18,2166.0
YLD005796,CROP021,Tomato,REG020,Gujarat,2020,12517.3,462.5,6.34,267.2,Drip,4.36,6278.9
YLD005797,CROP021,Tomato,REG020,Gujarat,2021,12510.6,344.2,7.05,334.6,Flood,1.68,4544.9
YLD005801,CROP021,Tomato,REG021,Rajasthan,2015,12511.2,438.7,6.53,218.7,Rainfed,3.38,4901.0
YLD005802,CROP021,Tomato,REG021,Rajasthan,2016,12513.2,471.8,6.89,248.7,Rainfed,1.54,4585.1
YLD005803,CROP021,Tomato,REG021,Rajasthan,2017,12514.8,368.9,7.21,350.5,Flood,4.52,4382.8
YLD005804,CROP021,Tomato,REG021,Rajasthan,2018,12513.8,487.6,6.77,300.3,Drip,1.7,6521.4
YLD005805,CROP021,Tomato,REG021,Rajasthan,2019,12518.3,573.4,7.56,278.7,Drip,1.56,3464.4
YLD005806,CROP021,Tomato,REG021,Rajasthan,2020,12513.5,547.1,6.75,247.9,Sprinkler,2.55,5314.6
YLD005807,CROP021,Tomato,REG021,Rajasthan,2021,12522.2,581.8,5.47,282.2,Rainfed,3.55,1242.7
YLD005811,CROP021,Tomato,REG022,Rajasthan,2015,12516.9,556.3,7.71,224.7,Rainfed,1.56,2756.6
YLD005812,CROP021,Tomato,REG022,Rajasthan,2016,12512.1,348.6,7.08,354.3,Drip,2.67,4907.9
YLD005813,CROP021,Tomato,REG022,Rajasthan,2017,12515.5,436.9,7.15,313.8,Flood,2.56,5359.1
YLD005814,CROP021,Tomato,REG022,Rajasthan,2018,12511.1,369.1,6.93,261.2,Sprinkler,3.03,4093.8
YLD005815,CROP021,Tomato,REG022,Rajasthan,2019,12511.7,634.1,7.63,321.3,Drip,0.58,4628.8
YLD005816,CROP021,Tomato,REG022,Rajasthan,2020,12513.9,491.4,6.44,303.4,Sprinkler,4.41,6226.4
YLD005817,CROP021,Tomato,REG022,Rajasthan,2021,12511.4,344.7,6.11,225.8,Sprinkler,3.51,5525.3
YLD005821,CROP021,Tomato,REG023,Karnataka,2015,12512.5,444.9,7.42,229.3,Drip,0.61,6245.0
YLD005822,CROP021,Tomato,REG023,Karnataka,2016,12513.8,365.8,6.87,141.8,Sprinkler,3.32,4812.6
YLD005823,CROP021,Tomato,REG023,Karnataka,2017,12515.2,444.2,6.26,278.8,Flood,3.98,5103.9
YLD005824,CROP021,Tomato,REG023,Karnataka,2018,12512.8,419.4,6.59,414.8,Rainfed,2.97,5316.4
YLD005825,CROP021,Tomato,REG023,Karnataka,2019,12518.9,440.9,6.6,295.2,Sprinkler,1.02,4825.6
YLD005826,CROP021,Tomato,REG023,Karnataka,2020,12513.9,436.6,6.52,318.9,Sprinkler,1.88,6382.4
YLD005827,CROP021,Tomato,REG023,Karnataka,2021,12514.9,659.5,6.71,376.8,Rainfed,4.94,3182.8
YLD005831,CROP021,Tomato,REG024,Karnataka,2015,12513.1,331.3,6.31,135.0,Rainfed,1.79,4498.8
YLD005832,CROP021,Tomato,REG024,Karnataka,2016,12516.6,337.3,6.91,294.1,Flood,4.97,4753.3
YLD005833,CROP021,Tomato,REG024,Karnataka,2017,12507.9,563.7,7.07,203.5,Drip,1.09,4524.7
YLD005834,CROP021,Tomato,REG024,Karnataka,2018,12518.5,374.5,6.67,240.3,Drip,3.86,4673.3
YLD005835,CROP021,Tomato,REG024,Karnataka,2019,12512.0,410.5,6.97,344.6,Sprinkler,1.88,5302.9
YLD005836,CROP021,Tomato,REG024,Karnataka,2020,12514.4,319.0,7.22,253.0,Rainfed,2.82,3247.5
YLD005837,CROP021,Tomato,REG024,Karnataka,2021,12511.3,373.5,6.78,271.9,Rainfed,2.06,3477.5
YLD005841,CROP021,Tomato,REG025,Andhra Pradesh,2015,12507.2,516.8,6.83,294.7,Drip,1.37,4189.2
YLD005842,CROP021,Tomato,REG025,Andhra Pradesh,2016,12515.0,455.0,7.31,248.6,Flood,1.24,5218.0
YLD005843,CROP021,Tomato,REG025,Andhra Pradesh,2017,12513.8,646.5,6.52,242.1,Rainfed,3.77,3205.6
YLD005844,CROP021,Tomato,REG025,Andhra Pradesh,2018,12516.4,388.2,6.41,196.6,Flood,0.64,4201.4
YLD005845,CROP021,Tomato,REG025,Andhra Pradesh,2019,12513.4,364.2,6.79,251.3,Sprinkler,2.62,5787.6
YLD005846,CROP021,Tomato,REG025,Andhra Pradesh,2020,12512.0,305.8,5.82,449.4,Sprinkler,2.52,5033.8
YLD005847,CROP021,Tomato,REG025,Andhra Pradesh,2021,12508.7,517.1,7.2,310.0,Flood,4.14,4467.1
YLD005851,CROP021,Tomato,REG026,Andhra Pradesh,2015,12512.5,463.3,7.32,281.0,Drip,1.67,5561.1
YLD005852,CROP021,Tomato,REG026,Andhra Pradesh,2016,12511.7,512.2,6.38,166.7,Flood,3.84,4693.8
YLD005853,CROP021,Tomato,REG026,Andhra Pradesh,2017,12516.7,591.0,7.22,345.8,Drip,1.15,5125.2
YLD005854,CROP021,Tomato,REG026,Andhra Pradesh,2018,12518.9,566.5,6.86,286.3,Sprinkler,1.76,3405.2
YLD005855,CROP021,Tomato,REG026,Andhra Pradesh,2019,12518.0,486.8,6.5,284.0,Flood,2.19,3667.3
YLD005856,CROP021,Tomato,REG026,Andhra Pradesh,2020,12510.1,223.2,6.46,371.7,Flood,3.18,3225.7
YLD005857,CROP021,Tomato,REG026,Andhra Pradesh,2021,12508.7,278.4,6.43,215.2,Rainfed,1.39,2077.1
YLD005861,CROP021,Tomato,REG027,Tamil Nadu,2015,12515.3,586.4,7.41,293.6,Rainfed,1.18,4332.4
YLD005862,CROP021,Tomato,REG027,Tamil Nadu,2016,12511.6,407.6,5.2,355.0,Drip,3.36,5322.5
YLD005863,CROP021,Tomato,REG027,Tamil Nadu,2017,12513.7,517.2,6.01,365.3,Drip,3.82,6301.9
YLD005864,CROP021,Tomato,REG027,Tamil Nadu,2018,12517.1,597.6,6.72,308.3,Flood,2.16,4915.9
YLD005865,CROP021,Tomato,REG027,Tamil Nadu,2019,12511.3,308.0,6.71,365.3,Flood,3.72,4422.2
YLD005866,CROP021,Tomato,REG027,Tamil Nadu,2020,12515.1,418.0,6.31,341.1,Drip,4.52,5721.0
YLD005867,CROP021,Tomato,REG027,Tamil Nadu,2021,12508.7,369.9,6.57,169.1,Rainfed,2.48,2861.7
YLD005871,CROP021,Tomato,REG028,Tamil Nadu,2015,12514.3,274.4,6.81,305.3,Drip,0.68,5052.9
YLD005872,CROP021,Tomato,REG028,Tamil Nadu,2016,12515.8,504.8,6.85,203.4,Rainfed,2.51,3002.8
YLD005873,CROP021,Tomato,REG028,Tamil Nadu,2017,12512.8,469.3,6.72,198.8,Rainfed,0.98,5248.8
YLD005874,CROP021,Tomato,REG028,Tamil Nadu,2018,12512.4,466.1,6.26,189.5,Drip,3.18,5131.5
YLD005875,CROP021,Tomato,REG028,Tamil Nadu,2019,12509.9,545.8,6.48,310.7,Drip,0.81,5313.2
YLD005876,CROP021,Tomato,REG028,Tamil Nadu,2020,12515.9,458.9,6.65,384.4,Drip,4.31,5985.3
YLD005877,CROP021,Tomato,REG028,Tamil Nadu,2021,12516.9,358.5,6.63,250.7,Flood,1.08,3786.1
YLD005881,CROP022,Chili,REG001,Punjab,2015,915.3,755.1,7.19,233.4,Drip,1.09,6535.3
YLD005882,CROP022,Chili,REG001,Punjab,2016,917.4,503.1,6.1,372.5,Sprinkler,1.25,5141.5
YLD005883,CROP022,Chili,REG001,Punjab,2017,918.2,565.9,6.71,243.8,Sprinkler,3.63,5592.3
YLD005884,CROP022,Chili,REG001,Punjab,2018,913.7,499.0,5.83,289.4,Drip,0.97,6673.1
YLD005885,CROP022,Chili,REG001,Punjab,2019,912.8,835.8,6.55,266.1,Sprinkler,2.66,5545.5
YLD005886,CROP022,Chili,REG001,Punjab,2020,912.5,545.8,6.77,320.5,Drip,2.52,7381.6
YLD005887,CROP022,Chili,REG001,Punjab,2021,909.3,605.9,6.39,231.0,Rainfed,2.02,5019.5
YLD005891,CROP022,Chili,REG002,Punjab,2015,915.8,626.0,6.1,174.7,Sprinkler,1.8,6773.8
YLD005892,CROP022,Chili,REG002,Punjab,2016,914.4,668.9,7.32,271.0,Flood,1.35,5763.1
YLD005893,CROP022,Chili,REG002,Punjab,2017,913.2,547.1,6.44,235.7,Sprinkler,2.04,7933.1
YLD005894,CROP022,Chili,REG002,Punjab,2018,909.8,624.9,7.77,301.6,Flood,4.46,4688.8
YLD005895,CROP022,Chili,REG002,Punjab,2019,916.1,538.1,6.77,290.9,Drip,2.35,7622.4
YLD005896,CROP022,Chili,REG002,Punjab,2020,909.6,260.6,7.3,358.2,Flood,2.35,1901.4
YLD005897,CROP022,Chili,REG002,Punjab,2021,913.0,877.6,7.41,279.1,Drip,2.5,5974.9
YLD005901,CROP022,Chili,REG003,Punjab,2015,909.6,656.9,6.67,474.1,Flood,4.76,4376.7
YLD005902,CROP022,Chili,REG003,Punjab,2016,917.8,462.6,6.38,239.4,Rainfed,0.92,3577.1
YLD005903,CROP022,Chili,REG003,Punjab,2017,909.8,593.7,7.17,371.4,Flood,2.56,4730.5
YLD005904,CROP022,Chili,REG003,Punjab,2018,912.0,589.8,5.0,343.0,Rainfed,2.17,3831.8
YLD005905,CROP022,Chili,REG003,Punjab,2019,919.1,569.1,6.7,307.6,Rainfed,1.2,3705.4
YLD005906,CROP022,Chili,REG003,Punjab,2020,914.2,680.1,6.0,218.4,Flood,3.25,5665.3
YLD005907,CROP022,Chili,REG003,Punjab,2021,920.0,533.2,7.03,294.2,Flood,0.81,3928.5
YLD005911,CROP022,Chili,REG004,Haryana,2015,915.4,334.6,5.59,309.7,Rainfed,3.61,2875.7
YLD005912,CROP022,Chili,REG004,Haryana,2016,917.2,220.2,6.85,237.5,Rainfed,2.58,1289.0
YLD005913,CROP022,Chili,REG004,Haryana,2017,917.5,608.8,6.12,305.9,Sprinkler,1.81,5895.3
YLD005914,CROP022,Chili,REG004,Haryana,2018,915.4,441.6,6.21,287.8,Rainfed,0.68,4143.2
YLD005915,CROP022,Chili,REG004,Haryana,2019,913.1,888.8,6.88,381.4,Flood,1.8,4972.8
YLD005916,CROP022,Chili,REG004,Haryana,2020,911.5,650.2,6.34,402.6,Rainfed,4.39,5260.0
YLD005917,CROP022,Chili,REG004,Haryana,2021,915.7,684.8,7.02,350.0,Sprinkler,0.91,6342.0
YLD005921,CROP022,Chili,REG005,Haryana,2015,917.2,661.6,7.29,240.1,Sprinkler,3.2,5014.1
YLD005922,CROP022,Chili,REG005,Haryana,2016,918.2,761.1,7.26,356.9,Sprinkler,0.99,4793.8
YLD005923,CROP022,Chili,REG005,Haryana,2017,912.6,432.0,6.47,271.7,Rainfed,4.96,5027.9
YLD005924,CROP022,Chili,REG005,Haryana,2018,915.9,900.4,6.18,131.9,Sprinkler,0.88,3618.6
YLD005925,CROP022,Chili,REG005,Haryana,2019,911.4,388.4,6.74,324.4,Sprinkler,4.92,5357.0
YLD005926,CROP022,Chili,REG005,Haryana,2020,911.6,366.5,6.43,315.3,Flood,2.73,4767.2
YLD005927,CROP022,Chili,REG005,Haryana,2021,915.2,679.7,6.95,321.3,Rainfed,1.84,4977.5
YLD005931,CROP022,Chili,REG006,Uttar Pradesh,2015,916.4,421.7,6.44,250.0,Drip,0.53,4945.1
YLD005932,CROP022,Chili,REG006,Uttar Pradesh,2016,913.3,494.9,7.77,257.3,Flood,2.81,5062.4
YLD005933,CROP022,Chili,REG006,Uttar Pradesh,2017,908.6,599.7,6.04,318.7,Flood,3.6,5929.9
YLD005934,CROP022,Chili,REG006,Uttar Pradesh,2018,912.4,535.9,6.68,171.7,Sprinkler,2.81,5903.0
YLD005935,CROP022,Chili,REG006,Uttar Pradesh,2019,911.5,859.5,6.12,158.8,Sprinkler,0.51,4423.6
YLD005936,CROP022,Chili,REG006,Uttar Pradesh,2020,913.4,454.3,7.15,206.6,Sprinkler,2.67,7014.3
YLD005937,CROP022,Chili,REG006,Uttar Pradesh,2021,911.8,552.2,7.41,319.2,Drip,3.52,6568.8
YLD005941,CROP022,Chili,REG007,Uttar Pradesh,2015,908.2,913.5,5.93,265.3,Flood,1.95,2733.6
YLD005942,CROP022,Chili,REG007,Uttar Pradesh,2016,914.1,369.2,6.69,358.9,Flood,3.99,5424.1
YLD005943,CROP022,Chili,REG007,Uttar Pradesh,2017,910.9,785.3,6.67,286.7,Sprinkler,3.01,5060.6
YLD005944,CROP022,Chili,REG007,Uttar Pradesh,2018,916.6,370.7,7.69,303.9,Drip,3.0,5296.2
YLD005945,CROP022,Chili,REG007,Uttar Pradesh,2019,912.2,432.9,7.37,263.0,Flood,0.58,5316.5
YLD005946,CROP022,Chili,REG007,Uttar Pradesh,2020,915.4,675.9,6.38,204.7,Rainfed,3.88,4878.9
YLD005947,CROP022,Chili,REG007,Uttar Pradesh,2021,914.6,542.4,7.16,233.1,Drip,3.08,7246.9
YLD005951,CROP022,Chili,REG008,Uttar Pradesh,2015,908.0,758.8,6.49,234.2,Flood,4.26,3711.6
YLD005952,CROP022,Chili,REG008,Uttar Pradesh,2016,907.1,772.8,6.94,210.3,Drip,1.35,4320.8
YLD005953,CROP022,Chili,REG008,Uttar Pradesh,2017,911.0,798.5,7.18,223.5,Drip,3.67,5845.7
YLD005954,CROP022,Chili,REG008,Uttar Pradesh,2018,910.5,815.5,6.61,420.8,Flood,1.07,5152.8
YLD005955,CROP022,Chili,REG008,Uttar Pradesh,2019,919.4,793.4,6.05,245.0,Rainfed,3.38,2907.4
YLD005956,CROP022,Chili,REG008,Uttar Pradesh,2020,915.5,471.7,7.25,257.1,Flood,3.77,4606.5
YLD005957,CROP022,Chili,REG008,Uttar Pradesh,2021,916.1,506.2,6.45,295.1,Flood,1.75,5600.0
YLD005961,CROP022,Chili,REG009,Bihar,2015,913.2,209.4,6.59,305.4,Sprinkler,4.75,3923.2
YLD005962,CROP022,Chili,REG009,Bihar,2016,916.1,744.0,6.74,354.6,Sprinkler,4.78,5435.2
YLD005963,CROP022,Chili,REG009,Bihar,2017,915.7,814.4,7.37,361.9,Flood,3.95,5921.5
YLD005964,CROP022,Chili,REG009,Bihar,2018,912.8,701.6,5.97,251.9,Flood,1.09,6223.4
YLD005965,CROP022,Chili,REG009,Bihar,2019,919.8,503.9,6.75,366.4,Flood,2.25,4539.1
YLD005966,CROP022,Chili,REG009,Bihar,2020,911.4,605.8,6.5,387.6,Sprinkler,1.64,6338.5
YLD005967,CROP022,Chili,REG009,Bihar,2021,920.4,441.0,6.91,147.8,Rainfed,4.37,1937.8
YLD005971,CROP022,Chili,REG010,Bihar,2015,915.2,431.8,6.36,254.1,Flood,2.25,5374.0
YLD005972,CROP022,Chili,REG010,Bihar,2016,916.9,324.2,7.38,400.7,Sprinkler,3.68,3435.8
YLD005973,CROP022,Chili,REG010,Bihar,2017,914.8,497.4,6.84,197.6,Rainfed,2.5,5445.2
YLD005974,CROP022,Chili,REG010,Bihar,2018,910.7,364.5,7.17,172.2,Drip,1.91,5067.9
YLD005975,CROP022,Chili,REG010,Bihar,2019,913.9,642.8,6.41,320.0,Drip,3.84,7225.9
YLD005976,CROP022,Chili,REG010,Bihar,2020,909.0,615.3,7.0,219.8,Flood,0.94,5780.6
YLD005977,CROP022,Chili,REG010,Bihar,2021,912.1,741.9,6.45,304.4,Rainfed,2.88,4922.3
YLD005981,CROP022,Chili,REG011,West Bengal,2015,914.4,620.5,6.29,179.0,Sprinkler,1.67,7233.4
YLD005982,CROP022,Chili,REG011,West Bengal,2016,912.2,561.6,7.06,209.0,Sprinkler,0.93,6355.4
YLD005983,CROP022,Chili,REG011,West Bengal,2017,915.0,473.0,6.84,225.4,Flood,1.56,5770.0
YLD005984,CROP022,Chili,REG011,West Bengal,2018,912.6,1028.3,6.19,277.6,Rainfed,1.55,3460.0
YLD005985,CROP022,Chili,REG011,West Bengal,2019,908.7,377.6,7.15,383.6,Sprinkler,3.07,3107.9
YLD005986,CROP022,Chili,REG011,West Bengal,2020,918.7,726.4,6.66,334.8,Flood,2.73,5130.1
YLD005987,CROP022,Chili,REG011,West Bengal,2021,915.3,266.3,7.2,284.6,Flood,3.2,4008.1
YLD005991,CROP022,Chili,REG012,West Bengal,2015,916.0,169.8,7.28,295.6,Rainfed,2.03,1366.9
YLD005992,CROP022,Chili,REG012,West Bengal,2016,911.3,372.1,7.18,188.3,Rainfed,1.97,3514.3
YLD005993,CROP022,Chili,REG012,West Bengal,2017,918.0,867.8,6.83,172.7,Rainfed,3.58,2814.9
YLD005994,CROP022,Chili,REG012,West Bengal,2018,910.4,512.4,6.46,194.0,Sprinkler,2.53,5869.9
YLD005995,CROP022,Chili,REG012,West Bengal,2019,915.8,821.2,6.23,246.6,Sprinkler,2.15,5331.1
YLD005996,CROP022,Chili,REG012,West Bengal,2020,919.2,461.1,7.47,305.8,Drip,0.73,4877.9
YLD005997,CROP022,Chili,REG012,West Bengal,2021,914.7,588.5,7.21,279.3,Rainfed,0.77,4609.3
YLD006001,CROP022,Chili,REG013,Madhya Pradesh,2015,910.5,543.7,7.31,339.0,Flood,3.21,4797.3
YLD006002,CROP022,Chili,REG013,Madhya Pradesh,2016,910.9,761.8,6.66,250.0,Drip,0.97,5697.8
YLD006003,CROP022,Chili,REG013,Madhya Pradesh,2017,912.7,711.4,6.54,275.9,Flood,4.27,6176.7
YLD006004,CROP022,Chili,REG013,Madhya Pradesh,2018,912.2,803.4,7.35,345.4,Flood,4.07,4636.5
YLD006005,CROP022,Chili,REG013,Madhya Pradesh,2019,914.1,649.7,7.08,317.8,Flood,3.46,5560.8
YLD006006,CROP022,Chili,REG013,Madhya Pradesh,2020,914.4,604.0,6.65,315.0,Sprinkler,0.95,7831.4
YLD006007,CROP022,Chili,REG013,Madhya Pradesh,2021,908.9,491.5,6.58,328.1,Sprinkler,3.03,5208.6
YLD006011,CROP022,Chili,REG014,Madhya Pradesh,2015,908.9,765.1,6.78,190.8,Flood,2.2,3508.8
YLD006012,CROP022,Chili,REG014,Madhya Pradesh,2016,918.9,796.9,6.66,312.4,Flood,2.44,4127.7
YLD006013,CROP022,Chili,REG014,Madhya Pradesh,2017,911.8,630.5,6.94,216.8,Sprinkler,2.56,6424.3
YLD006014,CROP022,Chili,REG014,Madhya Pradesh,2018,914.1,577.6,7.52,339.2,Sprinkler,3.22,7230.1
YLD006015,CROP022,Chili,REG014,Madhya Pradesh,2019,912.5,787.2,6.8,277.2,Rainfed,1.15,3829.7
YLD006016,CROP022,Chili,REG014,Madhya Pradesh,2020,911.7,724.6,7.11,212.4,Flood,4.56,4837.0
YLD006017,CROP022,Chili,REG014,Madhya Pradesh,2021,915.8,974.5,7.17,332.1,Sprinkler,4.0,4079.1
YLD006021,CROP022,Chili,REG015,Madhya Pradesh,2015,913.6,403.4,6.18,216.8,Sprinkler,1.36,5568.6
YLD006022,CROP022,Chili,REG015,Madhya Pradesh,2016,909.2,642.9,6.28,364.9,Flood,2.19,5130.7
YLD006023,CROP022,Chili,REG015,Madhya Pradesh,2017,910.7,546.0,6.71,334.1,Flood,3.65,6250.3
YLD006024,CROP022,Chili,REG015,Madhya Pradesh,2018,918.6,710.5,6.74,240.0,Sprinkler,0.69,5679.1
YLD006025,CROP022,Chili,REG015,Madhya Pradesh,2019,911.3,798.6,7.06,261.7,Flood,2.29,3797.5
YLD006026,CROP022,Chili,REG015,Madhya Pradesh,2020,911.8,587.9,6.57,424.6,Flood,3.63,6788.4
YLD006027,CROP022,Chili,REG015,Madhya Pradesh,2021,914.0,507.3,6.66,244.7,Sprinkler,1.2,6386.7
YLD006031,CROP022,Chili,REG016,Maharashtra,2015,916.8,163.2,6.53,207.0,Rainfed,1.25,1340.1
YLD006032,CROP022,Chili,REG016,Maharashtra,2016,914.8,577.6,6.42,362.5,Sprinkler,3.17,7753.1
YLD006033,CROP022,Chili,REG016,Maharashtra,2017,915.2,657.0,7.13,290.2,Rainfed,2.53,5383.6
YLD006034,CROP022,Chili,REG016,Maharashtra,2018,906.1,941.3,6.95,233.0,Rainfed,4.37,1356.2
YLD006035,CROP022,Chili,REG016,Maharashtra,2019,919.2,416.6,6.32,352.4,Drip,4.21,4567.8
YLD006036,CROP022,Chili,REG016,Maharashtra,2020,909.6,851.9,7.03,406.3,Sprinkler,4.85,3086.6
YLD006037,CROP022,Chili,REG016,Maharashtra,2021,914.2,597.9,6.74,282.7,Rainfed,3.6,5828.1
YLD006041,CROP022,Chili,REG017,Maharashtra,2015,913.7,688.2,6.97,254.9,Sprinkler,4.17,6652.0
YLD006042,CROP022,Chili,REG017,Maharashtra,2016,912.3,613.8,6.5,389.5,Flood,1.75,6616.0
YLD006043,CROP022,Chili,REG017,Maharashtra,2017,911.5,847.4,7.18,223.4,Sprinkler,1.79,4599.5
YLD006044,CROP022,Chili,REG017,Maharashtra,2018,916.9,787.0,6.99,417.1,Rainfed,0.8,3179.9
YLD006045,CROP022,Chili,REG017,Maharashtra,2019,909.8,357.9,6.31,184.1,Drip,1.33,4716.5
YLD006046,CROP022,Chili,REG017,Maharashtra,2020,914.6,527.8,5.75,326.5,Flood,2.48,6034.1
YLD006047,CROP022,Chili,REG017,Maharashtra,2021,911.5,669.3,6.81,287.9,Rainfed,4.15,3593.5
YLD006051,CROP022,Chili,REG018,Maharashtra,2015,913.1,801.1,6.82,268.6,Rainfed,4.65,4210.8
YLD006052,CROP022,Chili,REG018,Maharashtra,2016,920.6,625.9,6.65,298.6,Sprinkler,1.93,5155.2
YLD006053,CROP022,Chili,REG018,Maharashtra,2017,914.3,355.9,7.17,305.1,Flood,1.47,4835.9
YLD006054,CROP022,Chili,REG018,Maharashtra,2018,914.0,389.2,6.31,292.2,Flood,1.92,5449.4
YLD006055,CROP022,Chili,REG018,Maharashtra,2019,914.9,683.6,7.77,274.7,Drip,1.98,5848.9
YLD006056,CROP022,Chili,REG018,Maharashtra,2020,908.5,385.0,6.28,224.1,Sprinkler,2.87,4782.3
YLD006057,CROP022,Chili,REG018,Maharashtra,2021,908.3,613.3,6.47,243.3,Sprinkler,4.76,6411.9
YLD006061,CROP022,Chili,REG019,Gujarat,2015,911.9,432.4,6.62,184.0,Rainfed,1.12,4126.5
YLD006062,CROP022,Chili,REG019,Gujarat,2016,916.6,306.9,7.71,188.3,Drip,3.74,4187.2
YLD006063,CROP022,Chili,REG019,Gujarat,2017,915.5,572.7,6.68,239.5,Flood,2.14,5997.2
YLD006064,CROP022,Chili,REG019,Gujarat,2018,914.1,787.8,7.78,311.6,Sprinkler,0.94,6266.1
YLD006065,CROP022,Chili,REG019,Gujarat,2019,919.0,754.7,6.85,244.5,Flood,2.89,5313.4
YLD006066,CROP022,Chili,REG019,Gujarat,2020,913.2,578.4,6.63,279.4,Flood,1.75,6963.3
YLD006067,CROP022,Chili,REG019,Gujarat,2021,909.9,438.7,6.95,325.6,Drip,3.83,5341.5
YLD006071,CROP022,Chili,REG020,Gujarat,2015,914.6,547.8,5.92,292.2,Sprinkler,3.44,5495.8
YLD006072,CROP022,Chili,REG020,Gujarat,2016,916.9,158.3,5.71,248.7,Rainfed,0.66,2399.8
YLD006073,CROP022,Chili,REG020,Gujarat,2017,918.1,748.0,6.78,182.1,Sprinkler,1.04,4787.5
YLD006074,CROP022,Chili,REG020,Gujarat,2018,911.7,489.4,5.88,361.1,Rainfed,4.57,2580.0
YLD006075,CROP022,Chili,REG020,Gujarat,2019,910.5,909.6,7.21,337.0,Sprinkler,2.2,3218.0
YLD006076,CROP022,Chili,REG020,Gujarat,2020,917.1,950.2,7.17,221.1,Rainfed,4.62,2122.2
YLD006077,CROP022,Chili,REG020,Gujarat,2021,918.4,804.5,6.11,295.2,Drip,1.18,5008.8
YLD006081,CROP022,Chili,REG021,Rajasthan,2015,918.9,729.1,6.57,265.8,Rainfed,2.59,3986.2
YLD006082,CROP022,Chili,REG021,Rajasthan,2016,920.6,436.0,6.5,211.3,Sprinkler,4.49,4046.8
YLD006083,CROP022,Chili,REG021,Rajasthan,2017,917.2,697.4,6.35,229.3,Rainfed,3.18,4955.1
YLD006084,CROP022,Chili,REG021,Rajasthan,2018,912.4,597.7,7.08,287.0,Sprinkler,1.88,6439.9
YLD006085,CROP022,Chili,REG021,Rajasthan,2019,920.2,381.4,6.4,317.7,Drip,1.97,4307.0
YLD006086,CROP022,Chili,REG021,Rajasthan,2020,915.6,317.8,6.2,226.9,Sprinkler,3.76,5142.6
YLD006087,CROP022,Chili,REG021,Rajasthan,2021,909.1,519.2,6.57,285.8,Flood,3.09,5102.7
YLD006091,CROP022,Chili,REG022,Rajasthan,2015,910.3,536.2,7.2,477.3,Rainfed,2.32,4762.6
YLD006092,CROP022,Chili,REG022,Rajasthan,2016,918.0,599.9,7.1,293.9,Flood,1.11,4565.7
YLD006093,CROP022,Chili,REG022,Rajasthan,2017,918.2,402.2,6.65,317.9,Drip,2.23,4024.6
YLD006094,CROP022,Chili,REG022,Rajasthan,2018,912.7,720.2,7.08,264.5,Drip,3.43,5578.9
YLD006095,CROP022,Chili,REG022,Rajasthan,2019,904.9,324.0,6.39,332.8,Rainfed,1.88,1050.0
YLD006096,CROP022,Chili,REG022,Rajasthan,2020,914.7,693.4,6.67,276.6,Flood,1.95,5062.2
YLD006097,CROP022,Chili,REG022,Rajasthan,2021,913.9,701.3,6.73,268.1,Sprinkler,1.16,6009.1
YLD006101,CROP022,Chili,REG023,Karnataka,2015,912.0,385.4,6.49,344.6,Rainfed,2.78,4156.4
YLD006102,CROP022,Chili,REG023,Karnataka,2016,914.2,792.7,6.76,241.1,Drip,3.72,7466.8
YLD006103,CROP022,Chili,REG023,Karnataka,2017,909.1,796.0,6.76,360.0,Rainfed,1.85,1660.6
YLD006104,CROP022,Chili,REG023,Karnataka,2018,913.2,948.7,7.28,218.4,Sprinkler,2.71,4709.7
YLD006105,CROP022,Chili,REG023,Karnataka,2019,908.6,1261.1,7.05,272.8,Sprinkler,2.87,1050.0
YLD006106,CROP022,Chili,REG023,Karnataka,2020,910.6,816.4,6.94,246.2,Rainfed,1.41,2935.9
YLD006107,CROP022,Chili,REG023,Karnataka,2021,918.2,652.5,6.52,242.9,Drip,4.37,4931.0
YLD006111,CROP022,Chili,REG024,Karnataka,2015,915.6,958.9,7.22,284.7,Sprinkler,2.36,4164.3
YLD006112,CROP022,Chili,REG024,Karnataka,2016,906.1,655.9,6.72,268.2,Drip,1.12,4959.0
YLD006113,CROP022,Chili,REG024,Karnataka,2017,919.4,492.1,6.53,309.0,Drip,3.36,4173.3
YLD006114,CROP022,Chili,REG024,Karnataka,2018,914.3,397.9,6.58,186.2,Flood,0.71,6386.3
YLD006115,CROP022,Chili,REG024,Karnataka,2019,910.6,770.2,6.78,254.8,Sprinkler,4.47,4910.6
YLD006116,CROP022,Chili,REG024,Karnataka,2020,910.3,828.7,7.1,301.3,Sprinkler,2.17,5496.9
YLD006117,CROP022,Chili,REG024,Karnataka,2021,911.2,548.5,7.36,277.4,Flood,1.71,5474.0
YLD006121,CROP022,Chili,REG025,Andhra Pradesh,2015,904.3,333.6,6.85,358.0,Sprinkler,0.83,2276.6
YLD006122,CROP022,Chili,REG025,Andhra Pradesh,2016,914.9,926.0,6.51,250.1,Rainfed,0.82,3184.9
YLD006123,CROP022,Chili,REG025,Andhra Pradesh,2017,911.4,687.8,6.73,238.6,Drip,2.63,6778.5
YLD006124,CROP022,Chili,REG025,Andhra Pradesh,2018,910.1,727.8,7.36,248.2,Sprinkler,3.87,4418.9
YLD006125,CROP022,Chili,REG025,Andhra Pradesh,2019,919.8,524.3,7.0,251.1,Rainfed,2.95,4369.0
YLD006126,CROP022,Chili,REG025,Andhra Pradesh,2020,912.2,713.4,6.75,248.9,Flood,4.37,5594.7
YLD006127,CROP022,Chili,REG025,Andhra Pradesh,2021,910.2,876.7,7.16,318.6,Sprinkler,2.46,4289.2
YLD006131,CROP022,Chili,REG026,Andhra Pradesh,2015,918.9,492.6,6.65,228.6,Drip,2.56,5750.8
YLD006132,CROP022,Chili,REG026,Andhra Pradesh,2016,914.6,578.2,6.64,370.7,Flood,4.55,6591.2
YLD006133,CROP022,Chili,REG026,Andhra Pradesh,2017,911.4,341.0,5.8,179.5,Drip,2.15,4850.6
YLD006134,CROP022,Chili,REG026,Andhra Pradesh,2018,911.3,435.3,6.71,310.4,Drip,4.57,5886.9
YLD006135,CROP022,Chili,REG026,Andhra Pradesh,2019,910.7,575.9,6.57,269.8,Flood,1.28,5615.8
YLD006136,CROP022,Chili,REG026,Andhra Pradesh,2020,910.8,803.3,6.2,238.7,Rainfed,0.98,3826.3
YLD006137,CROP022,Chili,REG026,Andhra Pradesh,2021,915.8,836.9,6.53,227.5,Sprinkler,4.71,5825.8
YLD006141,CROP022,Chili,REG027,Tamil Nadu,2015,910.1,927.0,6.61,359.3,Sprinkler,4.31,3829.2
YLD006142,CROP022,Chili,REG027,Tamil Nadu,2016,913.4,910.9,6.36,221.6,Flood,3.62,4941.8
YLD006143,CROP022,Chili,REG027,Tamil Nadu,2017,911.6,505.7,6.83,223.1,Flood,1.7,4765.1
YLD006144,CROP022,Chili,REG027,Tamil Nadu,2018,915.2,668.2,7.53,313.4,Rainfed,4.55,4706.1
YLD006145,CROP022,Chili,REG027,Tamil Nadu,2019,918.2,444.1,6.59,320.3,Drip,3.58,5427.5
YLD006146,CROP022,Chili,REG027,Tamil Nadu,2020,918.8,892.0,6.59,278.6,Sprinkler,0.71,3980.1
YLD006147,CROP022,Chili,REG027,Tamil Nadu,2021,915.4,773.1,6.38,169.1,Drip,4.38,6186.9
YLD006151,CROP022,Chili,REG028,Tamil Nadu,2015,915.9,702.4,7.13,277.6,Flood,1.63,5394.6
YLD006152,CROP022,Chili,REG028,Tamil Nadu,2016,910.6,552.8,6.92,312.9,Rainfed,1.28,4340.5
YLD006153,CROP022,Chili,REG028,Tamil Nadu,2017,912.2,813.2,6.14,320.9,Drip,4.63,5737.2
YLD006154,CROP022,Chili,REG028,Tamil Nadu,2018,906.0,584.5,7.1,277.7,Drip,3.03,4465.6
YLD006155,CROP022,Chili,REG028,Tamil Nadu,2019,912.4,674.7,6.96,357.5,Flood,4.8,6101.6
YLD006156,CROP022,Chili,REG028,Tamil Nadu,2020,917.5,845.1,7.41,274.0,Drip,1.05,5485.8
YLD006157,CROP022,Chili,REG028,Tamil Nadu,2021,914.4,817.4,7.3,279.5,Sprinkler,3.23,6001.4
YLD006161,CROP023,Turmeric,REG001,Punjab,2015,2762.4,1870.9,6.01,280.5,Sprinkler,0.62,15762.6
YLD006162,CROP023,Turmeric,REG001,Punjab,2016,2763.0,1436.7,7.34,237.0,Flood,3.34,17383.6
YLD006163,CROP023,Turmeric,REG001,Punjab,2017,2767.8,1707.8,7.62,268.9,Flood,4.32,19713.8
YLD006164,CROP023,Turmeric,REG001,Punjab,2018,2768.5,1834.3,6.37,289.8,Sprinkler,3.45,17699.6
YLD006165,CROP023,Turmeric,REG001,Punjab,2019,2770.4,1377.4,7.76,338.8,Sprinkler,3.08,16802.5
YLD006166,CROP023,Turmeric,REG001,Punjab,2020,2765.2,2182.4,6.97,278.8,Drip,2.58,16887.9
YLD006167,CROP023,Turmeric,REG001,Punjab,2021,2766.7,1793.1,7.16,256.5,Sprinkler,3.74,16233.0
YLD006171,CROP023,Turmeric,REG002,Punjab,2015,2765.6,1539.7,6.65,322.4,Flood,2.69,23183.4
YLD006172,CROP023,Turmeric,REG002,Punjab,2016,2764.2,1800.7,6.78,208.0,Sprinkler,3.66,16376.5
YLD006173,CROP023,Turmeric,REG002,Punjab,2017,2765.8,2122.1,6.55,265.3,Sprinkler,1.75,18321.9
YLD006174,CROP023,Turmeric,REG002,Punjab,2018,2762.7,1328.4,7.24,364.7,Rainfed,4.54,16497.4
YLD006175,CROP023,Turmeric,REG002,Punjab,2019,2766.0,1832.8,6.93,165.3,Rainfed,3.45,16436.5
YLD006176,CROP023,Turmeric,REG002,Punjab,2020,2771.1,1551.4,7.33,274.2,Drip,3.43,15696.9
YLD006177,CROP023,Turmeric,REG002,Punjab,2021,2763.0,1158.2,6.99,280.2,Rainfed,2.55,14959.4
YLD006181,CROP023,Turmeric,REG003,Punjab,2015,2766.1,1958.6,6.72,332.3,Rainfed,2.44,15430.5
YLD006182,CROP023,Turmeric,REG003,Punjab,2016,2763.4,1557.4,7.03,297.3,Flood,1.73,21474.0
YLD006183,CROP023,Turmeric,REG003,Punjab,2017,2766.2,779.7,7.13,351.9,Sprinkler,3.44,16536.2
YLD006184,CROP023,Turmeric,REG003,Punjab,2018,2765.6,1445.2,6.67,306.6,Flood,3.38,24776.7
YLD006185,CROP023,Turmeric,REG003,Punjab,2019,2767.5,963.8,6.67,212.0,Rainfed,3.41,15904.0
YLD006186,CROP023,Turmeric,REG003,Punjab,2020,2762.7,2364.4,6.96,247.6,Drip,4.37,13188.8
YLD006187,CROP023,Turmeric,REG003,Punjab,2021,2768.1,1728.3,7.26,415.2,Sprinkler,1.43,17813.4
YLD006191,CROP023,Turmeric,REG004,Haryana,2015,2762.3,822.5,5.98,269.5,Flood,4.26,14651.1
YLD006192,CROP023,Turmeric,REG004,Haryana,2016,2765.6,1380.4,5.93,179.4,Rainfed,2.75,18839.1
YLD006193,CROP023,Turmeric,REG004,Haryana,2017,2763.4,741.3,6.32,243.7,Rainfed,3.35,9293.3
YLD006194,CROP023,Turmeric,REG004,Haryana,2018,2764.0,931.3,6.03,161.8,Rainfed,4.43,11843.6
YLD006195,CROP023,Turmeric,REG004,Haryana,2019,2766.3,915.2,5.99,382.0,Drip,4.17,20983.7
YLD006196,CROP023,Turmeric,REG004,Haryana,2020,2765.2,1635.6,6.73,296.7,Drip,1.42,22871.8
YLD006197,CROP023,Turmeric,REG004,Haryana,2021,2772.2,2045.0,5.67,327.7,Sprinkler,3.47,11445.9
YLD006201,CROP023,Turmeric,REG005,Haryana,2015,2760.0,1451.7,6.47,307.6,Drip,0.79,20455.1
YLD006202,CROP023,Turmeric,REG005,Haryana,2016,2766.6,1593.0,6.01,309.7,Flood,1.02,18189.7
YLD006203,CROP023,Turmeric,REG005,Haryana,2017,2767.7,701.2,6.48,100.0,Drip,3.07,19583.6
YLD006204,CROP023,Turmeric,REG005,Haryana,2018,2764.2,1563.1,6.14,309.2,Drip,3.53,24656.6
YLD006205,CROP023,Turmeric,REG005,Haryana,2019,2764.5,1241.9,6.76,198.4,Drip,0.87,24873.4
YLD006206,CROP023,Turmeric,REG005,Haryana,2020,2770.0,1734.6,6.9,253.1,Flood,1.21,16995.5
YLD006207,CROP023,Turmeric,REG005,Haryana,2021,2758.3,487.7,5.59,267.3,Flood,4.36,3750.0
YLD006211,CROP023,Turmeric,REG006,Uttar Pradesh,2015,2758.3,1409.4,6.94,258.3,Flood,3.49,16909.8
YLD006212,CROP023,Turmeric,REG006,Uttar Pradesh,2016,2763.0,2129.3,5.86,227.0,Rainfed,2.26,5819.7
YLD006213,CROP023,Turmeric,REG006,Uttar Pradesh,2017,2762.3,1277.6,6.27,255.5,Drip,4.38,28040.7
YLD006214,CROP023,Turmeric,REG006,Uttar Pradesh,2018,2765.6,1537.3,6.63,240.8,Sprinkler,1.05,25665.8
YLD006215,CROP023,Turmeric,REG006,Uttar Pradesh,2019,2759.3,1200.3,6.36,361.9,Flood,1.38,16021.8
YLD006216,CROP023,Turmeric,REG006,Uttar Pradesh,2020,2760.7,1638.6,6.66,317.0,Sprinkler,1.33,20219.2
YLD006217,CROP023,Turmeric,REG006,Uttar Pradesh,2021,2768.0,1251.4,6.67,338.2,Sprinkler,2.71,19423.2
YLD006221,CROP023,Turmeric,REG007,Uttar Pradesh,2015,2762.8,1589.6,6.85,369.2,Rainfed,2.75,14745.4
YLD006222,CROP023,Turmeric,REG007,Uttar Pradesh,2016,2757.4,1845.2,6.37,288.8,Rainfed,4.85,4797.7
YLD006223,CROP023,Turmeric,REG007,Uttar Pradesh,2017,2758.0,1270.6,7.03,361.3,Drip,2.39,15131.0
YLD006224,CROP023,Turmeric,REG007,Uttar Pradesh,2018,2761.7,1878.5,6.58,286.8,Rainfed,3.94,12039.4
YLD006225,CROP023,Turmeric,REG007,Uttar Pradesh,2019,2766.4,1270.0,7.41,268.6,Rainfed,0.59,17749.7
YLD006226,CROP023,Turmeric,REG007,Uttar Pradesh,2020,2765.2,1398.8,6.19,371.9,Sprinkler,4.36,27702.6
YLD006227,CROP023,Turmeric,REG007,Uttar Pradesh,2021,2763.7,861.9,6.97,292.6,Drip,0.92,19093.4
YLD006231,CROP023,Turmeric,REG008,Uttar Pradesh,2015,2764.7,1135.0,6.69,267.0,Flood,2.46,22007.4
YLD006232,CROP023,Turmeric,REG008,Uttar Pradesh,2016,2766.4,1360.8,5.98,296.0,Drip,4.35,28468.4
YLD006233,CROP023,Turmeric,REG008,Uttar Pradesh,2017,2765.0,1828.8,6.15,210.4,Drip,1.51,24107.7
YLD006234,CROP023,Turmeric,REG008,Uttar Pradesh,2018,2766.1,1646.8,6.53,227.1,Rainfed,2.73,15764.1
YLD006235,CROP023,Turmeric,REG008,Uttar Pradesh,2019,2758.4,1539.6,5.97,346.6,Rainfed,1.38,11172.8
YLD006236,CROP023,Turmeric,REG008,Uttar Pradesh,2020,2764.8,1492.7,6.76,357.7,Flood,3.15,20866.0
YLD006237,CROP023,Turmeric,REG008,Uttar Pradesh,2021,2768.1,1743.6,5.75,228.8,Sprinkler,4.52,18440.1
YLD006241,CROP023,Turmeric,REG009,Bihar,2015,2762.7,780.2,6.57,271.7,Sprinkler,2.29,14927.6
YLD006242,CROP023,Turmeric,REG009,Bihar,2016,2760.4,1630.7,7.44,208.0,Rainfed,1.64,12085.7
YLD006243,CROP023,Turmeric,REG009,Bihar,2017,2766.7,769.6,5.56,216.1,Drip,1.47,16064.6
YLD006244,CROP023,Turmeric,REG009,Bihar,2018,2768.2,1818.6,6.63,330.0,Rainfed,3.45,12993.9
YLD006245,CROP023,Turmeric,REG009,Bihar,2019,2765.0,2269.1,6.89,217.4,Rainfed,4.04,11841.4
YLD006246,CROP023,Turmeric,REG009,Bihar,2020,2765.7,1977.1,6.83,277.1,Rainfed,3.41,10497.7
YLD006247,CROP023,Turmeric,REG009,Bihar,2021,2767.9,1751.1,6.98,296.6,Sprinkler,2.62,16645.4
YLD006251,CROP023,Turmeric,REG010,Bihar,2015,2770.1,1132.6,6.79,272.3,Rainfed,1.7,10929.6
YLD006252,CROP023,Turmeric,REG010,Bihar,2016,2764.2,367.6,7.26,325.4,Sprinkler,2.15,10675.7
YLD006253,CROP023,Turmeric,REG010,Bihar,2017,2765.2,1649.7,6.79,315.5,Flood,3.02,21217.4
YLD006254,CROP023,Turmeric,REG010,Bihar,2018,2769.1,1223.8,6.52,285.2,Flood,0.9,15828.2
YLD006255,CROP023,Turmeric,REG010,Bihar,2019,2764.4,1012.2,6.72,368.4,Flood,2.2,18328.3
YLD006256,CROP023,Turmeric,REG010,Bihar,2020,2766.6,1277.1,7.16,245.9,Flood,0.83,20520.8
YLD006257,CROP023,Turmeric,REG010,Bihar,2021,2765.5,396.2,6.7,172.0,Sprinkler,3.83,15557.6
YLD006261,CROP023,Turmeric,REG011,West Bengal,2015,2765.1,1194.2,5.75,366.8,Sprinkler,3.63,24451.3
YLD006262,CROP023,Turmeric,REG011,West Bengal,2016,2764.1,1609.9,6.72,258.6,Sprinkler,4.09,25045.9
YLD006263,CROP023,Turmeric,REG011,West Bengal,2017,2771.5,661.5,7.19,316.3,Sprinkler,1.05,8359.3
YLD006264,CROP023,Turmeric,REG011,West Bengal,2018,2759.7,1279.5,7.15,327.9,Sprinkler,4.42,19281.9
YLD006265,CROP023,Turmeric,REG011,West Bengal,2019,2762.4,1480.9,6.71,241.8,Sprinkler,4.53,17024.5
YLD006266,CROP023,Turmeric,REG011,West Bengal,2020,2767.9,1679.9,6.98,222.6,Rainfed,2.14,17361.3
YLD006267,CROP023,Turmeric,REG011,West Bengal,2021,2765.5,1444.9,7.14,172.2,Sprinkler,1.06,22248.7
YLD006271,CROP023,Turmeric,REG012,West Bengal,2015,2763.7,1577.6,6.29,259.3,Flood,3.28,18754.5
YLD006272,CROP023,Turmeric,REG012,West Bengal,2016,2762.2,1717.2,6.63,159.4,Sprinkler,1.15,19728.6
YLD006273,CROP023,Turmeric,REG012,West Bengal,2017,2765.3,1081.9,7.04,241.0,Sprinkler,3.45,25044.7
YLD006274,CROP023,Turmeric,REG012,West Bengal,2018,2765.2,1006.5,6.52,284.3,Drip,1.73,23592.5
YLD006275,CROP023,Turmeric,REG012,West Bengal,2019,2766.9,1308.2,6.61,213.1,Sprinkler,3.89,26854.8
YLD006276,CROP023,Turmeric,REG012,West Bengal,2020,2765.2,1460.1,5.95,293.4,Drip,2.56,22779.1
YLD006277,CROP023,Turmeric,REG012,West Bengal,2021,2766.7,1674.0,5.76,349.0,Sprinkler,2.95,22793.4
YLD006281,CROP023,Turmeric,REG013,Madhya Pradesh,2015,2763.7,1145.3,7.1,368.4,Drip,3.53,23505.6
YLD006282,CROP023,Turmeric,REG013,Madhya Pradesh,2016,2759.9,1344.3,6.51,215.9,Rainfed,2.74,15966.0
YLD006283,CROP023,Turmeric,REG013,Madhya Pradesh,2017,2762.9,653.3,8.07,268.0,Sprinkler,2.07,9863.1
YLD006284,CROP023,Turmeric,REG013,Madhya Pradesh,2018,2767.0,1351.0,7.33,264.8,Drip,0.84,24122.4
YLD006285,CROP023,Turmeric,REG013,Madhya Pradesh,2019,2765.0,1094.8,5.77,364.1,Sprinkler,3.6,24149.1
YLD006286,CROP023,Turmeric,REG013,Madhya Pradesh,2020,2767.7,614.4,6.24,308.4,Rainfed,2.2,8505.8
YLD006287,CROP023,Turmeric,REG013,Madhya Pradesh,2021,2771.0,2460.8,7.28,258.7,Flood,4.31,6308.4
YLD006291,CROP023,Turmeric,REG014,Madhya Pradesh,2015,2761.3,1410.5,6.83,255.5,Flood,1.0,17430.2
YLD006292,CROP023,Turmeric,REG014,Madhya Pradesh,2016,2771.3,1846.3,6.63,404.2,Drip,2.58,15698.8
YLD006293,CROP023,Turmeric,REG014,Madhya Pradesh,2017,2769.5,1221.1,7.11,198.7,Drip,4.75,20994.4
YLD006294,CROP023,Turmeric,REG014,Madhya Pradesh,2018,2762.0,2271.3,6.44,340.2,Rainfed,3.95,3980.3
YLD006295,CROP023,Turmeric,REG014,Madhya Pradesh,2019,2772.9,1196.9,6.91,306.9,Sprinkler,4.81,15059.7
YLD006296,CROP023,Turmeric,REG014,Madhya Pradesh,2020,2764.0,1366.9,6.49,257.7,Drip,4.14,27202.1
YLD006297,CROP023,Turmeric,REG014,Madhya Pradesh,2021,2765.6,1354.8,6.51,269.6,Drip,0.87,31075.6
YLD006301,CROP023,Turmeric,REG015,Madhya Pradesh,2015,2764.8,1921.4,7.36,336.3,Flood,2.36,20836.7
YLD006302,CROP023,Turmeric,REG015,Madhya Pradesh,2016,2763.2,956.2,7.7,311.1,Drip,1.35,17271.3
YLD006303,CROP023,Turmeric,REG015,Madhya Pradesh,2017,2759.2,2210.2,6.6,291.2,Sprinkler,0.73,7937.9
YLD006304,CROP023,Turmeric,REG015,Madhya Pradesh,2018,2765.6,1543.8,7.47,257.7,Sprinkler,3.29,21816.4
YLD006305,CROP023,Turmeric,REG015,Madhya Pradesh,2019,2763.7,1316.7,7.23,235.4,Rainfed,4.73,18316.0
YLD006306,CROP023,Turmeric,REG015,Madhya Pradesh,2020,2766.5,993.6,7.73,291.2,Rainfed,2.69,12556.3
YLD006307,CROP023,Turmeric,REG015,Madhya Pradesh,2021,2767.8,1318.1,6.84,251.5,Drip,1.51,24773.8
YLD006311,CROP023,Turmeric,REG016,Maharashtra,2015,2763.9,1117.6,6.47,270.0,Rainfed,3.05,13188.0
YLD006312,CROP023,Turmeric,REG016,Maharashtra,2016,2767.7,1012.8,7.83,309.3,Drip,1.1,19979.7
YLD006313,CROP023,Turmeric,REG016,Maharashtra,2017,2768.4,1417.8,6.52,246.8,Drip,2.56,22983.1
YLD006314,CROP023,Turmeric,REG016,Maharashtra,2018,2766.7,1546.0,7.42,308.3,Drip,1.98,22241.6
YLD006315,CROP023,Turmeric,REG016,Maharashtra,2019,2765.1,2001.6,6.68,312.0,Flood,1.0,22422.7
YLD006316,CROP023,Turmeric,REG016,Maharashtra,2020,2767.8,1342.3,7.14,222.8,Sprinkler,0.94,21695.3
YLD006317,CROP023,Turmeric,REG016,Maharashtra,2021,2764.7,1658.1,7.02,236.9,Rainfed,4.56,18528.4
YLD006321,CROP023,Turmeric,REG017,Maharashtra,2015,2763.1,1570.3,7.06,246.0,Rainfed,2.35,16183.0
YLD006322,CROP023,Turmeric,REG017,Maharashtra,2016,2763.4,1550.8,6.11,254.8,Rainfed,4.03,17465.3
YLD006323,CROP023,Turmeric,REG017,Maharashtra,2017,2766.9,718.9,6.62,291.6,Sprinkler,4.2,17268.0
YLD006324,CROP023,Turmeric,REG017,Maharashtra,2018,2762.5,1572.5,6.89,342.7,Drip,2.2,21711.0
YLD006325,CROP023,Turmeric,REG017,Maharashtra,2019,2763.2,1738.3,7.06,274.3,Rainfed,3.99,13092.3
YLD006326,CROP023,Turmeric,REG017,Maharashtra,2020,2767.0,1190.6,7.72,214.3,Rainfed,4.31,18618.2
YLD006327,CROP023,Turmeric,REG017,Maharashtra,2021,2764.4,1208.9,6.8,248.8,Flood,2.46,23032.4
YLD006331,CROP023,Turmeric,REG018,Maharashtra,2015,2769.2,1492.3,7.31,229.8,Flood,0.77,14472.8
YLD006332,CROP023,Turmeric,REG018,Maharashtra,2016,2766.3,1265.4,6.9,283.6,Drip,4.76,25696.8
YLD006333,CROP023,Turmeric,REG018,Maharashtra,2017,2767.6,1186.0,6.75,279.9,Flood,3.92,20450.8
YLD006334,CROP023,Turmeric,REG018,Maharashtra,2018,2763.4,1616.6,5.81,295.7,Drip,3.9,20493.1
YLD006335,CROP023,Turmeric,REG018,Maharashtra,2019,2766.7,1443.4,6.03,289.3,Rainfed,4.11,19613.9
YLD006336,CROP023,Turmeric,REG018,Maharashtra,2020,2762.6,1137.4,5.8,340.3,Flood,2.85,20077.1
YLD006337,CROP023,Turmeric,REG018,Maharashtra,2021,2765.6,1345.7,7.11,233.0,Drip,1.21,23486.6
YLD006341,CROP023,Turmeric,REG019,Gujarat,2015,2771.4,1441.6,6.03,336.1,Drip,1.81,19019.3
YLD006342,CROP023,Turmeric,REG019,Gujarat,2016,2765.3,1308.0,7.65,265.0,Flood,0.85,23898.9
YLD006343,CROP023,Turmeric,REG019,Gujarat,2017,2766.8,1455.4,6.79,247.1,Flood,3.91,15614.1
YLD006344,CROP023,Turmeric,REG019,Gujarat,2018,2763.0,947.8,5.74,300.4,Flood,0.73,21907.6
YLD006345,CROP023,Turmeric,REG019,Gujarat,2019,2760.0,1048.2,5.78,264.3,Drip,3.7,19357.6
YLD006346,CROP023,Turmeric,REG019,Gujarat,2020,2764.3,1341.1,6.43,302.6,Drip,0.54,27262.5
YLD006347,CROP023,Turmeric,REG019,Gujarat,2021,2762.9,2036.5,5.88,246.9,Drip,2.86,18803.6
YLD006351,CROP023,Turmeric,REG020,Gujarat,2015,2761.5,778.5,6.23,287.7,Rainfed,3.38,8030.3
YLD006352,CROP023,Turmeric,REG020,Gujarat,2016,2768.3,1793.7,7.04,380.1,Rainfed,4.37,15492.8
YLD006353,CROP023,Turmeric,REG020,Gujarat,2017,2757.3,1554.5,5.97,264.6,Flood,1.32,14476.3
YLD006354,CROP023,Turmeric,REG020,Gujarat,2018,2764.2,1515.4,6.83,199.6,Sprinkler,3.74,27885.6
YLD006355,CROP023,Turmeric,REG020,Gujarat,2019,2763.0,1457.1,6.99,184.0,Sprinkler,0.86,23003.4
YLD006356,CROP023,Turmeric,REG020,Gujarat,2020,2765.3,1441.5,6.77,348.6,Rainfed,3.54,22562.2
YLD006357,CROP023,Turmeric,REG020,Gujarat,2021,2767.2,1090.0,6.48,346.1,Sprinkler,0.89,19056.2
YLD006361,CROP023,Turmeric,REG021,Rajasthan,2015,2770.3,844.9,6.5,245.9,Sprinkler,0.87,15668.6
YLD006362,CROP023,Turmeric,REG021,Rajasthan,2016,2764.9,1634.6,6.03,203.4,Rainfed,4.48,18565.8
YLD006363,CROP023,Turmeric,REG021,Rajasthan,2017,2763.5,2145.6,6.62,277.7,Drip,4.13,17509.1
YLD006364,CROP023,Turmeric,REG021,Rajasthan,2018,2765.0,1413.7,6.65,160.1,Flood,3.09,25584.3
YLD006365,CROP023,Turmeric,REG021,Rajasthan,2019,2765.8,1238.3,7.47,314.1,Sprinkler,2.27,21803.8
YLD006366,CROP023,Turmeric,REG021,Rajasthan,2020,2767.7,1503.2,6.85,300.6,Flood,4.57,18765.1
YLD006367,CROP023,Turmeric,REG021,Rajasthan,2021,2764.6,1298.1,7.2,364.3,Rainfed,3.42,20252.4
YLD006371,CROP023,Turmeric,REG022,Rajasthan,2015,2768.2,1114.8,6.51,155.2,Rainfed,3.54,12989.2
YLD006372,CROP023,Turmeric,REG022,Rajasthan,2016,2766.0,1528.7,6.27,321.8,Sprinkler,2.88,21273.0
YLD006373,CROP023,Turmeric,REG022,Rajasthan,2017,2759.6,963.0,5.97,240.8,Flood,1.03,10705.2
YLD006374,CROP023,Turmeric,REG022,Rajasthan,2018,2764.6,1851.3,6.77,316.3,Drip,3.88,23143.0
YLD006375,CROP023,Turmeric,REG022,Rajasthan,2019,2762.3,1692.9,7.1,271.3,Rainfed,2.09,14731.0
YLD006376,CROP023,Turmeric,REG022,Rajasthan,2020,2770.4,865.6,7.23,282.9,Drip,2.88,16265.0
YLD006377,CROP023,Turmeric,REG022,Rajasthan,2021,2764.8,1307.1,7.56,386.1,Rainfed,4.83,21447.5
YLD006381,CROP023,Turmeric,REG023,Karnataka,2015,2766.7,868.6,6.42,307.3,Flood,2.94,14829.0
YLD006382,CROP023,Turmeric,REG023,Karnataka,2016,2758.1,1419.8,6.85,350.0,Rainfed,2.47,10729.7
YLD006383,CROP023,Turmeric,REG023,Karnataka,2017,2770.0,2049.9,6.36,201.7,Rainfed,1.14,10026.2
YLD006384,CROP023,Turmeric,REG023,Karnataka,2018,2761.3,1552.6,6.57,309.3,Flood,4.6,16596.6
YLD006385,CROP023,Turmeric,REG023,Karnataka,2019,2766.1,1660.9,6.54,226.3,Rainfed,3.37,16311.9
YLD006386,CROP023,Turmeric,REG023,Karnataka,2020,2765.1,1213.0,5.93,357.5,Flood,3.27,21922.2
YLD006387,CROP023,Turmeric,REG023,Karnataka,2021,2770.8,1890.9,6.6,164.0,Rainfed,0.53,8558.5
YLD006391,CROP023,Turmeric,REG024,Karnataka,2015,2767.3,1639.7,6.63,278.1,Drip,2.08,21932.8
YLD006392,CROP023,Turmeric,REG024,Karnataka,2016,2760.9,1694.7,6.56,262.0,Rainfed,0.74,12161.2
YLD006393,CROP023,Turmeric,REG024,Karnataka,2017,2763.3,1575.5,7.65,229.9,Drip,4.47,22053.9
YLD006394,CROP023,Turmeric,REG024,Karnataka,2018,2761.1,1682.7,6.86,334.5,Drip,3.11,24006.4
YLD006395,CROP023,Turmeric,REG024,Karnataka,2019,2764.6,1894.8,6.8,231.9,Sprinkler,4.63,18856.4
YLD006396,CROP023,Turmeric,REG024,Karnataka,2020,2766.7,1598.5,6.77,242.6,Rainfed,3.49,16584.2
YLD006397,CROP023,Turmeric,REG024,Karnataka,2021,2762.4,1590.0,6.94,261.9,Drip,1.07,21952.2
YLD006401,CROP023,Turmeric,REG025,Andhra Pradesh,2015,2760.4,1227.8,7.52,257.9,Drip,2.72,19774.5
YLD006402,CROP023,Turmeric,REG025,Andhra Pradesh,2016,2763.6,1061.5,6.65,255.5,Rainfed,4.03,15046.4
YLD006403,CROP023,Turmeric,REG025,Andhra Pradesh,2017,2764.3,1988.7,6.96,280.9,Flood,4.21,17688.4
YLD006404,CROP023,Turmeric,REG025,Andhra Pradesh,2018,2763.8,1529.1,6.85,376.9,Rainfed,3.65,18480.7
YLD006405,CROP023,Turmeric,REG025,Andhra Pradesh,2019,2765.5,1666.3,6.92,235.3,Sprinkler,0.72,24777.1
YLD006406,CROP023,Turmeric,REG025,Andhra Pradesh,2020,2762.2,1119.5,6.9,257.6,Drip,1.73,18971.0
YLD006407,CROP023,Turmeric,REG025,Andhra Pradesh,2021,2768.2,1379.5,7.41,320.2,Rainfed,1.52,17834.9
YLD006411,CROP023,Turmeric,REG026,Andhra Pradesh,2015,2759.1,918.7,7.23,318.4,Rainfed,0.68,6827.9
YLD006412,CROP023,Turmeric,REG026,Andhra Pradesh,2016,2768.8,1505.4,6.42,289.5,Drip,1.87,22729.0
YLD006413,CROP023,Turmeric,REG026,Andhra Pradesh,2017,2767.2,1118.8,5.18,380.1,Flood,2.64,17271.3
YLD006414,CROP023,Turmeric,REG026,Andhra Pradesh,2018,2768.7,1259.1,6.88,296.0,Rainfed,3.23,14332.4
YLD006415,CROP023,Turmeric,REG026,Andhra Pradesh,2019,2773.7,1064.4,6.86,348.1,Flood,1.79,12301.4
YLD006416,CROP023,Turmeric,REG026,Andhra Pradesh,2020,2769.5,1462.5,6.96,373.4,Flood,1.62,16518.6
YLD006417,CROP023,Turmeric,REG026,Andhra Pradesh,2021,2759.5,392.8,6.14,280.8,Sprinkler,0.83,9454.1
YLD006421,CROP023,Turmeric,REG027,Tamil Nadu,2015,2764.2,1885.3,6.48,193.1,Drip,2.95,22429.8
YLD006422,CROP023,Turmeric,REG027,Tamil Nadu,2016,2768.3,1228.8,6.27,269.5,Sprinkler,3.54,20677.6
YLD006423,CROP023,Turmeric,REG027,Tamil Nadu,2017,2771.2,2430.8,7.16,262.4,Rainfed,3.13,3750.0
YLD006424,CROP023,Turmeric,REG027,Tamil Nadu,2018,2769.9,1465.1,6.76,245.7,Sprinkler,1.21,20734.6
YLD006425,CROP023,Turmeric,REG027,Tamil Nadu,2019,2764.6,1761.0,6.99,323.2,Rainfed,3.75,19239.4
YLD006426,CROP023,Turmeric,REG027,Tamil Nadu,2020,2773.9,1304.5,6.87,154.8,Rainfed,1.82,6250.0
YLD006427,CROP023,Turmeric,REG027,Tamil Nadu,2021,2762.8,1317.8,7.2,305.3,Flood,3.06,20441.4
YLD006431,CROP023,Turmeric,REG028,Tamil Nadu,2015,2766.7,1093.3,6.84,317.1,Rainfed,1.13,14452.0
YLD006432,CROP023,Turmeric,REG028,Tamil Nadu,2016,2755.8,1933.3,7.63,235.1,Flood,4.97,3750.0
YLD006433,CROP023,Turmeric,REG028,Tamil Nadu,2017,2761.1,1248.1,7.13,268.3,Flood,1.14,16085.4
YLD006434,CROP023,Turmeric,REG028,Tamil Nadu,2018,2767.8,1071.6,6.49,196.8,Rainfed,0.75,15941.3
YLD006435,CROP023,Turmeric,REG028,Tamil Nadu,2019,2766.6,1906.1,6.68,325.3,Drip,2.79,23522.5
YLD006436,CROP023,Turmeric,REG028,Tamil Nadu,2020,2761.9,1523.1,5.94,254.2,Rainfed,1.62,16294.4
YLD006437,CROP023,Turmeric,REG028,Tamil Nadu,2021,2766.6,892.3,6.79,293.9,Flood,4.23,18776.5
YLD006441,CROP024,Banana,REG001,Punjab,2015,20014.4,1412.5,7.22,217.6,Rainfed,4.51,19744.4
YLD006442,CROP024,Banana,REG001,Punjab,2016,20016.1,1717.6,6.32,296.3,Rainfed,4.39,30774.2
YLD006443,CROP024,Banana,REG001,Punjab,2017,20012.7,2330.3,6.67,223.9,Drip,1.55,34617.2
YLD006444,CROP024,Banana,REG001,Punjab,2018,20023.8,996.6,7.83,283.9,Sprinkler,1.22,15469.3
YLD006445,CROP024,Banana,REG001,Punjab,2019,20011.3,2194.7,6.35,222.3,Flood,0.82,25163.2
YLD006446,CROP024,Banana,REG001,Punjab,2020,20017.6,1850.7,6.71,328.9,Drip,2.24,36423.0
YLD006447,CROP024,Banana,REG001,Punjab,2021,20008.0,1350.0,7.34,233.8,Sprinkler,0.77,17998.6
YLD006451,CROP024,Banana,REG002,Punjab,2015,20015.2,2895.6,6.74,268.6,Drip,3.34,26978.7
YLD006452,CROP024,Banana,REG002,Punjab,2016,20016.7,2856.9,7.53,301.3,Sprinkler,4.3,25038.3
YLD006453,CROP024,Banana,REG002,Punjab,2017,20013.9,1561.3,7.34,281.5,Flood,3.0,32654.4
YLD006454,CROP024,Banana,REG002,Punjab,2018,20011.9,1767.0,6.11,277.7,Flood,4.5,36761.4
YLD006455,CROP024,Banana,REG002,Punjab,2019,20010.1,1644.7,6.4,262.3,Flood,3.08,25042.8
YLD006456,CROP024,Banana,REG002,Punjab,2020,20013.4,1698.9,6.68,350.6,Sprinkler,1.75,37313.4
YLD006457,CROP024,Banana,REG002,Punjab,2021,20011.0,915.3,6.81,227.2,Rainfed,2.3,13117.3
YLD006461,CROP024,Banana,REG003,Punjab,2015,20012.4,1438.6,6.82,273.0,Rainfed,4.61,22960.7
YLD006462,CROP024,Banana,REG003,Punjab,2016,20014.0,1868.4,6.11,297.2,Flood,2.1,39593.9
YLD006463,CROP024,Banana,REG003,Punjab,2017,20019.8,1784.7,6.79,259.7,Rainfed,3.86,20423.1
YLD006464,CROP024,Banana,REG003,Punjab,2018,20017.0,2426.2,7.17,229.8,Drip,4.75,30755.2
YLD006465,CROP024,Banana,REG003,Punjab,2019,20015.5,2182.1,7.83,255.2,Rainfed,3.75,22715.6
YLD006466,CROP024,Banana,REG003,Punjab,2020,20017.7,1563.2,6.46,353.5,Drip,1.34,32981.2
YLD006467,CROP024,Banana,REG003,Punjab,2021,20016.2,1782.4,7.12,255.0,Sprinkler,1.66,41277.1
YLD006471,CROP024,Banana,REG004,Haryana,2015,20010.8,712.2,7.11,224.6,Sprinkler,1.88,17868.6
YLD006472,CROP024,Banana,REG004,Haryana,2016,20011.7,2076.8,7.29,208.8,Drip,4.6,35817.6
YLD006473,CROP024,Banana,REG004,Haryana,2017,20020.0,1596.7,7.54,136.2,Drip,1.86,26843.2
YLD006474,CROP024,Banana,REG004,Haryana,2018,20010.7,1060.6,7.08,263.7,Drip,4.94,22561.8
YLD006475,CROP024,Banana,REG004,Haryana,2019,20012.7,2013.2,6.74,291.9,Sprinkler,3.2,32635.1
YLD006476,CROP024,Banana,REG004,Haryana,2020,20018.4,2556.7,6.56,195.9,Rainfed,0.65,22169.5
YLD006477,CROP024,Banana,REG004,Haryana,2021,20018.9,1826.3,6.42,140.0,Flood,2.77,35498.1
YLD006481,CROP024,Banana,REG005,Haryana,2015,20013.2,1898.2,7.44,257.4,Flood,3.42,26161.2
YLD006482,CROP024,Banana,REG005,Haryana,2016,20014.4,1799.9,6.81,292.0,Rainfed,2.26,31771.5
YLD006483,CROP024,Banana,REG005,Haryana,2017,20010.0,1733.7,5.68,298.0,Flood,2.64,26382.7
YLD006484,CROP024,Banana,REG005,Haryana,2018,20019.5,1482.8,6.76,324.6,Flood,4.58,21825.1
YLD006485,CROP024,Banana,REG005,Haryana,2019,20009.1,1306.1,5.66,304.0,Drip,2.95,23654.0
YLD006486,CROP024,Banana,REG005,Haryana,2020,20018.9,2910.7,6.22,232.0,Flood,3.27,13232.7
YLD006487,CROP024,Banana,REG005,Haryana,2021,20017.6,2190.6,7.38,256.7,Drip,2.92,32232.5
YLD006491,CROP024,Banana,REG006,Uttar Pradesh,2015,20014.2,1798.1,7.2,204.4,Flood,3.99,40359.2
YLD006492,CROP024,Banana,REG006,Uttar Pradesh,2016,20014.4,1863.0,6.57,311.8,Flood,4.16,34905.2
YLD006493,CROP024,Banana,REG006,Uttar Pradesh,2017,20019.6,3158.0,6.96,265.0,Flood,1.71,11624.2
YLD006494,CROP024,Banana,REG006,Uttar Pradesh,2018,20023.2,1639.0,6.9,335.5,Sprinkler,2.18,24805.9
YLD006495,CROP024,Banana,REG006,Uttar Pradesh,2019,20016.7,1375.1,6.72,312.3,Sprinkler,1.7,29161.1
YLD006496,CROP024,Banana,REG006,Uttar Pradesh,2020,20020.4,913.8,6.49,199.4,Drip,4.25,17463.7
YLD006497,CROP024,Banana,REG006,Uttar Pradesh,2021,20017.3,2781.1,6.11,313.8,Rainfed,4.1,12966.2
YLD006501,CROP024,Banana,REG007,Uttar Pradesh,2015,20013.9,1015.7,7.93,215.0,Flood,2.33,20965.8
YLD006502,CROP024,Banana,REG007,Uttar Pradesh,2016,20016.7,2044.1,5.89,273.8,Rainfed,5.0,27848.9
YLD006503,CROP024,Banana,REG007,Uttar Pradesh,2017,20011.7,1756.9,6.63,302.4,Flood,1.95,26409.6
YLD006504,CROP024,Banana,REG007,Uttar Pradesh,2018,20011.7,1193.1,6.15,287.0,Rainfed,0.6,19614.1
YLD006505,CROP024,Banana,REG007,Uttar Pradesh,2019,20015.5,2430.7,7.39,313.6,Sprinkler,3.24,31157.7
YLD006506,CROP024,Banana,REG007,Uttar Pradesh,2020,20012.6,2204.4,6.24,321.8,Sprinkler,2.62,36118.3
YLD006507,CROP024,Banana,REG007,Uttar Pradesh,2021,20018.6,1231.7,6.62,363.0,Drip,2.06,32661.2
YLD006511,CROP024,Banana,REG008,Uttar Pradesh,2015,20016.6,2024.1,6.98,369.7,Sprinkler,1.98,36374.8
YLD006512,CROP024,Banana,REG008,Uttar Pradesh,2016,20012.3,2078.3,5.87,225.0,Sprinkler,1.4,32844.1
YLD006513,CROP024,Banana,REG008,Uttar Pradesh,2017,20015.1,1462.0,7.26,279.9,Drip,3.34,38579.4
YLD006514,CROP024,Banana,REG008,Uttar Pradesh,2018,20017.3,779.2,6.26,253.3,Sprinkler,3.48,25833.2
YLD006515,CROP024,Banana,REG008,Uttar Pradesh,2019,20015.4,1317.1,7.25,216.3,Rainfed,3.76,22378.4
YLD006516,CROP024,Banana,REG008,Uttar Pradesh,2020,20013.5,1883.8,7.05,260.0,Rainfed,4.68,30763.2
YLD006517,CROP024,Banana,REG008,Uttar Pradesh,2021,20016.2,2138.6,6.68,369.9,Flood,0.54,29840.3
YLD006521,CROP024,Banana,REG009,Bihar,2015,20014.9,2640.3,6.98,241.0,Drip,2.72,28103.9
YLD006522,CROP024,Banana,REG009,Bihar,2016,20014.6,1307.0,7.6,387.2,Rainfed,2.29,20475.1
YLD006523,CROP024,Banana,REG009,Bihar,2017,20008.2,2521.9,6.91,161.7,Rainfed,1.57,9546.2
YLD006524,CROP024,Banana,REG009,Bihar,2018,20007.7,1853.5,6.26,311.1,Rainfed,1.64,17278.4
YLD006525,CROP024,Banana,REG009,Bihar,2019,20013.7,1031.7,6.83,280.4,Rainfed,1.52,19093.2
YLD006526,CROP024,Banana,REG009,Bihar,2020,20014.2,1651.4,5.84,306.7,Drip,2.54,41754.2
YLD006527,CROP024,Banana,REG009,Bihar,2021,20015.6,1410.7,6.68,183.6,Sprinkler,1.93,34249.1
YLD006531,CROP024,Banana,REG010,Bihar,2015,20014.3,621.1,6.6,375.0,Flood,1.26,22885.5
YLD006532,CROP024,Banana,REG010,Bihar,2016,20012.5,1982.8,6.89,363.4,Drip,3.97,36150.1
YLD006533,CROP024,Banana,REG010,Bihar,2017,20020.0,2041.0,5.63,270.8,Sprinkler,3.55,27004.2
YLD006534,CROP024,Banana,REG010,Bihar,2018,20015.7,3098.9,7.08,311.9,Sprinkler,2.03,25698.1
YLD006535,CROP024,Banana,REG010,Bihar,2019,20014.7,938.1,6.89,186.8,Drip,3.57,29649.7
YLD006536,CROP024,Banana,REG010,Bihar,2020,20016.6,1386.3,7.2,330.9,Rainfed,1.06,23878.9
YLD006537,CROP024,Banana,REG010,Bihar,2021,20017.4,1038.8,6.75,313.1,Flood,4.11,22127.7
YLD006541,CROP024,Banana,REG011,West Bengal,2015,20018.7,1889.9,6.49,293.5,Rainfed,0.6,27789.4
YLD006542,CROP024,Banana,REG011,West Bengal,2016,20013.6,1298.1,6.6,250.0,Drip,3.53,37349.7
YLD006543,CROP024,Banana,REG011,West Bengal,2017,20013.5,2547.1,6.58,349.3,Flood,1.85,28467.0
YLD006544,CROP024,Banana,REG011,West Bengal,2018,20013.9,1700.3,6.25,196.2,Drip,4.29,37304.1
YLD006545,CROP024,Banana,REG011,West Bengal,2019,20013.2,3172.0,7.4,257.0,Flood,4.66,18802.9
YLD006546,CROP024,Banana,REG011,West Bengal,2020,20017.8,1212.4,7.23,307.9,Flood,4.72,22996.0
YLD006547,CROP024,Banana,REG011,West Bengal,2021,20014.2,2054.6,6.92,309.1,Sprinkler,2.22,32305.4
YLD006551,CROP024,Banana,REG012,West Bengal,2015,20017.8,1656.2,6.64,283.5,Drip,3.01,36868.3
YLD006552,CROP024,Banana,REG012,West Bengal,2016,20015.5,1810.0,6.85,434.7,Rainfed,4.5,34807.2
YLD006553,CROP024,Banana,REG012,West Bengal,2017,20017.1,1386.4,6.47,230.5,Rainfed,4.28,29125.5
YLD006554,CROP024,Banana,REG012,West Bengal,2018,20015.6,1411.0,7.12,333.7,Flood,2.05,35167.4
YLD006555,CROP024,Banana,REG012,West Bengal,2019,20009.7,2156.7,6.78,352.5,Drip,2.51,29133.6
YLD006556,CROP024,Banana,REG012,West Bengal,2020,20016.9,2327.2,7.29,315.8,Sprinkler,2.46,32593.3
YLD006557,CROP024,Banana,REG012,West Bengal,2021,20013.5,1234.5,8.0,311.6,Drip,1.29,30614.9
YLD006561,CROP024,Banana,REG013,Madhya Pradesh,2015,20013.7,2844.1,5.7,292.1,Drip,1.61,26370.6
YLD006562,CROP024,Banana,REG013,Madhya Pradesh,2016,20014.9,186.3,6.21,389.2,Drip,2.25,27620.6
YLD006563,CROP024,Banana,REG013,Madhya Pradesh,2017,20006.3,2813.1,6.66,278.0,Sprinkler,3.1,15028.4
YLD006564,CROP024,Banana,REG013,Madhya Pradesh,2018,20015.4,2107.2,6.32,327.2,Drip,1.93,44726.2
YLD006565,CROP024,Banana,REG013,Madhya Pradesh,2019,20017.3,1168.3,7.34,371.9,Drip,4.44,35591.5
YLD006566,CROP024,Banana,REG013,Madhya Pradesh,2020,20015.8,1577.8,6.31,384.5,Flood,3.27,35985.6
YLD006567,CROP024,Banana,REG013,Madhya Pradesh,2021,20015.2,2364.5,6.97,293.4,Sprinkler,0.51,33011.9
YLD006571,CROP024,Banana,REG014,Madhya Pradesh,2015,20014.3,1821.5,6.47,208.9,Flood,3.95,35334.4
YLD006572,CROP024,Banana,REG014,Madhya Pradesh,2016,20018.1,2023.2,6.77,290.7,Flood,1.9,27250.5
YLD006573,CROP024,Banana,REG014,Madhya Pradesh,2017,20010.3,2340.4,6.65,141.1,Drip,1.23,25045.2
YLD006574,CROP024,Banana,REG014,Madhya Pradesh,2018,20014.2,2251.6,7.64,231.0,Sprinkler,3.9,29966.0
YLD006575,CROP024,Banana,REG014,Madhya Pradesh,2019,20012.4,1532.4,7.69,332.9,Rainfed,3.83,18875.3
YLD006576,CROP024,Banana,REG014,Madhya Pradesh,2020,20018.5,920.6,6.5,336.1,Drip,3.21,28927.5
YLD006577,CROP024,Banana,REG014,Madhya Pradesh,2021,20017.3,2057.0,6.64,197.3,Flood,3.94,30988.8
YLD006581,CROP024,Banana,REG015,Madhya Pradesh,2015,20015.7,1240.0,6.28,238.9,Flood,3.32,34649.3
YLD006582,CROP024,Banana,REG015,Madhya Pradesh,2016,20011.6,1846.3,6.79,275.0,Drip,2.5,33551.8
YLD006583,CROP024,Banana,REG015,Madhya Pradesh,2017,20016.1,2012.9,6.14,211.6,Sprinkler,0.9,35993.5
YLD006584,CROP024,Banana,REG015,Madhya Pradesh,2018,20012.5,2025.9,6.9,332.2,Sprinkler,4.95,32165.0
YLD006585,CROP024,Banana,REG015,Madhya Pradesh,2019,20011.3,2062.4,7.18,389.5,Rainfed,2.54,25657.6
YLD006586,CROP024,Banana,REG015,Madhya Pradesh,2020,20013.4,1244.9,5.89,387.2,Flood,2.14,26485.9
YLD006587,CROP024,Banana,REG015,Madhya Pradesh,2021,20016.7,2385.4,6.69,329.1,Flood,1.46,28707.5
YLD006591,CROP024,Banana,REG016,Maharashtra,2015,20013.6,2656.2,7.31,291.5,Flood,2.01,24700.0
YLD006592,CROP024,Banana,REG016,Maharashtra,2016,20021.2,1735.4,6.9,249.3,Drip,4.05,27305.6
YLD006593,CROP024,Banana,REG016,Maharashtra,2017,20012.8,2207.0,6.72,433.5,Rainfed,4.24,25257.1
YLD006594,CROP024,Banana,REG016,Maharashtra,2018,20016.1,1983.4,7.39,275.7,Drip,4.98,38800.1
YLD006595,CROP024,Banana,REG016,Maharashtra,2019,20017.4,2421.0,6.62,209.5,Flood,3.23,27522.1
YLD006596,CROP024,Banana,REG016,Maharashtra,2020,20014.4,1970.0,6.52,325.2,Flood,1.01,38473.9
YLD006597,CROP024,Banana,REG016,Maharashtra,2021,20017.6,1544.5,7.47,274.3,Sprinkler,2.01,31639.2
YLD006601,CROP024,Banana,REG017,Maharashtra,2015,20014.7,1462.5,6.65,175.0,Drip,0.55,39339.4
YLD006602,CROP024,Banana,REG017,Maharashtra,2016,20012.7,1076.8,6.31,235.2,Rainfed,1.42,24757.6
YLD006603,CROP024,Banana,REG017,Maharashtra,2017,20017.1,1541.6,6.22,212.2,Flood,3.27,33608.7
YLD006604,CROP024,Banana,REG017,Maharashtra,2018,20016.0,2297.8,6.76,214.0,Flood,1.0,29605.3
YLD006605,CROP024,Banana,REG017,Maharashtra,2019,20020.5,1179.3,6.78,163.4,Drip,2.47,25091.4
YLD006606,CROP024,Banana,REG017,Maharashtra,2020,20010.0,1761.9,6.41,328.8,Drip,0.89,34339.9
YLD006607,CROP024,Banana,REG017,Maharashtra,2021,20012.4,1834.1,5.79,229.2,Sprinkler,0.8,34436.0
YLD006611,CROP024,Banana,REG018,Maharashtra,2015,20014.1,1410.8,6.63,235.9,Sprinkler,4.34,37959.2
YLD006612,CROP024,Banana,REG018,Maharashtra,2016,20017.9,1958.8,6.15,347.8,Flood,4.22,30021.4
YLD006613,CROP024,Banana,REG018,Maharashtra,2017,20015.0,1721.9,6.58,336.0,Rainfed,1.23,34148.3
YLD006614,CROP024,Banana,REG018,Maharashtra,2018,20016.5,2125.6,7.13,125.6,Flood,1.73,34312.2
YLD006615,CROP024,Banana,REG018,Maharashtra,2019,20016.4,1875.9,7.07,298.7,Drip,2.49,38489.0
YLD006616,CROP024,Banana,REG018,Maharashtra,2020,20009.9,1667.7,6.44,236.9,Flood,3.07,30208.3
YLD006617,CROP024,Banana,REG018,Maharashtra,2021,20018.5,1411.8,6.7,185.5,Flood,3.96,26711.2
YLD006621,CROP024,Banana,REG019,Gujarat,2015,20021.0,2583.0,7.67,329.1,Flood,4.75,17654.3
YLD006622,CROP024,Banana,REG019,Gujarat,2016,20017.4,2354.0,6.69,368.2,Sprinkler,2.22,36815.6
YLD006623,CROP024,Banana,REG019,Gujarat,2017,20016.6,1881.5,5.9,215.8,Sprinkler,1.91,37660.7
YLD006624,CROP024,Banana,REG019,Gujarat,2018,20008.2,1121.4,6.36,303.3,Drip,2.11,20607.0
YLD006625,CROP024,Banana,REG019,Gujarat,2019,20010.8,1218.3,7.22,386.4,Flood,4.6,18213.7
YLD006626,CROP024,Banana,REG019,Gujarat,2020,20017.8,2028.6,7.21,336.8,Drip,4.64,36213.0
YLD006627,CROP024,Banana,REG019,Gujarat,2021,20014.5,1297.1,6.67,250.2,Drip,0.63,37153.6
YLD006631,CROP024,Banana,REG020,Gujarat,2015,20011.6,2357.2,7.18,368.5,Rainfed,0.8,17244.1
YLD006632,CROP024,Banana,REG020,Gujarat,2016,20018.6,2425.9,6.29,291.5,Sprinkler,2.91,25726.3
YLD006633,CROP024,Banana,REG020,Gujarat,2017,20008.9,1317.3,7.35,250.3,Sprinkler,3.94,22145.0
YLD006634,CROP024,Banana,REG020,Gujarat,2018,20020.7,2171.2,7.16,266.9,Sprinkler,2.14,27808.4
YLD006635,CROP024,Banana,REG020,Gujarat,2019,20015.1,530.3,7.03,207.6,Sprinkler,1.03,21947.5
YLD006636,CROP024,Banana,REG020,Gujarat,2020,20012.4,1485.9,6.54,197.6,Drip,2.93,47361.0
YLD006637,CROP024,Banana,REG020,Gujarat,2021,20016.6,1768.0,6.61,352.9,Sprinkler,4.97,34765.8
YLD006641,CROP024,Banana,REG021,Rajasthan,2015,20011.2,2086.8,7.18,284.1,Sprinkler,1.47,31306.2
YLD006642,CROP024,Banana,REG021,Rajasthan,2016,20014.4,1236.0,6.33,254.8,Sprinkler,3.93,36602.3
YLD006643,CROP024,Banana,REG021,Rajasthan,2017,20019.9,1948.6,5.79,364.2,Rainfed,3.06,22580.8
YLD006644,CROP024,Banana,REG021,Rajasthan,2018,20013.0,1000.5,7.77,322.3,Flood,1.7,22919.2
YLD006645,CROP024,Banana,REG021,Rajasthan,2019,20009.2,1970.6,6.1,342.8,Flood,3.1,25398.9
YLD006646,CROP024,Banana,REG021,Rajasthan,2020,20017.7,1732.8,6.63,291.4,Sprinkler,2.62,43351.0
YLD006647,CROP024,Banana,REG021,Rajasthan,2021,20017.8,2542.9,6.64,347.3,Rainfed,2.58,19098.4
YLD006651,CROP024,Banana,REG022,Rajasthan,2015,20016.6,2031.6,6.13,311.8,Drip,3.0,40484.7
YLD006652,CROP024,Banana,REG022,Rajasthan,2016,20010.7,1565.5,6.38,316.8,Flood,4.2,25463.3
YLD006653,CROP024,Banana,REG022,Rajasthan,2017,20012.3,2516.8,6.69,265.6,Flood,4.4,25385.2
YLD006654,CROP024,Banana,REG022,Rajasthan,2018,20018.7,1274.1,7.01,263.2,Flood,0.58,22045.0
YLD006655,CROP024,Banana,REG022,Rajasthan,2019,20020.7,1809.8,6.48,380.9,Drip,2.4,30459.4
YLD006656,CROP024,Banana,REG022,Rajasthan,2020,20014.1,2177.2,6.91,357.8,Rainfed,3.56,27123.6
YLD006657,CROP024,Banana,REG022,Rajasthan,2021,20010.9,969.9,6.95,346.7,Sprinkler,0.83,20931.5
YLD006661,CROP024,Banana,REG023,Karnataka,2015,20014.5,1587.4,7.06,392.8,Sprinkler,1.95,39222.8
YLD006662,CROP024,Banana,REG023,Karnataka,2016,20012.5,907.2,6.73,192.4,Flood,2.89,20926.9
YLD006663,CROP024,Banana,REG023,Karnataka,2017,20017.4,857.7,6.56,248.6,Rainfed,3.7,13102.3
YLD006664,CROP024,Banana,REG023,Karnataka,2018,20016.3,1468.4,7.21,229.6,Drip,3.83,36485.3
YLD006665,CROP024,Banana,REG023,Karnataka,2019,20016.6,1304.3,7.59,131.9,Sprinkler,3.57,27712.6
YLD006666,CROP024,Banana,REG023,Karnataka,2020,20010.5,1721.4,6.45,228.2,Rainfed,2.21,28216.4
YLD006667,CROP024,Banana,REG023,Karnataka,2021,20016.8,2121.8,6.22,281.1,Sprinkler,0.67,34851.5
YLD006671,CROP024,Banana,REG024,Karnataka,2015,20014.2,1377.6,6.16,319.3,Drip,2.49,44257.3
YLD006672,CROP024,Banana,REG024,Karnataka,2016,20011.6,2443.0,6.67,251.9,Flood,2.83,27410.4
YLD006673,CROP024,Banana,REG024,Karnataka,2017,20018.6,2523.2,6.88,371.5,Drip,2.17,26508.1
YLD006674,CROP024,Banana,REG024,Karnataka,2018,20009.8,2230.3,6.74,212.3,Rainfed,2.72,22695.1
YLD006675,CROP024,Banana,REG024,Karnataka,2019,20016.2,1292.8,6.89,216.5,Rainfed,3.0,23668.2
YLD006676,CROP024,Banana,REG024,Karnataka,2020,20017.3,775.0,6.78,346.7,Rainfed,3.01,18438.3
YLD006677,CROP024,Banana,REG024,Karnataka,2021,20010.3,1657.0,6.58,282.6,Sprinkler,4.31,24200.4
YLD006681,CROP024,Banana,REG025,Andhra Pradesh,2015,20016.8,1235.4,6.23,187.0,Flood,2.28,30476.3
YLD006682,CROP024,Banana,REG025,Andhra Pradesh,2016,20013.7,2010.7,6.46,278.5,Drip,0.96,41783.7
YLD006683,CROP024,Banana,REG025,Andhra Pradesh,2017,20016.2,2639.1,6.23,383.4,Drip,2.78,32850.4
YLD006684,CROP024,Banana,REG025,Andhra Pradesh,2018,20013.7,1360.4,7.48,242.1,Drip,1.17,36037.0
YLD006685,CROP024,Banana,REG025,Andhra Pradesh,2019,20015.4,1460.7,5.91,178.2,Drip,3.13,42213.3
YLD006686,CROP024,Banana,REG025,Andhra Pradesh,2020,20016.4,1294.7,6.45,306.8,Flood,3.4,33162.2
YLD006687,CROP024,Banana,REG025,Andhra Pradesh,2021,20019.5,3143.9,6.91,380.5,Flood,2.65,16908.7
YLD006691,CROP024,Banana,REG026,Andhra Pradesh,2015,20010.1,1370.2,7.45,295.3,Sprinkler,1.06,25412.2
YLD006692,CROP024,Banana,REG026,Andhra Pradesh,2016,20011.0,1598.7,7.11,189.5,Rainfed,1.82,23532.6
YLD006693,CROP024,Banana,REG026,Andhra Pradesh,2017,20020.8,859.9,7.27,321.7,Drip,0.77,17220.9
YLD006694,CROP024,Banana,REG026,Andhra Pradesh,2018,20014.7,1855.1,6.28,271.7,Sprinkler,2.09,42902.5
YLD006695,CROP024,Banana,REG026,Andhra Pradesh,2019,20007.6,928.4,5.83,281.4,Flood,4.15,17960.1
YLD006696,CROP024,Banana,REG026,Andhra Pradesh,2020,20021.4,1455.2,6.81,205.1,Flood,4.58,20339.5
YLD006697,CROP024,Banana,REG026,Andhra Pradesh,2021,20019.0,1800.6,6.61,174.4,Drip,4.48,29822.8
YLD006701,CROP024,Banana,REG027,Tamil Nadu,2015,20012.0,2351.4,6.05,266.6,Drip,2.97,31532.0
YLD006702,CROP024,Banana,REG027,Tamil Nadu,2016,20012.5,1320.0,7.0,307.8,Drip,3.27,39563.0
YLD006703,CROP024,Banana,REG027,Tamil Nadu,2017,20012.5,2554.1,6.34,366.9,Flood,2.02,21401.2
YLD006704,CROP024,Banana,REG027,Tamil Nadu,2018,20020.3,2212.9,6.66,207.9,Rainfed,4.89,19874.2
YLD006705,CROP024,Banana,REG027,Tamil Nadu,2019,20014.5,2299.7,6.12,327.9,Drip,4.61,36157.0
YLD006706,CROP024,Banana,REG027,Tamil Nadu,2020,20018.4,1655.9,6.84,239.1,Drip,0.7,36595.5
YLD006707,CROP024,Banana,REG027,Tamil Nadu,2021,20004.7,2298.6,6.33,261.2,Drip,0.61,18711.3
YLD006711,CROP024,Banana,REG028,Tamil Nadu,2015,20012.0,1023.3,6.66,257.4,Rainfed,1.0,17612.8
YLD006712,CROP024,Banana,REG028,Tamil Nadu,2016,20014.0,1521.7,6.69,223.6,Flood,1.18,29033.7
YLD006713,CROP024,Banana,REG028,Tamil Nadu,2017,20016.0,2055.0,7.02,263.3,Rainfed,4.72,28209.4
YLD006714,CROP024,Banana,REG028,Tamil Nadu,2018,20019.3,1953.5,6.2,379.5,Rainfed,1.18,24903.5
YLD006715,CROP024,Banana,REG028,Tamil Nadu,2019,20016.4,1923.9,6.81,443.0,Sprinkler,3.29,40875.6
YLD006716,CROP024,Banana,REG028,Tamil Nadu,2020,20015.0,1412.1,6.5,265.4,Sprinkler,1.33,41170.1
YLD006717,CROP024,Banana,REG028,Tamil Nadu,2021,20008.4,2161.1,6.51,218.7,Rainfed,4.23,9828.6
YLD006721,CROP025,Mango,REG001,Punjab,2015,4008.6,1050.7,6.72,248.8,Flood,4.23,0.0
YLD006722,CROP025,Mango,REG001,Punjab,2016,4019.6,1349.1,6.79,289.6,Sprinkler,4.41,0.0
YLD006723,CROP025,Mango,REG001,Punjab,2017,4010.9,729.5,7.21,179.0,Rainfed,3.97,0.0
YLD006724,CROP025,Mango,REG001,Punjab,2018,4018.1,815.3,6.93,332.4,Drip,1.86,0.0
YLD006725,CROP025,Mango,REG001,Punjab,2019,4021.0,676.2,7.84,244.8,Sprinkler,3.64,0.0
YLD006726,CROP025,Mango,REG001,Punjab,2020,4016.0,632.7,7.15,219.8,Drip,3.41,0.0
YLD006727,CROP025,Mango,REG001,Punjab,2021,4015.0,797.9,7.88,244.1,Rainfed,1.35,0.0
YLD006731,CROP025,Mango,REG002,Punjab,2015,4013.9,1045.4,7.32,346.7,Sprinkler,2.74,0.0
YLD006732,CROP025,Mango,REG002,Punjab,2016,4012.8,1166.4,6.48,223.5,Rainfed,3.19,0.0
YLD006733,CROP025,Mango,REG002,Punjab,2017,4017.8,406.3,6.58,237.3,Flood,1.53,0.0
YLD006734,CROP025,Mango,REG002,Punjab,2018,4013.1,949.2,7.09,228.1,Sprinkler,1.95,0.0
YLD006735,CROP025,Mango,REG002,Punjab,2019,4012.6,873.9,6.66,255.1,Sprinkler,3.33,0.0
YLD006736,CROP025,Mango,REG002,Punjab,2020,4012.0,1167.0,6.77,215.9,Drip,1.35,0.0
YLD006737,CROP025,Mango,REG002,Punjab,2021,4012.9,1044.4,6.52,232.9,Rainfed,4.79,0.0
YLD006741,CROP025,Mango,REG003,Punjab,2015,4017.8,1554.6,5.92,237.9,Flood,0.8,0.0
YLD006742,CROP025,Mango,REG003,Punjab,2016,4014.5,534.9,6.59,270.7,Rainfed,3.34,0.0
YLD006743,CROP025,Mango,REG003,Punjab,2017,4015.3,995.5,6.61,238.8,Rainfed,3.86,0.0
YLD006744,CROP025,Mango,REG003,Punjab,2018,4012.8,1224.9,7.29,240.9,Flood,3.78,0.0
YLD006745,CROP025,Mango,REG003,Punjab,2019,4018.2,704.4,6.66,163.0,Sprinkler,3.41,0.0
YLD006746,CROP025,Mango,REG003,Punjab,2020,4017.3,716.5,7.2,276.4,Rainfed,2.48,0.0
YLD006747,CROP025,Mango,REG003,Punjab,2021,4017.2,1000.9,6.05,218.3,Flood,0.5,0.0
YLD006751,CROP025,Mango,REG004,Haryana,2015,4012.9,584.3,6.57,201.1,Flood,1.4,0.0
YLD006752,CROP025,Mango,REG004,Haryana,2016,4018.6,921.4,6.26,328.8,Drip,4.2,0.0
YLD006753,CROP025,Mango,REG004,Haryana,2017,4015.4,996.6,6.99,286.0,Sprinkler,4.76,0.0
YLD006754,CROP025,Mango,REG004,Haryana,2018,4014.9,905.0,6.56,273.3,Drip,2.26,0.0
YLD006755,CROP025,Mango,REG004,Haryana,2019,4009.4,592.9,6.98,367.8,Flood,1.06,0.0
YLD006756,CROP025,Mango,REG004,Haryana,2020,4012.8,490.1,6.31,197.1,Drip,3.98,0.0
YLD006757,CROP025,Mango,REG004,Haryana,2021,4015.1,685.7,5.87,331.2,Rainfed,1.89,0.0
YLD006761,CROP025,Mango,REG005,Haryana,2015,4015.4,1122.0,6.95,282.3,Sprinkler,0.94,0.0
YLD006762,CROP025,Mango,REG005,Haryana,2016,4015.4,877.8,6.25,400.3,Sprinkler,3.09,0.0
YLD006763,CROP025,Mango,REG005,Haryana,2017,4016.3,772.2,6.16,153.6,Sprinkler,4.99,0.0
YLD006764,CROP025,Mango,REG005,Haryana,2018,4019.5,863.8,5.61,257.9,Drip,2.02,0.0
YLD006765,CROP025,Mango,REG005,Haryana,2019,4021.6,1050.7,7.21,378.9,Drip,4.29,0.0
YLD006766,CROP025,Mango,REG005,Haryana,2020,4017.9,1180.5,6.53,270.9,Drip,3.0,0.0
YLD006767,CROP025,Mango,REG005,Haryana,2021,4016.3,383.2,6.8,252.8,Rainfed,3.57,0.0
YLD006771,CROP025,Mango,REG006,Uttar Pradesh,2015,4011.8,568.8,6.87,195.4,Drip,1.67,0.0
YLD006772,CROP025,Mango,REG006,Uttar Pradesh,2016,4020.2,550.9,7.79,233.8,Drip,0.71,0.0
YLD006773,CROP025,Mango,REG006,Uttar Pradesh,2017,4019.2,689.8,6.47,200.8,Drip,1.44,0.0
YLD006774,CROP025,Mango,REG006,Uttar Pradesh,2018,4016.2,1453.1,6.99,228.3,Rainfed,2.95,0.0
YLD006775,CROP025,Mango,REG006,Uttar Pradesh,2019,4014.5,1012.6,7.57,293.0,Flood,2.54,0.0
YLD006776,CROP025,Mango,REG006,Uttar Pradesh,2020,4016.4,1041.3,6.28,320.0,Rainfed,2.01,0.0
YLD006777,CROP025,Mango,REG006,Uttar Pradesh,2021,4016.6,1042.1,6.77,285.2,Sprinkler,0.84,0.0
YLD006781,CROP025,Mango,REG007,Uttar Pradesh,2015,4011.8,889.2,6.17,278.1,Rainfed,1.6,0.0
YLD006782,CROP025,Mango,REG007,Uttar Pradesh,2016,4017.4,814.6,5.76,131.6,Rainfed,4.7,0.0
YLD006783,CROP025,Mango,REG007,Uttar Pradesh,2017,4015.1,898.6,6.53,219.6,Drip,4.61,0.0
YLD006784,CROP025,Mango,REG007,Uttar Pradesh,2018,4011.7,1170.8,7.51,276.9,Flood,2.5,0.0
YLD006785,CROP025,Mango,REG007,Uttar Pradesh,2019,4016.6,256.1,6.21,220.9,Rainfed,1.58,0.0
YLD006786,CROP025,Mango,REG007,Uttar Pradesh,2020,4004.0,1086.9,5.99,274.4,Rainfed,2.1,0.0
YLD006787,CROP025,Mango,REG007,Uttar Pradesh,2021,4012.6,1020.2,6.66,359.7,Flood,0.82,0.0
YLD006791,CROP025,Mango,REG008,Uttar Pradesh,2015,4017.0,1116.0,6.62,338.6,Flood,3.64,0.0
YLD006792,CROP025,Mango,REG008,Uttar Pradesh,2016,4011.3,925.6,6.25,282.9,Flood,0.66,0.0
YLD006793,CROP025,Mango,REG008,Uttar Pradesh,2017,4014.8,602.4,7.44,250.3,Sprinkler,4.6,0.0
YLD006794,CROP025,Mango,REG008,Uttar Pradesh,2018,4013.2,923.9,6.66,254.6,Drip,4.56,0.0
YLD006795,CROP025,Mango,REG008,Uttar Pradesh,2019,4015.0,885.7,7.46,313.2,Flood,4.75,0.0
YLD006796,CROP025,Mango,REG008,Uttar Pradesh,2020,4018.1,1215.4,5.74,267.3,Flood,1.15,0.0
YLD006797,CROP025,Mango,REG008,Uttar Pradesh,2021,4013.6,1130.6,6.6,379.4,Rainfed,4.41,0.0
YLD006801,CROP025,Mango,REG009,Bihar,2015,4019.4,867.0,6.91,184.0,Sprinkler,1.58,0.0
YLD006802,CROP025,Mango,REG009,Bihar,2016,4011.8,613.4,6.46,273.0,Rainfed,4.89,0.0
YLD006803,CROP025,Mango,REG009,Bihar,2017,4016.3,1419.0,5.84,261.9,Sprinkler,2.68,0.0
YLD006804,CROP025,Mango,REG009,Bihar,2018,4009.9,434.0,6.46,261.4,Rainfed,1.75,0.0
YLD006805,CROP025,Mango,REG009,Bihar,2019,4011.1,1078.4,6.6,186.0,Rainfed,1.31,0.0
YLD006806,CROP025,Mango,REG009,Bihar,2020,4011.7,749.0,6.46,263.7,Sprinkler,2.83,0.0
YLD006807,CROP025,Mango,REG009,Bihar,2021,4014.9,575.5,6.86,225.5,Rainfed,2.97,0.0
YLD006811,CROP025,Mango,REG010,Bihar,2015,4014.3,968.2,5.77,320.1,Sprinkler,1.47,0.0
YLD006812,CROP025,Mango,REG010,Bihar,2016,4018.5,952.6,7.61,203.4,Rainfed,2.53,0.0
YLD006813,CROP025,Mango,REG010,Bihar,2017,4016.6,1355.9,5.84,188.1,Flood,1.71,0.0
YLD006814,CROP025,Mango,REG010,Bihar,2018,4017.2,968.3,6.72,331.9,Flood,1.26,0.0
YLD006815,CROP025,Mango,REG010,Bihar,2019,4016.4,269.3,6.44,220.4,Sprinkler,2.46,0.0
YLD006816,CROP025,Mango,REG010,Bihar,2020,4016.6,632.0,6.15,207.8,Rainfed,3.14,0.0
YLD006817,CROP025,Mango,REG010,Bihar,2021,4016.0,801.6,6.39,262.9,Sprinkler,2.15,0.0
YLD006821,CROP025,Mango,REG011,West Bengal,2015,4019.1,842.8,7.11,195.8,Sprinkler,2.5,0.0
YLD006822,CROP025,Mango,REG011,West Bengal,2016,4016.9,446.4,6.42,203.9,Sprinkler,2.79,0.0
YLD006823,CROP025,Mango,REG011,West Bengal,2017,4019.3,708.9,6.76,342.0,Rainfed,1.08,0.0
YLD006824,CROP025,Mango,REG011,West Bengal,2018,4014.7,1466.1,6.77,166.8,Rainfed,1.82,0.0
YLD006825,CROP025,Mango,REG011,West Bengal,2019,4014.9,1066.1,6.59,241.4,Rainfed,0.74,0.0
YLD006826,CROP025,Mango,REG011,West Bengal,2020,4011.3,863.5,6.57,355.0,Rainfed,0.97,0.0
YLD006827,CROP025,Mango,REG011,West Bengal,2021,4012.4,794.4,7.48,236.1,Rainfed,2.76,0.0
YLD006831,CROP025,Mango,REG012,West Bengal,2015,4014.3,520.4,7.1,331.7,Flood,3.45,0.0
YLD006832,CROP025,Mango,REG012,West Bengal,2016,4013.3,689.2,6.8,227.4,Sprinkler,3.12,0.0
YLD006833,CROP025,Mango,REG012,West Bengal,2017,4011.3,695.1,5.86,263.9,Drip,1.63,0.0
YLD006834,CROP025,Mango,REG012,West Bengal,2018,4019.0,560.4,6.71,261.8,Drip,2.3,0.0
YLD006835,CROP025,Mango,REG012,West Bengal,2019,4014.6,543.7,7.4,261.8,Rainfed,1.04,0.0
YLD006836,CROP025,Mango,REG012,West Bengal,2020,4011.5,1374.4,5.72,264.0,Drip,1.25,0.0
YLD006837,CROP025,Mango,REG012,West Bengal,2021,4014.1,633.0,6.6,209.3,Flood,1.69,0.0
YLD006841,CROP025,Mango,REG013,Madhya Pradesh,2015,4017.7,875.3,6.6,283.9,Drip,1.25,0.0
YLD006842,CROP025,Mango,REG013,Madhya Pradesh,2016,4019.3,668.2,6.16,412.3,Sprinkler,3.25,0.0
YLD006843,CROP025,Mango,REG013,Madhya Pradesh,2017,4014.2,953.5,6.01,108.6,Flood,3.43,0.0
YLD006844,CROP025,Mango,REG013,Madhya Pradesh,2018,4013.2,716.3,6.16,324.0,Rainfed,4.06,0.0
YLD006845,CROP025,Mango,REG013,Madhya Pradesh,2019,4020.0,622.7,6.67,257.4,Drip,2.41,0.0
YLD006846,CROP025,Mango,REG013,Madhya Pradesh,2020,4010.3,1072.1,6.31,243.6,Drip,1.64,0.0
YLD006847,CROP025,Mango,REG013,Madhya Pradesh,2021,4021.1,1365.0,6.4,202.3,Flood,4.07,0.0
YLD006851,CROP025,Mango,REG014,Madhya Pradesh,2015,4010.0,1079.6,6.31,277.8,Drip,4.2,0.0
YLD006852,CROP025,Mango,REG014,Madhya Pradesh,2016,4010.9,929.7,6.95,200.0,Sprinkler,1.7,0.0
YLD006853,CROP025,Mango,REG014,Madhya Pradesh,2017,4021.8,787.3,7.37,226.2,Rainfed,1.29,0.0
YLD006854,CROP025,Mango,REG014,Madhya Pradesh,2018,4018.4,1181.6,6.69,250.8,Flood,1.25,0.0
YLD006855,CROP025,Mango,REG014,Madhya Pradesh,2019,4023.1,862.6,6.24,201.8,Drip,2.34,0.0
YLD006856,CROP025,Mango,REG014,Madhya Pradesh,2020,4017.1,436.6,6.88,254.9,Drip,2.01,0.0
YLD006857,CROP025,Mango,REG014,Madhya Pradesh,2021,4015.2,997.5,6.75,251.5,Sprinkler,2.16,0.0
YLD006861,CROP025,Mango,REG015,Madhya Pradesh,2015,4016.0,1362.8,6.12,336.0,Flood,3.97,0.0
YLD006862,CROP025,Mango,REG015,Madhya Pradesh,2016,4013.3,944.9,7.43,254.7,Drip,2.43,0.0
YLD006863,CROP025,Mango,REG015,Madhya Pradesh,2017,4018.1,587.6,7.1,294.7,Rainfed,3.01,0.0
YLD006864,CROP025,Mango,REG015,Madhya Pradesh,2018,4012.9,497.8,5.75,177.9,Flood,2.13,0.0
YLD006865,CROP025,Mango,REG015,Madhya Pradesh,2019,4012.8,965.3,5.87,244.3,Flood,1.07,0.0
YLD006866,CROP025,Mango,REG015,Madhya Pradesh,2020,4013.4,1177.2,6.05,138.6,Flood,2.99,0.0
YLD006867,CROP025,Mango,REG015,Madhya Pradesh,2021,4013.3,667.5,7.18,263.2,Drip,1.46,0.0
YLD006871,CROP025,Mango,REG016,Maharashtra,2015,4011.9,810.8,6.77,337.0,Flood,3.97,0.0
YLD006872,CROP025,Mango,REG016,Maharashtra,2016,4020.4,1086.7,7.46,254.4,Drip,3.45,0.0
YLD006873,CROP025,Mango,REG016,Maharashtra,2017,4016.1,1226.6,6.53,333.6,Flood,4.37,0.0
YLD006874,CROP025,Mango,REG016,Maharashtra,2018,4013.7,731.1,5.9,263.6,Sprinkler,0.6,0.0
YLD006875,CROP025,Mango,REG016,Maharashtra,2019,4018.9,759.9,6.92,350.5,Rainfed,1.7,0.0
YLD006876,CROP025,Mango,REG016,Maharashtra,2020,4017.8,643.7,7.02,202.8,Rainfed,0.94,0.0
YLD006877,CROP025,Mango,REG016,Maharashtra,2021,4018.4,1078.1,5.98,268.4,Rainfed,4.26,0.0
YLD006881,CROP025,Mango,REG017,Maharashtra,2015,4018.0,1192.1,6.97,275.0,Drip,3.34,0.0
YLD006882,CROP025,Mango,REG017,Maharashtra,2016,4011.0,726.5,6.43,303.4,Flood,3.23,0.0
YLD006883,CROP025,Mango,REG017,Maharashtra,2017,4011.8,993.6,6.1,264.1,Rainfed,2.97,0.0
YLD006884,CROP025,Mango,REG017,Maharashtra,2018,4014.3,1011.5,6.64,214.9,Drip,3.67,0.0
YLD006885,CROP025,Mango,REG017,Maharashtra,2019,4014.2,908.5,6.5,289.6,Flood,4.95,0.0
YLD006886,CROP025,Mango,REG017,Maharashtra,2020,4018.9,835.9,6.19,300.2,Flood,1.68,0.0
YLD006887,CROP025,Mango,REG017,Maharashtra,2021,4014.4,1453.6,6.37,277.1,Sprinkler,2.23,0.0
YLD006891,CROP025,Mango,REG018,Maharashtra,2015,4018.2,1048.8,7.52,200.2,Drip,1.0,0.0
YLD006892,CROP025,Mango,REG018,Maharashtra,2016,4010.5,999.4,6.62,169.4,Sprinkler,3.81,0.0
YLD006893,CROP025,Mango,REG018,Maharashtra,2017,4014.3,719.1,6.94,287.0,Flood,2.47,0.0
YLD006894,CROP025,Mango,REG018,Maharashtra,2018,4013.9,463.3,7.33,207.1,Drip,3.05,0.0
YLD006895,CROP025,Mango,REG018,Maharashtra,2019,4015.0,628.7,6.73,195.7,Rainfed,3.43,0.0
YLD006896,CROP025,Mango,REG018,Maharashtra,2020,4016.2,1274.7,6.14,329.8,Drip,3.23,0.0
YLD006897,CROP025,Mango,REG018,Maharashtra,2021,4020.1,1365.2,6.88,276.5,Flood,3.23,0.0
YLD006901,CROP025,Mango,REG019,Gujarat,2015,4017.5,837.3,6.41,342.2,Sprinkler,0.96,0.0
YLD006902,CROP025,Mango,REG019,Gujarat,2016,4012.3,1106.8,6.56,308.8,Sprinkler,1.79,0.0
YLD006903,CROP025,Mango,REG019,Gujarat,2017,4010.5,461.1,6.33,396.0,Sprinkler,2.45,0.0
YLD006904,CROP025,Mango,REG019,Gujarat,2018,4016.3,1358.3,6.33,389.2,Drip,4.92,0.0
YLD006905,CROP025,Mango,REG019,Gujarat,2019,4017.5,1055.9,5.62,273.6,Drip,4.67,0.0
YLD006906,CROP025,Mango,REG019,Gujarat,2020,4011.6,1328.4,7.53,261.8,Sprinkler,2.96,0.0
YLD006907,CROP025,Mango,REG019,Gujarat,2021,4014.5,678.7,7.09,363.3,Flood,1.57,0.0
YLD006911,CROP025,Mango,REG020,Gujarat,2015,4007.0,667.0,6.23,237.5,Flood,1.91,0.0
YLD006912,CROP025,Mango,REG020,Gujarat,2016,4018.8,1026.2,5.69,225.7,Rainfed,4.95,0.0
YLD006913,CROP025,Mango,REG020,Gujarat,2017,4017.7,787.9,6.88,350.2,Flood,4.69,0.0
YLD006914,CROP025,Mango,REG020,Gujarat,2018,4019.7,1444.8,7.39,175.0,Flood,2.05,0.0
YLD006915,CROP025,Mango,REG020,Gujarat,2019,4011.6,411.3,6.51,237.9,Rainfed,2.65,0.0
YLD006916,CROP025,Mango,REG020,Gujarat,2020,4015.0,749.6,6.61,336.7,Sprinkler,2.66,0.0
YLD006917,CROP025,Mango,REG020,Gujarat,2021,4012.5,1083.8,7.26,367.9,Drip,2.3,0.0
YLD006921,CROP025,Mango,REG021,Rajasthan,2015,4013.4,1361.9,7.06,288.8,Sprinkler,3.62,0.0
YLD006922,CROP025,Mango,REG021,Rajasthan,2016,4005.5,751.0,6.56,300.6,Rainfed,2.21,0.0
YLD006923,CROP025,Mango,REG021,Rajasthan,2017,4017.0,694.8,5.86,333.5,Flood,1.75,0.0
YLD006924,CROP025,Mango,REG021,Rajasthan,2018,4020.7,687.1,7.02,308.2,Drip,1.29,0.0
YLD006925,CROP025,Mango,REG021,Rajasthan,2019,4016.7,1366.8,7.02,276.8,Flood,0.62,0.0
YLD006926,CROP025,Mango,REG021,Rajasthan,2020,4018.7,898.1,7.28,364.5,Sprinkler,0.99,0.0
YLD006927,CROP025,Mango,REG021,Rajasthan,2021,4013.1,651.8,7.28,240.0,Flood,1.08,0.0
YLD006931,CROP025,Mango,REG022,Rajasthan,2015,4010.7,1106.0,6.81,340.2,Flood,3.74,0.0
YLD006932,CROP025,Mango,REG022,Rajasthan,2016,4018.4,1139.0,6.57,296.6,Sprinkler,4.5,0.0
YLD006933,CROP025,Mango,REG022,Rajasthan,2017,4017.5,880.6,6.73,358.9,Flood,4.9,0.0
YLD006934,CROP025,Mango,REG022,Rajasthan,2018,4012.8,903.7,7.54,217.7,Sprinkler,4.08,0.0
YLD006935,CROP025,Mango,REG022,Rajasthan,2019,4009.0,1288.2,6.06,240.8,Rainfed,4.33,0.0
YLD006936,CROP025,Mango,REG022,Rajasthan,2020,4014.0,678.7,7.47,431.1,Rainfed,2.65,0.0
YLD006937,CROP025,Mango,REG022,Rajasthan,2021,4010.0,598.5,7.83,320.5,Flood,2.67,0.0
YLD006941,CROP025,Mango,REG023,Karnataka,2015,4015.3,832.9,7.34,217.1,Sprinkler,3.12,0.0
YLD006942,CROP025,Mango,REG023,Karnataka,2016,4012.0,989.6,6.01,241.1,Flood,4.47,0.0
YLD006943,CROP025,Mango,REG023,Karnataka,2017,4013.8,1197.6,7.46,383.6,Rainfed,2.72,0.0
YLD006944,CROP025,Mango,REG023,Karnataka,2018,4015.0,236.7,6.2,238.3,Drip,2.81,0.0
YLD006945,CROP025,Mango,REG023,Karnataka,2019,4014.0,761.1,6.48,144.0,Sprinkler,4.16,0.0
YLD006946,CROP025,Mango,REG023,Karnataka,2020,4016.1,303.9,6.91,331.6,Drip,4.97,0.0
YLD006947,CROP025,Mango,REG023,Karnataka,2021,4013.4,1337.6,6.62,324.7,Sprinkler,2.36,0.0
YLD006951,CROP025,Mango,REG024,Karnataka,2015,4013.5,1184.7,6.95,387.6,Rainfed,3.14,0.0
YLD006952,CROP025,Mango,REG024,Karnataka,2016,4016.5,719.9,6.24,404.3,Drip,4.11,0.0
YLD006953,CROP025,Mango,REG024,Karnataka,2017,4018.0,562.0,6.2,252.2,Rainfed,0.61,0.0
YLD006954,CROP025,Mango,REG024,Karnataka,2018,4009.0,671.6,6.9,271.2,Sprinkler,1.48,0.0
YLD006955,CROP025,Mango,REG024,Karnataka,2019,4016.5,1207.3,6.93,318.2,Sprinkler,4.64,0.0
YLD006956,CROP025,Mango,REG024,Karnataka,2020,4018.0,1039.3,5.42,245.2,Flood,1.95,0.0
YLD006957,CROP025,Mango,REG024,Karnataka,2021,4018.5,711.4,6.84,278.7,Drip,4.96,0.0
YLD006961,CROP025,Mango,REG025,Andhra Pradesh,2015,4020.5,1342.0,6.12,286.8,Rainfed,2.45,0.0
YLD006962,CROP025,Mango,REG025,Andhra Pradesh,2016,4009.0,1192.1,7.18,337.9,Sprinkler,4.98,0.0
YLD006963,CROP025,Mango,REG025,Andhra Pradesh,2017,4012.9,1065.0,6.68,255.2,Drip,1.75,0.0
YLD006964,CROP025,Mango,REG025,Andhra Pradesh,2018,4008.5,678.7,7.62,188.1,Flood,2.46,0.0
YLD006965,CROP025,Mango,REG025,Andhra Pradesh,2019,4019.5,1238.5,6.01,252.1,Sprinkler,1.04,0.0
YLD006966,CROP025,Mango,REG025,Andhra Pradesh,2020,4016.8,1094.2,7.19,322.4,Drip,1.63,0.0
YLD006967,CROP025,Mango,REG025,Andhra Pradesh,2021,4017.1,809.3,7.23,296.6,Sprinkler,0.83,0.0
YLD006971,CROP025,Mango,REG026,Andhra Pradesh,2015,4010.1,817.6,7.93,306.7,Drip,0.63,0.0
YLD006972,CROP025,Mango,REG026,Andhra Pradesh,2016,4008.4,635.7,6.94,325.1,Drip,3.96,0.0
YLD006973,CROP025,Mango,REG026,Andhra Pradesh,2017,4018.2,619.0,6.03,384.6,Drip,3.12,0.0
YLD006974,CROP025,Mango,REG026,Andhra Pradesh,2018,4016.4,1092.4,7.51,282.2,Rainfed,3.99,0.0
YLD006975,CROP025,Mango,REG026,Andhra Pradesh,2019,4011.4,836.7,6.06,235.6,Drip,4.63,0.0
YLD006976,CROP025,Mango,REG026,Andhra Pradesh,2020,4014.0,978.2,5.97,255.1,Sprinkler,2.29,0.0
YLD006977,CROP025,Mango,REG026,Andhra Pradesh,2021,4017.5,1062.6,6.25,290.4,Rainfed,1.59,0.0
YLD006981,CROP025,Mango,REG027,Tamil Nadu,2015,4009.4,876.0,6.61,265.6,Drip,4.11,0.0
YLD006982,CROP025,Mango,REG027,Tamil Nadu,2016,4012.8,739.6,6.63,270.5,Sprinkler,2.26,0.0
YLD006983,CROP025,Mango,REG027,Tamil Nadu,2017,4019.7,460.7,6.19,257.4,Flood,4.42,0.0
YLD006984,CROP025,Mango,REG027,Tamil Nadu,2018,4003.3,1058.4,6.05,254.8,Rainfed,2.13,0.0
YLD006985,CROP025,Mango,REG027,Tamil Nadu,2019,4016.2,611.5,6.28,275.4,Sprinkler,0.74,0.0
YLD006986,CROP025,Mango,REG027,Tamil Nadu,2020,4017.6,1011.3,6.97,412.7,Drip,2.9,0.0
YLD006987,CROP025,Mango,REG027,Tamil Nadu,2021,4013.5,634.1,7.02,248.1,Rainfed,1.67,0.0
YLD006991,CROP025,Mango,REG028,Tamil Nadu,2015,4015.7,1102.2,7.3,324.7,Rainfed,3.84,0.0
YLD006992,CROP025,Mango,REG028,Tamil Nadu,2016,4012.5,1006.4,6.6,384.9,Rainfed,1.69,0.0
YLD006993,CROP025,Mango,REG028,Tamil Nadu,2017,4010.6,698.2,6.28,273.5,Flood,1.18,0.0
YLD006994,CROP025,Mango,REG028,Tamil Nadu,2018,4012.2,1134.1,6.35,298.3,Rainfed,2.3,0.0
YLD006995,CROP025,Mango,REG028,Tamil Nadu,2019,4019.3,541.3,6.53,381.1,Flood,4.09,0.0
YLD006996,CROP025,Mango,REG028,Tamil Nadu,2020,4014.1,987.9,6.96,337.9,Drip,2.77,0.0
YLD006997,CROP025,Mango,REG028,Tamil Nadu,2021,4015.6,594.5,7.21,312.6,Drip,4.0,0.0
