record_id,crop_id,crop_name,state,year,month,price_lag1_inr,price_lag2_inr,price_lag3_inr,rainfall_anomaly_mm,trade_demand_index,target_price_next_period_inr
PF000001,CROP001,Rice (Paddy),Punjab,2021,4,2125.5,2257.7,2071.3,6.0,56.8,2166.6
PF000002,CROP001,Rice (Paddy),Punjab,2021,5,2166.6,2125.5,2257.7,-24.6,50.4,1944.7
PF000003,CROP001,Rice (Paddy),Punjab,2021,6,1944.7,2166.6,2125.5,24.7,72.1,1980.9
PF000004,CROP001,Rice (Paddy),Punjab,2021,7,1980.9,1944.7,2166.6,-6.8,56.4,1878.8
PF000005,CROP001,Rice (Paddy),Punjab,2021,8,1878.8,1980.9,1944.7,-5.9,51.3,1561.4
PF000006,CROP001,Rice (Paddy),Punjab,2021,9,1561.4,1878.8,1980.9,6.7,52.1,1824.5
PF000007,CROP001,Rice (Paddy),Punjab,2021,10,1824.5,1561.4,1878.8,12.3,27.4,1785.0
PF000008,CROP001,Rice (Paddy),Punjab,2021,11,1785.0,1824.5,1561.4,7.4,49.5,1801.9
PF000009,CROP001,Rice (Paddy),Punjab,2021,12,1801.9,1785.0,1824.5,-7.0,47.0,1982.2
PF000010,CROP001,Rice (Paddy),Punjab,2022,1,1982.2,1801.9,1785.0,-5.0,12.7,2061.5
PF000011,CROP001,Rice (Paddy),Punjab,2022,2,2061.5,1982.2,1801.9,10.2,57.8,1923.0
PF000012,CROP001,Rice (Paddy),Punjab,2022,3,1923.0,2061.5,1982.2,-5.2,34.0,2410.7
PF000013,CROP001,Rice (Paddy),Punjab,2022,4,2410.7,1923.0,2061.5,-8.7,38.2,2112.1
PF000014,CROP001,Rice (Paddy),Punjab,2022,5,2112.1,2410.7,1923.0,-0.3,55.9,2043.9
PF000015,CROP001,Rice (Paddy),Punjab,2022,6,2043.9,2112.1,2410.7,14.7,50.5,2207.0
PF000016,CROP001,Rice (Paddy),Punjab,2022,7,2207.0,2043.9,2112.1,13.0,39.4,1798.7
PF000017,CROP001,Rice (Paddy),Punjab,2022,8,1798.7,2207.0,2043.9,2.7,56.1,1858.6
PF000018,CROP001,Rice (Paddy),Punjab,2022,9,1858.6,1798.7,2207.0,15.4,55.9,1797.5
PF000019,CROP001,Rice (Paddy),Punjab,2022,10,1797.5,1858.6,1798.7,11.8,48.6,1827.7
PF000020,CROP001,Rice (Paddy),Punjab,2022,11,1827.7,1797.5,1858.6,4.8,31.0,1796.3
PF000021,CROP001,Rice (Paddy),Punjab,2022,12,1796.3,1827.7,1797.5,-12.2,50.5,1938.4
PF000022,CROP001,Rice (Paddy),Punjab,2023,1,1938.4,1796.3,1827.7,-8.3,40.0,2130.1
PF000023,CROP001,Rice (Paddy),Punjab,2023,2,2130.1,1938.4,1796.3,12.0,49.6,2279.9
PF000024,CROP001,Rice (Paddy),Punjab,2023,3,2279.9,2130.1,1938.4,7.0,60.1,2175.0
PF000025,CROP001,Rice (Paddy),Punjab,2023,4,2175.0,2279.9,2130.1,9.6,58.7,2271.6
PF000026,CROP001,Rice (Paddy),Punjab,2023,5,2271.6,2175.0,2279.9,35.0,45.7,2184.0
PF000027,CROP001,Rice (Paddy),Punjab,2023,6,2184.0,2271.6,2175.0,-19.4,64.6,2077.8
PF000028,CROP001,Rice (Paddy),Punjab,2023,7,2077.8,2184.0,2271.6,19.9,60.1,1898.1
PF000029,CROP001,Rice (Paddy),Punjab,2023,8,1898.1,2077.8,2184.0,15.1,54.9,1788.9
PF000030,CROP001,Rice (Paddy),Punjab,2023,9,1788.9,1898.1,2077.8,-5.4,41.6,1717.4
PF000031,CROP001,Rice (Paddy),Punjab,2023,10,1717.4,1788.9,1898.1,-3.2,20.0,1927.3
PF000032,CROP001,Rice (Paddy),Punjab,2023,11,1927.3,1717.4,1788.9,-7.4,52.9,1792.7
PF000033,CROP001,Rice (Paddy),Punjab,2023,12,1792.7,1927.3,1717.4,15.7,50.2,1951.9
PF000066,CROP001,Rice (Paddy),Punjab,2021,4,2187.8,2290.5,2158.7,41.6,73.9,2121.5
PF000067,CROP001,Rice (Paddy),Punjab,2021,5,2121.5,2187.8,2290.5,18.2,60.8,2056.4
PF000068,CROP001,Rice (Paddy),Punjab,2021,6,2056.4,2121.5,2187.8,-24.9,58.3,2134.3
PF000069,CROP001,Rice (Paddy),Punjab,2021,7,2134.3,2056.4,2121.5,24.8,49.7,1861.1
PF000070,CROP001,Rice (Paddy),Punjab,2021,8,1861.1,2134.3,2056.4,27.4,31.2,1747.1
PF000071,CROP001,Rice (Paddy),Punjab,2021,9,1747.1,1861.1,2134.3,39.9,64.4,1845.0
PF000072,CROP001,Rice (Paddy),Punjab,2021,10,1845.0,1747.1,1861.1,-3.5,67.1,1703.9
PF000073,CROP001,Rice (Paddy),Punjab,2021,11,1703.9,1845.0,1747.1,-14.7,49.7,2031.3
PF000074,CROP001,Rice (Paddy),Punjab,2021,12,2031.3,1703.9,1845.0,-8.2,38.0,2014.4
PF000075,CROP001,Rice (Paddy),Punjab,2022,1,2014.4,2031.3,1703.9,1.3,56.2,2136.0
PF000076,CROP001,Rice (Paddy),Punjab,2022,2,2136.0,2014.4,2031.3,22.7,42.2,2226.8
PF000077,CROP001,Rice (Paddy),Punjab,2022,3,2226.8,2136.0,2014.4,-14.8,64.8,2049.2
PF000078,CROP001,Rice (Paddy),Punjab,2022,4,2049.2,2226.8,2136.0,-15.9,54.7,2215.9
PF000079,CROP001,Rice (Paddy),Punjab,2022,5,2215.9,2049.2,2226.8,20.3,48.7,2036.7
PF000080,CROP001,Rice (Paddy),Punjab,2022,6,2036.7,2215.9,2049.2,4.0,48.7,1997.0
PF000081,CROP001,Rice (Paddy),Punjab,2022,7,1997.0,2036.7,2215.9,-2.7,44.5,2031.8
PF000082,CROP001,Rice (Paddy),Punjab,2022,8,2031.8,1997.0,2036.7,23.6,38.5,1867.6
PF000083,CROP001,Rice (Paddy),Punjab,2022,9,1867.6,2031.8,1997.0,-12.5,67.7,1852.1
PF000084,CROP001,Rice (Paddy),Punjab,2022,10,1852.1,1867.6,2031.8,-12.2,55.3,1836.2
PF000085,CROP001,Rice (Paddy),Punjab,2022,11,1836.2,1852.1,1867.6,8.4,58.1,1923.7
PF000086,CROP001,Rice (Paddy),Punjab,2022,12,1923.7,1836.2,1852.1,1.2,39.4,1984.4
PF000087,CROP001,Rice (Paddy),Punjab,2023,1,1984.4,1923.7,1836.2,-29.0,53.1,2034.9
PF000088,CROP001,Rice (Paddy),Punjab,2023,2,2034.9,1984.4,1923.7,-16.9,38.0,2115.1
PF000089,CROP001,Rice (Paddy),Punjab,2023,3,2115.1,2034.9,1984.4,-13.2,62.1,2061.6
PF000090,CROP001,Rice (Paddy),Punjab,2023,4,2061.6,2115.1,2034.9,11.3,26.6,2140.1
PF000091,CROP001,Rice (Paddy),Punjab,2023,5,2140.1,2061.6,2115.1,-22.6,65.3,2122.4
PF000092,CROP001,Rice (Paddy),Punjab,2023,6,2122.4,2140.1,2061.6,-10.8,40.1,1972.7
PF000093,CROP001,Rice (Paddy),Punjab,2023,7,1972.7,2122.4,2140.1,-6.6,33.5,1857.3
PF000094,CROP001,Rice (Paddy),Punjab,2023,8,1857.3,1972.7,2122.4,-9.9,52.3,1814.7
PF000095,CROP001,Rice (Paddy),Punjab,2023,9,1814.7,1857.3,1972.7,24.5,43.4,1969.8
PF000096,CROP001,Rice (Paddy),Punjab,2023,10,1969.8,1814.7,1857.3,-16.3,81.9,1754.9
PF000097,CROP001,Rice (Paddy),Punjab,2023,11,1754.9,1969.8,1814.7,8.8,58.1,1990.2
PF000098,CROP001,Rice (Paddy),Punjab,2023,12,1990.2,1754.9,1969.8,5.7,68.7,2137.8
PF000131,CROP001,Rice (Paddy),Punjab,2021,4,2592.0,2179.1,2096.3,1.3,44.9,2503.0
PF000132,CROP001,Rice (Paddy),Punjab,2021,5,2503.0,2592.0,2179.1,15.7,17.7,2276.5
PF000133,CROP001,Rice (Paddy),Punjab,2021,6,2276.5,2503.0,2592.0,-0.4,47.1,2066.2
PF000134,CROP001,Rice (Paddy),Punjab,2021,7,2066.2,2276.5,2503.0,-4.0,29.0,2053.0
PF000135,CROP001,Rice (Paddy),Punjab,2021,8,2053.0,2066.2,2276.5,10.1,51.6,2093.3
PF000136,CROP001,Rice (Paddy),Punjab,2021,9,2093.3,2053.0,2066.2,-18.0,37.6,1957.0
PF000137,CROP001,Rice (Paddy),Punjab,2021,10,1957.0,2093.3,2053.0,7.0,61.9,2163.9
PF000138,CROP001,Rice (Paddy),Punjab,2021,11,2163.9,1957.0,2093.3,3.5,47.0,2095.7
PF000139,CROP001,Rice (Paddy),Punjab,2021,12,2095.7,2163.9,1957.0,28.9,39.6,2180.1
PF000140,CROP001,Rice (Paddy),Punjab,2022,1,2180.1,2095.7,2163.9,6.3,57.1,2264.0
PF000141,CROP001,Rice (Paddy),Punjab,2022,2,2264.0,2180.1,2095.7,26.0,59.0,2384.8
PF000142,CROP001,Rice (Paddy),Punjab,2022,3,2384.8,2264.0,2180.1,-30.8,46.6,2294.3
PF000143,CROP001,Rice (Paddy),Punjab,2022,4,2294.3,2384.8,2264.0,-7.1,20.0,2188.7
PF000144,CROP001,Rice (Paddy),Punjab,2022,5,2188.7,2294.3,2384.8,-16.7,61.9,2236.9
PF000145,CROP001,Rice (Paddy),Punjab,2022,6,2236.9,2188.7,2294.3,-31.0,38.9,2136.9
PF000146,CROP001,Rice (Paddy),Punjab,2022,7,2136.9,2236.9,2188.7,-3.8,51.6,2079.5
PF000147,CROP001,Rice (Paddy),Punjab,2022,8,2079.5,2136.9,2236.9,2.8,40.4,1936.2
PF000148,CROP001,Rice (Paddy),Punjab,2022,9,1936.2,2079.5,2136.9,-11.5,58.2,1988.0
PF000149,CROP001,Rice (Paddy),Punjab,2022,10,1988.0,1936.2,2079.5,8.2,48.1,2023.9
PF000150,CROP001,Rice (Paddy),Punjab,2022,11,2023.9,1988.0,1936.2,14.9,58.8,2204.2
PF000151,CROP001,Rice (Paddy),Punjab,2022,12,2204.2,2023.9,1988.0,23.8,44.4,2300.1
PF000152,CROP001,Rice (Paddy),Punjab,2023,1,2300.1,2204.2,2023.9,0.6,37.9,2261.9
PF000153,CROP001,Rice (Paddy),Punjab,2023,2,2261.9,2300.1,2204.2,-18.9,62.2,2339.2
PF000154,CROP001,Rice (Paddy),Punjab,2023,3,2339.2,2261.9,2300.1,-10.9,30.1,2492.9
PF000155,CROP001,Rice (Paddy),Punjab,2023,4,2492.9,2339.2,2261.9,-4.7,65.1,2274.3
PF000156,CROP001,Rice (Paddy),Punjab,2023,5,2274.3,2492.9,2339.2,16.0,52.1,2346.0
PF000157,CROP001,Rice (Paddy),Punjab,2023,6,2346.0,2274.3,2492.9,-21.1,45.6,2118.6
PF000158,CROP001,Rice (Paddy),Punjab,2023,7,2118.6,2346.0,2274.3,-6.2,59.3,2016.2
PF000159,CROP001,Rice (Paddy),Punjab,2023,8,2016.2,2118.6,2346.0,1.5,60.4,1973.1
PF000160,CROP001,Rice (Paddy),Punjab,2023,9,1973.1,2016.2,2118.6,10.2,54.4,2050.5
PF000161,CROP001,Rice (Paddy),Punjab,2023,10,2050.5,1973.1,2016.2,-14.4,62.1,2014.3
PF000162,CROP001,Rice (Paddy),Punjab,2023,11,2014.3,2050.5,1973.1,-5.9,29.3,2105.8
PF000163,CROP001,Rice (Paddy),Punjab,2023,12,2105.8,2014.3,2050.5,-3.7,62.2,2303.9
PF000196,CROP001,Rice (Paddy),Haryana,2021,4,1977.8,1884.0,1756.4,-2.5,66.4,1816.0
PF000197,CROP001,Rice (Paddy),Haryana,2021,5,1816.0,1977.8,1884.0,2.6,29.6,1719.2
PF000198,CROP001,Rice (Paddy),Haryana,2021,6,1719.2,1816.0,1977.8,-24.8,34.2,1675.7
PF000199,CROP001,Rice (Paddy),Haryana,2021,7,1675.7,1719.2,1816.0,25.2,34.3,1612.6
PF000200,CROP001,Rice (Paddy),Haryana,2021,8,1612.6,1675.7,1719.2,10.6,27.9,1498.4
PF000201,CROP001,Rice (Paddy),Haryana,2021,9,1498.4,1612.6,1675.7,9.3,59.0,1440.6
PF000202,CROP001,Rice (Paddy),Haryana,2021,10,1440.6,1498.4,1612.6,-30.3,50.3,1511.1
PF000203,CROP001,Rice (Paddy),Haryana,2021,11,1511.1,1440.6,1498.4,-7.4,35.0,1549.0
PF000204,CROP001,Rice (Paddy),Haryana,2021,12,1549.0,1511.1,1440.6,-7.2,32.8,1732.2
PF000205,CROP001,Rice (Paddy),Haryana,2022,1,1732.2,1549.0,1511.1,-5.5,61.3,1747.2
PF000206,CROP001,Rice (Paddy),Haryana,2022,2,1747.2,1732.2,1549.0,-27.7,48.5,1809.5
PF000207,CROP001,Rice (Paddy),Haryana,2022,3,1809.5,1747.2,1732.2,20.1,64.6,1841.3
PF000208,CROP001,Rice (Paddy),Haryana,2022,4,1841.3,1809.5,1747.2,16.3,69.7,1857.7
PF000209,CROP001,Rice (Paddy),Haryana,2022,5,1857.7,1841.3,1809.5,27.4,48.8,1879.0
PF000210,CROP001,Rice (Paddy),Haryana,2022,6,1879.0,1857.7,1841.3,29.5,53.3,1725.5
PF000211,CROP001,Rice (Paddy),Haryana,2022,7,1725.5,1879.0,1857.7,1.3,34.5,1533.9
PF000212,CROP001,Rice (Paddy),Haryana,2022,8,1533.9,1725.5,1879.0,26.0,42.0,1615.8
PF000213,CROP001,Rice (Paddy),Haryana,2022,9,1615.8,1533.9,1725.5,-12.3,57.4,1643.5
PF000214,CROP001,Rice (Paddy),Haryana,2022,10,1643.5,1615.8,1533.9,-5.5,57.7,1571.4
PF000215,CROP001,Rice (Paddy),Haryana,2022,11,1571.4,1643.5,1615.8,18.1,47.9,1655.8
PF000216,CROP001,Rice (Paddy),Haryana,2022,12,1655.8,1571.4,1643.5,3.5,51.4,1677.6
PF000217,CROP001,Rice (Paddy),Haryana,2023,1,1677.6,1655.8,1571.4,35.4,36.2,1962.3
PF000218,CROP001,Rice (Paddy),Haryana,2023,2,1962.3,1677.6,1655.8,5.6,22.4,1880.4
PF000219,CROP001,Rice (Paddy),Haryana,2023,3,1880.4,1962.3,1677.6,-15.5,50.2,1878.7
PF000220,CROP001,Rice (Paddy),Haryana,2023,4,1878.7,1880.4,1962.3,11.5,46.2,1867.2
PF000221,CROP001,Rice (Paddy),Haryana,2023,5,1867.2,1878.7,1880.4,15.1,41.4,1841.0
PF000222,CROP001,Rice (Paddy),Haryana,2023,6,1841.0,1867.2,1878.7,8.7,54.8,1748.0
PF000223,CROP001,Rice (Paddy),Haryana,2023,7,1748.0,1841.0,1867.2,7.3,57.4,1619.6
PF000224,CROP001,Rice (Paddy),Haryana,2023,8,1619.6,1748.0,1841.0,4.8,52.8,1617.4
PF000225,CROP001,Rice (Paddy),Haryana,2023,9,1617.4,1619.6,1748.0,-12.0,43.0,1522.3
PF000226,CROP001,Rice (Paddy),Haryana,2023,10,1522.3,1617.4,1619.6,5.9,43.6,1644.6
PF000227,CROP001,Rice (Paddy),Haryana,2023,11,1644.6,1522.3,1617.4,13.3,65.3,1598.8
PF000228,CROP001,Rice (Paddy),Haryana,2023,12,1598.8,1644.6,1522.3,21.3,62.7,1742.1
PF000261,CROP001,Rice (Paddy),Haryana,2021,4,2227.6,2186.4,2077.1,-36.2,44.7,2248.3
PF000262,CROP001,Rice (Paddy),Haryana,2021,5,2248.3,2227.6,2186.4,-18.2,40.6,2192.7
PF000263,CROP001,Rice (Paddy),Haryana,2021,6,2192.7,2248.3,2227.6,8.0,50.0,1914.1
PF000264,CROP001,Rice (Paddy),Haryana,2021,7,1914.1,2192.7,2248.3,3.6,31.6,1912.5
PF000265,CROP001,Rice (Paddy),Haryana,2021,8,1912.5,1914.1,2192.7,-3.7,63.2,1763.0
PF000266,CROP001,Rice (Paddy),Haryana,2021,9,1763.0,1912.5,1914.1,14.6,77.5,1841.5
PF000267,CROP001,Rice (Paddy),Haryana,2021,10,1841.5,1763.0,1912.5,2.9,91.5,1856.7
PF000268,CROP001,Rice (Paddy),Haryana,2021,11,1856.7,1841.5,1763.0,4.9,49.3,1979.1
PF000269,CROP001,Rice (Paddy),Haryana,2021,12,1979.1,1856.7,1841.5,-9.0,34.4,2044.8
PF000270,CROP001,Rice (Paddy),Haryana,2022,1,2044.8,1979.1,1856.7,-24.9,41.2,2040.9
PF000271,CROP001,Rice (Paddy),Haryana,2022,2,2040.9,2044.8,1979.1,14.3,62.8,2270.0
PF000272,CROP001,Rice (Paddy),Haryana,2022,3,2270.0,2040.9,2044.8,18.4,52.7,2247.2
PF000273,CROP001,Rice (Paddy),Haryana,2022,4,2247.2,2270.0,2040.9,37.1,41.9,2169.8
PF000274,CROP001,Rice (Paddy),Haryana,2022,5,2169.8,2247.2,2270.0,1.3,45.0,2107.3
PF000275,CROP001,Rice (Paddy),Haryana,2022,6,2107.3,2169.8,2247.2,-14.2,62.9,2042.1
PF000276,CROP001,Rice (Paddy),Haryana,2022,7,2042.1,2107.3,2169.8,-21.3,42.9,1936.8
PF000277,CROP001,Rice (Paddy),Haryana,2022,8,1936.8,2042.1,2107.3,0.9,56.8,1800.6
PF000278,CROP001,Rice (Paddy),Haryana,2022,9,1800.6,1936.8,2042.1,-13.5,45.0,1835.3
PF000279,CROP001,Rice (Paddy),Haryana,2022,10,1835.3,1800.6,1936.8,10.3,49.8,1811.4
PF000280,CROP001,Rice (Paddy),Haryana,2022,11,1811.4,1835.3,1800.6,0.8,36.4,1898.0
PF000281,CROP001,Rice (Paddy),Haryana,2022,12,1898.0,1811.4,1835.3,-5.5,55.2,2018.7
PF000282,CROP001,Rice (Paddy),Haryana,2023,1,2018.7,1898.0,1811.4,32.0,37.7,2039.0
PF000283,CROP001,Rice (Paddy),Haryana,2023,2,2039.0,2018.7,1898.0,-26.9,41.6,2299.0
PF000284,CROP001,Rice (Paddy),Haryana,2023,3,2299.0,2039.0,2018.7,7.9,48.3,2058.0
PF000285,CROP001,Rice (Paddy),Haryana,2023,4,2058.0,2299.0,2039.0,40.4,43.3,2283.9
PF000286,CROP001,Rice (Paddy),Haryana,2023,5,2283.9,2058.0,2299.0,-28.3,53.6,2180.9
PF000287,CROP001,Rice (Paddy),Haryana,2023,6,2180.9,2283.9,2058.0,-5.6,43.7,1897.2
PF000288,CROP001,Rice (Paddy),Haryana,2023,7,1897.2,2180.9,2283.9,-22.7,34.9,1810.0
PF000289,CROP001,Rice (Paddy),Haryana,2023,8,1810.0,1897.2,2180.9,17.9,41.5,1882.8
PF000290,CROP001,Rice (Paddy),Haryana,2023,9,1882.8,1810.0,1897.2,16.3,40.9,1623.7
PF000291,CROP001,Rice (Paddy),Haryana,2023,10,1623.7,1882.8,1810.0,-4.6,42.2,1860.7
PF000292,CROP001,Rice (Paddy),Haryana,2023,11,1860.7,1623.7,1882.8,-1.2,37.0,1967.1
PF000293,CROP001,Rice (Paddy),Haryana,2023,12,1967.1,1860.7,1623.7,17.9,44.7,1962.7
PF000326,CROP001,Rice (Paddy),Uttar Pradesh,2021,4,2187.0,1991.9,1846.3,17.3,47.5,1905.0
PF000327,CROP001,Rice (Paddy),Uttar Pradesh,2021,5,1905.0,2187.0,1991.9,8.1,48.1,1945.6
PF000328,CROP001,Rice (Paddy),Uttar Pradesh,2021,6,1945.6,1905.0,2187.0,-0.4,52.3,1885.1
PF000329,CROP001,Rice (Paddy),Uttar Pradesh,2021,7,1885.1,1945.6,1905.0,22.9,54.5,1761.2
PF000330,CROP001,Rice (Paddy),Uttar Pradesh,2021,8,1761.2,1885.1,1945.6,5.4,59.4,1737.1
PF000331,CROP001,Rice (Paddy),Uttar Pradesh,2021,9,1737.1,1761.2,1885.1,-50.1,52.3,1657.6
PF000332,CROP001,Rice (Paddy),Uttar Pradesh,2021,10,1657.6,1737.1,1761.2,25.6,38.1,1717.3
PF000333,CROP001,Rice (Paddy),Uttar Pradesh,2021,11,1717.3,1657.6,1737.1,-5.3,31.7,1586.3
PF000334,CROP001,Rice (Paddy),Uttar Pradesh,2021,12,1586.3,1717.3,1657.6,-8.3,48.1,1926.1
PF000335,CROP001,Rice (Paddy),Uttar Pradesh,2022,1,1926.1,1586.3,1717.3,5.2,43.3,1909.6
PF000336,CROP001,Rice (Paddy),Uttar Pradesh,2022,2,1909.6,1926.1,1586.3,22.2,42.7,2105.8
PF000337,CROP001,Rice (Paddy),Uttar Pradesh,2022,3,2105.8,1909.6,1926.1,0.6,84.1,2062.7
PF000338,CROP001,Rice (Paddy),Uttar Pradesh,2022,4,2062.7,2105.8,1909.6,11.9,39.9,2032.0
PF000339,CROP001,Rice (Paddy),Uttar Pradesh,2022,5,2032.0,2062.7,2105.8,-5.6,48.5,1767.7
PF000340,CROP001,Rice (Paddy),Uttar Pradesh,2022,6,1767.7,2032.0,2062.7,-28.5,44.7,1911.6
PF000341,CROP001,Rice (Paddy),Uttar Pradesh,2022,7,1911.6,1767.7,2032.0,-22.0,69.1,1892.7
PF000342,CROP001,Rice (Paddy),Uttar Pradesh,2022,8,1892.7,1911.6,1767.7,8.9,48.9,1689.7
PF000343,CROP001,Rice (Paddy),Uttar Pradesh,2022,9,1689.7,1892.7,1911.6,-9.2,52.1,1672.2
PF000344,CROP001,Rice (Paddy),Uttar Pradesh,2022,10,1672.2,1689.7,1892.7,-4.5,39.0,1737.3
PF000345,CROP001,Rice (Paddy),Uttar Pradesh,2022,11,1737.3,1672.2,1689.7,8.9,66.1,1777.1
PF000346,CROP001,Rice (Paddy),Uttar Pradesh,2022,12,1777.1,1737.3,1672.2,14.0,40.6,1657.3
PF000347,CROP001,Rice (Paddy),Uttar Pradesh,2023,1,1657.3,1777.1,1737.3,5.5,63.9,1992.5
PF000348,CROP001,Rice (Paddy),Uttar Pradesh,2023,2,1992.5,1657.3,1777.1,4.6,44.5,2100.4
PF000349,CROP001,Rice (Paddy),Uttar Pradesh,2023,3,2100.4,1992.5,1657.3,-18.5,35.5,2146.6
PF000350,CROP001,Rice (Paddy),Uttar Pradesh,2023,4,2146.6,2100.4,1992.5,10.3,48.6,2131.4
PF000351,CROP001,Rice (Paddy),Uttar Pradesh,2023,5,2131.4,2146.6,2100.4,15.6,67.2,2031.7
PF000352,CROP001,Rice (Paddy),Uttar Pradesh,2023,6,2031.7,2131.4,2146.6,11.5,55.0,1966.8
PF000353,CROP001,Rice (Paddy),Uttar Pradesh,2023,7,1966.8,2031.7,2131.4,-3.2,51.0,1812.7
PF000354,CROP001,Rice (Paddy),Uttar Pradesh,2023,8,1812.7,1966.8,2031.7,-40.8,52.0,1636.0
PF000355,CROP001,Rice (Paddy),Uttar Pradesh,2023,9,1636.0,1812.7,1966.8,-6.7,42.0,1626.5
PF000356,CROP001,Rice (Paddy),Uttar Pradesh,2023,10,1626.5,1636.0,1812.7,-5.8,48.3,1666.9
PF000357,CROP001,Rice (Paddy),Uttar Pradesh,2023,11,1666.9,1626.5,1636.0,-6.9,31.6,1816.7
PF000358,CROP001,Rice (Paddy),Uttar Pradesh,2023,12,1816.7,1666.9,1626.5,-3.6,42.0,1969.8
PF000391,CROP001,Rice (Paddy),Uttar Pradesh,2021,4,2325.4,2374.4,2160.0,-1.6,65.3,2274.5
PF000392,CROP001,Rice (Paddy),Uttar Pradesh,2021,5,2274.5,2325.4,2374.4,-0.7,39.2,2300.1
PF000393,CROP001,Rice (Paddy),Uttar Pradesh,2021,6,2300.1,2274.5,2325.4,-36.6,43.3,2185.5
PF000394,CROP001,Rice (Paddy),Uttar Pradesh,2021,7,2185.5,2300.1,2274.5,-1.4,50.3,1957.8
PF000395,CROP001,Rice (Paddy),Uttar Pradesh,2021,8,1957.8,2185.5,2300.1,43.3,48.2,1926.2
PF000396,CROP001,Rice (Paddy),Uttar Pradesh,2021,9,1926.2,1957.8,2185.5,1.6,25.7,2070.3
PF000397,CROP001,Rice (Paddy),Uttar Pradesh,2021,10,2070.3,1926.2,1957.8,-18.0,47.6,1870.2
PF000398,CROP001,Rice (Paddy),Uttar Pradesh,2021,11,1870.2,2070.3,1926.2,-4.5,34.8,2068.7
PF000399,CROP001,Rice (Paddy),Uttar Pradesh,2021,12,2068.7,1870.2,2070.3,31.9,51.8,2281.0
PF000400,CROP001,Rice (Paddy),Uttar Pradesh,2022,1,2281.0,2068.7,1870.2,12.1,46.6,2216.7
PF000401,CROP001,Rice (Paddy),Uttar Pradesh,2022,2,2216.7,2281.0,2068.7,11.3,65.5,2287.8
PF000402,CROP001,Rice (Paddy),Uttar Pradesh,2022,3,2287.8,2216.7,2281.0,4.2,57.6,2411.7
PF000403,CROP001,Rice (Paddy),Uttar Pradesh,2022,4,2411.7,2287.8,2216.7,-13.6,59.2,2218.1
PF000404,CROP001,Rice (Paddy),Uttar Pradesh,2022,5,2218.1,2411.7,2287.8,-8.7,34.4,2223.5
PF000405,CROP001,Rice (Paddy),Uttar Pradesh,2022,6,2223.5,2218.1,2411.7,15.8,66.6,2259.5
PF000406,CROP001,Rice (Paddy),Uttar Pradesh,2022,7,2259.5,2223.5,2218.1,11.0,33.6,2101.1
PF000407,CROP001,Rice (Paddy),Uttar Pradesh,2022,8,2101.1,2259.5,2223.5,-1.4,27.2,1898.3
PF000408,CROP001,Rice (Paddy),Uttar Pradesh,2022,9,1898.3,2101.1,2259.5,10.5,61.2,1959.8
PF000409,CROP001,Rice (Paddy),Uttar Pradesh,2022,10,1959.8,1898.3,2101.1,0.8,62.2,1844.8
PF000410,CROP001,Rice (Paddy),Uttar Pradesh,2022,11,1844.8,1959.8,1898.3,-24.3,41.0,2169.9
PF000411,CROP001,Rice (Paddy),Uttar Pradesh,2022,12,2169.9,1844.8,1959.8,-23.7,62.8,2103.0
PF000412,CROP001,Rice (Paddy),Uttar Pradesh,2023,1,2103.0,2169.9,1844.8,-27.0,37.4,2266.7
PF000413,CROP001,Rice (Paddy),Uttar Pradesh,2023,2,2266.7,2103.0,2169.9,-0.5,26.9,2489.2
PF000414,CROP001,Rice (Paddy),Uttar Pradesh,2023,3,2489.2,2266.7,2103.0,5.2,53.5,2395.4
PF000415,CROP001,Rice (Paddy),Uttar Pradesh,2023,4,2395.4,2489.2,2266.7,7.9,73.7,2435.1
PF000416,CROP001,Rice (Paddy),Uttar Pradesh,2023,5,2435.1,2395.4,2489.2,-12.1,67.9,2247.6
PF000417,CROP001,Rice (Paddy),Uttar Pradesh,2023,6,2247.6,2435.1,2395.4,-10.7,42.6,2270.5
PF000418,CROP001,Rice (Paddy),Uttar Pradesh,2023,7,2270.5,2247.6,2435.1,-1.0,56.0,1931.9
PF000419,CROP001,Rice (Paddy),Uttar Pradesh,2023,8,1931.9,2270.5,2247.6,-20.8,32.5,1926.6
PF000420,CROP001,Rice (Paddy),Uttar Pradesh,2023,9,1926.6,1931.9,2270.5,-1.4,53.6,1954.9
PF000421,CROP001,Rice (Paddy),Uttar Pradesh,2023,10,1954.9,1926.6,1931.9,24.9,59.8,1843.5
PF000422,CROP001,Rice (Paddy),Uttar Pradesh,2023,11,1843.5,1954.9,1926.6,5.4,48.3,2068.2
PF000423,CROP001,Rice (Paddy),Uttar Pradesh,2023,12,2068.2,1843.5,1954.9,-17.4,64.1,2244.2
PF000456,CROP001,Rice (Paddy),Uttar Pradesh,2021,4,1950.9,1955.9,1931.8,16.1,54.4,1913.6
PF000457,CROP001,Rice (Paddy),Uttar Pradesh,2021,5,1913.6,1950.9,1955.9,8.4,34.7,1798.2
PF000458,CROP001,Rice (Paddy),Uttar Pradesh,2021,6,1798.2,1913.6,1950.9,2.9,49.8,1800.9
PF000459,CROP001,Rice (Paddy),Uttar Pradesh,2021,7,1800.9,1798.2,1913.6,6.6,62.1,1664.9
PF000460,CROP001,Rice (Paddy),Uttar Pradesh,2021,8,1664.9,1800.9,1798.2,12.4,45.3,1705.2
PF000461,CROP001,Rice (Paddy),Uttar Pradesh,2021,9,1705.2,1664.9,1800.9,-3.2,47.9,1618.3
PF000462,CROP001,Rice (Paddy),Uttar Pradesh,2021,10,1618.3,1705.2,1664.9,-9.9,41.8,1706.3
PF000463,CROP001,Rice (Paddy),Uttar Pradesh,2021,11,1706.3,1618.3,1705.2,-28.0,35.4,1757.9
PF000464,CROP001,Rice (Paddy),Uttar Pradesh,2021,12,1757.9,1706.3,1618.3,-6.2,36.0,1817.0
PF000465,CROP001,Rice (Paddy),Uttar Pradesh,2022,1,1817.0,1757.9,1706.3,-4.0,47.7,1782.4
PF000466,CROP001,Rice (Paddy),Uttar Pradesh,2022,2,1782.4,1817.0,1757.9,-5.0,49.9,1929.8
PF000467,CROP001,Rice (Paddy),Uttar Pradesh,2022,3,1929.8,1782.4,1817.0,-22.8,37.9,1900.6
PF000468,CROP001,Rice (Paddy),Uttar Pradesh,2022,4,1900.6,1929.8,1782.4,-4.6,41.5,2034.5
PF000469,CROP001,Rice (Paddy),Uttar Pradesh,2022,5,2034.5,1900.6,1929.8,18.0,44.6,1902.3
PF000470,CROP001,Rice (Paddy),Uttar Pradesh,2022,6,1902.3,2034.5,1900.6,-1.0,28.0,1760.8
PF000471,CROP001,Rice (Paddy),Uttar Pradesh,2022,7,1760.8,1902.3,2034.5,13.9,49.5,1725.2
PF000472,CROP001,Rice (Paddy),Uttar Pradesh,2022,8,1725.2,1760.8,1902.3,15.5,43.4,1673.4
PF000473,CROP001,Rice (Paddy),Uttar Pradesh,2022,9,1673.4,1725.2,1760.8,-1.6,82.8,1661.6
PF000474,CROP001,Rice (Paddy),Uttar Pradesh,2022,10,1661.6,1673.4,1725.2,-9.1,43.7,1688.9
PF000475,CROP001,Rice (Paddy),Uttar Pradesh,2022,11,1688.9,1661.6,1673.4,0.6,63.2,1796.9
PF000476,CROP001,Rice (Paddy),Uttar Pradesh,2022,12,1796.9,1688.9,1661.6,-2.3,24.0,1755.8
PF000477,CROP001,Rice (Paddy),Uttar Pradesh,2023,1,1755.8,1796.9,1688.9,23.2,50.5,1869.7
PF000478,CROP001,Rice (Paddy),Uttar Pradesh,2023,2,1869.7,1755.8,1796.9,-4.4,40.3,1983.1
PF000479,CROP001,Rice (Paddy),Uttar Pradesh,2023,3,1983.1,1869.7,1755.8,27.3,54.5,2024.4
PF000480,CROP001,Rice (Paddy),Uttar Pradesh,2023,4,2024.4,1983.1,1869.7,-13.4,46.6,1934.1
PF000481,CROP001,Rice (Paddy),Uttar Pradesh,2023,5,1934.1,2024.4,1983.1,-4.6,53.7,1886.7
PF000482,CROP001,Rice (Paddy),Uttar Pradesh,2023,6,1886.7,1934.1,2024.4,22.5,37.9,1817.6
PF000483,CROP001,Rice (Paddy),Uttar Pradesh,2023,7,1817.6,1886.7,1934.1,-37.0,66.0,1757.2
PF000484,CROP001,Rice (Paddy),Uttar Pradesh,2023,8,1757.2,1817.6,1886.7,-6.9,44.7,1660.3
PF000485,CROP001,Rice (Paddy),Uttar Pradesh,2023,9,1660.3,1757.2,1817.6,28.7,61.8,1623.1
PF000486,CROP001,Rice (Paddy),Uttar Pradesh,2023,10,1623.1,1660.3,1757.2,4.3,36.9,1694.1
PF000487,CROP001,Rice (Paddy),Uttar Pradesh,2023,11,1694.1,1623.1,1660.3,17.3,52.6,1865.0
PF000488,CROP001,Rice (Paddy),Uttar Pradesh,2023,12,1865.0,1694.1,1623.1,14.7,41.4,1879.0
PF000521,CROP001,Rice (Paddy),Bihar,2021,4,2215.2,2169.0,2168.9,25.7,44.1,2223.4
PF000522,CROP001,Rice (Paddy),Bihar,2021,5,2223.4,2215.2,2169.0,4.5,65.2,2003.4
PF000523,CROP001,Rice (Paddy),Bihar,2021,6,2003.4,2223.4,2215.2,-11.2,37.8,2091.8
PF000524,CROP001,Rice (Paddy),Bihar,2021,7,2091.8,2003.4,2223.4,6.3,49.0,1897.1
PF000525,CROP001,Rice (Paddy),Bihar,2021,8,1897.1,2091.8,2003.4,-1.2,57.4,1824.4
PF000526,CROP001,Rice (Paddy),Bihar,2021,9,1824.4,1897.1,2091.8,10.9,39.8,1747.2
PF000527,CROP001,Rice (Paddy),Bihar,2021,10,1747.2,1824.4,1897.1,6.0,53.0,1766.2
PF000528,CROP001,Rice (Paddy),Bihar,2021,11,1766.2,1747.2,1824.4,7.3,85.7,1886.7
PF000529,CROP001,Rice (Paddy),Bihar,2021,12,1886.7,1766.2,1747.2,18.0,47.0,2057.7
PF000530,CROP001,Rice (Paddy),Bihar,2022,1,2057.7,1886.7,1766.2,22.7,47.3,1985.9
PF000531,CROP001,Rice (Paddy),Bihar,2022,2,1985.9,2057.7,1886.7,-4.8,51.1,2127.6
PF000532,CROP001,Rice (Paddy),Bihar,2022,3,2127.6,1985.9,2057.7,-6.4,69.3,2306.4
PF000533,CROP001,Rice (Paddy),Bihar,2022,4,2306.4,2127.6,1985.9,11.7,45.5,2141.2
PF000534,CROP001,Rice (Paddy),Bihar,2022,5,2141.2,2306.4,2127.6,3.3,82.6,2201.4
PF000535,CROP001,Rice (Paddy),Bihar,2022,6,2201.4,2141.2,2306.4,10.6,45.9,1951.6
PF000536,CROP001,Rice (Paddy),Bihar,2022,7,1951.6,2201.4,2141.2,4.5,25.8,1906.4
PF000537,CROP001,Rice (Paddy),Bihar,2022,8,1906.4,1951.6,2201.4,-0.8,40.0,1931.5
PF000538,CROP001,Rice (Paddy),Bihar,2022,9,1931.5,1906.4,1951.6,1.0,34.4,1778.9
PF000539,CROP001,Rice (Paddy),Bihar,2022,10,1778.9,1931.5,1906.4,-12.7,60.0,1903.8
PF000540,CROP001,Rice (Paddy),Bihar,2022,11,1903.8,1778.9,1931.5,11.1,48.6,1866.2
PF000541,CROP001,Rice (Paddy),Bihar,2022,12,1866.2,1903.8,1778.9,-25.1,43.4,2087.2
PF000542,CROP001,Rice (Paddy),Bihar,2023,1,2087.2,1866.2,1903.8,16.6,50.3,2226.3
PF000543,CROP001,Rice (Paddy),Bihar,2023,2,2226.3,2087.2,1866.2,2.7,47.1,2353.5
PF000544,CROP001,Rice (Paddy),Bihar,2023,3,2353.5,2226.3,2087.2,11.0,28.7,2263.4
PF000545,CROP001,Rice (Paddy),Bihar,2023,4,2263.4,2353.5,2226.3,-26.9,66.8,2046.1
PF000546,CROP001,Rice (Paddy),Bihar,2023,5,2046.1,2263.4,2353.5,-14.2,73.1,1987.7
PF000547,CROP001,Rice (Paddy),Bihar,2023,6,1987.7,2046.1,2263.4,31.8,26.2,2010.9
PF000548,CROP001,Rice (Paddy),Bihar,2023,7,2010.9,1987.7,2046.1,-9.7,51.2,2089.5
PF000549,CROP001,Rice (Paddy),Bihar,2023,8,2089.5,2010.9,1987.7,11.7,50.6,1850.0
PF000550,CROP001,Rice (Paddy),Bihar,2023,9,1850.0,2089.5,2010.9,-1.7,56.8,1825.8
PF000551,CROP001,Rice (Paddy),Bihar,2023,10,1825.8,1850.0,2089.5,2.8,55.1,1920.2
PF000552,CROP001,Rice (Paddy),Bihar,2023,11,1920.2,1825.8,1850.0,9.0,43.2,1796.2
PF000553,CROP001,Rice (Paddy),Bihar,2023,12,1796.2,1920.2,1825.8,-13.8,52.2,1916.7
PF000586,CROP001,Rice (Paddy),Bihar,2021,4,1991.1,1916.5,1979.9,-12.5,57.9,1719.8
PF000587,CROP001,Rice (Paddy),Bihar,2021,5,1719.8,1991.1,1916.5,-7.2,51.1,1788.7
PF000588,CROP001,Rice (Paddy),Bihar,2021,6,1788.7,1719.8,1991.1,-9.6,26.6,1861.9
PF000589,CROP001,Rice (Paddy),Bihar,2021,7,1861.9,1788.7,1719.8,11.4,46.4,1844.7
PF000590,CROP001,Rice (Paddy),Bihar,2021,8,1844.7,1861.9,1788.7,-15.3,53.4,1552.2
PF000591,CROP001,Rice (Paddy),Bihar,2021,9,1552.2,1844.7,1861.9,13.6,40.8,1576.3
PF000592,CROP001,Rice (Paddy),Bihar,2021,10,1576.3,1552.2,1844.7,1.2,63.2,1627.6
PF000593,CROP001,Rice (Paddy),Bihar,2021,11,1627.6,1576.3,1552.2,11.9,71.7,1792.1
PF000594,CROP001,Rice (Paddy),Bihar,2021,12,1792.1,1627.6,1576.3,-3.8,51.8,1932.3
PF000595,CROP001,Rice (Paddy),Bihar,2022,1,1932.3,1792.1,1627.6,-6.4,48.2,1896.6
PF000596,CROP001,Rice (Paddy),Bihar,2022,2,1896.6,1932.3,1792.1,-15.3,40.6,1991.0
PF000597,CROP001,Rice (Paddy),Bihar,2022,3,1991.0,1896.6,1932.3,-16.6,46.5,1842.1
PF000598,CROP001,Rice (Paddy),Bihar,2022,4,1842.1,1991.0,1896.6,5.6,50.9,2081.5
PF000599,CROP001,Rice (Paddy),Bihar,2022,5,2081.5,1842.1,1991.0,-4.4,51.9,1896.3
PF000600,CROP001,Rice (Paddy),Bihar,2022,6,1896.3,2081.5,1842.1,9.5,44.3,1730.8
PF000601,CROP001,Rice (Paddy),Bihar,2022,7,1730.8,1896.3,2081.5,-32.4,59.2,1671.5
PF000602,CROP001,Rice (Paddy),Bihar,2022,8,1671.5,1730.8,1896.3,4.0,40.0,1730.7
PF000603,CROP001,Rice (Paddy),Bihar,2022,9,1730.7,1671.5,1730.8,-23.1,78.5,1695.8
PF000604,CROP001,Rice (Paddy),Bihar,2022,10,1695.8,1730.7,1671.5,6.8,40.7,1631.6
PF000605,CROP001,Rice (Paddy),Bihar,2022,11,1631.6,1695.8,1730.7,14.0,52.7,1749.1
PF000606,CROP001,Rice (Paddy),Bihar,2022,12,1749.1,1631.6,1695.8,-4.6,54.0,1907.3
PF000607,CROP001,Rice (Paddy),Bihar,2023,1,1907.3,1749.1,1631.6,1.2,62.3,2019.2
PF000608,CROP001,Rice (Paddy),Bihar,2023,2,2019.2,1907.3,1749.1,0.5,49.3,1854.4
PF000609,CROP001,Rice (Paddy),Bihar,2023,3,1854.4,2019.2,1907.3,11.1,62.8,2010.2
PF000610,CROP001,Rice (Paddy),Bihar,2023,4,2010.2,1854.4,2019.2,-9.0,54.6,2029.4
PF000611,CROP001,Rice (Paddy),Bihar,2023,5,2029.4,2010.2,1854.4,20.2,64.0,2059.5
PF000612,CROP001,Rice (Paddy),Bihar,2023,6,2059.5,2029.4,2010.2,8.1,39.6,1835.9
PF000613,CROP001,Rice (Paddy),Bihar,2023,7,1835.9,2059.5,2029.4,9.1,58.6,1771.4
PF000614,CROP001,Rice (Paddy),Bihar,2023,8,1771.4,1835.9,2059.5,-13.0,40.9,1772.0
PF000615,CROP001,Rice (Paddy),Bihar,2023,9,1772.0,1771.4,1835.9,-20.7,19.1,1620.9
PF000616,CROP001,Rice (Paddy),Bihar,2023,10,1620.9,1772.0,1771.4,-1.2,31.2,1718.0
PF000617,CROP001,Rice (Paddy),Bihar,2023,11,1718.0,1620.9,1772.0,24.1,49.4,1788.2
PF000618,CROP001,Rice (Paddy),Bihar,2023,12,1788.2,1718.0,1620.9,14.5,50.6,1970.7
PF000651,CROP001,Rice (Paddy),West Bengal,2021,4,2138.0,2118.8,2145.2,22.8,67.3,2321.0
PF000652,CROP001,Rice (Paddy),West Bengal,2021,5,2321.0,2138.0,2118.8,11.1,49.7,2198.0
PF000653,CROP001,Rice (Paddy),West Bengal,2021,6,2198.0,2321.0,2138.0,-10.6,47.6,2034.8
PF000654,CROP001,Rice (Paddy),West Bengal,2021,7,2034.8,2198.0,2321.0,-11.3,47.6,1841.5
PF000655,CROP001,Rice (Paddy),West Bengal,2021,8,1841.5,2034.8,2198.0,7.1,42.5,1803.8
PF000656,CROP001,Rice (Paddy),West Bengal,2021,9,1803.8,1841.5,2034.8,4.9,67.4,1861.7
PF000657,CROP001,Rice (Paddy),West Bengal,2021,10,1861.7,1803.8,1841.5,-2.5,43.8,1936.3
PF000658,CROP001,Rice (Paddy),West Bengal,2021,11,1936.3,1861.7,1803.8,-1.1,31.4,1883.1
PF000659,CROP001,Rice (Paddy),West Bengal,2021,12,1883.1,1936.3,1861.7,23.7,50.9,2072.3
PF000660,CROP001,Rice (Paddy),West Bengal,2022,1,2072.3,1883.1,1936.3,-7.4,46.3,2352.0
PF000661,CROP001,Rice (Paddy),West Bengal,2022,2,2352.0,2072.3,1883.1,4.7,49.8,2207.3
PF000662,CROP001,Rice (Paddy),West Bengal,2022,3,2207.3,2352.0,2072.3,-2.3,41.0,2104.2
PF000663,CROP001,Rice (Paddy),West Bengal,2022,4,2104.2,2207.3,2352.0,-2.4,52.8,2204.4
PF000664,CROP001,Rice (Paddy),West Bengal,2022,5,2204.4,2104.2,2207.3,-9.0,44.3,2258.9
PF000665,CROP001,Rice (Paddy),West Bengal,2022,6,2258.9,2204.4,2104.2,-10.5,62.9,1933.0
PF000666,CROP001,Rice (Paddy),West Bengal,2022,7,1933.0,2258.9,2204.4,16.5,40.0,1981.8
PF000667,CROP001,Rice (Paddy),West Bengal,2022,8,1981.8,1933.0,2258.9,2.1,55.0,1966.9
PF000668,CROP001,Rice (Paddy),West Bengal,2022,9,1966.9,1981.8,1933.0,-6.0,81.2,1921.4
PF000669,CROP001,Rice (Paddy),West Bengal,2022,10,1921.4,1966.9,1981.8,-9.2,49.5,1935.1
PF000670,CROP001,Rice (Paddy),West Bengal,2022,11,1935.1,1921.4,1966.9,23.6,17.3,1900.2
PF000671,CROP001,Rice (Paddy),West Bengal,2022,12,1900.2,1935.1,1921.4,-4.8,33.2,2022.8
PF000672,CROP001,Rice (Paddy),West Bengal,2023,1,2022.8,1900.2,1935.1,-1.2,53.4,2153.0
PF000673,CROP001,Rice (Paddy),West Bengal,2023,2,2153.0,2022.8,1900.2,-38.6,52.0,2400.6
PF000674,CROP001,Rice (Paddy),West Bengal,2023,3,2400.6,2153.0,2022.8,3.2,50.9,2314.3
PF000675,CROP001,Rice (Paddy),West Bengal,2023,4,2314.3,2400.6,2153.0,-10.3,54.9,2317.2
PF000676,CROP001,Rice (Paddy),West Bengal,2023,5,2317.2,2314.3,2400.6,-6.1,61.9,2373.8
PF000677,CROP001,Rice (Paddy),West Bengal,2023,6,2373.8,2317.2,2314.3,-20.8,46.4,2176.4
PF000678,CROP001,Rice (Paddy),West Bengal,2023,7,2176.4,2373.8,2317.2,1.9,42.1,2021.7
PF000679,CROP001,Rice (Paddy),West Bengal,2023,8,2021.7,2176.4,2373.8,26.7,46.7,1983.7
PF000680,CROP001,Rice (Paddy),West Bengal,2023,9,1983.7,2021.7,2176.4,38.9,46.3,1963.2
PF000681,CROP001,Rice (Paddy),West Bengal,2023,10,1963.2,1983.7,2021.7,-1.8,50.4,1948.3
PF000682,CROP001,Rice (Paddy),West Bengal,2023,11,1948.3,1963.2,1983.7,-3.2,36.1,2059.9
PF000683,CROP001,Rice (Paddy),West Bengal,2023,12,2059.9,1948.3,1963.2,1.4,59.5,2092.6
PF000716,CROP001,Rice (Paddy),West Bengal,2021,4,2381.0,2368.2,2473.8,-5.3,53.2,2219.1
PF000717,CROP001,Rice (Paddy),West Bengal,2021,5,2219.1,2381.0,2368.2,24.8,63.8,2083.2
PF000718,CROP001,Rice (Paddy),West Bengal,2021,6,2083.2,2219.1,2381.0,-41.7,55.7,2441.3
PF000719,CROP001,Rice (Paddy),West Bengal,2021,7,2441.3,2083.2,2219.1,-7.0,32.9,2044.3
PF000720,CROP001,Rice (Paddy),West Bengal,2021,8,2044.3,2441.3,2083.2,-16.0,51.3,1983.7
PF000721,CROP001,Rice (Paddy),West Bengal,2021,9,1983.7,2044.3,2441.3,-5.2,56.1,1941.7
PF000722,CROP001,Rice (Paddy),West Bengal,2021,10,1941.7,1983.7,2044.3,2.4,45.8,2000.4
PF000723,CROP001,Rice (Paddy),West Bengal,2021,11,2000.4,1941.7,1983.7,-10.2,46.7,1956.2
PF000724,CROP001,Rice (Paddy),West Bengal,2021,12,1956.2,2000.4,1941.7,-19.6,58.3,2165.7
PF000725,CROP001,Rice (Paddy),West Bengal,2022,1,2165.7,1956.2,2000.4,-23.7,43.7,2332.2
PF000726,CROP001,Rice (Paddy),West Bengal,2022,2,2332.2,2165.7,1956.2,22.7,51.0,2507.7
PF000727,CROP001,Rice (Paddy),West Bengal,2022,3,2507.7,2332.2,2165.7,11.4,29.3,2350.1
PF000728,CROP001,Rice (Paddy),West Bengal,2022,4,2350.1,2507.7,2332.2,-12.3,64.7,2423.5
PF000729,CROP001,Rice (Paddy),West Bengal,2022,5,2423.5,2350.1,2507.7,-10.2,33.8,2391.5
PF000730,CROP001,Rice (Paddy),West Bengal,2022,6,2391.5,2423.5,2350.1,-19.8,58.1,2224.2
PF000731,CROP001,Rice (Paddy),West Bengal,2022,7,2224.2,2391.5,2423.5,-45.1,47.0,2118.3
PF000732,CROP001,Rice (Paddy),West Bengal,2022,8,2118.3,2224.2,2391.5,13.3,53.7,1996.2
PF000733,CROP001,Rice (Paddy),West Bengal,2022,9,1996.2,2118.3,2224.2,14.1,71.5,2098.7
PF000734,CROP001,Rice (Paddy),West Bengal,2022,10,2098.7,1996.2,2118.3,23.6,47.0,2071.8
PF000735,CROP001,Rice (Paddy),West Bengal,2022,11,2071.8,2098.7,1996.2,29.4,52.5,2133.7
PF000736,CROP001,Rice (Paddy),West Bengal,2022,12,2133.7,2071.8,2098.7,-1.2,41.3,2240.0
PF000737,CROP001,Rice (Paddy),West Bengal,2023,1,2240.0,2133.7,2071.8,-3.0,49.6,2493.1
PF000738,CROP001,Rice (Paddy),West Bengal,2023,2,2493.1,2240.0,2133.7,7.2,52.9,2492.3
PF000739,CROP001,Rice (Paddy),West Bengal,2023,3,2492.3,2493.1,2240.0,16.8,30.2,2405.3
PF000740,CROP001,Rice (Paddy),West Bengal,2023,4,2405.3,2492.3,2493.1,-29.9,52.5,2426.7
PF000741,CROP001,Rice (Paddy),West Bengal,2023,5,2426.7,2405.3,2492.3,-38.5,65.6,2281.4
PF000742,CROP001,Rice (Paddy),West Bengal,2023,6,2281.4,2426.7,2405.3,23.1,47.4,2209.1
PF000743,CROP001,Rice (Paddy),West Bengal,2023,7,2209.1,2281.4,2426.7,25.1,51.4,2046.4
PF000744,CROP001,Rice (Paddy),West Bengal,2023,8,2046.4,2209.1,2281.4,-8.5,39.8,2072.7
PF000745,CROP001,Rice (Paddy),West Bengal,2023,9,2072.7,2046.4,2209.1,3.9,38.9,2027.6
PF000746,CROP001,Rice (Paddy),West Bengal,2023,10,2027.6,2072.7,2046.4,-1.4,52.1,2010.0
PF000747,CROP001,Rice (Paddy),West Bengal,2023,11,2010.0,2027.6,2072.7,17.9,36.2,2059.9
PF000748,CROP001,Rice (Paddy),West Bengal,2023,12,2059.9,2010.0,2027.6,-10.6,32.0,2348.0
PF000781,CROP002,Wheat,Punjab,2021,4,2068.5,2100.8,1988.8,-3.9,55.4,2082.1
PF000782,CROP002,Wheat,Punjab,2021,5,2082.1,2068.5,2100.8,0.9,52.2,1836.2
PF000783,CROP002,Wheat,Punjab,2021,6,1836.2,2082.1,2068.5,-16.0,49.8,1764.6
PF000784,CROP002,Wheat,Punjab,2021,7,1764.6,1836.2,2082.1,-30.5,52.7,1806.8
PF000785,CROP002,Wheat,Punjab,2021,8,1806.8,1764.6,1836.2,0.7,68.0,1799.0
PF000786,CROP002,Wheat,Punjab,2021,9,1799.0,1806.8,1764.6,12.0,35.7,1594.6
PF000787,CROP002,Wheat,Punjab,2021,10,1594.6,1799.0,1806.8,10.1,54.2,1716.5
PF000788,CROP002,Wheat,Punjab,2021,11,1716.5,1594.6,1799.0,-5.6,40.0,1760.5
PF000789,CROP002,Wheat,Punjab,2021,12,1760.5,1716.5,1594.6,1.5,50.9,1751.1
PF000790,CROP002,Wheat,Punjab,2022,1,1751.1,1760.5,1716.5,-17.9,60.7,1949.2
PF000791,CROP002,Wheat,Punjab,2022,2,1949.2,1751.1,1760.5,-4.7,44.6,2112.5
PF000792,CROP002,Wheat,Punjab,2022,3,2112.5,1949.2,1751.1,-5.4,60.4,2024.8
PF000793,CROP002,Wheat,Punjab,2022,4,2024.8,2112.5,1949.2,36.3,61.2,2105.3
PF000794,CROP002,Wheat,Punjab,2022,5,2105.3,2024.8,2112.5,9.7,57.9,1938.6
PF000795,CROP002,Wheat,Punjab,2022,6,1938.6,2105.3,2024.8,-17.5,42.4,1957.2
PF000796,CROP002,Wheat,Punjab,2022,7,1957.2,1938.6,2105.3,19.7,39.4,1711.8
PF000797,CROP002,Wheat,Punjab,2022,8,1711.8,1957.2,1938.6,10.6,48.9,1722.8
PF000798,CROP002,Wheat,Punjab,2022,9,1722.8,1711.8,1957.2,-11.3,50.2,1817.7
PF000799,CROP002,Wheat,Punjab,2022,10,1817.7,1722.8,1711.8,17.8,38.7,1762.2
PF000800,CROP002,Wheat,Punjab,2022,11,1762.2,1817.7,1722.8,-14.2,45.8,1881.4
PF000801,CROP002,Wheat,Punjab,2022,12,1881.4,1762.2,1817.7,-28.7,61.3,1845.3
PF000802,CROP002,Wheat,Punjab,2023,1,1845.3,1881.4,1762.2,16.0,72.3,2033.0
PF000803,CROP002,Wheat,Punjab,2023,2,2033.0,1845.3,1881.4,3.4,64.2,2114.5
PF000804,CROP002,Wheat,Punjab,2023,3,2114.5,2033.0,1845.3,1.1,58.1,2234.2
PF000805,CROP002,Wheat,Punjab,2023,4,2234.2,2114.5,2033.0,16.0,45.9,2187.2
PF000806,CROP002,Wheat,Punjab,2023,5,2187.2,2234.2,2114.5,3.2,40.3,1938.5
PF000807,CROP002,Wheat,Punjab,2023,6,1938.5,2187.2,2234.2,40.3,40.1,1845.4
PF000808,CROP002,Wheat,Punjab,2023,7,1845.4,1938.5,2187.2,-29.6,44.5,1728.0
PF000809,CROP002,Wheat,Punjab,2023,8,1728.0,1845.4,1938.5,25.0,86.4,1583.7
PF000810,CROP002,Wheat,Punjab,2023,9,1583.7,1728.0,1845.4,-10.9,42.1,1768.4
PF000811,CROP002,Wheat,Punjab,2023,10,1768.4,1583.7,1728.0,-3.6,58.8,1840.3
PF000812,CROP002,Wheat,Punjab,2023,11,1840.3,1768.4,1583.7,-3.8,47.0,1672.8
PF000813,CROP002,Wheat,Punjab,2023,12,1672.8,1840.3,1768.4,-4.2,48.4,1959.4
PF000846,CROP002,Wheat,Punjab,2021,4,1649.7,1480.2,1573.2,-3.9,58.9,1592.9
PF000847,CROP002,Wheat,Punjab,2021,5,1592.9,1649.7,1480.2,-7.7,51.6,1460.5
PF000848,CROP002,Wheat,Punjab,2021,6,1460.5,1592.9,1649.7,5.1,43.0,1506.6
PF000849,CROP002,Wheat,Punjab,2021,7,1506.6,1460.5,1592.9,14.1,60.8,1313.3
PF000850,CROP002,Wheat,Punjab,2021,8,1313.3,1506.6,1460.5,-32.4,35.9,1331.5
PF000851,CROP002,Wheat,Punjab,2021,9,1331.5,1313.3,1506.6,6.4,45.5,1191.8
PF000852,CROP002,Wheat,Punjab,2021,10,1191.8,1331.5,1313.3,-2.8,44.8,1327.1
PF000853,CROP002,Wheat,Punjab,2021,11,1327.1,1191.8,1331.5,-3.1,48.9,1426.9
PF000854,CROP002,Wheat,Punjab,2021,12,1426.9,1327.1,1191.8,-7.5,50.7,1336.4
PF000855,CROP002,Wheat,Punjab,2022,1,1336.4,1426.9,1327.1,-12.4,43.3,1534.3
PF000856,CROP002,Wheat,Punjab,2022,2,1534.3,1336.4,1426.9,-8.2,55.4,1582.0
PF000857,CROP002,Wheat,Punjab,2022,3,1582.0,1534.3,1336.4,-14.2,37.1,1623.3
PF000858,CROP002,Wheat,Punjab,2022,4,1623.3,1582.0,1534.3,22.1,67.1,1544.0
PF000859,CROP002,Wheat,Punjab,2022,5,1544.0,1623.3,1582.0,-3.6,56.8,1489.2
PF000860,CROP002,Wheat,Punjab,2022,6,1489.2,1544.0,1623.3,-11.1,39.4,1606.2
PF000861,CROP002,Wheat,Punjab,2022,7,1606.2,1489.2,1544.0,9.0,52.0,1355.1
PF000862,CROP002,Wheat,Punjab,2022,8,1355.1,1606.2,1489.2,-13.9,64.5,1313.6
PF000863,CROP002,Wheat,Punjab,2022,9,1313.6,1355.1,1606.2,13.2,58.7,1333.3
PF000864,CROP002,Wheat,Punjab,2022,10,1333.3,1313.6,1355.1,-7.9,32.4,1338.4
PF000865,CROP002,Wheat,Punjab,2022,11,1338.4,1333.3,1313.6,11.2,61.2,1464.9
PF000866,CROP002,Wheat,Punjab,2022,12,1464.9,1338.4,1333.3,-6.4,43.6,1459.3
PF000867,CROP002,Wheat,Punjab,2023,1,1459.3,1464.9,1338.4,-2.6,54.0,1558.6
PF000868,CROP002,Wheat,Punjab,2023,2,1558.6,1459.3,1464.9,8.5,51.2,1720.5
PF000869,CROP002,Wheat,Punjab,2023,3,1720.5,1558.6,1459.3,-36.1,50.9,1663.7
PF000870,CROP002,Wheat,Punjab,2023,4,1663.7,1720.5,1558.6,-22.1,51.8,1690.8
PF000871,CROP002,Wheat,Punjab,2023,5,1690.8,1663.7,1720.5,-7.0,55.7,1476.4
PF000872,CROP002,Wheat,Punjab,2023,6,1476.4,1690.8,1663.7,-0.0,43.0,1390.7
PF000873,CROP002,Wheat,Punjab,2023,7,1390.7,1476.4,1690.8,-3.5,57.4,1512.0
PF000874,CROP002,Wheat,Punjab,2023,8,1512.0,1390.7,1476.4,-0.3,46.2,1372.7
PF000875,CROP002,Wheat,Punjab,2023,9,1372.7,1512.0,1390.7,-4.2,44.5,1356.1
PF000876,CROP002,Wheat,Punjab,2023,10,1356.1,1372.7,1512.0,13.4,64.6,1423.1
PF000877,CROP002,Wheat,Punjab,2023,11,1423.1,1356.1,1372.7,19.5,26.5,1411.5
PF000878,CROP002,Wheat,Punjab,2023,12,1411.5,1423.1,1356.1,-18.8,35.8,1504.5
PF000911,CROP002,Wheat,Punjab,2021,4,1746.2,1788.6,1549.1,-0.5,61.2,1628.4
PF000912,CROP002,Wheat,Punjab,2021,5,1628.4,1746.2,1788.6,-0.7,41.3,1744.2
PF000913,CROP002,Wheat,Punjab,2021,6,1744.2,1628.4,1746.2,-14.0,45.9,1645.6
PF000914,CROP002,Wheat,Punjab,2021,7,1645.6,1744.2,1628.4,-8.4,56.0,1479.6
PF000915,CROP002,Wheat,Punjab,2021,8,1479.6,1645.6,1744.2,-12.3,53.4,1439.1
PF000916,CROP002,Wheat,Punjab,2021,9,1439.1,1479.6,1645.6,-1.6,36.3,1445.1
PF000917,CROP002,Wheat,Punjab,2021,10,1445.1,1439.1,1479.6,15.4,46.6,1393.7
PF000918,CROP002,Wheat,Punjab,2021,11,1393.7,1445.1,1439.1,14.5,57.3,1583.7
PF000919,CROP002,Wheat,Punjab,2021,12,1583.7,1393.7,1445.1,8.7,14.9,1568.8
PF000920,CROP002,Wheat,Punjab,2022,1,1568.8,1583.7,1393.7,-2.0,46.0,1707.4
PF000921,CROP002,Wheat,Punjab,2022,2,1707.4,1568.8,1583.7,16.2,50.8,1735.7
PF000922,CROP002,Wheat,Punjab,2022,3,1735.7,1707.4,1568.8,13.6,70.7,1758.9
PF000923,CROP002,Wheat,Punjab,2022,4,1758.9,1735.7,1707.4,22.6,33.6,1656.0
PF000924,CROP002,Wheat,Punjab,2022,5,1656.0,1758.9,1735.7,-21.5,32.9,1683.0
PF000925,CROP002,Wheat,Punjab,2022,6,1683.0,1656.0,1758.9,15.2,49.4,1600.9
PF000926,CROP002,Wheat,Punjab,2022,7,1600.9,1683.0,1656.0,7.5,48.6,1438.6
PF000927,CROP002,Wheat,Punjab,2022,8,1438.6,1600.9,1683.0,-12.6,63.2,1518.9
PF000928,CROP002,Wheat,Punjab,2022,9,1518.9,1438.6,1600.9,7.9,34.5,1360.8
PF000929,CROP002,Wheat,Punjab,2022,10,1360.8,1518.9,1438.6,16.4,55.1,1452.4
PF000930,CROP002,Wheat,Punjab,2022,11,1452.4,1360.8,1518.9,-12.9,57.9,1536.3
PF000931,CROP002,Wheat,Punjab,2022,12,1536.3,1452.4,1360.8,-10.2,41.5,1682.9
PF000932,CROP002,Wheat,Punjab,2023,1,1682.9,1536.3,1452.4,9.2,58.9,1621.9
PF000933,CROP002,Wheat,Punjab,2023,2,1621.9,1682.9,1536.3,12.6,39.1,1867.8
PF000934,CROP002,Wheat,Punjab,2023,3,1867.8,1621.9,1682.9,-8.2,52.8,1736.7
PF000935,CROP002,Wheat,Punjab,2023,4,1736.7,1867.8,1621.9,14.8,39.3,1706.8
PF000936,CROP002,Wheat,Punjab,2023,5,1706.8,1736.7,1867.8,12.4,57.2,1749.8
PF000937,CROP002,Wheat,Punjab,2023,6,1749.8,1706.8,1736.7,4.2,49.8,1678.7
PF000938,CROP002,Wheat,Punjab,2023,7,1678.7,1749.8,1706.8,4.1,53.8,1645.5
PF000939,CROP002,Wheat,Punjab,2023,8,1645.5,1678.7,1749.8,8.3,51.9,1560.3
PF000940,CROP002,Wheat,Punjab,2023,9,1560.3,1645.5,1678.7,10.0,60.9,1472.0
PF000941,CROP002,Wheat,Punjab,2023,10,1472.0,1560.3,1645.5,-11.6,49.6,1428.0
PF000942,CROP002,Wheat,Punjab,2023,11,1428.0,1472.0,1560.3,3.9,37.1,1508.0
PF000943,CROP002,Wheat,Punjab,2023,12,1508.0,1428.0,1472.0,-8.9,36.5,1567.2
PF000976,CROP002,Wheat,Haryana,2021,4,1992.6,2099.9,1846.0,-8.0,54.4,1895.4
PF000977,CROP002,Wheat,Haryana,2021,5,1895.4,1992.6,2099.9,7.3,46.3,1957.5
PF000978,CROP002,Wheat,Haryana,2021,6,1957.5,1895.4,1992.6,18.2,44.5,1849.3
PF000979,CROP002,Wheat,Haryana,2021,7,1849.3,1957.5,1895.4,12.1,36.4,1789.7
PF000980,CROP002,Wheat,Haryana,2021,8,1789.7,1849.3,1957.5,19.3,58.3,1672.4
PF000981,CROP002,Wheat,Haryana,2021,9,1672.4,1789.7,1849.3,16.0,36.4,1667.6
PF000982,CROP002,Wheat,Haryana,2021,10,1667.6,1672.4,1789.7,6.5,49.4,1695.7
PF000983,CROP002,Wheat,Haryana,2021,11,1695.7,1667.6,1672.4,-16.4,54.0,1795.5
PF000984,CROP002,Wheat,Haryana,2021,12,1795.5,1695.7,1667.6,1.0,55.2,1936.2
PF000985,CROP002,Wheat,Haryana,2022,1,1936.2,1795.5,1695.7,14.1,20.8,1864.6
PF000986,CROP002,Wheat,Haryana,2022,2,1864.6,1936.2,1795.5,-5.1,44.1,1998.2
PF000987,CROP002,Wheat,Haryana,2022,3,1998.2,1864.6,1936.2,25.9,52.1,2103.9
PF000988,CROP002,Wheat,Haryana,2022,4,2103.9,1998.2,1864.6,-10.0,47.2,2068.0
PF000989,CROP002,Wheat,Haryana,2022,5,2068.0,2103.9,1998.2,4.1,46.1,1943.9
PF000990,CROP002,Wheat,Haryana,2022,6,1943.9,2068.0,2103.9,1.2,38.0,1888.1
PF000991,CROP002,Wheat,Haryana,2022,7,1888.1,1943.9,2068.0,24.6,52.4,1731.2
PF000992,CROP002,Wheat,Haryana,2022,8,1731.2,1888.1,1943.9,3.6,34.8,1783.7
PF000993,CROP002,Wheat,Haryana,2022,9,1783.7,1731.2,1888.1,13.0,30.4,1683.5
PF000994,CROP002,Wheat,Haryana,2022,10,1683.5,1783.7,1731.2,33.2,43.6,1648.1
PF000995,CROP002,Wheat,Haryana,2022,11,1648.1,1683.5,1783.7,0.6,50.3,1841.7
PF000996,CROP002,Wheat,Haryana,2022,12,1841.7,1648.1,1683.5,5.3,38.2,1890.0
PF000997,CROP002,Wheat,Haryana,2023,1,1890.0,1841.7,1648.1,9.3,56.5,1943.2
PF000998,CROP002,Wheat,Haryana,2023,2,1943.2,1890.0,1841.7,-24.9,67.2,2031.6
PF000999,CROP002,Wheat,Haryana,2023,3,2031.6,1943.2,1890.0,23.7,49.5,2190.2
PF001000,CROP002,Wheat,Haryana,2023,4,2190.2,2031.6,1943.2,6.0,56.6,1857.5
PF001001,CROP002,Wheat,Haryana,2023,5,1857.5,2190.2,2031.6,-21.0,67.5,1955.8
PF001002,CROP002,Wheat,Haryana,2023,6,1955.8,1857.5,2190.2,-2.2,66.7,1942.4
PF001003,CROP002,Wheat,Haryana,2023,7,1942.4,1955.8,1857.5,23.9,62.3,1743.2
PF001004,CROP002,Wheat,Haryana,2023,8,1743.2,1942.4,1955.8,20.6,23.7,1736.8
PF001005,CROP002,Wheat,Haryana,2023,9,1736.8,1743.2,1942.4,8.2,43.4,1680.5
PF001006,CROP002,Wheat,Haryana,2023,10,1680.5,1736.8,1743.2,27.4,47.1,1705.9
PF001007,CROP002,Wheat,Haryana,2023,11,1705.9,1680.5,1736.8,15.1,41.3,1812.2
PF001008,CROP002,Wheat,Haryana,2023,12,1812.2,1705.9,1680.5,6.0,52.6,1943.3
PF001041,CROP002,Wheat,Haryana,2021,4,1936.4,1844.2,1747.0,19.7,59.9,1982.1
PF001042,CROP002,Wheat,Haryana,2021,5,1982.1,1936.4,1844.2,-6.0,45.1,1642.1
PF001043,CROP002,Wheat,Haryana,2021,6,1642.1,1982.1,1936.4,10.4,35.7,1661.1
PF001044,CROP002,Wheat,Haryana,2021,7,1661.1,1642.1,1982.1,30.1,30.9,1604.5
PF001045,CROP002,Wheat,Haryana,2021,8,1604.5,1661.1,1642.1,6.6,60.0,1536.3
PF001046,CROP002,Wheat,Haryana,2021,9,1536.3,1604.5,1661.1,-15.3,39.7,1566.0
PF001047,CROP002,Wheat,Haryana,2021,10,1566.0,1536.3,1604.5,-4.0,46.6,1545.1
PF001048,CROP002,Wheat,Haryana,2021,11,1545.1,1566.0,1536.3,27.3,23.7,1566.9
PF001049,CROP002,Wheat,Haryana,2021,12,1566.9,1545.1,1566.0,3.0,36.8,1689.5
PF001050,CROP002,Wheat,Haryana,2022,1,1689.5,1566.9,1545.1,-10.7,27.6,1829.4
PF001051,CROP002,Wheat,Haryana,2022,2,1829.4,1689.5,1566.9,4.2,25.0,1780.0
PF001052,CROP002,Wheat,Haryana,2022,3,1780.0,1829.4,1689.5,-16.0,45.5,1914.7
PF001053,CROP002,Wheat,Haryana,2022,4,1914.7,1780.0,1829.4,-15.9,34.8,1901.3
PF001054,CROP002,Wheat,Haryana,2022,5,1901.3,1914.7,1780.0,2.6,49.8,1864.4
PF001055,CROP002,Wheat,Haryana,2022,6,1864.4,1901.3,1914.7,-12.1,77.5,1642.8
PF001056,CROP002,Wheat,Haryana,2022,7,1642.8,1864.4,1901.3,-12.2,75.0,1512.0
PF001057,CROP002,Wheat,Haryana,2022,8,1512.0,1642.8,1864.4,-30.5,59.3,1583.9
PF001058,CROP002,Wheat,Haryana,2022,9,1583.9,1512.0,1642.8,-5.8,39.8,1446.5
PF001059,CROP002,Wheat,Haryana,2022,10,1446.5,1583.9,1512.0,19.9,46.9,1501.9
PF001060,CROP002,Wheat,Haryana,2022,11,1501.9,1446.5,1583.9,-20.2,62.0,1505.2
PF001061,CROP002,Wheat,Haryana,2022,12,1505.2,1501.9,1446.5,-6.3,64.9,1723.6
PF001062,CROP002,Wheat,Haryana,2023,1,1723.6,1505.2,1501.9,0.6,52.4,1846.8
PF001063,CROP002,Wheat,Haryana,2023,2,1846.8,1723.6,1505.2,0.2,24.1,1874.2
PF001064,CROP002,Wheat,Haryana,2023,3,1874.2,1846.8,1723.6,-21.6,29.5,1969.9
PF001065,CROP002,Wheat,Haryana,2023,4,1969.9,1874.2,1846.8,-35.4,35.6,1923.1
PF001066,CROP002,Wheat,Haryana,2023,5,1923.1,1969.9,1874.2,-20.2,31.9,1781.6
PF001067,CROP002,Wheat,Haryana,2023,6,1781.6,1923.1,1969.9,-25.6,58.7,1780.9
PF001068,CROP002,Wheat,Haryana,2023,7,1780.9,1781.6,1923.1,-5.6,53.8,1711.3
PF001069,CROP002,Wheat,Haryana,2023,8,1711.3,1780.9,1781.6,-25.8,46.1,1611.1
PF001070,CROP002,Wheat,Haryana,2023,9,1611.1,1711.3,1780.9,-4.0,60.9,1654.2
PF001071,CROP002,Wheat,Haryana,2023,10,1654.2,1611.1,1711.3,-10.9,54.2,1480.8
PF001072,CROP002,Wheat,Haryana,2023,11,1480.8,1654.2,1611.1,6.1,48.2,1680.4
PF001073,CROP002,Wheat,Haryana,2023,12,1680.4,1480.8,1654.2,-16.1,22.5,1725.5
PF001106,CROP002,Wheat,Uttar Pradesh,2021,4,1636.0,1683.1,1567.0,8.8,43.9,1611.3
PF001107,CROP002,Wheat,Uttar Pradesh,2021,5,1611.3,1636.0,1683.1,-0.2,52.8,1566.2
PF001108,CROP002,Wheat,Uttar Pradesh,2021,6,1566.2,1611.3,1636.0,-36.9,45.1,1476.0
PF001109,CROP002,Wheat,Uttar Pradesh,2021,7,1476.0,1566.2,1611.3,-1.4,37.0,1303.8
PF001110,CROP002,Wheat,Uttar Pradesh,2021,8,1303.8,1476.0,1566.2,-8.1,44.2,1357.0
PF001111,CROP002,Wheat,Uttar Pradesh,2021,9,1357.0,1303.8,1476.0,-9.9,45.8,1251.0
PF001112,CROP002,Wheat,Uttar Pradesh,2021,10,1251.0,1357.0,1303.8,-5.1,43.8,1313.5
PF001113,CROP002,Wheat,Uttar Pradesh,2021,11,1313.5,1251.0,1357.0,5.3,46.7,1419.8
PF001114,CROP002,Wheat,Uttar Pradesh,2021,12,1419.8,1313.5,1251.0,-2.3,48.4,1219.9
PF001115,CROP002,Wheat,Uttar Pradesh,2022,1,1219.9,1419.8,1313.5,10.6,74.5,1586.0
PF001116,CROP002,Wheat,Uttar Pradesh,2022,2,1586.0,1219.9,1419.8,13.4,38.0,1561.8
PF001117,CROP002,Wheat,Uttar Pradesh,2022,3,1561.8,1586.0,1219.9,-11.1,48.5,1502.8
PF001118,CROP002,Wheat,Uttar Pradesh,2022,4,1502.8,1561.8,1586.0,6.6,68.5,1622.0
PF001119,CROP002,Wheat,Uttar Pradesh,2022,5,1622.0,1502.8,1561.8,2.1,43.7,1471.8
PF001120,CROP002,Wheat,Uttar Pradesh,2022,6,1471.8,1622.0,1502.8,6.8,67.9,1579.0
PF001121,CROP002,Wheat,Uttar Pradesh,2022,7,1579.0,1471.8,1622.0,-23.8,51.0,1454.4
PF001122,CROP002,Wheat,Uttar Pradesh,2022,8,1454.4,1579.0,1471.8,-7.9,41.5,1301.5
PF001123,CROP002,Wheat,Uttar Pradesh,2022,9,1301.5,1454.4,1579.0,-21.0,47.1,1278.2
PF001124,CROP002,Wheat,Uttar Pradesh,2022,10,1278.2,1301.5,1454.4,-11.1,63.4,1309.4
PF001125,CROP002,Wheat,Uttar Pradesh,2022,11,1309.4,1278.2,1301.5,9.0,50.9,1501.2
PF001126,CROP002,Wheat,Uttar Pradesh,2022,12,1501.2,1309.4,1278.2,-28.2,57.3,1560.7
PF001127,CROP002,Wheat,Uttar Pradesh,2023,1,1560.7,1501.2,1309.4,-14.4,56.7,1596.4
PF001128,CROP002,Wheat,Uttar Pradesh,2023,2,1596.4,1560.7,1501.2,-31.4,64.5,1492.5
PF001129,CROP002,Wheat,Uttar Pradesh,2023,3,1492.5,1596.4,1560.7,22.1,38.5,1625.2
PF001130,CROP002,Wheat,Uttar Pradesh,2023,4,1625.2,1492.5,1596.4,-11.9,49.0,1690.5
PF001131,CROP002,Wheat,Uttar Pradesh,2023,5,1690.5,1625.2,1492.5,7.3,47.8,1529.7
PF001132,CROP002,Wheat,Uttar Pradesh,2023,6,1529.7,1690.5,1625.2,-9.5,52.1,1393.3
PF001133,CROP002,Wheat,Uttar Pradesh,2023,7,1393.3,1529.7,1690.5,8.1,53.7,1478.1
PF001134,CROP002,Wheat,Uttar Pradesh,2023,8,1478.1,1393.3,1529.7,8.8,51.5,1386.2
PF001135,CROP002,Wheat,Uttar Pradesh,2023,9,1386.2,1478.1,1393.3,14.2,58.5,1278.3
PF001136,CROP002,Wheat,Uttar Pradesh,2023,10,1278.3,1386.2,1478.1,-21.2,47.9,1402.2
PF001137,CROP002,Wheat,Uttar Pradesh,2023,11,1402.2,1278.3,1386.2,2.5,41.2,1393.3
PF001138,CROP002,Wheat,Uttar Pradesh,2023,12,1393.3,1402.2,1278.3,28.7,51.4,1487.7
PF001171,CROP002,Wheat,Uttar Pradesh,2021,4,2158.0,1931.5,1973.4,-15.6,57.9,1968.3
PF001172,CROP002,Wheat,Uttar Pradesh,2021,5,1968.3,2158.0,1931.5,-11.9,49.9,1799.9
PF001173,CROP002,Wheat,Uttar Pradesh,2021,6,1799.9,1968.3,2158.0,-2.6,44.5,1848.5
PF001174,CROP002,Wheat,Uttar Pradesh,2021,7,1848.5,1799.9,1968.3,13.2,68.4,1764.3
PF001175,CROP002,Wheat,Uttar Pradesh,2021,8,1764.3,1848.5,1799.9,-16.5,58.9,1726.3
PF001176,CROP002,Wheat,Uttar Pradesh,2021,9,1726.3,1764.3,1848.5,12.7,62.9,1684.4
PF001177,CROP002,Wheat,Uttar Pradesh,2021,10,1684.4,1726.3,1764.3,-6.5,52.4,1666.6
PF001178,CROP002,Wheat,Uttar Pradesh,2021,11,1666.6,1684.4,1726.3,-24.8,63.8,1643.1
PF001179,CROP002,Wheat,Uttar Pradesh,2021,12,1643.1,1666.6,1684.4,21.6,39.2,1757.2
PF001180,CROP002,Wheat,Uttar Pradesh,2022,1,1757.2,1643.1,1666.6,-39.6,34.1,1858.5
PF001181,CROP002,Wheat,Uttar Pradesh,2022,2,1858.5,1757.2,1643.1,7.1,52.3,1888.7
PF001182,CROP002,Wheat,Uttar Pradesh,2022,3,1888.7,1858.5,1757.2,-15.3,57.7,2042.4
PF001183,CROP002,Wheat,Uttar Pradesh,2022,4,2042.4,1888.7,1858.5,-21.2,77.7,2021.1
PF001184,CROP002,Wheat,Uttar Pradesh,2022,5,2021.1,2042.4,1888.7,8.7,64.5,2004.5
PF001185,CROP002,Wheat,Uttar Pradesh,2022,6,2004.5,2021.1,2042.4,13.5,54.3,1844.3
PF001186,CROP002,Wheat,Uttar Pradesh,2022,7,1844.3,2004.5,2021.1,-13.6,53.0,1747.1
PF001187,CROP002,Wheat,Uttar Pradesh,2022,8,1747.1,1844.3,2004.5,-18.4,59.8,1626.1
PF001188,CROP002,Wheat,Uttar Pradesh,2022,9,1626.1,1747.1,1844.3,13.9,81.4,1679.6
PF001189,CROP002,Wheat,Uttar Pradesh,2022,10,1679.6,1626.1,1747.1,5.3,49.4,1718.9
PF001190,CROP002,Wheat,Uttar Pradesh,2022,11,1718.9,1679.6,1626.1,24.7,53.6,1706.3
PF001191,CROP002,Wheat,Uttar Pradesh,2022,12,1706.3,1718.9,1679.6,4.6,32.4,1805.8
PF001192,CROP002,Wheat,Uttar Pradesh,2023,1,1805.8,1706.3,1718.9,-13.9,71.1,1881.9
PF001193,CROP002,Wheat,Uttar Pradesh,2023,2,1881.9,1805.8,1706.3,-16.9,49.2,1957.4
PF001194,CROP002,Wheat,Uttar Pradesh,2023,3,1957.4,1881.9,1805.8,-2.1,48.4,2084.5
PF001195,CROP002,Wheat,Uttar Pradesh,2023,4,2084.5,1957.4,1881.9,-2.5,53.3,1966.6
PF001196,CROP002,Wheat,Uttar Pradesh,2023,5,1966.6,2084.5,1957.4,4.9,52.3,1954.1
PF001197,CROP002,Wheat,Uttar Pradesh,2023,6,1954.1,1966.6,2084.5,-9.4,55.9,1762.2
PF001198,CROP002,Wheat,Uttar Pradesh,2023,7,1762.2,1954.1,1966.6,-25.2,43.7,1715.9
PF001199,CROP002,Wheat,Uttar Pradesh,2023,8,1715.9,1762.2,1954.1,6.9,31.0,1619.4
PF001200,CROP002,Wheat,Uttar Pradesh,2023,9,1619.4,1715.9,1762.2,-40.1,45.3,1610.1
PF001201,CROP002,Wheat,Uttar Pradesh,2023,10,1610.1,1619.4,1715.9,4.3,55.7,1690.3
PF001202,CROP002,Wheat,Uttar Pradesh,2023,11,1690.3,1610.1,1619.4,13.2,31.9,1824.9
PF001203,CROP002,Wheat,Uttar Pradesh,2023,12,1824.9,1690.3,1610.1,2.8,46.7,1762.9
PF001236,CROP002,Wheat,Uttar Pradesh,2021,4,2159.2,2168.4,2017.8,44.9,64.2,2050.5
PF001237,CROP002,Wheat,Uttar Pradesh,2021,5,2050.5,2159.2,2168.4,12.0,66.3,2000.4
PF001238,CROP002,Wheat,Uttar Pradesh,2021,6,2000.4,2050.5,2159.2,11.3,46.5,1944.7
PF001239,CROP002,Wheat,Uttar Pradesh,2021,7,1944.7,2000.4,2050.5,-13.2,23.0,1832.7
PF001240,CROP002,Wheat,Uttar Pradesh,2021,8,1832.7,1944.7,2000.4,-4.9,63.3,1642.1
PF001241,CROP002,Wheat,Uttar Pradesh,2021,9,1642.1,1832.7,1944.7,-6.8,61.5,1789.2
PF001242,CROP002,Wheat,Uttar Pradesh,2021,10,1789.2,1642.1,1832.7,6.0,61.2,1798.1
PF001243,CROP002,Wheat,Uttar Pradesh,2021,11,1798.1,1789.2,1642.1,-2.6,61.9,1920.0
PF001244,CROP002,Wheat,Uttar Pradesh,2021,12,1920.0,1798.1,1789.2,3.9,71.7,1921.4
PF001245,CROP002,Wheat,Uttar Pradesh,2022,1,1921.4,1920.0,1798.1,-1.3,55.5,1959.0
PF001246,CROP002,Wheat,Uttar Pradesh,2022,2,1959.0,1921.4,1920.0,2.0,67.7,2217.9
PF001247,CROP002,Wheat,Uttar Pradesh,2022,3,2217.9,1959.0,1921.4,-9.2,49.4,2111.1
PF001248,CROP002,Wheat,Uttar Pradesh,2022,4,2111.1,2217.9,1959.0,-11.8,51.6,2115.3
PF001249,CROP002,Wheat,Uttar Pradesh,2022,5,2115.3,2111.1,2217.9,-8.2,55.0,2000.0
PF001250,CROP002,Wheat,Uttar Pradesh,2022,6,2000.0,2115.3,2111.1,0.3,57.0,2073.2
PF001251,CROP002,Wheat,Uttar Pradesh,2022,7,2073.2,2000.0,2115.3,-11.8,33.6,1788.9
PF001252,CROP002,Wheat,Uttar Pradesh,2022,8,1788.9,2073.2,2000.0,-1.0,42.6,1753.4
PF001253,CROP002,Wheat,Uttar Pradesh,2022,9,1753.4,1788.9,2073.2,-0.8,28.6,1724.7
PF001254,CROP002,Wheat,Uttar Pradesh,2022,10,1724.7,1753.4,1788.9,10.7,43.4,1925.0
PF001255,CROP002,Wheat,Uttar Pradesh,2022,11,1925.0,1724.7,1753.4,11.6,39.7,1842.0
PF001256,CROP002,Wheat,Uttar Pradesh,2022,12,1842.0,1925.0,1724.7,-10.7,32.8,2053.3
PF001257,CROP002,Wheat,Uttar Pradesh,2023,1,2053.3,1842.0,1925.0,8.4,51.6,2018.0
PF001258,CROP002,Wheat,Uttar Pradesh,2023,2,2018.0,2053.3,1842.0,-5.0,55.7,2133.5
PF001259,CROP002,Wheat,Uttar Pradesh,2023,3,2133.5,2018.0,2053.3,3.5,64.3,2164.4
PF001260,CROP002,Wheat,Uttar Pradesh,2023,4,2164.4,2133.5,2018.0,9.5,45.4,2228.8
PF001261,CROP002,Wheat,Uttar Pradesh,2023,5,2228.8,2164.4,2133.5,13.0,39.4,2019.2
PF001262,CROP002,Wheat,Uttar Pradesh,2023,6,2019.2,2228.8,2164.4,-8.0,65.3,2023.6
PF001263,CROP002,Wheat,Uttar Pradesh,2023,7,2023.6,2019.2,2228.8,-13.0,47.9,1941.6
PF001264,CROP002,Wheat,Uttar Pradesh,2023,8,1941.6,2023.6,2019.2,-20.8,60.3,1800.5
PF001265,CROP002,Wheat,Uttar Pradesh,2023,9,1800.5,1941.6,2023.6,-8.4,51.2,1743.6
PF001266,CROP002,Wheat,Uttar Pradesh,2023,10,1743.6,1800.5,1941.6,19.4,24.5,1812.0
PF001267,CROP002,Wheat,Uttar Pradesh,2023,11,1812.0,1743.6,1800.5,-7.1,34.9,1923.6
PF001268,CROP002,Wheat,Uttar Pradesh,2023,12,1923.6,1812.0,1743.6,-17.6,67.0,2020.6
PF001301,CROP002,Wheat,Bihar,2021,4,2035.3,2079.9,2017.6,-3.7,72.7,2121.0
PF001302,CROP002,Wheat,Bihar,2021,5,2121.0,2035.3,2079.9,-14.2,68.0,2149.6
PF001303,CROP002,Wheat,Bihar,2021,6,2149.6,2121.0,2035.3,26.9,46.8,1775.2
PF001304,CROP002,Wheat,Bihar,2021,7,1775.2,2149.6,2121.0,2.6,51.9,1811.6
PF001305,CROP002,Wheat,Bihar,2021,8,1811.6,1775.2,2149.6,19.2,51.9,1755.5
PF001306,CROP002,Wheat,Bihar,2021,9,1755.5,1811.6,1775.2,-5.9,31.3,1506.1
PF001307,CROP002,Wheat,Bihar,2021,10,1506.1,1755.5,1811.6,-19.2,60.8,1782.0
PF001308,CROP002,Wheat,Bihar,2021,11,1782.0,1506.1,1755.5,14.1,61.3,1862.5
PF001309,CROP002,Wheat,Bihar,2021,12,1862.5,1782.0,1506.1,-3.7,46.3,1871.2
PF001310,CROP002,Wheat,Bihar,2022,1,1871.2,1862.5,1782.0,-18.1,35.2,2020.0
PF001311,CROP002,Wheat,Bihar,2022,2,2020.0,1871.2,1862.5,-23.4,65.4,1898.2
PF001312,CROP002,Wheat,Bihar,2022,3,1898.2,2020.0,1871.2,-20.7,55.4,2046.6
PF001313,CROP002,Wheat,Bihar,2022,4,2046.6,1898.2,2020.0,-7.5,34.5,2103.7
PF001314,CROP002,Wheat,Bihar,2022,5,2103.7,2046.6,1898.2,-5.6,76.0,1923.1
PF001315,CROP002,Wheat,Bihar,2022,6,1923.1,2103.7,2046.6,-22.3,54.3,1967.6
PF001316,CROP002,Wheat,Bihar,2022,7,1967.6,1923.1,2103.7,-16.3,52.5,1739.7
PF001317,CROP002,Wheat,Bihar,2022,8,1739.7,1967.6,1923.1,9.7,58.3,1610.6
PF001318,CROP002,Wheat,Bihar,2022,9,1610.6,1739.7,1967.6,-5.4,35.6,1710.3
PF001319,CROP002,Wheat,Bihar,2022,10,1710.3,1610.6,1739.7,12.0,56.1,1699.6
PF001320,CROP002,Wheat,Bihar,2022,11,1699.6,1710.3,1610.6,3.5,37.4,1902.1
PF001321,CROP002,Wheat,Bihar,2022,12,1902.1,1699.6,1710.3,25.1,44.6,1877.5
PF001322,CROP002,Wheat,Bihar,2023,1,1877.5,1902.1,1699.6,-12.2,37.1,2130.6
PF001323,CROP002,Wheat,Bihar,2023,2,2130.6,1877.5,1902.1,5.3,38.4,2144.7
PF001324,CROP002,Wheat,Bihar,2023,3,2144.7,2130.6,1877.5,19.9,45.4,2090.6
PF001325,CROP002,Wheat,Bihar,2023,4,2090.6,2144.7,2130.6,19.3,66.5,1955.1
PF001326,CROP002,Wheat,Bihar,2023,5,1955.1,2090.6,2144.7,4.2,32.1,2122.1
PF001327,CROP002,Wheat,Bihar,2023,6,2122.1,1955.1,2090.6,8.8,53.9,1893.1
PF001328,CROP002,Wheat,Bihar,2023,7,1893.1,2122.1,1955.1,6.5,64.8,1727.6
PF001329,CROP002,Wheat,Bihar,2023,8,1727.6,1893.1,2122.1,5.7,42.0,1761.7
PF001330,CROP002,Wheat,Bihar,2023,9,1761.7,1727.6,1893.1,24.4,54.9,1875.9
PF001331,CROP002,Wheat,Bihar,2023,10,1875.9,1761.7,1727.6,8.5,31.0,1840.9
PF001332,CROP002,Wheat,Bihar,2023,11,1840.9,1875.9,1761.7,17.8,55.4,1933.4
PF001333,CROP002,Wheat,Bihar,2023,12,1933.4,1840.9,1875.9,-10.3,25.2,1917.9
PF001366,CROP002,Wheat,Bihar,2021,4,2017.7,1885.0,1934.4,7.7,64.7,2003.2
PF001367,CROP002,Wheat,Bihar,2021,5,2003.2,2017.7,1885.0,-32.3,46.7,1953.0
PF001368,CROP002,Wheat,Bihar,2021,6,1953.0,2003.2,2017.7,10.4,51.5,1797.4
PF001369,CROP002,Wheat,Bihar,2021,7,1797.4,1953.0,2003.2,33.8,31.5,1738.0
PF001370,CROP002,Wheat,Bihar,2021,8,1738.0,1797.4,1953.0,19.9,68.1,1587.1
PF001371,CROP002,Wheat,Bihar,2021,9,1587.1,1738.0,1797.4,13.2,71.5,1590.0
PF001372,CROP002,Wheat,Bihar,2021,10,1590.0,1587.1,1738.0,11.7,50.0,1651.3
PF001373,CROP002,Wheat,Bihar,2021,11,1651.3,1590.0,1587.1,12.4,52.3,1694.2
PF001374,CROP002,Wheat,Bihar,2021,12,1694.2,1651.3,1590.0,8.5,61.5,1756.7
PF001375,CROP002,Wheat,Bihar,2022,1,1756.7,1694.2,1651.3,15.5,52.7,1803.3
PF001376,CROP002,Wheat,Bihar,2022,2,1803.3,1756.7,1694.2,-16.3,48.4,1985.0
PF001377,CROP002,Wheat,Bihar,2022,3,1985.0,1803.3,1756.7,-29.9,57.7,2003.7
PF001378,CROP002,Wheat,Bihar,2022,4,2003.7,1985.0,1803.3,-7.4,62.8,2012.3
PF001379,CROP002,Wheat,Bihar,2022,5,2012.3,2003.7,1985.0,-20.5,46.5,1945.5
PF001380,CROP002,Wheat,Bihar,2022,6,1945.5,2012.3,2003.7,-4.2,42.4,1689.9
PF001381,CROP002,Wheat,Bihar,2022,7,1689.9,1945.5,2012.3,-16.4,41.6,1684.1
PF001382,CROP002,Wheat,Bihar,2022,8,1684.1,1689.9,1945.5,-7.7,68.9,1574.4
PF001383,CROP002,Wheat,Bihar,2022,9,1574.4,1684.1,1689.9,-14.1,58.3,1731.2
PF001384,CROP002,Wheat,Bihar,2022,10,1731.2,1574.4,1684.1,-20.0,75.7,1698.5
PF001385,CROP002,Wheat,Bihar,2022,11,1698.5,1731.2,1574.4,-6.2,59.7,1686.5
PF001386,CROP002,Wheat,Bihar,2022,12,1686.5,1698.5,1731.2,11.9,34.5,1762.3
PF001387,CROP002,Wheat,Bihar,2023,1,1762.3,1686.5,1698.5,10.2,30.6,1942.7
PF001388,CROP002,Wheat,Bihar,2023,2,1942.7,1762.3,1686.5,12.4,54.5,1912.8
PF001389,CROP002,Wheat,Bihar,2023,3,1912.8,1942.7,1762.3,4.2,35.5,2016.8
PF001390,CROP002,Wheat,Bihar,2023,4,2016.8,1912.8,1942.7,6.5,26.3,2067.3
PF001391,CROP002,Wheat,Bihar,2023,5,2067.3,2016.8,1912.8,-12.3,57.0,1895.4
PF001392,CROP002,Wheat,Bihar,2023,6,1895.4,2067.3,2016.8,-10.2,65.6,1794.7
PF001393,CROP002,Wheat,Bihar,2023,7,1794.7,1895.4,2067.3,13.8,46.1,1796.6
PF001394,CROP002,Wheat,Bihar,2023,8,1796.6,1794.7,1895.4,3.9,42.3,1818.4
PF001395,CROP002,Wheat,Bihar,2023,9,1818.4,1796.6,1794.7,-15.2,61.4,1748.4
PF001396,CROP002,Wheat,Bihar,2023,10,1748.4,1818.4,1796.6,-1.8,60.6,1715.7
PF001397,CROP002,Wheat,Bihar,2023,11,1715.7,1748.4,1818.4,12.8,55.9,1683.5
PF001398,CROP002,Wheat,Bihar,2023,12,1683.5,1715.7,1748.4,-0.7,43.1,1819.9
PF001431,CROP002,Wheat,West Bengal,2021,4,1736.0,1598.2,1644.6,13.0,47.5,1697.0
PF001432,CROP002,Wheat,West Bengal,2021,5,1697.0,1736.0,1598.2,5.3,43.5,1537.7
PF001433,CROP002,Wheat,West Bengal,2021,6,1537.7,1697.0,1736.0,7.2,54.7,1441.5
PF001434,CROP002,Wheat,West Bengal,2021,7,1441.5,1537.7,1697.0,-15.6,52.4,1413.6
PF001435,CROP002,Wheat,West Bengal,2021,8,1413.6,1441.5,1537.7,-7.1,58.3,1368.4
PF001436,CROP002,Wheat,West Bengal,2021,9,1368.4,1413.6,1441.5,-13.1,29.3,1327.1
PF001437,CROP002,Wheat,West Bengal,2021,10,1327.1,1368.4,1413.6,8.3,46.4,1368.9
PF001438,CROP002,Wheat,West Bengal,2021,11,1368.9,1327.1,1368.4,-11.2,62.1,1479.5
PF001439,CROP002,Wheat,West Bengal,2021,12,1479.5,1368.9,1327.1,25.4,64.7,1440.4
PF001440,CROP002,Wheat,West Bengal,2022,1,1440.4,1479.5,1368.9,-0.0,51.3,1653.2
PF001441,CROP002,Wheat,West Bengal,2022,2,1653.2,1440.4,1479.5,-1.3,59.8,1606.0
PF001442,CROP002,Wheat,West Bengal,2022,3,1606.0,1653.2,1440.4,-6.7,44.9,1617.2
PF001443,CROP002,Wheat,West Bengal,2022,4,1617.2,1606.0,1653.2,4.1,51.9,1591.5
PF001444,CROP002,Wheat,West Bengal,2022,5,1591.5,1617.2,1606.0,-13.3,59.7,1449.1
PF001445,CROP002,Wheat,West Bengal,2022,6,1449.1,1591.5,1617.2,18.8,53.6,1455.1
PF001446,CROP002,Wheat,West Bengal,2022,7,1455.1,1449.1,1591.5,-11.7,52.0,1297.3
PF001447,CROP002,Wheat,West Bengal,2022,8,1297.3,1455.1,1449.1,8.7,69.6,1358.9
PF001448,CROP002,Wheat,West Bengal,2022,9,1358.9,1297.3,1455.1,-1.5,46.5,1383.1
PF001449,CROP002,Wheat,West Bengal,2022,10,1383.1,1358.9,1297.3,0.6,35.9,1341.1
PF001450,CROP002,Wheat,West Bengal,2022,11,1341.1,1383.1,1358.9,8.5,33.4,1581.7
PF001451,CROP002,Wheat,West Bengal,2022,12,1581.7,1341.1,1383.1,-3.9,51.1,1559.8
PF001452,CROP002,Wheat,West Bengal,2023,1,1559.8,1581.7,1341.1,16.8,40.8,1519.6
PF001453,CROP002,Wheat,West Bengal,2023,2,1519.6,1559.8,1581.7,-0.2,63.6,1591.2
PF001454,CROP002,Wheat,West Bengal,2023,3,1591.2,1519.6,1559.8,11.6,49.3,1716.1
PF001455,CROP002,Wheat,West Bengal,2023,4,1716.1,1591.2,1519.6,30.3,62.3,1621.8
PF001456,CROP002,Wheat,West Bengal,2023,5,1621.8,1716.1,1591.2,-17.2,37.2,1518.1
PF001457,CROP002,Wheat,West Bengal,2023,6,1518.1,1621.8,1716.1,4.9,72.2,1467.7
PF001458,CROP002,Wheat,West Bengal,2023,7,1467.7,1518.1,1621.8,11.9,35.6,1392.5
PF001459,CROP002,Wheat,West Bengal,2023,8,1392.5,1467.7,1518.1,0.5,44.2,1358.3
PF001460,CROP002,Wheat,West Bengal,2023,9,1358.3,1392.5,1467.7,-15.1,55.7,1429.2
PF001461,CROP002,Wheat,West Bengal,2023,10,1429.2,1358.3,1392.5,9.6,53.8,1359.4
PF001462,CROP002,Wheat,West Bengal,2023,11,1359.4,1429.2,1358.3,-1.7,36.5,1505.2
PF001463,CROP002,Wheat,West Bengal,2023,12,1505.2,1359.4,1429.2,16.7,35.8,1586.1
PF001496,CROP002,Wheat,West Bengal,2021,4,1772.2,1732.7,1666.4,-6.9,33.6,1662.6
PF001497,CROP002,Wheat,West Bengal,2021,5,1662.6,1772.2,1732.7,9.7,26.0,1710.6
PF001498,CROP002,Wheat,West Bengal,2021,6,1710.6,1662.6,1772.2,-3.1,41.2,1563.6
PF001499,CROP002,Wheat,West Bengal,2021,7,1563.6,1710.6,1662.6,-1.3,36.5,1531.4
PF001500,CROP002,Wheat,West Bengal,2021,8,1531.4,1563.6,1710.6,9.4,46.1,1520.6
PF001501,CROP002,Wheat,West Bengal,2021,9,1520.6,1531.4,1563.6,-0.1,50.2,1522.1
PF001502,CROP002,Wheat,West Bengal,2021,10,1522.1,1520.6,1531.4,-10.5,36.3,1455.1
PF001503,CROP002,Wheat,West Bengal,2021,11,1455.1,1522.1,1520.6,14.5,38.9,1517.9
PF001504,CROP002,Wheat,West Bengal,2021,12,1517.9,1455.1,1522.1,4.3,47.8,1679.2
PF001505,CROP002,Wheat,West Bengal,2022,1,1679.2,1517.9,1455.1,-6.2,56.8,1758.6
PF001506,CROP002,Wheat,West Bengal,2022,2,1758.6,1679.2,1517.9,-5.2,56.7,1725.5
PF001507,CROP002,Wheat,West Bengal,2022,3,1725.5,1758.6,1679.2,-2.6,55.5,1729.9
PF001508,CROP002,Wheat,West Bengal,2022,4,1729.9,1725.5,1758.6,-3.6,74.2,1723.0
PF001509,CROP002,Wheat,West Bengal,2022,5,1723.0,1729.9,1725.5,3.4,60.8,1640.2
PF001510,CROP002,Wheat,West Bengal,2022,6,1640.2,1723.0,1729.9,-20.0,36.3,1719.8
PF001511,CROP002,Wheat,West Bengal,2022,7,1719.8,1640.2,1723.0,20.6,40.1,1552.8
PF001512,CROP002,Wheat,West Bengal,2022,8,1552.8,1719.8,1640.2,-16.3,51.6,1510.2
PF001513,CROP002,Wheat,West Bengal,2022,9,1510.2,1552.8,1719.8,-18.2,66.5,1473.6
PF001514,CROP002,Wheat,West Bengal,2022,10,1473.6,1510.2,1552.8,8.5,43.3,1523.6
PF001515,CROP002,Wheat,West Bengal,2022,11,1523.6,1473.6,1510.2,17.0,41.5,1510.2
PF001516,CROP002,Wheat,West Bengal,2022,12,1510.2,1523.6,1473.6,-12.8,67.9,1627.5
PF001517,CROP002,Wheat,West Bengal,2023,1,1627.5,1510.2,1523.6,9.4,62.1,1752.9
PF001518,CROP002,Wheat,West Bengal,2023,2,1752.9,1627.5,1510.2,-8.9,27.1,1829.2
PF001519,CROP002,Wheat,West Bengal,2023,3,1829.2,1752.9,1627.5,-26.6,51.3,1766.0
PF001520,CROP002,Wheat,West Bengal,2023,4,1766.0,1829.2,1752.9,-20.6,49.8,1923.3
PF001521,CROP002,Wheat,West Bengal,2023,5,1923.3,1766.0,1829.2,-17.3,61.5,1953.1
PF001522,CROP002,Wheat,West Bengal,2023,6,1953.1,1923.3,1766.0,-2.6,57.9,1749.1
PF001523,CROP002,Wheat,West Bengal,2023,7,1749.1,1953.1,1923.3,-10.0,64.6,1591.3
PF001524,CROP002,Wheat,West Bengal,2023,8,1591.3,1749.1,1953.1,-30.7,41.0,1555.7
PF001525,CROP002,Wheat,West Bengal,2023,9,1555.7,1591.3,1749.1,5.9,41.4,1391.3
PF001526,CROP002,Wheat,West Bengal,2023,10,1391.3,1555.7,1591.3,-10.5,46.9,1523.9
PF001527,CROP002,Wheat,West Bengal,2023,11,1523.9,1391.3,1555.7,22.0,52.6,1513.8
PF001528,CROP002,Wheat,West Bengal,2023,12,1513.8,1523.9,1391.3,12.8,46.9,1624.4
PF001561,CROP003,Maize,Punjab,2021,4,5435.8,5433.6,5072.6,11.4,61.3,5243.7
PF001562,CROP003,Maize,Punjab,2021,5,5243.7,5435.8,5433.6,-10.8,61.0,5223.9
PF001563,CROP003,Maize,Punjab,2021,6,5223.9,5243.7,5435.8,6.1,43.2,4994.4
PF001564,CROP003,Maize,Punjab,2021,7,4994.4,5223.9,5243.7,-3.9,45.8,4697.2
PF001565,CROP003,Maize,Punjab,2021,8,4697.2,4994.4,5223.9,3.4,54.7,4906.6
PF001566,CROP003,Maize,Punjab,2021,9,4906.6,4697.2,4994.4,-19.5,42.8,4902.2
PF001567,CROP003,Maize,Punjab,2021,10,4902.2,4906.6,4697.2,6.6,50.3,4501.4
PF001568,CROP003,Maize,Punjab,2021,11,4501.4,4902.2,4906.6,15.0,56.0,4527.3
PF001569,CROP003,Maize,Punjab,2021,12,4527.3,4501.4,4902.2,-14.4,64.5,4921.1
PF001570,CROP003,Maize,Punjab,2022,1,4921.1,4527.3,4501.4,-5.5,43.3,5330.2
PF001571,CROP003,Maize,Punjab,2022,2,5330.2,4921.1,4527.3,6.7,62.1,5367.3
PF001572,CROP003,Maize,Punjab,2022,3,5367.3,5330.2,4921.1,10.2,51.9,5287.9
PF001573,CROP003,Maize,Punjab,2022,4,5287.9,5367.3,5330.2,8.4,42.4,5342.9
PF001574,CROP003,Maize,Punjab,2022,5,5342.9,5287.9,5367.3,-21.0,54.8,4921.9
PF001575,CROP003,Maize,Punjab,2022,6,4921.9,5342.9,5287.9,-7.1,37.2,4629.0
PF001576,CROP003,Maize,Punjab,2022,7,4629.0,4921.9,5342.9,16.6,35.6,4607.1
PF001577,CROP003,Maize,Punjab,2022,8,4607.1,4629.0,4921.9,-6.8,36.8,4566.7
PF001578,CROP003,Maize,Punjab,2022,9,4566.7,4607.1,4629.0,-0.9,56.8,4510.2
PF001579,CROP003,Maize,Punjab,2022,10,4510.2,4566.7,4607.1,-3.9,44.5,4377.9
PF001580,CROP003,Maize,Punjab,2022,11,4377.9,4510.2,4566.7,4.9,52.5,4664.3
PF001581,CROP003,Maize,Punjab,2022,12,4664.3,4377.9,4510.2,-20.9,68.7,4988.3
PF001582,CROP003,Maize,Punjab,2023,1,4988.3,4664.3,4377.9,-3.6,43.0,5272.6
PF001583,CROP003,Maize,Punjab,2023,2,5272.6,4988.3,4664.3,1.0,54.9,5455.0
PF001584,CROP003,Maize,Punjab,2023,3,5455.0,5272.6,4988.3,-8.9,51.7,5827.5
PF001585,CROP003,Maize,Punjab,2023,4,5827.5,5455.0,5272.6,-0.3,50.4,5564.1
PF001586,CROP003,Maize,Punjab,2023,5,5564.1,5827.5,5455.0,-8.8,23.6,4789.1
PF001587,CROP003,Maize,Punjab,2023,6,4789.1,5564.1,5827.5,0.6,34.3,4909.9
PF001588,CROP003,Maize,Punjab,2023,7,4909.9,4789.1,5564.1,-15.3,56.5,4625.4
PF001589,CROP003,Maize,Punjab,2023,8,4625.4,4909.9,4789.1,-14.8,64.4,4620.7
PF001590,CROP003,Maize,Punjab,2023,9,4620.7,4625.4,4909.9,9.6,48.2,4604.5
PF001591,CROP003,Maize,Punjab,2023,10,4604.5,4620.7,4625.4,-22.8,53.0,4547.8
PF001592,CROP003,Maize,Punjab,2023,11,4547.8,4604.5,4620.7,-18.7,34.1,4731.2
PF001593,CROP003,Maize,Punjab,2023,12,4731.2,4547.8,4604.5,4.3,44.4,4977.4
PF001626,CROP003,Maize,Punjab,2021,4,4811.4,4632.4,4583.5,12.6,36.9,4990.7
PF001627,CROP003,Maize,Punjab,2021,5,4990.7,4811.4,4632.4,-31.9,45.6,4792.0
PF001628,CROP003,Maize,Punjab,2021,6,4792.0,4990.7,4811.4,-15.9,55.4,4286.3
PF001629,CROP003,Maize,Punjab,2021,7,4286.3,4792.0,4990.7,10.8,39.3,4011.7
PF001630,CROP003,Maize,Punjab,2021,8,4011.7,4286.3,4792.0,24.2,67.1,4104.7
PF001631,CROP003,Maize,Punjab,2021,9,4104.7,4011.7,4286.3,-17.4,37.0,3773.5
PF001632,CROP003,Maize,Punjab,2021,10,3773.5,4104.7,4011.7,-12.5,41.6,4085.5
PF001633,CROP003,Maize,Punjab,2021,11,4085.5,3773.5,4104.7,-9.1,43.0,4136.9
PF001634,CROP003,Maize,Punjab,2021,12,4136.9,4085.5,3773.5,30.7,56.7,4439.1
PF001635,CROP003,Maize,Punjab,2022,1,4439.1,4136.9,4085.5,19.7,55.0,4813.3
PF001636,CROP003,Maize,Punjab,2022,2,4813.3,4439.1,4136.9,-19.3,23.9,4908.4
PF001637,CROP003,Maize,Punjab,2022,3,4908.4,4813.3,4439.1,5.8,67.8,5483.5
PF001638,CROP003,Maize,Punjab,2022,4,5483.5,4908.4,4813.3,-4.7,70.1,4947.5
PF001639,CROP003,Maize,Punjab,2022,5,4947.5,5483.5,4908.4,-2.3,43.9,4419.7
PF001640,CROP003,Maize,Punjab,2022,6,4419.7,4947.5,5483.5,0.7,49.2,5111.9
PF001641,CROP003,Maize,Punjab,2022,7,5111.9,4419.7,4947.5,-11.2,63.4,4224.5
PF001642,CROP003,Maize,Punjab,2022,8,4224.5,5111.9,4419.7,-4.2,50.0,4108.3
PF001643,CROP003,Maize,Punjab,2022,9,4108.3,4224.5,5111.9,3.8,42.1,3901.0
PF001644,CROP003,Maize,Punjab,2022,10,3901.0,4108.3,4224.5,-20.3,42.5,3867.9
PF001645,CROP003,Maize,Punjab,2022,11,3867.9,3901.0,4108.3,19.4,49.2,4025.3
PF001646,CROP003,Maize,Punjab,2022,12,4025.3,3867.9,3901.0,-8.0,33.0,4436.1
PF001647,CROP003,Maize,Punjab,2023,1,4436.1,4025.3,3867.9,2.6,38.6,4651.5
PF001648,CROP003,Maize,Punjab,2023,2,4651.5,4436.1,4025.3,5.4,26.0,4609.9
PF001649,CROP003,Maize,Punjab,2023,3,4609.9,4651.5,4436.1,-1.7,40.7,4717.0
PF001650,CROP003,Maize,Punjab,2023,4,4717.0,4609.9,4651.5,-19.2,50.9,4975.4
PF001651,CROP003,Maize,Punjab,2023,5,4975.4,4717.0,4609.9,-14.6,54.7,4780.0
PF001652,CROP003,Maize,Punjab,2023,6,4780.0,4975.4,4717.0,32.1,67.1,4668.4
PF001653,CROP003,Maize,Punjab,2023,7,4668.4,4780.0,4975.4,-10.6,54.9,4524.3
PF001654,CROP003,Maize,Punjab,2023,8,4524.3,4668.4,4780.0,-2.0,43.0,3761.2
PF001655,CROP003,Maize,Punjab,2023,9,3761.2,4524.3,4668.4,-20.2,45.2,4012.8
PF001656,CROP003,Maize,Punjab,2023,10,4012.8,3761.2,4524.3,-12.9,51.5,4309.7
PF001657,CROP003,Maize,Punjab,2023,11,4309.7,4012.8,3761.2,22.0,66.8,4147.6
PF001658,CROP003,Maize,Punjab,2023,12,4147.6,4309.7,4012.8,27.2,48.3,4727.0
PF001691,CROP003,Maize,Punjab,2021,4,5693.4,5464.4,5297.3,-12.9,50.8,5579.8
PF001692,CROP003,Maize,Punjab,2021,5,5579.8,5693.4,5464.4,-10.1,83.9,5576.1
PF001693,CROP003,Maize,Punjab,2021,6,5576.1,5579.8,5693.4,-1.3,64.9,5202.5
PF001694,CROP003,Maize,Punjab,2021,7,5202.5,5576.1,5579.8,16.3,40.0,4155.1
PF001695,CROP003,Maize,Punjab,2021,8,4155.1,5202.5,5576.1,6.1,59.3,4570.7
PF001696,CROP003,Maize,Punjab,2021,9,4570.7,4155.1,5202.5,11.9,65.7,4418.7
PF001697,CROP003,Maize,Punjab,2021,10,4418.7,4570.7,4155.1,6.2,50.9,4332.2
PF001698,CROP003,Maize,Punjab,2021,11,4332.2,4418.7,4570.7,13.3,47.1,4343.4
PF001699,CROP003,Maize,Punjab,2021,12,4343.4,4332.2,4418.7,-17.8,51.5,4938.6
PF001700,CROP003,Maize,Punjab,2022,1,4938.6,4343.4,4332.2,-10.6,47.3,5440.1
PF001701,CROP003,Maize,Punjab,2022,2,5440.1,4938.6,4343.4,2.8,58.0,5707.7
PF001702,CROP003,Maize,Punjab,2022,3,5707.7,5440.1,4938.6,-16.1,39.3,5492.5
PF001703,CROP003,Maize,Punjab,2022,4,5492.5,5707.7,5440.1,-4.3,53.5,5929.3
PF001704,CROP003,Maize,Punjab,2022,5,5929.3,5492.5,5707.7,-18.5,35.6,5323.4
PF001705,CROP003,Maize,Punjab,2022,6,5323.4,5929.3,5492.5,4.9,54.6,4816.2
PF001706,CROP003,Maize,Punjab,2022,7,4816.2,5323.4,5929.3,27.7,39.0,4658.4
PF001707,CROP003,Maize,Punjab,2022,8,4658.4,4816.2,5323.4,9.2,49.5,4574.0
PF001708,CROP003,Maize,Punjab,2022,9,4574.0,4658.4,4816.2,15.5,54.2,4491.3
PF001709,CROP003,Maize,Punjab,2022,10,4491.3,4574.0,4658.4,28.6,48.3,4611.0
PF001710,CROP003,Maize,Punjab,2022,11,4611.0,4491.3,4574.0,29.0,57.1,4952.9
PF001711,CROP003,Maize,Punjab,2022,12,4952.9,4611.0,4491.3,-25.0,51.6,5349.2
PF001712,CROP003,Maize,Punjab,2023,1,5349.2,4952.9,4611.0,0.1,57.8,5332.2
PF001713,CROP003,Maize,Punjab,2023,2,5332.2,5349.2,4952.9,12.0,52.7,5437.4
PF001714,CROP003,Maize,Punjab,2023,3,5437.4,5332.2,5349.2,-8.0,67.6,5569.9
PF001715,CROP003,Maize,Punjab,2023,4,5569.9,5437.4,5332.2,-22.2,61.0,5649.4
PF001716,CROP003,Maize,Punjab,2023,5,5649.4,5569.9,5437.4,9.5,59.5,5423.3
PF001717,CROP003,Maize,Punjab,2023,6,5423.3,5649.4,5569.9,-12.1,70.9,5023.0
PF001718,CROP003,Maize,Punjab,2023,7,5023.0,5423.3,5649.4,13.6,46.2,4702.9
PF001719,CROP003,Maize,Punjab,2023,8,4702.9,5023.0,5423.3,8.6,49.6,4415.7
PF001720,CROP003,Maize,Punjab,2023,9,4415.7,4702.9,5023.0,-13.7,49.8,4678.8
PF001721,CROP003,Maize,Punjab,2023,10,4678.8,4415.7,4702.9,-22.6,42.5,4463.5
PF001722,CROP003,Maize,Punjab,2023,11,4463.5,4678.8,4415.7,-3.6,27.1,4822.5
PF001723,CROP003,Maize,Punjab,2023,12,4822.5,4463.5,4678.8,3.0,67.7,5297.0
PF001756,CROP003,Maize,Haryana,2021,4,5626.2,5604.3,5392.3,-7.8,60.0,5329.0
PF001757,CROP003,Maize,Haryana,2021,5,5329.0,5626.2,5604.3,-15.8,52.0,5237.0
PF001758,CROP003,Maize,Haryana,2021,6,5237.0,5329.0,5626.2,-14.5,66.2,4952.3
PF001759,CROP003,Maize,Haryana,2021,7,4952.3,5237.0,5329.0,10.9,67.9,4764.0
PF001760,CROP003,Maize,Haryana,2021,8,4764.0,4952.3,5237.0,6.6,48.7,4483.6
PF001761,CROP003,Maize,Haryana,2021,9,4483.6,4764.0,4952.3,6.9,52.6,4342.7
PF001762,CROP003,Maize,Haryana,2021,10,4342.7,4483.6,4764.0,-13.5,51.9,4734.2
PF001763,CROP003,Maize,Haryana,2021,11,4734.2,4342.7,4483.6,-0.6,50.2,5039.2
PF001764,CROP003,Maize,Haryana,2021,12,5039.2,4734.2,4342.7,11.8,72.7,5180.6
PF001765,CROP003,Maize,Haryana,2022,1,5180.6,5039.2,4734.2,-13.2,48.6,5169.6
PF001766,CROP003,Maize,Haryana,2022,2,5169.6,5180.6,5039.2,-15.7,60.0,5802.2
PF001767,CROP003,Maize,Haryana,2022,3,5802.2,5169.6,5180.6,-3.6,51.7,5194.4
PF001768,CROP003,Maize,Haryana,2022,4,5194.4,5802.2,5169.6,-14.9,21.0,5254.4
PF001769,CROP003,Maize,Haryana,2022,5,5254.4,5194.4,5802.2,-2.4,76.6,5695.2
PF001770,CROP003,Maize,Haryana,2022,6,5695.2,5254.4,5194.4,6.8,45.7,5131.7
PF001771,CROP003,Maize,Haryana,2022,7,5131.7,5695.2,5254.4,-9.9,76.9,5047.2
PF001772,CROP003,Maize,Haryana,2022,8,5047.2,5131.7,5695.2,21.6,36.1,4449.9
PF001773,CROP003,Maize,Haryana,2022,9,4449.9,5047.2,5131.7,19.8,48.7,4599.8
PF001774,CROP003,Maize,Haryana,2022,10,4599.8,4449.9,5047.2,5.0,50.4,4629.8
PF001775,CROP003,Maize,Haryana,2022,11,4629.8,4599.8,4449.9,6.3,55.4,5214.8
PF001776,CROP003,Maize,Haryana,2022,12,5214.8,4629.8,4599.8,9.1,52.5,5367.2
PF001777,CROP003,Maize,Haryana,2023,1,5367.2,5214.8,4629.8,16.6,54.2,5248.3
PF001778,CROP003,Maize,Haryana,2023,2,5248.3,5367.2,5214.8,-26.4,59.0,5636.7
PF001779,CROP003,Maize,Haryana,2023,3,5636.7,5248.3,5367.2,-8.4,61.0,5418.8
PF001780,CROP003,Maize,Haryana,2023,4,5418.8,5636.7,5248.3,-19.0,62.3,5336.3
PF001781,CROP003,Maize,Haryana,2023,5,5336.3,5418.8,5636.7,-14.6,62.5,5716.0
PF001782,CROP003,Maize,Haryana,2023,6,5716.0,5336.3,5418.8,38.5,58.7,5254.4
PF001783,CROP003,Maize,Haryana,2023,7,5254.4,5716.0,5336.3,7.0,50.8,4880.1
PF001784,CROP003,Maize,Haryana,2023,8,4880.1,5254.4,5716.0,-12.0,51.2,4501.5
PF001785,CROP003,Maize,Haryana,2023,9,4501.5,4880.1,5254.4,4.4,42.3,4580.7
PF001786,CROP003,Maize,Haryana,2023,10,4580.7,4501.5,4880.1,-13.2,43.6,4787.7
PF001787,CROP003,Maize,Haryana,2023,11,4787.7,4580.7,4501.5,-1.8,52.7,4906.2
PF001788,CROP003,Maize,Haryana,2023,12,4906.2,4787.7,4580.7,-15.8,42.7,5246.3
PF001821,CROP003,Maize,Haryana,2021,4,5630.6,5521.9,5350.3,-1.0,73.4,5298.6
PF001822,CROP003,Maize,Haryana,2021,5,5298.6,5630.6,5521.9,-14.7,59.6,4967.1
PF001823,CROP003,Maize,Haryana,2021,6,4967.1,5298.6,5630.6,1.0,54.4,4446.1
PF001824,CROP003,Maize,Haryana,2021,7,4446.1,4967.1,5298.6,16.6,37.2,4487.0
PF001825,CROP003,Maize,Haryana,2021,8,4487.0,4446.1,4967.1,10.8,52.4,4205.0
PF001826,CROP003,Maize,Haryana,2021,9,4205.0,4487.0,4446.1,7.5,46.3,4908.5
PF001827,CROP003,Maize,Haryana,2021,10,4908.5,4205.0,4487.0,12.5,41.9,4783.9
PF001828,CROP003,Maize,Haryana,2021,11,4783.9,4908.5,4205.0,-11.4,42.9,5069.9
PF001829,CROP003,Maize,Haryana,2021,12,5069.9,4783.9,4908.5,23.4,50.5,4524.7
PF001830,CROP003,Maize,Haryana,2022,1,4524.7,5069.9,4783.9,23.0,49.2,5157.5
PF001831,CROP003,Maize,Haryana,2022,2,5157.5,4524.7,5069.9,-6.2,53.2,4787.2
PF001832,CROP003,Maize,Haryana,2022,3,4787.2,5157.5,4524.7,11.5,35.3,5346.6
PF001833,CROP003,Maize,Haryana,2022,4,5346.6,4787.2,5157.5,-13.9,56.4,5264.2
PF001834,CROP003,Maize,Haryana,2022,5,5264.2,5346.6,4787.2,15.6,56.8,5516.3
PF001835,CROP003,Maize,Haryana,2022,6,5516.3,5264.2,5346.6,6.9,60.0,4914.9
PF001836,CROP003,Maize,Haryana,2022,7,4914.9,5516.3,5264.2,-22.0,53.2,4810.4
PF001837,CROP003,Maize,Haryana,2022,8,4810.4,4914.9,5516.3,-12.2,34.9,4264.7
PF001838,CROP003,Maize,Haryana,2022,9,4264.7,4810.4,4914.9,-24.8,62.7,4382.6
PF001839,CROP003,Maize,Haryana,2022,10,4382.6,4264.7,4810.4,-8.6,57.8,4732.9
PF001840,CROP003,Maize,Haryana,2022,11,4732.9,4382.6,4264.7,24.7,48.3,4663.7
PF001841,CROP003,Maize,Haryana,2022,12,4663.7,4732.9,4382.6,-8.7,55.5,4845.7
PF001842,CROP003,Maize,Haryana,2023,1,4845.7,4663.7,4732.9,-13.9,33.8,5243.9
PF001843,CROP003,Maize,Haryana,2023,2,5243.9,4845.7,4663.7,34.8,63.7,5334.1
PF001844,CROP003,Maize,Haryana,2023,3,5334.1,5243.9,4845.7,16.9,32.8,5884.4
PF001845,CROP003,Maize,Haryana,2023,4,5884.4,5334.1,5243.9,9.9,39.9,5683.2
PF001846,CROP003,Maize,Haryana,2023,5,5683.2,5884.4,5334.1,-1.7,58.3,5488.0
PF001847,CROP003,Maize,Haryana,2023,6,5488.0,5683.2,5884.4,23.5,50.0,5193.1
PF001848,CROP003,Maize,Haryana,2023,7,5193.1,5488.0,5683.2,13.3,39.0,4618.4
PF001849,CROP003,Maize,Haryana,2023,8,4618.4,5193.1,5488.0,10.8,58.0,4501.3
PF001850,CROP003,Maize,Haryana,2023,9,4501.3,4618.4,5193.1,32.7,55.1,4560.8
PF001851,CROP003,Maize,Haryana,2023,10,4560.8,4501.3,4618.4,26.3,69.5,4741.9
PF001852,CROP003,Maize,Haryana,2023,11,4741.9,4560.8,4501.3,-17.6,54.5,4740.5
PF001853,CROP003,Maize,Haryana,2023,12,4740.5,4741.9,4560.8,16.4,68.0,5062.8
PF001886,CROP003,Maize,Uttar Pradesh,2021,4,4768.3,4790.5,4797.3,18.8,48.5,4829.6
PF001887,CROP003,Maize,Uttar Pradesh,2021,5,4829.6,4768.3,4790.5,-5.6,33.1,4779.3
PF001888,CROP003,Maize,Uttar Pradesh,2021,6,4779.3,4829.6,4768.3,5.4,38.2,4568.4
PF001889,CROP003,Maize,Uttar Pradesh,2021,7,4568.4,4779.3,4829.6,-10.6,48.9,4464.5
PF001890,CROP003,Maize,Uttar Pradesh,2021,8,4464.5,4568.4,4779.3,-20.4,42.0,4371.0
PF001891,CROP003,Maize,Uttar Pradesh,2021,9,4371.0,4464.5,4568.4,-16.3,53.1,4368.8
PF001892,CROP003,Maize,Uttar Pradesh,2021,10,4368.8,4371.0,4464.5,-11.9,37.3,4085.6
PF001893,CROP003,Maize,Uttar Pradesh,2021,11,4085.6,4368.8,4371.0,8.1,56.8,4387.2
PF001894,CROP003,Maize,Uttar Pradesh,2021,12,4387.2,4085.6,4368.8,-22.0,28.7,4508.6
PF001895,CROP003,Maize,Uttar Pradesh,2022,1,4508.6,4387.2,4085.6,1.7,29.0,4857.8
PF001896,CROP003,Maize,Uttar Pradesh,2022,2,4857.8,4508.6,4387.2,-5.9,60.2,4743.6
PF001897,CROP003,Maize,Uttar Pradesh,2022,3,4743.6,4857.8,4508.6,10.1,69.8,4874.9
PF001898,CROP003,Maize,Uttar Pradesh,2022,4,4874.9,4743.6,4857.8,0.1,38.0,5019.4
PF001899,CROP003,Maize,Uttar Pradesh,2022,5,5019.4,4874.9,4743.6,-3.4,36.8,4704.8
PF001900,CROP003,Maize,Uttar Pradesh,2022,6,4704.8,5019.4,4874.9,-23.9,58.5,4534.8
PF001901,CROP003,Maize,Uttar Pradesh,2022,7,4534.8,4704.8,5019.4,-12.0,67.3,4471.5
PF001902,CROP003,Maize,Uttar Pradesh,2022,8,4471.5,4534.8,4704.8,0.5,67.9,4064.9
PF001903,CROP003,Maize,Uttar Pradesh,2022,9,4064.9,4471.5,4534.8,-30.6,39.6,4042.0
PF001904,CROP003,Maize,Uttar Pradesh,2022,10,4042.0,4064.9,4471.5,17.1,69.8,3917.9
PF001905,CROP003,Maize,Uttar Pradesh,2022,11,3917.9,4042.0,4064.9,-15.7,48.8,4318.7
PF001906,CROP003,Maize,Uttar Pradesh,2022,12,4318.7,3917.9,4042.0,0.3,55.6,4301.3
PF001907,CROP003,Maize,Uttar Pradesh,2023,1,4301.3,4318.7,3917.9,7.3,51.6,4773.5
PF001908,CROP003,Maize,Uttar Pradesh,2023,2,4773.5,4301.3,4318.7,-4.3,44.7,5166.8
PF001909,CROP003,Maize,Uttar Pradesh,2023,3,5166.8,4773.5,4301.3,25.9,63.1,5170.0
PF001910,CROP003,Maize,Uttar Pradesh,2023,4,5170.0,5166.8,4773.5,12.2,55.6,4342.1
PF001911,CROP003,Maize,Uttar Pradesh,2023,5,4342.1,5170.0,5166.8,-8.4,45.8,4702.1
PF001912,CROP003,Maize,Uttar Pradesh,2023,6,4702.1,4342.1,5170.0,-9.4,59.8,4817.2
PF001913,CROP003,Maize,Uttar Pradesh,2023,7,4817.2,4702.1,4342.1,-0.5,60.4,4391.4
PF001914,CROP003,Maize,Uttar Pradesh,2023,8,4391.4,4817.2,4702.1,-12.7,40.9,4040.5
PF001915,CROP003,Maize,Uttar Pradesh,2023,9,4040.5,4391.4,4817.2,-7.9,47.8,4167.4
PF001916,CROP003,Maize,Uttar Pradesh,2023,10,4167.4,4040.5,4391.4,-7.0,41.8,4055.0
PF001917,CROP003,Maize,Uttar Pradesh,2023,11,4055.0,4167.4,4040.5,13.1,56.5,4398.2
PF001918,CROP003,Maize,Uttar Pradesh,2023,12,4398.2,4055.0,4167.4,-3.2,55.0,4667.1
PF001951,CROP003,Maize,Uttar Pradesh,2021,4,5570.3,5180.3,4759.6,-4.9,61.3,5160.4
PF001952,CROP003,Maize,Uttar Pradesh,2021,5,5160.4,5570.3,5180.3,24.8,62.6,4845.1
PF001953,CROP003,Maize,Uttar Pradesh,2021,6,4845.1,5160.4,5570.3,7.1,43.4,4715.0
PF001954,CROP003,Maize,Uttar Pradesh,2021,7,4715.0,4845.1,5160.4,-12.3,43.1,4444.0
PF001955,CROP003,Maize,Uttar Pradesh,2021,8,4444.0,4715.0,4845.1,-21.8,51.6,4256.8
PF001956,CROP003,Maize,Uttar Pradesh,2021,9,4256.8,4444.0,4715.0,-8.0,61.1,4380.3
PF001957,CROP003,Maize,Uttar Pradesh,2021,10,4380.3,4256.8,4444.0,22.2,44.3,4390.6
PF001958,CROP003,Maize,Uttar Pradesh,2021,11,4390.6,4380.3,4256.8,-25.4,46.4,4417.7
PF001959,CROP003,Maize,Uttar Pradesh,2021,12,4417.7,4390.6,4380.3,-28.2,56.0,4824.7
PF001960,CROP003,Maize,Uttar Pradesh,2022,1,4824.7,4417.7,4390.6,14.6,49.7,5047.8
PF001961,CROP003,Maize,Uttar Pradesh,2022,2,5047.8,4824.7,4417.7,0.1,52.6,5116.9
PF001962,CROP003,Maize,Uttar Pradesh,2022,3,5116.9,5047.8,4824.7,-20.6,47.6,5415.3
PF001963,CROP003,Maize,Uttar Pradesh,2022,4,5415.3,5116.9,5047.8,24.1,47.6,4957.8
PF001964,CROP003,Maize,Uttar Pradesh,2022,5,4957.8,5415.3,5116.9,16.4,30.8,5049.8
PF001965,CROP003,Maize,Uttar Pradesh,2022,6,5049.8,4957.8,5415.3,-2.0,42.5,4570.7
PF001966,CROP003,Maize,Uttar Pradesh,2022,7,4570.7,5049.8,4957.8,-12.4,52.0,4339.5
PF001967,CROP003,Maize,Uttar Pradesh,2022,8,4339.5,4570.7,5049.8,-5.5,57.4,3922.7
PF001968,CROP003,Maize,Uttar Pradesh,2022,9,3922.7,4339.5,4570.7,-27.3,60.5,4547.1
PF001969,CROP003,Maize,Uttar Pradesh,2022,10,4547.1,3922.7,4339.5,-9.7,45.1,4174.7
PF001970,CROP003,Maize,Uttar Pradesh,2022,11,4174.7,4547.1,3922.7,9.2,47.4,4598.6
PF001971,CROP003,Maize,Uttar Pradesh,2022,12,4598.6,4174.7,4547.1,5.4,41.6,4784.1
PF001972,CROP003,Maize,Uttar Pradesh,2023,1,4784.1,4598.6,4174.7,-25.4,45.0,5076.3
PF001973,CROP003,Maize,Uttar Pradesh,2023,2,5076.3,4784.1,4598.6,-17.2,31.2,5336.9
PF001974,CROP003,Maize,Uttar Pradesh,2023,3,5336.9,5076.3,4784.1,-15.3,42.3,5401.0
PF001975,CROP003,Maize,Uttar Pradesh,2023,4,5401.0,5336.9,5076.3,4.2,44.7,5465.6
PF001976,CROP003,Maize,Uttar Pradesh,2023,5,5465.6,5401.0,5336.9,-12.4,68.2,5332.3
PF001977,CROP003,Maize,Uttar Pradesh,2023,6,5332.3,5465.6,5401.0,2.1,44.1,4730.7
PF001978,CROP003,Maize,Uttar Pradesh,2023,7,4730.7,5332.3,5465.6,-5.3,59.8,4574.6
PF001979,CROP003,Maize,Uttar Pradesh,2023,8,4574.6,4730.7,5332.3,-10.1,43.2,4094.6
PF001980,CROP003,Maize,Uttar Pradesh,2023,9,4094.6,4574.6,4730.7,1.3,67.6,4295.1
PF001981,CROP003,Maize,Uttar Pradesh,2023,10,4295.1,4094.6,4574.6,10.3,55.5,4293.8
PF001982,CROP003,Maize,Uttar Pradesh,2023,11,4293.8,4295.1,4094.6,3.3,24.5,4546.5
PF001983,CROP003,Maize,Uttar Pradesh,2023,12,4546.5,4293.8,4295.1,-11.5,49.4,4595.5
PF002016,CROP003,Maize,Uttar Pradesh,2021,4,5974.2,5343.4,5075.3,-4.1,45.8,5479.1
PF002017,CROP003,Maize,Uttar Pradesh,2021,5,5479.1,5974.2,5343.4,-21.1,35.2,5319.5
PF002018,CROP003,Maize,Uttar Pradesh,2021,6,5319.5,5479.1,5974.2,-34.2,41.0,5080.0
PF002019,CROP003,Maize,Uttar Pradesh,2021,7,5080.0,5319.5,5479.1,-25.1,47.2,4588.3
PF002020,CROP003,Maize,Uttar Pradesh,2021,8,4588.3,5080.0,5319.5,3.1,49.2,4207.6
PF002021,CROP003,Maize,Uttar Pradesh,2021,9,4207.6,4588.3,5080.0,33.1,50.5,4660.2
PF002022,CROP003,Maize,Uttar Pradesh,2021,10,4660.2,4207.6,4588.3,-5.9,43.8,4529.9
PF002023,CROP003,Maize,Uttar Pradesh,2021,11,4529.9,4660.2,4207.6,6.8,56.9,4843.0
PF002024,CROP003,Maize,Uttar Pradesh,2021,12,4843.0,4529.9,4660.2,-0.6,54.2,5408.1
PF002025,CROP003,Maize,Uttar Pradesh,2022,1,5408.1,4843.0,4529.9,47.4,63.8,5530.8
PF002026,CROP003,Maize,Uttar Pradesh,2022,2,5530.8,5408.1,4843.0,-0.4,44.8,5297.1
PF002027,CROP003,Maize,Uttar Pradesh,2022,3,5297.1,5530.8,5408.1,-3.2,52.7,5927.2
PF002028,CROP003,Maize,Uttar Pradesh,2022,4,5927.2,5297.1,5530.8,12.3,52.4,5587.6
PF002029,CROP003,Maize,Uttar Pradesh,2022,5,5587.6,5927.2,5297.1,-11.5,60.5,4962.8
PF002030,CROP003,Maize,Uttar Pradesh,2022,6,4962.8,5587.6,5927.2,-2.1,48.5,5019.7
PF002031,CROP003,Maize,Uttar Pradesh,2022,7,5019.7,4962.8,5587.6,-6.3,43.6,4987.1
PF002032,CROP003,Maize,Uttar Pradesh,2022,8,4987.1,5019.7,4962.8,-14.7,52.5,4358.7
PF002033,CROP003,Maize,Uttar Pradesh,2022,9,4358.7,4987.1,5019.7,-5.0,54.4,4665.1
PF002034,CROP003,Maize,Uttar Pradesh,2022,10,4665.1,4358.7,4987.1,6.2,23.5,4714.4
PF002035,CROP003,Maize,Uttar Pradesh,2022,11,4714.4,4665.1,4358.7,-6.4,29.5,5052.4
PF002036,CROP003,Maize,Uttar Pradesh,2022,12,5052.4,4714.4,4665.1,5.7,62.6,4919.3
PF002037,CROP003,Maize,Uttar Pradesh,2023,1,4919.3,5052.4,4714.4,-9.6,55.0,5317.6
PF002038,CROP003,Maize,Uttar Pradesh,2023,2,5317.6,4919.3,5052.4,-7.8,73.1,5298.1
PF002039,CROP003,Maize,Uttar Pradesh,2023,3,5298.1,5317.6,4919.3,-15.3,35.2,5987.0
PF002040,CROP003,Maize,Uttar Pradesh,2023,4,5987.0,5298.1,5317.6,-20.3,42.3,6148.2
PF002041,CROP003,Maize,Uttar Pradesh,2023,5,6148.2,5987.0,5298.1,28.1,59.1,5290.2
PF002042,CROP003,Maize,Uttar Pradesh,2023,6,5290.2,6148.2,5987.0,12.6,42.5,5211.4
PF002043,CROP003,Maize,Uttar Pradesh,2023,7,5211.4,5290.2,6148.2,-15.9,30.8,4799.3
PF002044,CROP003,Maize,Uttar Pradesh,2023,8,4799.3,5211.4,5290.2,5.4,61.8,4489.2
PF002045,CROP003,Maize,Uttar Pradesh,2023,9,4489.2,4799.3,5211.4,-15.5,40.9,4534.8
PF002046,CROP003,Maize,Uttar Pradesh,2023,10,4534.8,4489.2,4799.3,5.5,68.0,4868.2
PF002047,CROP003,Maize,Uttar Pradesh,2023,11,4868.2,4534.8,4489.2,10.2,57.8,5284.0
PF002048,CROP003,Maize,Uttar Pradesh,2023,12,5284.0,4868.2,4534.8,-2.0,55.1,4988.1
PF002081,CROP003,Maize,Bihar,2021,4,5924.5,6169.6,5301.1,-2.9,61.0,6052.5
PF002082,CROP003,Maize,Bihar,2021,5,6052.5,5924.5,6169.6,-1.6,49.4,5686.3
PF002083,CROP003,Maize,Bihar,2021,6,5686.3,6052.5,5924.5,14.0,56.7,5265.2
PF002084,CROP003,Maize,Bihar,2021,7,5265.2,5686.3,6052.5,17.6,45.0,5256.8
PF002085,CROP003,Maize,Bihar,2021,8,5256.8,5265.2,5686.3,-13.7,37.1,5366.3
PF002086,CROP003,Maize,Bihar,2021,9,5366.3,5256.8,5265.2,17.9,52.6,5087.1
PF002087,CROP003,Maize,Bihar,2021,10,5087.1,5366.3,5256.8,9.5,53.8,5257.1
PF002088,CROP003,Maize,Bihar,2021,11,5257.1,5087.1,5366.3,-24.0,42.7,4997.7
PF002089,CROP003,Maize,Bihar,2021,12,4997.7,5257.1,5087.1,-3.6,58.5,5583.0
PF002090,CROP003,Maize,Bihar,2022,1,5583.0,4997.7,5257.1,5.3,43.4,6188.0
PF002091,CROP003,Maize,Bihar,2022,2,6188.0,5583.0,4997.7,-13.0,59.3,6263.8
PF002092,CROP003,Maize,Bihar,2022,3,6263.8,6188.0,5583.0,0.1,65.8,6575.6
PF002093,CROP003,Maize,Bihar,2022,4,6575.6,6263.8,6188.0,5.8,47.7,6097.2
PF002094,CROP003,Maize,Bihar,2022,5,6097.2,6575.6,6263.8,-9.2,33.4,5784.1
PF002095,CROP003,Maize,Bihar,2022,6,5784.1,6097.2,6575.6,-17.5,65.2,5626.0
PF002096,CROP003,Maize,Bihar,2022,7,5626.0,5784.1,6097.2,5.2,68.5,5250.0
PF002097,CROP003,Maize,Bihar,2022,8,5250.0,5626.0,5784.1,11.7,56.6,5424.4
PF002098,CROP003,Maize,Bihar,2022,9,5424.4,5250.0,5626.0,3.2,44.3,5165.5
PF002099,CROP003,Maize,Bihar,2022,10,5165.5,5424.4,5250.0,12.4,57.7,5102.2
PF002100,CROP003,Maize,Bihar,2022,11,5102.2,5165.5,5424.4,-10.5,53.0,5259.1
PF002101,CROP003,Maize,Bihar,2022,12,5259.1,5102.2,5165.5,-17.0,53.5,5623.1
PF002102,CROP003,Maize,Bihar,2023,1,5623.1,5259.1,5102.2,0.9,35.1,6047.3
PF002103,CROP003,Maize,Bihar,2023,2,6047.3,5623.1,5259.1,-16.6,37.9,6372.1
PF002104,CROP003,Maize,Bihar,2023,3,6372.1,6047.3,5623.1,-10.2,57.7,6549.2
PF002105,CROP003,Maize,Bihar,2023,4,6549.2,6372.1,6047.3,-1.0,49.6,6461.1
PF002106,CROP003,Maize,Bihar,2023,5,6461.1,6549.2,6372.1,-24.0,57.8,6248.8
PF002107,CROP003,Maize,Bihar,2023,6,6248.8,6461.1,6549.2,-35.5,48.2,6028.6
PF002108,CROP003,Maize,Bihar,2023,7,6028.6,6248.8,6461.1,31.4,58.1,5515.4
PF002109,CROP003,Maize,Bihar,2023,8,5515.4,6028.6,6248.8,17.5,56.0,5187.1
PF002110,CROP003,Maize,Bihar,2023,9,5187.1,5515.4,6028.6,4.3,73.0,5376.4
PF002111,CROP003,Maize,Bihar,2023,10,5376.4,5187.1,5515.4,-6.6,58.1,5133.6
PF002112,CROP003,Maize,Bihar,2023,11,5133.6,5376.4,5187.1,4.3,47.6,5482.6
PF002113,CROP003,Maize,Bihar,2023,12,5482.6,5133.6,5376.4,-8.3,62.8,6164.5
PF002146,CROP003,Maize,Bihar,2021,4,5149.0,4920.8,4321.6,27.3,57.9,5048.5
PF002147,CROP003,Maize,Bihar,2021,5,5048.5,5149.0,4920.8,-20.5,55.0,4484.7
PF002148,CROP003,Maize,Bihar,2021,6,4484.7,5048.5,5149.0,-13.1,52.9,4442.1
PF002149,CROP003,Maize,Bihar,2021,7,4442.1,4484.7,5048.5,24.4,57.0,4145.1
PF002150,CROP003,Maize,Bihar,2021,8,4145.1,4442.1,4484.7,9.0,66.8,4072.3
PF002151,CROP003,Maize,Bihar,2021,9,4072.3,4145.1,4442.1,26.0,46.4,3992.8
PF002152,CROP003,Maize,Bihar,2021,10,3992.8,4072.3,4145.1,26.1,55.4,3508.2
PF002153,CROP003,Maize,Bihar,2021,11,3508.2,3992.8,4072.3,26.5,71.3,4222.7
PF002154,CROP003,Maize,Bihar,2021,12,4222.7,3508.2,3992.8,19.7,49.7,4278.9
PF002155,CROP003,Maize,Bihar,2022,1,4278.9,4222.7,3508.2,-11.7,61.8,4380.8
PF002156,CROP003,Maize,Bihar,2022,2,4380.8,4278.9,4222.7,12.3,36.6,4655.3
PF002157,CROP003,Maize,Bihar,2022,3,4655.3,4380.8,4278.9,-22.7,52.6,4815.9
PF002158,CROP003,Maize,Bihar,2022,4,4815.9,4655.3,4380.8,7.5,25.3,4811.6
PF002159,CROP003,Maize,Bihar,2022,5,4811.6,4815.9,4655.3,-23.6,46.6,4597.3
PF002160,CROP003,Maize,Bihar,2022,6,4597.3,4811.6,4815.9,-36.0,57.4,3986.9
PF002161,CROP003,Maize,Bihar,2022,7,3986.9,4597.3,4811.6,-9.9,44.4,4067.1
PF002162,CROP003,Maize,Bihar,2022,8,4067.1,3986.9,4597.3,-2.3,58.6,3629.7
PF002163,CROP003,Maize,Bihar,2022,9,3629.7,4067.1,3986.9,10.4,32.3,4123.2
PF002164,CROP003,Maize,Bihar,2022,10,4123.2,3629.7,4067.1,-3.8,35.3,4252.8
PF002165,CROP003,Maize,Bihar,2022,11,4252.8,4123.2,3629.7,-5.7,46.1,4035.7
PF002166,CROP003,Maize,Bihar,2022,12,4035.7,4252.8,4123.2,-35.7,64.3,4249.9
PF002167,CROP003,Maize,Bihar,2023,1,4249.9,4035.7,4252.8,-1.1,65.3,4662.5
PF002168,CROP003,Maize,Bihar,2023,2,4662.5,4249.9,4035.7,9.7,47.7,4640.4
PF002169,CROP003,Maize,Bihar,2023,3,4640.4,4662.5,4249.9,-15.1,37.7,4640.0
PF002170,CROP003,Maize,Bihar,2023,4,4640.0,4640.4,4662.5,18.1,46.7,4611.7
PF002171,CROP003,Maize,Bihar,2023,5,4611.7,4640.0,4640.4,-13.4,51.9,4746.5
PF002172,CROP003,Maize,Bihar,2023,6,4746.5,4611.7,4640.0,5.4,47.6,4151.3
PF002173,CROP003,Maize,Bihar,2023,7,4151.3,4746.5,4611.7,7.8,47.1,4274.8
PF002174,CROP003,Maize,Bihar,2023,8,4274.8,4151.3,4746.5,-18.7,31.7,3809.0
PF002175,CROP003,Maize,Bihar,2023,9,3809.0,4274.8,4151.3,7.0,42.4,3960.6
PF002176,CROP003,Maize,Bihar,2023,10,3960.6,3809.0,4274.8,17.6,35.1,3930.8
PF002177,CROP003,Maize,Bihar,2023,11,3930.8,3960.6,3809.0,-19.8,45.0,4355.1
PF002178,CROP003,Maize,Bihar,2023,12,4355.1,3930.8,3960.6,-4.0,33.0,4414.0
PF002211,CROP003,Maize,West Bengal,2021,4,5075.6,4947.3,4857.1,6.5,42.1,5085.8
PF002212,CROP003,Maize,West Bengal,2021,5,5085.8,5075.6,4947.3,-32.7,51.9,5378.7
PF002213,CROP003,Maize,West Bengal,2021,6,5378.7,5085.8,5075.6,4.0,36.5,4732.4
PF002214,CROP003,Maize,West Bengal,2021,7,4732.4,5378.7,5085.8,-0.5,58.3,4741.7
PF002215,CROP003,Maize,West Bengal,2021,8,4741.7,4732.4,5378.7,3.6,44.5,4063.2
PF002216,CROP003,Maize,West Bengal,2021,9,4063.2,4741.7,4732.4,6.9,62.2,4248.5
PF002217,CROP003,Maize,West Bengal,2021,10,4248.5,4063.2,4741.7,-13.9,58.0,4570.4
PF002218,CROP003,Maize,West Bengal,2021,11,4570.4,4248.5,4063.2,-7.8,28.7,4507.1
PF002219,CROP003,Maize,West Bengal,2021,12,4507.1,4570.4,4248.5,-32.3,56.7,4620.5
PF002220,CROP003,Maize,West Bengal,2022,1,4620.5,4507.1,4570.4,-4.4,44.8,4832.6
PF002221,CROP003,Maize,West Bengal,2022,2,4832.6,4620.5,4507.1,7.0,54.9,5314.5
PF002222,CROP003,Maize,West Bengal,2022,3,5314.5,4832.6,4620.5,-16.8,50.9,4964.4
PF002223,CROP003,Maize,West Bengal,2022,4,4964.4,5314.5,4832.6,24.6,60.2,4817.6
PF002224,CROP003,Maize,West Bengal,2022,5,4817.6,4964.4,5314.5,14.1,45.7,4821.0
PF002225,CROP003,Maize,West Bengal,2022,6,4821.0,4817.6,4964.4,21.7,63.3,4877.0
PF002226,CROP003,Maize,West Bengal,2022,7,4877.0,4821.0,4817.6,6.4,54.4,4061.3
PF002227,CROP003,Maize,West Bengal,2022,8,4061.3,4877.0,4821.0,35.9,49.7,4703.5
PF002228,CROP003,Maize,West Bengal,2022,9,4703.5,4061.3,4877.0,-2.6,31.7,4239.8
PF002229,CROP003,Maize,West Bengal,2022,10,4239.8,4703.5,4061.3,-6.8,49.0,4157.7
PF002230,CROP003,Maize,West Bengal,2022,11,4157.7,4239.8,4703.5,0.0,86.8,4957.0
PF002231,CROP003,Maize,West Bengal,2022,12,4957.0,4157.7,4239.8,-0.9,34.2,4391.6
PF002232,CROP003,Maize,West Bengal,2023,1,4391.6,4957.0,4157.7,-17.8,34.2,5166.0
PF002233,CROP003,Maize,West Bengal,2023,2,5166.0,4391.6,4957.0,-28.5,40.1,5007.1
PF002234,CROP003,Maize,West Bengal,2023,3,5007.1,5166.0,4391.6,-0.6,52.6,5476.2
PF002235,CROP003,Maize,West Bengal,2023,4,5476.2,5007.1,5166.0,5.1,36.2,4814.2
PF002236,CROP003,Maize,West Bengal,2023,5,4814.2,5476.2,5007.1,25.5,61.9,4961.8
PF002237,CROP003,Maize,West Bengal,2023,6,4961.8,4814.2,5476.2,1.2,45.8,5061.4
PF002238,CROP003,Maize,West Bengal,2023,7,5061.4,4961.8,4814.2,-0.4,31.6,4819.0
PF002239,CROP003,Maize,West Bengal,2023,8,4819.0,5061.4,4961.8,-5.2,52.1,4642.3
PF002240,CROP003,Maize,West Bengal,2023,9,4642.3,4819.0,5061.4,-0.6,59.4,4413.1
PF002241,CROP003,Maize,West Bengal,2023,10,4413.1,4642.3,4819.0,-17.8,39.9,4310.0
PF002242,CROP003,Maize,West Bengal,2023,11,4310.0,4413.1,4642.3,27.8,42.1,4656.8
PF002243,CROP003,Maize,West Bengal,2023,12,4656.8,4310.0,4413.1,-18.8,58.3,4769.1
PF002276,CROP003,Maize,West Bengal,2021,4,5991.9,6091.6,5967.2,-26.2,38.2,5900.5
PF002277,CROP003,Maize,West Bengal,2021,5,5900.5,5991.9,6091.6,-18.0,42.6,5991.3
PF002278,CROP003,Maize,West Bengal,2021,6,5991.3,5900.5,5991.9,-10.2,57.8,5929.9
PF002279,CROP003,Maize,West Bengal,2021,7,5929.9,5991.3,5900.5,6.4,65.8,5497.9
PF002280,CROP003,Maize,West Bengal,2021,8,5497.9,5929.9,5991.3,-1.0,45.4,5109.2
PF002281,CROP003,Maize,West Bengal,2021,9,5109.2,5497.9,5929.9,-21.4,41.7,5010.7
PF002282,CROP003,Maize,West Bengal,2021,10,5010.7,5109.2,5497.9,-21.4,37.7,5150.9
PF002283,CROP003,Maize,West Bengal,2021,11,5150.9,5010.7,5109.2,-12.9,37.5,5289.1
PF002284,CROP003,Maize,West Bengal,2021,12,5289.1,5150.9,5010.7,-4.6,52.0,5800.8
PF002285,CROP003,Maize,West Bengal,2022,1,5800.8,5289.1,5150.9,-1.9,56.6,5626.8
PF002286,CROP003,Maize,West Bengal,2022,2,5626.8,5800.8,5289.1,6.4,51.3,6257.0
PF002287,CROP003,Maize,West Bengal,2022,3,6257.0,5626.8,5800.8,-13.1,63.1,6559.3
PF002288,CROP003,Maize,West Bengal,2022,4,6559.3,6257.0,5626.8,7.8,65.1,6795.6
PF002289,CROP003,Maize,West Bengal,2022,5,6795.6,6559.3,6257.0,2.2,41.8,6229.6
PF002290,CROP003,Maize,West Bengal,2022,6,6229.6,6795.6,6559.3,-1.8,57.0,5636.9
PF002291,CROP003,Maize,West Bengal,2022,7,5636.9,6229.6,6795.6,-24.2,58.9,4910.3
PF002292,CROP003,Maize,West Bengal,2022,8,4910.3,5636.9,6229.6,35.8,67.5,5346.5
PF002293,CROP003,Maize,West Bengal,2022,9,5346.5,4910.3,5636.9,22.5,67.8,5451.6
PF002294,CROP003,Maize,West Bengal,2022,10,5451.6,5346.5,4910.3,-17.8,64.8,5458.3
PF002295,CROP003,Maize,West Bengal,2022,11,5458.3,5451.6,5346.5,13.0,15.4,5571.7
PF002296,CROP003,Maize,West Bengal,2022,12,5571.7,5458.3,5451.6,16.8,41.0,5788.1
PF002297,CROP003,Maize,West Bengal,2023,1,5788.1,5571.7,5458.3,2.3,61.0,6312.8
PF002298,CROP003,Maize,West Bengal,2023,2,6312.8,5788.1,5571.7,0.7,37.4,6235.4
PF002299,CROP003,Maize,West Bengal,2023,3,6235.4,6312.8,5788.1,3.0,45.8,6700.4
PF002300,CROP003,Maize,West Bengal,2023,4,6700.4,6235.4,6312.8,27.8,58.0,6778.9
PF002301,CROP003,Maize,West Bengal,2023,5,6778.9,6700.4,6235.4,10.6,66.3,5933.1
PF002302,CROP003,Maize,West Bengal,2023,6,5933.1,6778.9,6700.4,-12.1,53.4,5961.8
PF002303,CROP003,Maize,West Bengal,2023,7,5961.8,5933.1,6778.9,-8.4,40.2,5639.1
PF002304,CROP003,Maize,West Bengal,2023,8,5639.1,5961.8,5933.1,-3.4,45.5,5059.4
PF002305,CROP003,Maize,West Bengal,2023,9,5059.4,5639.1,5961.8,-20.2,37.9,5235.9
PF002306,CROP003,Maize,West Bengal,2023,10,5235.9,5059.4,5639.1,-10.5,49.2,5814.2
PF002307,CROP003,Maize,West Bengal,2023,11,5814.2,5235.9,5059.4,-25.3,51.8,5459.3
PF002308,CROP003,Maize,West Bengal,2023,12,5459.3,5814.2,5235.9,-12.9,54.0,5753.9
PF002341,CROP004,Sorghum (Jowar),Punjab,2021,4,4818.2,4912.1,5052.4,1.7,76.1,4818.4
PF002342,CROP004,Sorghum (Jowar),Punjab,2021,5,4818.4,4818.2,4912.1,37.8,38.3,4860.4
PF002343,CROP004,Sorghum (Jowar),Punjab,2021,6,4860.4,4818.4,4818.2,-20.0,38.1,4605.9
PF002344,CROP004,Sorghum (Jowar),Punjab,2021,7,4605.9,4860.4,4818.4,-5.5,46.2,4151.1
PF002345,CROP004,Sorghum (Jowar),Punjab,2021,8,4151.1,4605.9,4860.4,-0.6,51.2,4012.6
PF002346,CROP004,Sorghum (Jowar),Punjab,2021,9,4012.6,4151.1,4605.9,4.5,50.0,4048.1
PF002347,CROP004,Sorghum (Jowar),Punjab,2021,10,4048.1,4012.6,4151.1,2.9,52.3,3734.0
PF002348,CROP004,Sorghum (Jowar),Punjab,2021,11,3734.0,4048.1,4012.6,-22.4,46.6,4434.1
PF002349,CROP004,Sorghum (Jowar),Punjab,2021,12,4434.1,3734.0,4048.1,8.1,43.9,4293.5
PF002350,CROP004,Sorghum (Jowar),Punjab,2022,1,4293.5,4434.1,3734.0,12.3,56.5,4748.9
PF002351,CROP004,Sorghum (Jowar),Punjab,2022,2,4748.9,4293.5,4434.1,0.7,41.5,4856.9
PF002352,CROP004,Sorghum (Jowar),Punjab,2022,3,4856.9,4748.9,4293.5,-11.7,30.0,4767.7
PF002353,CROP004,Sorghum (Jowar),Punjab,2022,4,4767.7,4856.9,4748.9,6.2,61.1,4980.9
PF002354,CROP004,Sorghum (Jowar),Punjab,2022,5,4980.9,4767.7,4856.9,-12.2,45.5,4810.9
PF002355,CROP004,Sorghum (Jowar),Punjab,2022,6,4810.9,4980.9,4767.7,7.9,46.7,4862.7
PF002356,CROP004,Sorghum (Jowar),Punjab,2022,7,4862.7,4810.9,4980.9,11.7,39.0,4620.2
PF002357,CROP004,Sorghum (Jowar),Punjab,2022,8,4620.2,4862.7,4810.9,-0.8,41.2,4332.4
PF002358,CROP004,Sorghum (Jowar),Punjab,2022,9,4332.4,4620.2,4862.7,-4.3,43.2,4052.7
PF002359,CROP004,Sorghum (Jowar),Punjab,2022,10,4052.7,4332.4,4620.2,8.1,52.6,4399.1
PF002360,CROP004,Sorghum (Jowar),Punjab,2022,11,4399.1,4052.7,4332.4,-4.3,39.1,4320.8
PF002361,CROP004,Sorghum (Jowar),Punjab,2022,12,4320.8,4399.1,4052.7,-21.9,35.5,4576.0
PF002362,CROP004,Sorghum (Jowar),Punjab,2023,1,4576.0,4320.8,4399.1,25.9,52.4,4741.0
PF002363,CROP004,Sorghum (Jowar),Punjab,2023,2,4741.0,4576.0,4320.8,8.7,40.7,5230.5
PF002364,CROP004,Sorghum (Jowar),Punjab,2023,3,5230.5,4741.0,4576.0,-10.2,32.5,5467.3
PF002365,CROP004,Sorghum (Jowar),Punjab,2023,4,5467.3,5230.5,4741.0,-17.9,72.8,4980.1
PF002366,CROP004,Sorghum (Jowar),Punjab,2023,5,4980.1,5467.3,5230.5,-1.9,47.9,4453.5
PF002367,CROP004,Sorghum (Jowar),Punjab,2023,6,4453.5,4980.1,5467.3,-21.0,35.5,4750.4
PF002368,CROP004,Sorghum (Jowar),Punjab,2023,7,4750.4,4453.5,4980.1,15.3,52.0,3854.1
PF002369,CROP004,Sorghum (Jowar),Punjab,2023,8,3854.1,4750.4,4453.5,-18.7,29.4,4463.2
PF002370,CROP004,Sorghum (Jowar),Punjab,2023,9,4463.2,3854.1,4750.4,0.4,60.9,4245.8
PF002371,CROP004,Sorghum (Jowar),Punjab,2023,10,4245.8,4463.2,3854.1,-22.0,51.1,4074.6
PF002372,CROP004,Sorghum (Jowar),Punjab,2023,11,4074.6,4245.8,4463.2,-1.2,58.3,4340.3
PF002373,CROP004,Sorghum (Jowar),Punjab,2023,12,4340.3,4074.6,4245.8,4.9,28.1,4497.4
PF002406,CROP004,Sorghum (Jowar),Punjab,2021,4,5591.6,4914.9,5234.3,10.3,42.5,5470.1
PF002407,CROP004,Sorghum (Jowar),Punjab,2021,5,5470.1,5591.6,4914.9,-5.3,48.8,5368.9
PF002408,CROP004,Sorghum (Jowar),Punjab,2021,6,5368.9,5470.1,5591.6,-23.7,59.4,4992.6
PF002409,CROP004,Sorghum (Jowar),Punjab,2021,7,4992.6,5368.9,5470.1,11.6,45.6,4408.0
PF002410,CROP004,Sorghum (Jowar),Punjab,2021,8,4408.0,4992.6,5368.9,-3.7,51.9,4262.3
PF002411,CROP004,Sorghum (Jowar),Punjab,2021,9,4262.3,4408.0,4992.6,-12.7,52.8,4118.9
PF002412,CROP004,Sorghum (Jowar),Punjab,2021,10,4118.9,4262.3,4408.0,-8.0,59.2,4319.7
PF002413,CROP004,Sorghum (Jowar),Punjab,2021,11,4319.7,4118.9,4262.3,33.0,75.8,4488.1
PF002414,CROP004,Sorghum (Jowar),Punjab,2021,12,4488.1,4319.7,4118.9,5.0,70.6,5091.7
PF002415,CROP004,Sorghum (Jowar),Punjab,2022,1,5091.7,4488.1,4319.7,-5.5,28.5,4812.0
PF002416,CROP004,Sorghum (Jowar),Punjab,2022,2,4812.0,5091.7,4488.1,-7.4,36.1,5364.6
PF002417,CROP004,Sorghum (Jowar),Punjab,2022,3,5364.6,4812.0,5091.7,-16.2,58.1,5266.0
PF002418,CROP004,Sorghum (Jowar),Punjab,2022,4,5266.0,5364.6,4812.0,-6.0,51.5,5739.5
PF002419,CROP004,Sorghum (Jowar),Punjab,2022,5,5739.5,5266.0,5364.6,-16.9,44.9,5034.2
PF002420,CROP004,Sorghum (Jowar),Punjab,2022,6,5034.2,5739.5,5266.0,-2.5,44.3,4676.6
PF002421,CROP004,Sorghum (Jowar),Punjab,2022,7,4676.6,5034.2,5739.5,1.0,64.4,4887.2
PF002422,CROP004,Sorghum (Jowar),Punjab,2022,8,4887.2,4676.6,5034.2,-8.1,48.8,4112.1
PF002423,CROP004,Sorghum (Jowar),Punjab,2022,9,4112.1,4887.2,4676.6,20.3,53.3,4625.0
PF002424,CROP004,Sorghum (Jowar),Punjab,2022,10,4625.0,4112.1,4887.2,15.7,54.6,4206.5
PF002425,CROP004,Sorghum (Jowar),Punjab,2022,11,4206.5,4625.0,4112.1,9.1,60.2,4663.9
PF002426,CROP004,Sorghum (Jowar),Punjab,2022,12,4663.9,4206.5,4625.0,-5.3,43.5,5023.1
PF002427,CROP004,Sorghum (Jowar),Punjab,2023,1,5023.1,4663.9,4206.5,25.3,33.6,5354.9
PF002428,CROP004,Sorghum (Jowar),Punjab,2023,2,5354.9,5023.1,4663.9,-7.3,40.2,5369.8
PF002429,CROP004,Sorghum (Jowar),Punjab,2023,3,5369.8,5354.9,5023.1,11.3,54.8,5798.9
PF002430,CROP004,Sorghum (Jowar),Punjab,2023,4,5798.9,5369.8,5354.9,17.6,48.3,5191.9
PF002431,CROP004,Sorghum (Jowar),Punjab,2023,5,5191.9,5798.9,5369.8,-4.8,38.1,5135.5
PF002432,CROP004,Sorghum (Jowar),Punjab,2023,6,5135.5,5191.9,5798.9,-11.9,56.1,5450.0
PF002433,CROP004,Sorghum (Jowar),Punjab,2023,7,5450.0,5135.5,5191.9,3.3,68.7,4919.1
PF002434,CROP004,Sorghum (Jowar),Punjab,2023,8,4919.1,5450.0,5135.5,16.6,53.3,4497.1
PF002435,CROP004,Sorghum (Jowar),Punjab,2023,9,4497.1,4919.1,5450.0,-0.2,57.8,4624.0
PF002436,CROP004,Sorghum (Jowar),Punjab,2023,10,4624.0,4497.1,4919.1,-16.5,44.0,4441.0
PF002437,CROP004,Sorghum (Jowar),Punjab,2023,11,4441.0,4624.0,4497.1,-18.8,57.3,4586.8
PF002438,CROP004,Sorghum (Jowar),Punjab,2023,12,4586.8,4441.0,4624.0,2.1,43.6,4919.4
PF002471,CROP004,Sorghum (Jowar),Punjab,2021,4,4850.2,4840.9,4689.3,6.2,50.1,5047.4
PF002472,CROP004,Sorghum (Jowar),Punjab,2021,5,5047.4,4850.2,4840.9,-0.4,59.5,4857.9
PF002473,CROP004,Sorghum (Jowar),Punjab,2021,6,4857.9,5047.4,4850.2,-39.4,59.6,4727.0
PF002474,CROP004,Sorghum (Jowar),Punjab,2021,7,4727.0,4857.9,5047.4,-2.5,58.6,4108.7
PF002475,CROP004,Sorghum (Jowar),Punjab,2021,8,4108.7,4727.0,4857.9,42.9,63.2,4087.6
PF002476,CROP004,Sorghum (Jowar),Punjab,2021,9,4087.6,4108.7,4727.0,-7.7,41.9,3986.4
PF002477,CROP004,Sorghum (Jowar),Punjab,2021,10,3986.4,4087.6,4108.7,-1.4,46.9,3824.8
PF002478,CROP004,Sorghum (Jowar),Punjab,2021,11,3824.8,3986.4,4087.6,-15.1,59.7,4192.7
PF002479,CROP004,Sorghum (Jowar),Punjab,2021,12,4192.7,3824.8,3986.4,3.6,34.6,4548.1
PF002480,CROP004,Sorghum (Jowar),Punjab,2022,1,4548.1,4192.7,3824.8,-6.0,60.0,4725.2
PF002481,CROP004,Sorghum (Jowar),Punjab,2022,2,4725.2,4548.1,4192.7,-8.9,76.5,4974.7
PF002482,CROP004,Sorghum (Jowar),Punjab,2022,3,4974.7,4725.2,4548.1,29.8,46.9,4980.2
PF002483,CROP004,Sorghum (Jowar),Punjab,2022,4,4980.2,4974.7,4725.2,19.8,61.5,4759.4
PF002484,CROP004,Sorghum (Jowar),Punjab,2022,5,4759.4,4980.2,4974.7,-2.9,17.2,4468.8
PF002485,CROP004,Sorghum (Jowar),Punjab,2022,6,4468.8,4759.4,4980.2,-17.0,58.5,4460.2
PF002486,CROP004,Sorghum (Jowar),Punjab,2022,7,4460.2,4468.8,4759.4,-18.3,16.8,4552.4
PF002487,CROP004,Sorghum (Jowar),Punjab,2022,8,4552.4,4460.2,4468.8,23.4,50.2,3991.4
PF002488,CROP004,Sorghum (Jowar),Punjab,2022,9,3991.4,4552.4,4460.2,17.3,47.2,4083.3
PF002489,CROP004,Sorghum (Jowar),Punjab,2022,10,4083.3,3991.4,4552.4,16.5,55.0,4155.0
PF002490,CROP004,Sorghum (Jowar),Punjab,2022,11,4155.0,4083.3,3991.4,8.0,51.8,4141.2
PF002491,CROP004,Sorghum (Jowar),Punjab,2022,12,4141.2,4155.0,4083.3,-5.6,48.3,4342.2
PF002492,CROP004,Sorghum (Jowar),Punjab,2023,1,4342.2,4141.2,4155.0,4.0,44.2,4766.7
PF002493,CROP004,Sorghum (Jowar),Punjab,2023,2,4766.7,4342.2,4141.2,-3.4,46.5,4752.9
PF002494,CROP004,Sorghum (Jowar),Punjab,2023,3,4752.9,4766.7,4342.2,1.0,52.2,4917.6
PF002495,CROP004,Sorghum (Jowar),Punjab,2023,4,4917.6,4752.9,4766.7,-7.8,60.4,4811.1
PF002496,CROP004,Sorghum (Jowar),Punjab,2023,5,4811.1,4917.6,4752.9,1.2,41.5,4763.0
PF002497,CROP004,Sorghum (Jowar),Punjab,2023,6,4763.0,4811.1,4917.6,-11.3,64.7,4376.0
PF002498,CROP004,Sorghum (Jowar),Punjab,2023,7,4376.0,4763.0,4811.1,-12.4,52.8,4270.9
PF002499,CROP004,Sorghum (Jowar),Punjab,2023,8,4270.9,4376.0,4763.0,7.4,56.0,4227.4
PF002500,CROP004,Sorghum (Jowar),Punjab,2023,9,4227.4,4270.9,4376.0,-5.8,45.6,4106.0
PF002501,CROP004,Sorghum (Jowar),Punjab,2023,10,4106.0,4227.4,4270.9,14.5,26.2,3870.6
PF002502,CROP004,Sorghum (Jowar),Punjab,2023,11,3870.6,4106.0,4227.4,-5.1,47.5,3880.7
PF002503,CROP004,Sorghum (Jowar),Punjab,2023,12,3880.7,3870.6,4106.0,-10.9,54.2,4588.0
PF002536,CROP004,Sorghum (Jowar),Haryana,2021,4,4628.7,4587.7,4349.7,-5.9,55.1,4585.8
PF002537,CROP004,Sorghum (Jowar),Haryana,2021,5,4585.8,4628.7,4587.7,-2.4,62.4,4743.5
PF002538,CROP004,Sorghum (Jowar),Haryana,2021,6,4743.5,4585.8,4628.7,20.0,43.0,4374.5
PF002539,CROP004,Sorghum (Jowar),Haryana,2021,7,4374.5,4743.5,4585.8,31.5,65.2,4017.4
PF002540,CROP004,Sorghum (Jowar),Haryana,2021,8,4017.4,4374.5,4743.5,0.9,51.0,3932.7
PF002541,CROP004,Sorghum (Jowar),Haryana,2021,9,3932.7,4017.4,4374.5,13.1,34.6,3909.7
PF002542,CROP004,Sorghum (Jowar),Haryana,2021,10,3909.7,3932.7,4017.4,-26.7,53.1,3872.3
PF002543,CROP004,Sorghum (Jowar),Haryana,2021,11,3872.3,3909.7,3932.7,-19.3,33.7,4060.9
PF002544,CROP004,Sorghum (Jowar),Haryana,2021,12,4060.9,3872.3,3909.7,-10.8,39.2,4513.6
PF002545,CROP004,Sorghum (Jowar),Haryana,2022,1,4513.6,4060.9,3872.3,-7.2,48.0,4367.2
PF002546,CROP004,Sorghum (Jowar),Haryana,2022,2,4367.2,4513.6,4060.9,-0.0,47.9,4693.4
PF002547,CROP004,Sorghum (Jowar),Haryana,2022,3,4693.4,4367.2,4513.6,7.4,34.6,4864.1
PF002548,CROP004,Sorghum (Jowar),Haryana,2022,4,4864.1,4693.4,4367.2,-25.4,58.8,4672.8
PF002549,CROP004,Sorghum (Jowar),Haryana,2022,5,4672.8,4864.1,4693.4,-21.6,31.1,4416.1
PF002550,CROP004,Sorghum (Jowar),Haryana,2022,6,4416.1,4672.8,4864.1,-17.3,60.6,4448.9
PF002551,CROP004,Sorghum (Jowar),Haryana,2022,7,4448.9,4416.1,4672.8,-15.7,59.8,4100.2
PF002552,CROP004,Sorghum (Jowar),Haryana,2022,8,4100.2,4448.9,4416.1,5.7,51.9,3758.6
PF002553,CROP004,Sorghum (Jowar),Haryana,2022,9,3758.6,4100.2,4448.9,-4.8,46.3,4147.6
PF002554,CROP004,Sorghum (Jowar),Haryana,2022,10,4147.6,3758.6,4100.2,2.3,57.3,3856.0
PF002555,CROP004,Sorghum (Jowar),Haryana,2022,11,3856.0,4147.6,3758.6,0.8,40.9,4282.9
PF002556,CROP004,Sorghum (Jowar),Haryana,2022,12,4282.9,3856.0,4147.6,18.4,47.8,4219.7
PF002557,CROP004,Sorghum (Jowar),Haryana,2023,1,4219.7,4282.9,3856.0,3.4,70.5,4387.0
PF002558,CROP004,Sorghum (Jowar),Haryana,2023,2,4387.0,4219.7,4282.9,23.2,41.0,4833.1
PF002559,CROP004,Sorghum (Jowar),Haryana,2023,3,4833.1,4387.0,4219.7,2.7,52.7,4830.8
PF002560,CROP004,Sorghum (Jowar),Haryana,2023,4,4830.8,4833.1,4387.0,6.8,35.7,4782.5
PF002561,CROP004,Sorghum (Jowar),Haryana,2023,5,4782.5,4830.8,4833.1,-15.8,53.9,4923.7
PF002562,CROP004,Sorghum (Jowar),Haryana,2023,6,4923.7,4782.5,4830.8,11.2,50.7,4239.7
PF002563,CROP004,Sorghum (Jowar),Haryana,2023,7,4239.7,4923.7,4782.5,4.3,45.4,4342.2
PF002564,CROP004,Sorghum (Jowar),Haryana,2023,8,4342.2,4239.7,4923.7,3.3,56.3,4281.0
PF002565,CROP004,Sorghum (Jowar),Haryana,2023,9,4281.0,4342.2,4239.7,20.1,57.5,4041.1
PF002566,CROP004,Sorghum (Jowar),Haryana,2023,10,4041.1,4281.0,4342.2,6.0,32.8,3970.7
PF002567,CROP004,Sorghum (Jowar),Haryana,2023,11,3970.7,4041.1,4281.0,0.4,51.4,4080.4
PF002568,CROP004,Sorghum (Jowar),Haryana,2023,12,4080.4,3970.7,4041.1,40.8,55.9,4492.9
PF002601,CROP004,Sorghum (Jowar),Haryana,2021,4,5903.4,5814.4,5423.3,-28.0,34.8,5800.3
PF002602,CROP004,Sorghum (Jowar),Haryana,2021,5,5800.3,5903.4,5814.4,-25.4,58.6,5916.5
PF002603,CROP004,Sorghum (Jowar),Haryana,2021,6,5916.5,5800.3,5903.4,7.4,46.8,5136.3
PF002604,CROP004,Sorghum (Jowar),Haryana,2021,7,5136.3,5916.5,5800.3,0.6,58.0,4973.2
PF002605,CROP004,Sorghum (Jowar),Haryana,2021,8,4973.2,5136.3,5916.5,-9.6,51.8,5235.3
PF002606,CROP004,Sorghum (Jowar),Haryana,2021,9,5235.3,4973.2,5136.3,6.1,58.0,5098.0
PF002607,CROP004,Sorghum (Jowar),Haryana,2021,10,5098.0,5235.3,4973.2,11.4,53.1,5374.2
PF002608,CROP004,Sorghum (Jowar),Haryana,2021,11,5374.2,5098.0,5235.3,25.7,43.4,5213.3
PF002609,CROP004,Sorghum (Jowar),Haryana,2021,12,5213.3,5374.2,5098.0,1.1,54.6,5667.1
PF002610,CROP004,Sorghum (Jowar),Haryana,2022,1,5667.1,5213.3,5374.2,3.4,49.7,5487.5
PF002611,CROP004,Sorghum (Jowar),Haryana,2022,2,5487.5,5667.1,5213.3,21.7,65.7,5700.4
PF002612,CROP004,Sorghum (Jowar),Haryana,2022,3,5700.4,5487.5,5667.1,-3.6,20.3,5632.2
PF002613,CROP004,Sorghum (Jowar),Haryana,2022,4,5632.2,5700.4,5487.5,-18.4,36.3,6010.9
PF002614,CROP004,Sorghum (Jowar),Haryana,2022,5,6010.9,5632.2,5700.4,-16.0,47.9,5903.7
PF002615,CROP004,Sorghum (Jowar),Haryana,2022,6,5903.7,6010.9,5632.2,4.0,47.8,5597.3
PF002616,CROP004,Sorghum (Jowar),Haryana,2022,7,5597.3,5903.7,6010.9,-20.8,49.7,4894.8
PF002617,CROP004,Sorghum (Jowar),Haryana,2022,8,4894.8,5597.3,5903.7,-19.4,60.3,5042.9
PF002618,CROP004,Sorghum (Jowar),Haryana,2022,9,5042.9,4894.8,5597.3,-11.1,49.2,5196.2
PF002619,CROP004,Sorghum (Jowar),Haryana,2022,10,5196.2,5042.9,4894.8,-10.3,57.1,5187.9
PF002620,CROP004,Sorghum (Jowar),Haryana,2022,11,5187.9,5196.2,5042.9,13.8,64.3,5020.3
PF002621,CROP004,Sorghum (Jowar),Haryana,2022,12,5020.3,5187.9,5196.2,-9.1,52.4,5525.8
PF002622,CROP004,Sorghum (Jowar),Haryana,2023,1,5525.8,5020.3,5187.9,-5.2,34.8,5646.5
PF002623,CROP004,Sorghum (Jowar),Haryana,2023,2,5646.5,5525.8,5020.3,2.7,68.3,6105.6
PF002624,CROP004,Sorghum (Jowar),Haryana,2023,3,6105.6,5646.5,5525.8,13.9,46.9,5998.6
PF002625,CROP004,Sorghum (Jowar),Haryana,2023,4,5998.6,6105.6,5646.5,-13.2,70.9,5960.9
PF002626,CROP004,Sorghum (Jowar),Haryana,2023,5,5960.9,5998.6,6105.6,14.9,70.6,5307.5
PF002627,CROP004,Sorghum (Jowar),Haryana,2023,6,5307.5,5960.9,5998.6,-3.4,58.9,5079.7
PF002628,CROP004,Sorghum (Jowar),Haryana,2023,7,5079.7,5307.5,5960.9,5.3,55.4,5254.7
PF002629,CROP004,Sorghum (Jowar),Haryana,2023,8,5254.7,5079.7,5307.5,-1.4,48.3,5213.3
PF002630,CROP004,Sorghum (Jowar),Haryana,2023,9,5213.3,5254.7,5079.7,-2.1,42.6,5286.6
PF002631,CROP004,Sorghum (Jowar),Haryana,2023,10,5286.6,5213.3,5254.7,5.8,62.5,4855.8
PF002632,CROP004,Sorghum (Jowar),Haryana,2023,11,4855.8,5286.6,5213.3,-12.0,43.5,5222.9
PF002633,CROP004,Sorghum (Jowar),Haryana,2023,12,5222.9,4855.8,5286.6,-9.6,52.5,5511.1
PF002666,CROP004,Sorghum (Jowar),Uttar Pradesh,2021,4,6322.3,6148.5,5417.8,3.6,50.8,5784.5
PF002667,CROP004,Sorghum (Jowar),Uttar Pradesh,2021,5,5784.5,6322.3,6148.5,-7.2,62.7,5690.0
PF002668,CROP004,Sorghum (Jowar),Uttar Pradesh,2021,6,5690.0,5784.5,6322.3,-12.9,47.8,5575.7
PF002669,CROP004,Sorghum (Jowar),Uttar Pradesh,2021,7,5575.7,5690.0,5784.5,5.3,33.9,4952.5
PF002670,CROP004,Sorghum (Jowar),Uttar Pradesh,2021,8,4952.5,5575.7,5690.0,-15.5,59.5,4581.3
PF002671,CROP004,Sorghum (Jowar),Uttar Pradesh,2021,9,4581.3,4952.5,5575.7,6.9,30.2,4933.1
PF002672,CROP004,Sorghum (Jowar),Uttar Pradesh,2021,10,4933.1,4581.3,4952.5,19.6,38.6,4952.3
PF002673,CROP004,Sorghum (Jowar),Uttar Pradesh,2021,11,4952.3,4933.1,4581.3,0.7,46.1,5302.7
PF002674,CROP004,Sorghum (Jowar),Uttar Pradesh,2021,12,5302.7,4952.3,4933.1,-24.2,46.1,5640.9
PF002675,CROP004,Sorghum (Jowar),Uttar Pradesh,2022,1,5640.9,5302.7,4952.3,7.3,45.7,5685.0
PF002676,CROP004,Sorghum (Jowar),Uttar Pradesh,2022,2,5685.0,5640.9,5302.7,30.2,48.0,6539.7
PF002677,CROP004,Sorghum (Jowar),Uttar Pradesh,2022,3,6539.7,5685.0,5640.9,10.2,48.6,5729.7
PF002678,CROP004,Sorghum (Jowar),Uttar Pradesh,2022,4,5729.7,6539.7,5685.0,3.9,39.2,5569.0
PF002679,CROP004,Sorghum (Jowar),Uttar Pradesh,2022,5,5569.0,5729.7,6539.7,5.6,47.2,5966.4
PF002680,CROP004,Sorghum (Jowar),Uttar Pradesh,2022,6,5966.4,5569.0,5729.7,12.7,59.5,5522.5
PF002681,CROP004,Sorghum (Jowar),Uttar Pradesh,2022,7,5522.5,5966.4,5569.0,-4.7,43.1,5398.6
PF002682,CROP004,Sorghum (Jowar),Uttar Pradesh,2022,8,5398.6,5522.5,5966.4,1.2,50.6,5146.1
PF002683,CROP004,Sorghum (Jowar),Uttar Pradesh,2022,9,5146.1,5398.6,5522.5,6.3,37.7,5229.4
PF002684,CROP004,Sorghum (Jowar),Uttar Pradesh,2022,10,5229.4,5146.1,5398.6,-8.9,41.2,4908.2
PF002685,CROP004,Sorghum (Jowar),Uttar Pradesh,2022,11,4908.2,5229.4,5146.1,8.4,49.7,5194.5
PF002686,CROP004,Sorghum (Jowar),Uttar Pradesh,2022,12,5194.5,4908.2,5229.4,-31.7,20.5,5665.2
PF002687,CROP004,Sorghum (Jowar),Uttar Pradesh,2023,1,5665.2,5194.5,4908.2,-25.7,34.7,5725.4
PF002688,CROP004,Sorghum (Jowar),Uttar Pradesh,2023,2,5725.4,5665.2,5194.5,-7.2,58.2,5938.4
PF002689,CROP004,Sorghum (Jowar),Uttar Pradesh,2023,3,5938.4,5725.4,5665.2,-8.0,54.4,6191.5
PF002690,CROP004,Sorghum (Jowar),Uttar Pradesh,2023,4,6191.5,5938.4,5725.4,3.7,40.9,6374.5
PF002691,CROP004,Sorghum (Jowar),Uttar Pradesh,2023,5,6374.5,6191.5,5938.4,10.0,52.0,5728.7
PF002692,CROP004,Sorghum (Jowar),Uttar Pradesh,2023,6,5728.7,6374.5,6191.5,-4.7,47.4,5300.1
PF002693,CROP004,Sorghum (Jowar),Uttar Pradesh,2023,7,5300.1,5728.7,6374.5,-6.6,36.4,5505.3
PF002694,CROP004,Sorghum (Jowar),Uttar Pradesh,2023,8,5505.3,5300.1,5728.7,26.5,46.0,5082.4
PF002695,CROP004,Sorghum (Jowar),Uttar Pradesh,2023,9,5082.4,5505.3,5300.1,29.5,39.0,5039.3
PF002696,CROP004,Sorghum (Jowar),Uttar Pradesh,2023,10,5039.3,5082.4,5505.3,17.8,53.7,5357.8
PF002697,CROP004,Sorghum (Jowar),Uttar Pradesh,2023,11,5357.8,5039.3,5082.4,-13.7,34.2,5560.0
PF002698,CROP004,Sorghum (Jowar),Uttar Pradesh,2023,12,5560.0,5357.8,5039.3,1.4,36.3,5872.0
PF002731,CROP004,Sorghum (Jowar),Uttar Pradesh,2021,4,6414.1,5891.4,6107.4,-19.9,31.9,6180.1
PF002732,CROP004,Sorghum (Jowar),Uttar Pradesh,2021,5,6180.1,6414.1,5891.4,-8.5,35.1,6030.7
PF002733,CROP004,Sorghum (Jowar),Uttar Pradesh,2021,6,6030.7,6180.1,6414.1,-29.6,52.3,5701.0
PF002734,CROP004,Sorghum (Jowar),Uttar Pradesh,2021,7,5701.0,6030.7,6180.1,-4.4,42.5,5610.7
PF002735,CROP004,Sorghum (Jowar),Uttar Pradesh,2021,8,5610.7,5701.0,6030.7,10.8,51.1,5303.6
PF002736,CROP004,Sorghum (Jowar),Uttar Pradesh,2021,9,5303.6,5610.7,5701.0,-16.3,48.3,4987.2
PF002737,CROP004,Sorghum (Jowar),Uttar Pradesh,2021,10,4987.2,5303.6,5610.7,3.6,33.8,5304.6
PF002738,CROP004,Sorghum (Jowar),Uttar Pradesh,2021,11,5304.6,4987.2,5303.6,3.8,42.0,5351.6
PF002739,CROP004,Sorghum (Jowar),Uttar Pradesh,2021,12,5351.6,5304.6,4987.2,7.3,37.5,6330.9
PF002740,CROP004,Sorghum (Jowar),Uttar Pradesh,2022,1,6330.9,5351.6,5304.6,-2.5,80.1,5687.4
PF002741,CROP004,Sorghum (Jowar),Uttar Pradesh,2022,2,5687.4,6330.9,5351.6,-8.4,45.9,6733.9
PF002742,CROP004,Sorghum (Jowar),Uttar Pradesh,2022,3,6733.9,5687.4,6330.9,-1.1,52.6,6362.4
PF002743,CROP004,Sorghum (Jowar),Uttar Pradesh,2022,4,6362.4,6733.9,5687.4,-2.7,62.2,6425.1
PF002744,CROP004,Sorghum (Jowar),Uttar Pradesh,2022,5,6425.1,6362.4,6733.9,17.3,44.3,6163.1
PF002745,CROP004,Sorghum (Jowar),Uttar Pradesh,2022,6,6163.1,6425.1,6362.4,-5.3,46.0,5764.4
PF002746,CROP004,Sorghum (Jowar),Uttar Pradesh,2022,7,5764.4,6163.1,6425.1,-27.0,46.1,5264.2
PF002747,CROP004,Sorghum (Jowar),Uttar Pradesh,2022,8,5264.2,5764.4,6163.1,11.0,66.2,5364.4
PF002748,CROP004,Sorghum (Jowar),Uttar Pradesh,2022,9,5364.4,5264.2,5764.4,-13.6,43.2,5269.1
PF002749,CROP004,Sorghum (Jowar),Uttar Pradesh,2022,10,5269.1,5364.4,5264.2,-9.0,57.9,5141.8
PF002750,CROP004,Sorghum (Jowar),Uttar Pradesh,2022,11,5141.8,5269.1,5364.4,17.0,34.7,5319.0
PF002751,CROP004,Sorghum (Jowar),Uttar Pradesh,2022,12,5319.0,5141.8,5269.1,17.2,51.4,5951.2
PF002752,CROP004,Sorghum (Jowar),Uttar Pradesh,2023,1,5951.2,5319.0,5141.8,5.3,58.5,5480.3
PF002753,CROP004,Sorghum (Jowar),Uttar Pradesh,2023,2,5480.3,5951.2,5319.0,3.9,62.2,6710.1
PF002754,CROP004,Sorghum (Jowar),Uttar Pradesh,2023,3,6710.1,5480.3,5951.2,-4.6,62.1,6718.6
PF002755,CROP004,Sorghum (Jowar),Uttar Pradesh,2023,4,6718.6,6710.1,5480.3,17.5,55.6,6168.3
PF002756,CROP004,Sorghum (Jowar),Uttar Pradesh,2023,5,6168.3,6718.6,6710.1,8.6,67.9,6187.8
PF002757,CROP004,Sorghum (Jowar),Uttar Pradesh,2023,6,6187.8,6168.3,6718.6,-13.1,49.8,5487.7
PF002758,CROP004,Sorghum (Jowar),Uttar Pradesh,2023,7,5487.7,6187.8,6168.3,8.2,31.4,5249.9
PF002759,CROP004,Sorghum (Jowar),Uttar Pradesh,2023,8,5249.9,5487.7,6187.8,-4.1,47.5,5654.9
PF002760,CROP004,Sorghum (Jowar),Uttar Pradesh,2023,9,5654.9,5249.9,5487.7,-8.0,54.9,5099.0
PF002761,CROP004,Sorghum (Jowar),Uttar Pradesh,2023,10,5099.0,5654.9,5249.9,8.7,69.3,5273.0
PF002762,CROP004,Sorghum (Jowar),Uttar Pradesh,2023,11,5273.0,5099.0,5654.9,-27.9,46.0,5834.8
PF002763,CROP004,Sorghum (Jowar),Uttar Pradesh,2023,12,5834.8,5273.0,5099.0,35.0,61.4,5670.7
PF002796,CROP004,Sorghum (Jowar),Uttar Pradesh,2021,4,6309.2,5809.9,6178.8,5.6,49.7,5931.5
PF002797,CROP004,Sorghum (Jowar),Uttar Pradesh,2021,5,5931.5,6309.2,5809.9,14.3,71.0,6006.3
PF002798,CROP004,Sorghum (Jowar),Uttar Pradesh,2021,6,6006.3,5931.5,6309.2,14.3,43.3,5758.2
PF002799,CROP004,Sorghum (Jowar),Uttar Pradesh,2021,7,5758.2,6006.3,5931.5,5.8,43.8,4983.4
PF002800,CROP004,Sorghum (Jowar),Uttar Pradesh,2021,8,4983.4,5758.2,6006.3,6.7,59.7,5325.3
PF002801,CROP004,Sorghum (Jowar),Uttar Pradesh,2021,9,5325.3,4983.4,5758.2,-12.0,44.5,4949.2
PF002802,CROP004,Sorghum (Jowar),Uttar Pradesh,2021,10,4949.2,5325.3,4983.4,5.5,69.7,5026.2
PF002803,CROP004,Sorghum (Jowar),Uttar Pradesh,2021,11,5026.2,4949.2,5325.3,1.8,48.4,5271.9
PF002804,CROP004,Sorghum (Jowar),Uttar Pradesh,2021,12,5271.9,5026.2,4949.2,12.2,42.2,5731.9
PF002805,CROP004,Sorghum (Jowar),Uttar Pradesh,2022,1,5731.9,5271.9,5026.2,23.6,52.5,5622.5
PF002806,CROP004,Sorghum (Jowar),Uttar Pradesh,2022,2,5622.5,5731.9,5271.9,12.7,62.5,5531.9
PF002807,CROP004,Sorghum (Jowar),Uttar Pradesh,2022,3,5531.9,5622.5,5731.9,-7.4,39.9,6043.9
PF002808,CROP004,Sorghum (Jowar),Uttar Pradesh,2022,4,6043.9,5531.9,5622.5,-7.5,41.1,6015.4
PF002809,CROP004,Sorghum (Jowar),Uttar Pradesh,2022,5,6015.4,6043.9,5531.9,7.0,34.9,5656.5
PF002810,CROP004,Sorghum (Jowar),Uttar Pradesh,2022,6,5656.5,6015.4,6043.9,3.1,52.7,5612.1
PF002811,CROP004,Sorghum (Jowar),Uttar Pradesh,2022,7,5612.1,5656.5,6015.4,-17.6,59.1,5437.5
PF002812,CROP004,Sorghum (Jowar),Uttar Pradesh,2022,8,5437.5,5612.1,5656.5,18.9,53.8,4824.2
PF002813,CROP004,Sorghum (Jowar),Uttar Pradesh,2022,9,4824.2,5437.5,5612.1,14.2,54.7,5351.3
PF002814,CROP004,Sorghum (Jowar),Uttar Pradesh,2022,10,5351.3,4824.2,5437.5,-2.9,31.9,5125.5
PF002815,CROP004,Sorghum (Jowar),Uttar Pradesh,2022,11,5125.5,5351.3,4824.2,-6.5,50.8,5157.8
PF002816,CROP004,Sorghum (Jowar),Uttar Pradesh,2022,12,5157.8,5125.5,5351.3,0.5,73.1,5613.7
PF002817,CROP004,Sorghum (Jowar),Uttar Pradesh,2023,1,5613.7,5157.8,5125.5,15.3,60.6,6181.0
PF002818,CROP004,Sorghum (Jowar),Uttar Pradesh,2023,2,6181.0,5613.7,5157.8,-14.1,48.8,6215.3
PF002819,CROP004,Sorghum (Jowar),Uttar Pradesh,2023,3,6215.3,6181.0,5613.7,7.3,55.3,6132.0
PF002820,CROP004,Sorghum (Jowar),Uttar Pradesh,2023,4,6132.0,6215.3,6181.0,1.1,74.2,5896.2
PF002821,CROP004,Sorghum (Jowar),Uttar Pradesh,2023,5,5896.2,6132.0,6215.3,9.1,68.3,6158.3
PF002822,CROP004,Sorghum (Jowar),Uttar Pradesh,2023,6,6158.3,5896.2,6132.0,-9.2,56.2,5724.8
PF002823,CROP004,Sorghum (Jowar),Uttar Pradesh,2023,7,5724.8,6158.3,5896.2,10.1,35.8,5155.8
PF002824,CROP004,Sorghum (Jowar),Uttar Pradesh,2023,8,5155.8,5724.8,6158.3,6.0,34.6,5157.8
PF002825,CROP004,Sorghum (Jowar),Uttar Pradesh,2023,9,5157.8,5155.8,5724.8,25.0,74.6,5263.0
PF002826,CROP004,Sorghum (Jowar),Uttar Pradesh,2023,10,5263.0,5157.8,5155.8,-29.5,42.6,4823.3
PF002827,CROP004,Sorghum (Jowar),Uttar Pradesh,2023,11,4823.3,5263.0,5157.8,-7.9,53.8,4839.2
PF002828,CROP004,Sorghum (Jowar),Uttar Pradesh,2023,12,4839.2,4823.3,5263.0,-33.9,61.4,5617.2
PF002861,CROP004,Sorghum (Jowar),Bihar,2021,4,5426.2,5250.7,5420.6,-11.6,64.0,5432.2
PF002862,CROP004,Sorghum (Jowar),Bihar,2021,5,5432.2,5426.2,5250.7,5.9,26.4,5348.5
PF002863,CROP004,Sorghum (Jowar),Bihar,2021,6,5348.5,5432.2,5426.2,-15.7,43.6,4713.4
PF002864,CROP004,Sorghum (Jowar),Bihar,2021,7,4713.4,5348.5,5432.2,-14.8,55.8,5094.3
PF002865,CROP004,Sorghum (Jowar),Bihar,2021,8,5094.3,4713.4,5348.5,9.9,21.8,4849.9
PF002866,CROP004,Sorghum (Jowar),Bihar,2021,9,4849.9,5094.3,4713.4,-7.5,45.9,4560.8
PF002867,CROP004,Sorghum (Jowar),Bihar,2021,10,4560.8,4849.9,5094.3,-10.2,43.0,5021.3
PF002868,CROP004,Sorghum (Jowar),Bihar,2021,11,5021.3,4560.8,4849.9,-2.4,39.2,4721.9
PF002869,CROP004,Sorghum (Jowar),Bihar,2021,12,4721.9,5021.3,4560.8,-9.2,37.0,5013.9
PF002870,CROP004,Sorghum (Jowar),Bihar,2022,1,5013.9,4721.9,5021.3,-15.4,62.4,5402.0
PF002871,CROP004,Sorghum (Jowar),Bihar,2022,2,5402.0,5013.9,4721.9,17.1,52.2,5769.4
PF002872,CROP004,Sorghum (Jowar),Bihar,2022,3,5769.4,5402.0,5013.9,-22.6,50.1,5614.2
PF002873,CROP004,Sorghum (Jowar),Bihar,2022,4,5614.2,5769.4,5402.0,-6.2,62.9,5792.4
PF002874,CROP004,Sorghum (Jowar),Bihar,2022,5,5792.4,5614.2,5769.4,-0.5,38.0,5620.5
PF002875,CROP004,Sorghum (Jowar),Bihar,2022,6,5620.5,5792.4,5614.2,25.2,40.3,5579.3
PF002876,CROP004,Sorghum (Jowar),Bihar,2022,7,5579.3,5620.5,5792.4,43.0,53.8,4954.3
PF002877,CROP004,Sorghum (Jowar),Bihar,2022,8,4954.3,5579.3,5620.5,-7.8,69.1,4522.3
PF002878,CROP004,Sorghum (Jowar),Bihar,2022,9,4522.3,4954.3,5579.3,-7.6,18.4,4705.9
PF002879,CROP004,Sorghum (Jowar),Bihar,2022,10,4705.9,4522.3,4954.3,15.5,68.3,4461.2
PF002880,CROP004,Sorghum (Jowar),Bihar,2022,11,4461.2,4705.9,4522.3,-9.8,47.5,4544.3
PF002881,CROP004,Sorghum (Jowar),Bihar,2022,12,4544.3,4461.2,4705.9,10.7,69.3,5040.9
PF002882,CROP004,Sorghum (Jowar),Bihar,2023,1,5040.9,4544.3,4461.2,6.1,48.5,5636.3
PF002883,CROP004,Sorghum (Jowar),Bihar,2023,2,5636.3,5040.9,4544.3,-7.8,32.7,5828.9
PF002884,CROP004,Sorghum (Jowar),Bihar,2023,3,5828.9,5636.3,5040.9,-7.3,38.5,5789.0
PF002885,CROP004,Sorghum (Jowar),Bihar,2023,4,5789.0,5828.9,5636.3,-2.8,58.5,5630.1
PF002886,CROP004,Sorghum (Jowar),Bihar,2023,5,5630.1,5789.0,5828.9,-3.3,62.2,5588.8
PF002887,CROP004,Sorghum (Jowar),Bihar,2023,6,5588.8,5630.1,5789.0,18.9,74.9,5062.2
PF002888,CROP004,Sorghum (Jowar),Bihar,2023,7,5062.2,5588.8,5630.1,-10.3,39.8,4947.7
PF002889,CROP004,Sorghum (Jowar),Bihar,2023,8,4947.7,5062.2,5588.8,-15.4,44.3,4659.7
PF002890,CROP004,Sorghum (Jowar),Bihar,2023,9,4659.7,4947.7,5062.2,-10.5,41.5,4459.5
PF002891,CROP004,Sorghum (Jowar),Bihar,2023,10,4459.5,4659.7,4947.7,1.9,51.5,4543.2
PF002892,CROP004,Sorghum (Jowar),Bihar,2023,11,4543.2,4459.5,4659.7,22.9,56.8,4938.8
PF002893,CROP004,Sorghum (Jowar),Bihar,2023,12,4938.8,4543.2,4459.5,5.9,63.5,5413.5
PF002926,CROP004,Sorghum (Jowar),Bihar,2021,4,4504.2,4825.9,4692.3,-22.4,50.5,4724.5
PF002927,CROP004,Sorghum (Jowar),Bihar,2021,5,4724.5,4504.2,4825.9,-15.1,77.0,4797.8
PF002928,CROP004,Sorghum (Jowar),Bihar,2021,6,4797.8,4724.5,4504.2,20.7,59.2,4458.0
PF002929,CROP004,Sorghum (Jowar),Bihar,2021,7,4458.0,4797.8,4724.5,-4.4,37.4,4114.1
PF002930,CROP004,Sorghum (Jowar),Bihar,2021,8,4114.1,4458.0,4797.8,-11.9,54.0,3999.4
PF002931,CROP004,Sorghum (Jowar),Bihar,2021,9,3999.4,4114.1,4458.0,-5.3,27.6,4016.4
PF002932,CROP004,Sorghum (Jowar),Bihar,2021,10,4016.4,3999.4,4114.1,12.3,38.6,3848.6
PF002933,CROP004,Sorghum (Jowar),Bihar,2021,11,3848.6,4016.4,3999.4,7.0,45.5,3911.7
PF002934,CROP004,Sorghum (Jowar),Bihar,2021,12,3911.7,3848.6,4016.4,-1.3,54.3,4289.5
PF002935,CROP004,Sorghum (Jowar),Bihar,2022,1,4289.5,3911.7,3848.6,9.5,57.1,4750.2
PF002936,CROP004,Sorghum (Jowar),Bihar,2022,2,4750.2,4289.5,3911.7,-11.9,72.5,4924.3
PF002937,CROP004,Sorghum (Jowar),Bihar,2022,3,4924.3,4750.2,4289.5,6.4,55.8,5067.3
PF002938,CROP004,Sorghum (Jowar),Bihar,2022,4,5067.3,4924.3,4750.2,-30.2,48.5,4773.0
PF002939,CROP004,Sorghum (Jowar),Bihar,2022,5,4773.0,5067.3,4924.3,-13.0,60.2,4828.6
PF002940,CROP004,Sorghum (Jowar),Bihar,2022,6,4828.6,4773.0,5067.3,-1.0,27.6,4463.5
PF002941,CROP004,Sorghum (Jowar),Bihar,2022,7,4463.5,4828.6,4773.0,-6.4,46.6,4385.4
PF002942,CROP004,Sorghum (Jowar),Bihar,2022,8,4385.4,4463.5,4828.6,12.9,40.5,4445.7
PF002943,CROP004,Sorghum (Jowar),Bihar,2022,9,4445.7,4385.4,4463.5,24.2,34.6,4237.9
PF002944,CROP004,Sorghum (Jowar),Bihar,2022,10,4237.9,4445.7,4385.4,17.9,47.6,3818.4
PF002945,CROP004,Sorghum (Jowar),Bihar,2022,11,3818.4,4237.9,4445.7,-20.7,51.6,4350.4
PF002946,CROP004,Sorghum (Jowar),Bihar,2022,12,4350.4,3818.4,4237.9,9.1,57.5,4672.5
PF002947,CROP004,Sorghum (Jowar),Bihar,2023,1,4672.5,4350.4,3818.4,-10.9,62.2,4738.8
PF002948,CROP004,Sorghum (Jowar),Bihar,2023,2,4738.8,4672.5,4350.4,-19.8,53.4,4627.7
PF002949,CROP004,Sorghum (Jowar),Bihar,2023,3,4627.7,4738.8,4672.5,2.1,72.5,5283.6
PF002950,CROP004,Sorghum (Jowar),Bihar,2023,4,5283.6,4627.7,4738.8,0.3,41.8,4870.1
PF002951,CROP004,Sorghum (Jowar),Bihar,2023,5,4870.1,5283.6,4627.7,-8.2,44.1,4820.5
PF002952,CROP004,Sorghum (Jowar),Bihar,2023,6,4820.5,4870.1,5283.6,8.1,49.7,4446.8
PF002953,CROP004,Sorghum (Jowar),Bihar,2023,7,4446.8,4820.5,4870.1,12.0,73.2,4420.3
PF002954,CROP004,Sorghum (Jowar),Bihar,2023,8,4420.3,4446.8,4820.5,22.4,59.1,4258.4
PF002955,CROP004,Sorghum (Jowar),Bihar,2023,9,4258.4,4420.3,4446.8,-0.4,54.2,4218.5
PF002956,CROP004,Sorghum (Jowar),Bihar,2023,10,4218.5,4258.4,4420.3,4.1,39.0,4180.8
PF002957,CROP004,Sorghum (Jowar),Bihar,2023,11,4180.8,4218.5,4258.4,15.7,50.9,4453.1
PF002958,CROP004,Sorghum (Jowar),Bihar,2023,12,4453.1,4180.8,4218.5,-5.9,60.2,4339.6
PF002991,CROP004,Sorghum (Jowar),West Bengal,2021,4,5326.8,5337.0,5277.9,20.4,49.8,5207.6
PF002992,CROP004,Sorghum (Jowar),West Bengal,2021,5,5207.6,5326.8,5337.0,-14.3,56.3,5240.8
PF002993,CROP004,Sorghum (Jowar),West Bengal,2021,6,5240.8,5207.6,5326.8,-26.7,52.0,5080.5
PF002994,CROP004,Sorghum (Jowar),West Bengal,2021,7,5080.5,5240.8,5207.6,3.1,62.7,4421.1
PF002995,CROP004,Sorghum (Jowar),West Bengal,2021,8,4421.1,5080.5,5240.8,11.0,64.1,4354.8
PF002996,CROP004,Sorghum (Jowar),West Bengal,2021,9,4354.8,4421.1,5080.5,-15.3,29.9,4587.7
PF002997,CROP004,Sorghum (Jowar),West Bengal,2021,10,4587.7,4354.8,4421.1,-13.3,35.4,4662.8
PF002998,CROP004,Sorghum (Jowar),West Bengal,2021,11,4662.8,4587.7,4354.8,4.8,37.4,4629.6
PF002999,CROP004,Sorghum (Jowar),West Bengal,2021,12,4629.6,4662.8,4587.7,-23.4,57.3,4730.9
PF003000,CROP004,Sorghum (Jowar),West Bengal,2022,1,4730.9,4629.6,4662.8,1.6,37.2,5341.8
PF003001,CROP004,Sorghum (Jowar),West Bengal,2022,2,5341.8,4730.9,4629.6,14.8,46.7,5558.3
PF003002,CROP004,Sorghum (Jowar),West Bengal,2022,3,5558.3,5341.8,4730.9,1.7,61.1,5548.0
PF003003,CROP004,Sorghum (Jowar),West Bengal,2022,4,5548.0,5558.3,5341.8,16.5,55.3,5668.3
PF003004,CROP004,Sorghum (Jowar),West Bengal,2022,5,5668.3,5548.0,5558.3,5.8,68.6,5110.9
PF003005,CROP004,Sorghum (Jowar),West Bengal,2022,6,5110.9,5668.3,5548.0,-12.6,43.0,4667.8
PF003006,CROP004,Sorghum (Jowar),West Bengal,2022,7,4667.8,5110.9,5668.3,-5.9,42.1,4692.2
PF003007,CROP004,Sorghum (Jowar),West Bengal,2022,8,4692.2,4667.8,5110.9,-18.7,59.6,4559.9
PF003008,CROP004,Sorghum (Jowar),West Bengal,2022,9,4559.9,4692.2,4667.8,-2.9,34.0,4176.5
PF003009,CROP004,Sorghum (Jowar),West Bengal,2022,10,4176.5,4559.9,4692.2,17.4,72.2,4309.7
PF003010,CROP004,Sorghum (Jowar),West Bengal,2022,11,4309.7,4176.5,4559.9,-1.6,45.0,4655.7
PF003011,CROP004,Sorghum (Jowar),West Bengal,2022,12,4655.7,4309.7,4176.5,-2.7,48.5,5002.3
PF003012,CROP004,Sorghum (Jowar),West Bengal,2023,1,5002.3,4655.7,4309.7,8.0,38.8,5267.5
PF003013,CROP004,Sorghum (Jowar),West Bengal,2023,2,5267.5,5002.3,4655.7,3.8,46.4,5354.5
PF003014,CROP004,Sorghum (Jowar),West Bengal,2023,3,5354.5,5267.5,5002.3,-23.1,56.8,5341.3
PF003015,CROP004,Sorghum (Jowar),West Bengal,2023,4,5341.3,5354.5,5267.5,-11.2,45.9,5439.6
PF003016,CROP004,Sorghum (Jowar),West Bengal,2023,5,5439.6,5341.3,5354.5,-8.0,54.2,5336.2
PF003017,CROP004,Sorghum (Jowar),West Bengal,2023,6,5336.2,5439.6,5341.3,5.0,43.8,4870.3
PF003018,CROP004,Sorghum (Jowar),West Bengal,2023,7,4870.3,5336.2,5439.6,19.3,66.0,4793.1
PF003019,CROP004,Sorghum (Jowar),West Bengal,2023,8,4793.1,4870.3,5336.2,-8.2,53.5,4497.5
PF003020,CROP004,Sorghum (Jowar),West Bengal,2023,9,4497.5,4793.1,4870.3,-17.3,50.5,4636.7
PF003021,CROP004,Sorghum (Jowar),West Bengal,2023,10,4636.7,4497.5,4793.1,-7.0,40.6,4676.7
PF003022,CROP004,Sorghum (Jowar),West Bengal,2023,11,4676.7,4636.7,4497.5,-17.2,43.1,4870.7
PF003023,CROP004,Sorghum (Jowar),West Bengal,2023,12,4870.7,4676.7,4636.7,-7.9,43.7,5087.8
PF003056,CROP004,Sorghum (Jowar),West Bengal,2021,4,4705.3,4357.3,4670.5,4.1,50.4,4435.4
PF003057,CROP004,Sorghum (Jowar),West Bengal,2021,5,4435.4,4705.3,4357.3,13.7,57.4,4370.1
PF003058,CROP004,Sorghum (Jowar),West Bengal,2021,6,4370.1,4435.4,4705.3,24.2,60.4,4524.9
PF003059,CROP004,Sorghum (Jowar),West Bengal,2021,7,4524.9,4370.1,4435.4,-24.2,53.3,3861.2
PF003060,CROP004,Sorghum (Jowar),West Bengal,2021,8,3861.2,4524.9,4370.1,11.7,44.5,3894.8
PF003061,CROP004,Sorghum (Jowar),West Bengal,2021,9,3894.8,3861.2,4524.9,-9.1,31.3,3691.1
PF003062,CROP004,Sorghum (Jowar),West Bengal,2021,10,3691.1,3894.8,3861.2,7.2,63.3,4121.4
PF003063,CROP004,Sorghum (Jowar),West Bengal,2021,11,4121.4,3691.1,3894.8,13.5,14.4,4475.9
PF003064,CROP004,Sorghum (Jowar),West Bengal,2021,12,4475.9,4121.4,3691.1,10.7,43.6,4413.5
PF003065,CROP004,Sorghum (Jowar),West Bengal,2022,1,4413.5,4475.9,4121.4,-18.9,62.0,4590.6
PF003066,CROP004,Sorghum (Jowar),West Bengal,2022,2,4590.6,4413.5,4475.9,-2.8,70.3,4750.0
PF003067,CROP004,Sorghum (Jowar),West Bengal,2022,3,4750.0,4590.6,4413.5,19.4,62.7,4890.6
PF003068,CROP004,Sorghum (Jowar),West Bengal,2022,4,4890.6,4750.0,4590.6,-7.9,28.2,4837.7
PF003069,CROP004,Sorghum (Jowar),West Bengal,2022,5,4837.7,4890.6,4750.0,-13.6,49.6,4632.5
PF003070,CROP004,Sorghum (Jowar),West Bengal,2022,6,4632.5,4837.7,4890.6,-9.0,58.2,4127.6
PF003071,CROP004,Sorghum (Jowar),West Bengal,2022,7,4127.6,4632.5,4837.7,24.1,66.9,3928.2
PF003072,CROP004,Sorghum (Jowar),West Bengal,2022,8,3928.2,4127.6,4632.5,-3.5,29.5,3966.8
PF003073,CROP004,Sorghum (Jowar),West Bengal,2022,9,3966.8,3928.2,4127.6,30.5,62.2,4062.2
PF003074,CROP004,Sorghum (Jowar),West Bengal,2022,10,4062.2,3966.8,3928.2,6.5,52.2,3920.8
PF003075,CROP004,Sorghum (Jowar),West Bengal,2022,11,3920.8,4062.2,3966.8,13.0,34.2,4043.4
PF003076,CROP004,Sorghum (Jowar),West Bengal,2022,12,4043.4,3920.8,4062.2,25.1,59.0,4244.4
PF003077,CROP004,Sorghum (Jowar),West Bengal,2023,1,4244.4,4043.4,3920.8,-19.3,40.8,4913.9
PF003078,CROP004,Sorghum (Jowar),West Bengal,2023,2,4913.9,4244.4,4043.4,-5.1,54.2,4882.9
PF003079,CROP004,Sorghum (Jowar),West Bengal,2023,3,4882.9,4913.9,4244.4,-16.9,58.7,4921.2
PF003080,CROP004,Sorghum (Jowar),West Bengal,2023,4,4921.2,4882.9,4913.9,7.4,39.9,4931.9
PF003081,CROP004,Sorghum (Jowar),West Bengal,2023,5,4931.9,4921.2,4882.9,-8.3,52.4,4866.6
PF003082,CROP004,Sorghum (Jowar),West Bengal,2023,6,4866.6,4931.9,4921.2,-9.4,48.2,4615.7
PF003083,CROP004,Sorghum (Jowar),West Bengal,2023,7,4615.7,4866.6,4931.9,-2.9,59.6,4228.7
PF003084,CROP004,Sorghum (Jowar),West Bengal,2023,8,4228.7,4615.7,4866.6,-28.0,42.0,3709.8
PF003085,CROP004,Sorghum (Jowar),West Bengal,2023,9,3709.8,4228.7,4615.7,-37.9,63.1,4057.5
PF003086,CROP004,Sorghum (Jowar),West Bengal,2023,10,4057.5,3709.8,4228.7,-1.2,58.2,4115.4
PF003087,CROP004,Sorghum (Jowar),West Bengal,2023,11,4115.4,4057.5,3709.8,5.7,43.4,4006.0
PF003088,CROP004,Sorghum (Jowar),West Bengal,2023,12,4006.0,4115.4,4057.5,-14.1,61.7,4218.6
PF003121,CROP005,Pearl Millet (Bajra),Punjab,2021,4,3959.7,4024.2,3790.6,-3.6,55.1,3539.1
PF003122,CROP005,Pearl Millet (Bajra),Punjab,2021,5,3539.1,3959.7,4024.2,-14.7,50.0,3614.1
PF003123,CROP005,Pearl Millet (Bajra),Punjab,2021,6,3614.1,3539.1,3959.7,12.6,49.4,3342.1
PF003124,CROP005,Pearl Millet (Bajra),Punjab,2021,7,3342.1,3614.1,3539.1,6.3,54.3,3447.8
PF003125,CROP005,Pearl Millet (Bajra),Punjab,2021,8,3447.8,3342.1,3614.1,10.0,49.9,3193.1
PF003126,CROP005,Pearl Millet (Bajra),Punjab,2021,9,3193.1,3447.8,3342.1,-12.0,37.3,3278.1
PF003127,CROP005,Pearl Millet (Bajra),Punjab,2021,10,3278.1,3193.1,3447.8,-2.4,41.3,3331.6
PF003128,CROP005,Pearl Millet (Bajra),Punjab,2021,11,3331.6,3278.1,3193.1,0.0,62.1,3245.2
PF003129,CROP005,Pearl Millet (Bajra),Punjab,2021,12,3245.2,3331.6,3278.1,5.1,72.8,3332.3
PF003130,CROP005,Pearl Millet (Bajra),Punjab,2022,1,3332.3,3245.2,3331.6,9.2,54.6,3768.2
PF003131,CROP005,Pearl Millet (Bajra),Punjab,2022,2,3768.2,3332.3,3245.2,-3.8,53.8,3748.1
PF003132,CROP005,Pearl Millet (Bajra),Punjab,2022,3,3748.1,3768.2,3332.3,-22.1,59.0,3650.2
PF003133,CROP005,Pearl Millet (Bajra),Punjab,2022,4,3650.2,3748.1,3768.2,1.3,45.6,3762.4
PF003134,CROP005,Pearl Millet (Bajra),Punjab,2022,5,3762.4,3650.2,3748.1,-14.0,48.8,3626.6
PF003135,CROP005,Pearl Millet (Bajra),Punjab,2022,6,3626.6,3762.4,3650.2,-12.1,47.5,3626.4
PF003136,CROP005,Pearl Millet (Bajra),Punjab,2022,7,3626.4,3626.6,3762.4,8.6,57.4,3316.0
PF003137,CROP005,Pearl Millet (Bajra),Punjab,2022,8,3316.0,3626.4,3626.6,35.9,57.3,3155.2
PF003138,CROP005,Pearl Millet (Bajra),Punjab,2022,9,3155.2,3316.0,3626.4,6.4,42.5,3306.3
PF003139,CROP005,Pearl Millet (Bajra),Punjab,2022,10,3306.3,3155.2,3316.0,5.8,64.7,3022.6
PF003140,CROP005,Pearl Millet (Bajra),Punjab,2022,11,3022.6,3306.3,3155.2,-23.4,66.6,3246.4
PF003141,CROP005,Pearl Millet (Bajra),Punjab,2022,12,3246.4,3022.6,3306.3,-15.3,44.2,3623.5
PF003142,CROP005,Pearl Millet (Bajra),Punjab,2023,1,3623.5,3246.4,3022.6,-5.6,50.0,3702.7
PF003143,CROP005,Pearl Millet (Bajra),Punjab,2023,2,3702.7,3623.5,3246.4,-20.3,68.1,3931.3
PF003144,CROP005,Pearl Millet (Bajra),Punjab,2023,3,3931.3,3702.7,3623.5,5.5,32.5,3777.6
PF003145,CROP005,Pearl Millet (Bajra),Punjab,2023,4,3777.6,3931.3,3702.7,-15.9,76.4,3911.9
PF003146,CROP005,Pearl Millet (Bajra),Punjab,2023,5,3911.9,3777.6,3931.3,0.3,51.9,3800.1
PF003147,CROP005,Pearl Millet (Bajra),Punjab,2023,6,3800.1,3911.9,3777.6,1.8,71.2,3612.2
PF003148,CROP005,Pearl Millet (Bajra),Punjab,2023,7,3612.2,3800.1,3911.9,-10.5,61.4,3521.3
PF003149,CROP005,Pearl Millet (Bajra),Punjab,2023,8,3521.3,3612.2,3800.1,12.2,61.8,3574.4
PF003150,CROP005,Pearl Millet (Bajra),Punjab,2023,9,3574.4,3521.3,3612.2,-9.4,32.2,3176.0
PF003151,CROP005,Pearl Millet (Bajra),Punjab,2023,10,3176.0,3574.4,3521.3,11.3,51.1,3055.2
PF003152,CROP005,Pearl Millet (Bajra),Punjab,2023,11,3055.2,3176.0,3574.4,9.8,33.2,3676.0
PF003153,CROP005,Pearl Millet (Bajra),Punjab,2023,12,3676.0,3055.2,3176.0,-10.5,37.7,3776.7
PF003186,CROP005,Pearl Millet (Bajra),Punjab,2021,4,3513.6,3380.3,3015.3,30.7,41.7,3363.7
PF003187,CROP005,Pearl Millet (Bajra),Punjab,2021,5,3363.7,3513.6,3380.3,0.5,68.4,2863.2
PF003188,CROP005,Pearl Millet (Bajra),Punjab,2021,6,2863.2,3363.7,3513.6,30.8,54.3,3217.9
PF003189,CROP005,Pearl Millet (Bajra),Punjab,2021,7,3217.9,2863.2,3363.7,-15.7,43.9,2683.6
PF003190,CROP005,Pearl Millet (Bajra),Punjab,2021,8,2683.6,3217.9,2863.2,-32.8,55.4,2775.1
PF003191,CROP005,Pearl Millet (Bajra),Punjab,2021,9,2775.1,2683.6,3217.9,-1.2,42.6,2690.1
PF003192,CROP005,Pearl Millet (Bajra),Punjab,2021,10,2690.1,2775.1,2683.6,-13.5,34.5,2678.3
PF003193,CROP005,Pearl Millet (Bajra),Punjab,2021,11,2678.3,2690.1,2775.1,-6.8,50.8,2793.9
PF003194,CROP005,Pearl Millet (Bajra),Punjab,2021,12,2793.9,2678.3,2690.1,-2.4,46.6,2881.2
PF003195,CROP005,Pearl Millet (Bajra),Punjab,2022,1,2881.2,2793.9,2678.3,19.2,47.1,3254.1
PF003196,CROP005,Pearl Millet (Bajra),Punjab,2022,2,3254.1,2881.2,2793.9,-17.2,64.8,3396.5
PF003197,CROP005,Pearl Millet (Bajra),Punjab,2022,3,3396.5,3254.1,2881.2,14.1,43.9,3397.6
PF003198,CROP005,Pearl Millet (Bajra),Punjab,2022,4,3397.6,3396.5,3254.1,3.8,33.1,3389.2
PF003199,CROP005,Pearl Millet (Bajra),Punjab,2022,5,3389.2,3397.6,3396.5,5.0,55.5,3213.2
PF003200,CROP005,Pearl Millet (Bajra),Punjab,2022,6,3213.2,3389.2,3397.6,4.9,61.6,3190.2
PF003201,CROP005,Pearl Millet (Bajra),Punjab,2022,7,3190.2,3213.2,3389.2,3.1,68.0,2871.8
PF003202,CROP005,Pearl Millet (Bajra),Punjab,2022,8,2871.8,3190.2,3213.2,13.4,74.4,2677.3
PF003203,CROP005,Pearl Millet (Bajra),Punjab,2022,9,2677.3,2871.8,3190.2,20.6,55.5,2738.3
PF003204,CROP005,Pearl Millet (Bajra),Punjab,2022,10,2738.3,2677.3,2871.8,-1.2,43.3,2786.2
PF003205,CROP005,Pearl Millet (Bajra),Punjab,2022,11,2786.2,2738.3,2677.3,-6.1,60.2,2826.2
PF003206,CROP005,Pearl Millet (Bajra),Punjab,2022,12,2826.2,2786.2,2738.3,4.8,49.3,3067.6
PF003207,CROP005,Pearl Millet (Bajra),Punjab,2023,1,3067.6,2826.2,2786.2,4.7,68.9,3236.5
PF003208,CROP005,Pearl Millet (Bajra),Punjab,2023,2,3236.5,3067.6,2826.2,-8.6,41.8,3273.2
PF003209,CROP005,Pearl Millet (Bajra),Punjab,2023,3,3273.2,3236.5,3067.6,-23.6,49.5,3214.0
PF003210,CROP005,Pearl Millet (Bajra),Punjab,2023,4,3214.0,3273.2,3236.5,16.0,76.5,3276.2
PF003211,CROP005,Pearl Millet (Bajra),Punjab,2023,5,3276.2,3214.0,3273.2,1.7,56.0,3283.8
PF003212,CROP005,Pearl Millet (Bajra),Punjab,2023,6,3283.8,3276.2,3214.0,-0.0,53.2,2958.7
PF003213,CROP005,Pearl Millet (Bajra),Punjab,2023,7,2958.7,3283.8,3276.2,1.8,46.7,2920.7
PF003214,CROP005,Pearl Millet (Bajra),Punjab,2023,8,2920.7,2958.7,3283.8,5.4,49.0,2729.3
PF003215,CROP005,Pearl Millet (Bajra),Punjab,2023,9,2729.3,2920.7,2958.7,4.8,71.9,2847.1
PF003216,CROP005,Pearl Millet (Bajra),Punjab,2023,10,2847.1,2729.3,2920.7,-12.8,68.0,2767.5
PF003217,CROP005,Pearl Millet (Bajra),Punjab,2023,11,2767.5,2847.1,2729.3,-4.0,38.5,2966.8
PF003218,CROP005,Pearl Millet (Bajra),Punjab,2023,12,2966.8,2767.5,2847.1,27.0,69.1,3099.7
PF003251,CROP005,Pearl Millet (Bajra),Punjab,2021,4,4597.3,4298.6,3951.8,6.6,70.3,4242.6
PF003252,CROP005,Pearl Millet (Bajra),Punjab,2021,5,4242.6,4597.3,4298.6,6.7,60.3,4083.4
PF003253,CROP005,Pearl Millet (Bajra),Punjab,2021,6,4083.4,4242.6,4597.3,16.6,50.5,3955.1
PF003254,CROP005,Pearl Millet (Bajra),Punjab,2021,7,3955.1,4083.4,4242.6,-1.9,64.4,3758.9
PF003255,CROP005,Pearl Millet (Bajra),Punjab,2021,8,3758.9,3955.1,4083.4,5.7,48.4,3433.5
PF003256,CROP005,Pearl Millet (Bajra),Punjab,2021,9,3433.5,3758.9,3955.1,16.0,40.3,3308.5
PF003257,CROP005,Pearl Millet (Bajra),Punjab,2021,10,3308.5,3433.5,3758.9,-0.3,43.2,3604.3
PF003258,CROP005,Pearl Millet (Bajra),Punjab,2021,11,3604.3,3308.5,3433.5,28.1,34.1,3653.0
PF003259,CROP005,Pearl Millet (Bajra),Punjab,2021,12,3653.0,3604.3,3308.5,26.7,51.2,3849.7
PF003260,CROP005,Pearl Millet (Bajra),Punjab,2022,1,3849.7,3653.0,3604.3,-3.2,44.1,4178.7
PF003261,CROP005,Pearl Millet (Bajra),Punjab,2022,2,4178.7,3849.7,3653.0,8.8,70.8,4034.9
PF003262,CROP005,Pearl Millet (Bajra),Punjab,2022,3,4034.9,4178.7,3849.7,6.7,37.7,4534.9
PF003263,CROP005,Pearl Millet (Bajra),Punjab,2022,4,4534.9,4034.9,4178.7,-1.8,42.2,4332.8
PF003264,CROP005,Pearl Millet (Bajra),Punjab,2022,5,4332.8,4534.9,4034.9,24.8,42.1,3846.6
PF003265,CROP005,Pearl Millet (Bajra),Punjab,2022,6,3846.6,4332.8,4534.9,18.4,46.4,3866.2
PF003266,CROP005,Pearl Millet (Bajra),Punjab,2022,7,3866.2,3846.6,4332.8,-26.9,68.0,3429.0
PF003267,CROP005,Pearl Millet (Bajra),Punjab,2022,8,3429.0,3866.2,3846.6,19.7,40.0,3452.3
PF003268,CROP005,Pearl Millet (Bajra),Punjab,2022,9,3452.3,3429.0,3866.2,32.2,48.2,3532.2
PF003269,CROP005,Pearl Millet (Bajra),Punjab,2022,10,3532.2,3452.3,3429.0,-16.8,54.6,3363.9
PF003270,CROP005,Pearl Millet (Bajra),Punjab,2022,11,3363.9,3532.2,3452.3,-0.6,54.0,3882.2
PF003271,CROP005,Pearl Millet (Bajra),Punjab,2022,12,3882.2,3363.9,3532.2,-33.6,59.0,3937.9
PF003272,CROP005,Pearl Millet (Bajra),Punjab,2023,1,3937.9,3882.2,3363.9,-12.2,43.7,4091.7
PF003273,CROP005,Pearl Millet (Bajra),Punjab,2023,2,4091.7,3937.9,3882.2,21.7,43.3,4537.6
PF003274,CROP005,Pearl Millet (Bajra),Punjab,2023,3,4537.6,4091.7,3937.9,-6.4,54.1,4088.2
PF003275,CROP005,Pearl Millet (Bajra),Punjab,2023,4,4088.2,4537.6,4091.7,-19.3,43.3,4152.2
PF003276,CROP005,Pearl Millet (Bajra),Punjab,2023,5,4152.2,4088.2,4537.6,-10.6,53.3,4170.0
PF003277,CROP005,Pearl Millet (Bajra),Punjab,2023,6,4170.0,4152.2,4088.2,-19.1,56.2,4135.6
PF003278,CROP005,Pearl Millet (Bajra),Punjab,2023,7,4135.6,4170.0,4152.2,-16.0,55.9,3596.1
PF003279,CROP005,Pearl Millet (Bajra),Punjab,2023,8,3596.1,4135.6,4170.0,-1.4,59.3,3392.4
PF003280,CROP005,Pearl Millet (Bajra),Punjab,2023,9,3392.4,3596.1,4135.6,-7.7,37.6,3373.9
PF003281,CROP005,Pearl Millet (Bajra),Punjab,2023,10,3373.9,3392.4,3596.1,-28.6,46.0,3644.0
PF003282,CROP005,Pearl Millet (Bajra),Punjab,2023,11,3644.0,3373.9,3392.4,-4.5,36.4,3559.6
PF003283,CROP005,Pearl Millet (Bajra),Punjab,2023,12,3559.6,3644.0,3373.9,-5.5,31.5,3633.2
PF003316,CROP005,Pearl Millet (Bajra),Haryana,2021,4,3251.8,3447.7,3119.2,2.2,61.5,3420.6
PF003317,CROP005,Pearl Millet (Bajra),Haryana,2021,5,3420.6,3251.8,3447.7,30.1,32.4,3223.6
PF003318,CROP005,Pearl Millet (Bajra),Haryana,2021,6,3223.6,3420.6,3251.8,-8.7,35.8,3045.5
PF003319,CROP005,Pearl Millet (Bajra),Haryana,2021,7,3045.5,3223.6,3420.6,30.0,56.0,2963.4
PF003320,CROP005,Pearl Millet (Bajra),Haryana,2021,8,2963.4,3045.5,3223.6,-17.5,39.7,2878.3
PF003321,CROP005,Pearl Millet (Bajra),Haryana,2021,9,2878.3,2963.4,3045.5,-8.1,60.7,2699.0
PF003322,CROP005,Pearl Millet (Bajra),Haryana,2021,10,2699.0,2878.3,2963.4,-11.6,47.3,2639.0
PF003323,CROP005,Pearl Millet (Bajra),Haryana,2021,11,2639.0,2699.0,2878.3,20.6,60.9,2937.5
PF003324,CROP005,Pearl Millet (Bajra),Haryana,2021,12,2937.5,2639.0,2699.0,9.3,37.4,3196.4
PF003325,CROP005,Pearl Millet (Bajra),Haryana,2022,1,3196.4,2937.5,2639.0,9.7,68.8,2979.5
PF003326,CROP005,Pearl Millet (Bajra),Haryana,2022,2,2979.5,3196.4,2937.5,8.7,54.8,3129.4
PF003327,CROP005,Pearl Millet (Bajra),Haryana,2022,3,3129.4,2979.5,3196.4,-28.5,69.6,3377.1
PF003328,CROP005,Pearl Millet (Bajra),Haryana,2022,4,3377.1,3129.4,2979.5,-20.3,28.5,3301.1
PF003329,CROP005,Pearl Millet (Bajra),Haryana,2022,5,3301.1,3377.1,3129.4,-4.9,57.7,3232.5
PF003330,CROP005,Pearl Millet (Bajra),Haryana,2022,6,3232.5,3301.1,3377.1,-12.3,54.2,2873.4
PF003331,CROP005,Pearl Millet (Bajra),Haryana,2022,7,2873.4,3232.5,3301.1,-26.6,55.0,3018.1
PF003332,CROP005,Pearl Millet (Bajra),Haryana,2022,8,3018.1,2873.4,3232.5,0.1,23.7,2900.4
PF003333,CROP005,Pearl Millet (Bajra),Haryana,2022,9,2900.4,3018.1,2873.4,-21.8,71.0,2760.8
PF003334,CROP005,Pearl Millet (Bajra),Haryana,2022,10,2760.8,2900.4,3018.1,-11.0,42.3,2758.1
PF003335,CROP005,Pearl Millet (Bajra),Haryana,2022,11,2758.1,2760.8,2900.4,13.9,48.9,2825.7
PF003336,CROP005,Pearl Millet (Bajra),Haryana,2022,12,2825.7,2758.1,2760.8,-4.6,67.0,2905.8
PF003337,CROP005,Pearl Millet (Bajra),Haryana,2023,1,2905.8,2825.7,2758.1,13.5,27.9,3206.0
PF003338,CROP005,Pearl Millet (Bajra),Haryana,2023,2,3206.0,2905.8,2825.7,22.0,44.9,3111.4
PF003339,CROP005,Pearl Millet (Bajra),Haryana,2023,3,3111.4,3206.0,2905.8,-19.1,61.2,3420.0
PF003340,CROP005,Pearl Millet (Bajra),Haryana,2023,4,3420.0,3111.4,3206.0,6.4,66.0,3522.4
PF003341,CROP005,Pearl Millet (Bajra),Haryana,2023,5,3522.4,3420.0,3111.4,-30.9,43.6,3071.8
PF003342,CROP005,Pearl Millet (Bajra),Haryana,2023,6,3071.8,3522.4,3420.0,15.3,39.3,3053.8
PF003343,CROP005,Pearl Millet (Bajra),Haryana,2023,7,3053.8,3071.8,3522.4,-11.9,72.1,2968.3
PF003344,CROP005,Pearl Millet (Bajra),Haryana,2023,8,2968.3,3053.8,3071.8,17.9,43.8,2720.1
PF003345,CROP005,Pearl Millet (Bajra),Haryana,2023,9,2720.1,2968.3,3053.8,13.0,48.8,2857.3
PF003346,CROP005,Pearl Millet (Bajra),Haryana,2023,10,2857.3,2720.1,2968.3,19.6,27.3,2764.6
PF003347,CROP005,Pearl Millet (Bajra),Haryana,2023,11,2764.6,2857.3,2720.1,-27.1,67.7,2818.3
PF003348,CROP005,Pearl Millet (Bajra),Haryana,2023,12,2818.3,2764.6,2857.3,9.0,36.3,3133.9
PF003381,CROP005,Pearl Millet (Bajra),Haryana,2021,4,4026.3,4294.7,4031.4,22.5,28.6,4254.3
PF003382,CROP005,Pearl Millet (Bajra),Haryana,2021,5,4254.3,4026.3,4294.7,-42.5,40.7,4040.4
PF003383,CROP005,Pearl Millet (Bajra),Haryana,2021,6,4040.4,4254.3,4026.3,6.5,47.0,3627.5
PF003384,CROP005,Pearl Millet (Bajra),Haryana,2021,7,3627.5,4040.4,4254.3,-3.2,56.7,3689.7
PF003385,CROP005,Pearl Millet (Bajra),Haryana,2021,8,3689.7,3627.5,4040.4,10.0,70.4,3783.8
PF003386,CROP005,Pearl Millet (Bajra),Haryana,2021,9,3783.8,3689.7,3627.5,-10.2,60.0,3337.0
PF003387,CROP005,Pearl Millet (Bajra),Haryana,2021,10,3337.0,3783.8,3689.7,-9.0,37.0,3517.9
PF003388,CROP005,Pearl Millet (Bajra),Haryana,2021,11,3517.9,3337.0,3783.8,12.5,59.3,3522.0
PF003389,CROP005,Pearl Millet (Bajra),Haryana,2021,12,3522.0,3517.9,3337.0,4.2,52.5,3695.9
PF003390,CROP005,Pearl Millet (Bajra),Haryana,2022,1,3695.9,3522.0,3517.9,-9.8,49.7,3901.8
PF003391,CROP005,Pearl Millet (Bajra),Haryana,2022,2,3901.8,3695.9,3522.0,7.0,17.9,4343.8
PF003392,CROP005,Pearl Millet (Bajra),Haryana,2022,3,4343.8,3901.8,3695.9,-5.4,64.1,4411.3
PF003393,CROP005,Pearl Millet (Bajra),Haryana,2022,4,4411.3,4343.8,3901.8,-17.1,47.3,4173.3
PF003394,CROP005,Pearl Millet (Bajra),Haryana,2022,5,4173.3,4411.3,4343.8,-7.2,38.3,3865.8
PF003395,CROP005,Pearl Millet (Bajra),Haryana,2022,6,3865.8,4173.3,4411.3,28.2,48.6,3743.8
PF003396,CROP005,Pearl Millet (Bajra),Haryana,2022,7,3743.8,3865.8,4173.3,9.7,46.5,3830.1
PF003397,CROP005,Pearl Millet (Bajra),Haryana,2022,8,3830.1,3743.8,3865.8,6.4,47.9,3636.6
PF003398,CROP005,Pearl Millet (Bajra),Haryana,2022,9,3636.6,3830.1,3743.8,30.4,42.7,3648.9
PF003399,CROP005,Pearl Millet (Bajra),Haryana,2022,10,3648.9,3636.6,3830.1,5.3,54.5,3898.5
PF003400,CROP005,Pearl Millet (Bajra),Haryana,2022,11,3898.5,3648.9,3636.6,-0.5,56.2,3848.2
PF003401,CROP005,Pearl Millet (Bajra),Haryana,2022,12,3848.2,3898.5,3648.9,-12.0,39.8,3915.2
PF003402,CROP005,Pearl Millet (Bajra),Haryana,2023,1,3915.2,3848.2,3898.5,-18.9,59.0,4098.9
PF003403,CROP005,Pearl Millet (Bajra),Haryana,2023,2,4098.9,3915.2,3848.2,-29.0,45.6,4154.7
PF003404,CROP005,Pearl Millet (Bajra),Haryana,2023,3,4154.7,4098.9,3915.2,-6.0,52.4,4117.0
PF003405,CROP005,Pearl Millet (Bajra),Haryana,2023,4,4117.0,4154.7,4098.9,-8.0,33.3,4183.3
PF003406,CROP005,Pearl Millet (Bajra),Haryana,2023,5,4183.3,4117.0,4154.7,4.7,72.6,3775.6
PF003407,CROP005,Pearl Millet (Bajra),Haryana,2023,6,3775.6,4183.3,4117.0,8.9,55.2,3733.8
PF003408,CROP005,Pearl Millet (Bajra),Haryana,2023,7,3733.8,3775.6,4183.3,-15.5,56.0,3643.9
PF003409,CROP005,Pearl Millet (Bajra),Haryana,2023,8,3643.9,3733.8,3775.6,-13.8,50.9,3454.9
PF003410,CROP005,Pearl Millet (Bajra),Haryana,2023,9,3454.9,3643.9,3733.8,12.7,53.7,3357.0
PF003411,CROP005,Pearl Millet (Bajra),Haryana,2023,10,3357.0,3454.9,3643.9,22.4,38.0,3500.5
PF003412,CROP005,Pearl Millet (Bajra),Haryana,2023,11,3500.5,3357.0,3454.9,34.5,60.1,3688.9
PF003413,CROP005,Pearl Millet (Bajra),Haryana,2023,12,3688.9,3500.5,3357.0,10.4,58.1,3910.7
PF003446,CROP005,Pearl Millet (Bajra),Uttar Pradesh,2021,4,3611.4,3561.3,3367.7,1.3,59.5,3593.8
PF003447,CROP005,Pearl Millet (Bajra),Uttar Pradesh,2021,5,3593.8,3611.4,3561.3,-4.0,42.5,3531.1
PF003448,CROP005,Pearl Millet (Bajra),Uttar Pradesh,2021,6,3531.1,3593.8,3611.4,-23.2,61.1,3525.2
PF003449,CROP005,Pearl Millet (Bajra),Uttar Pradesh,2021,7,3525.2,3531.1,3593.8,-13.4,56.2,3462.3
PF003450,CROP005,Pearl Millet (Bajra),Uttar Pradesh,2021,8,3462.3,3525.2,3531.1,13.7,33.0,2868.2
PF003451,CROP005,Pearl Millet (Bajra),Uttar Pradesh,2021,9,2868.2,3462.3,3525.2,-6.2,27.9,2925.0
PF003452,CROP005,Pearl Millet (Bajra),Uttar Pradesh,2021,10,2925.0,2868.2,3462.3,8.3,67.9,3021.5
PF003453,CROP005,Pearl Millet (Bajra),Uttar Pradesh,2021,11,3021.5,2925.0,2868.2,8.4,68.8,3013.8
PF003454,CROP005,Pearl Millet (Bajra),Uttar Pradesh,2021,12,3013.8,3021.5,2925.0,17.8,35.8,3408.5
PF003455,CROP005,Pearl Millet (Bajra),Uttar Pradesh,2022,1,3408.5,3013.8,3021.5,-17.5,55.7,3592.3
PF003456,CROP005,Pearl Millet (Bajra),Uttar Pradesh,2022,2,3592.3,3408.5,3013.8,11.7,60.2,3369.7
PF003457,CROP005,Pearl Millet (Bajra),Uttar Pradesh,2022,3,3369.7,3592.3,3408.5,0.2,58.4,4013.0
PF003458,CROP005,Pearl Millet (Bajra),Uttar Pradesh,2022,4,4013.0,3369.7,3592.3,-2.7,61.1,3384.0
PF003459,CROP005,Pearl Millet (Bajra),Uttar Pradesh,2022,5,3384.0,4013.0,3369.7,-4.0,39.7,3304.5
PF003460,CROP005,Pearl Millet (Bajra),Uttar Pradesh,2022,6,3304.5,3384.0,4013.0,-2.4,58.6,3635.6
PF003461,CROP005,Pearl Millet (Bajra),Uttar Pradesh,2022,7,3635.6,3304.5,3384.0,-6.9,47.0,3246.5
PF003462,CROP005,Pearl Millet (Bajra),Uttar Pradesh,2022,8,3246.5,3635.6,3304.5,-14.1,52.0,3086.5
PF003463,CROP005,Pearl Millet (Bajra),Uttar Pradesh,2022,9,3086.5,3246.5,3635.6,9.7,48.3,2989.6
PF003464,CROP005,Pearl Millet (Bajra),Uttar Pradesh,2022,10,2989.6,3086.5,3246.5,-18.0,49.7,2884.2
PF003465,CROP005,Pearl Millet (Bajra),Uttar Pradesh,2022,11,2884.2,2989.6,3086.5,-21.8,40.4,3242.1
PF003466,CROP005,Pearl Millet (Bajra),Uttar Pradesh,2022,12,3242.1,2884.2,2989.6,12.1,69.3,3321.4
PF003467,CROP005,Pearl Millet (Bajra),Uttar Pradesh,2023,1,3321.4,3242.1,2884.2,5.7,79.7,3508.3
PF003468,CROP005,Pearl Millet (Bajra),Uttar Pradesh,2023,2,3508.3,3321.4,3242.1,-5.5,60.4,3587.9
PF003469,CROP005,Pearl Millet (Bajra),Uttar Pradesh,2023,3,3587.9,3508.3,3321.4,-10.6,51.5,3775.9
PF003470,CROP005,Pearl Millet (Bajra),Uttar Pradesh,2023,4,3775.9,3587.9,3508.3,-8.4,42.7,3855.3
PF003471,CROP005,Pearl Millet (Bajra),Uttar Pradesh,2023,5,3855.3,3775.9,3587.9,5.8,48.8,3922.7
PF003472,CROP005,Pearl Millet (Bajra),Uttar Pradesh,2023,6,3922.7,3855.3,3775.9,-5.5,58.4,3219.1
PF003473,CROP005,Pearl Millet (Bajra),Uttar Pradesh,2023,7,3219.1,3922.7,3855.3,-10.8,54.0,3139.4
PF003474,CROP005,Pearl Millet (Bajra),Uttar Pradesh,2023,8,3139.4,3219.1,3922.7,23.6,51.4,3020.1
PF003475,CROP005,Pearl Millet (Bajra),Uttar Pradesh,2023,9,3020.1,3139.4,3219.1,5.1,71.5,2935.4
PF003476,CROP005,Pearl Millet (Bajra),Uttar Pradesh,2023,10,2935.4,3020.1,3139.4,-3.0,48.5,3086.5
PF003477,CROP005,Pearl Millet (Bajra),Uttar Pradesh,2023,11,3086.5,2935.4,3020.1,21.4,28.8,3185.1
PF003478,CROP005,Pearl Millet (Bajra),Uttar Pradesh,2023,12,3185.1,3086.5,2935.4,5.1,42.5,3137.9
PF003511,CROP005,Pearl Millet (Bajra),Uttar Pradesh,2021,4,3785.0,4040.0,3549.4,12.1,53.0,3891.7
PF003512,CROP005,Pearl Millet (Bajra),Uttar Pradesh,2021,5,3891.7,3785.0,4040.0,7.0,60.3,3574.0
PF003513,CROP005,Pearl Millet (Bajra),Uttar Pradesh,2021,6,3574.0,3891.7,3785.0,-11.8,36.2,3726.8
PF003514,CROP005,Pearl Millet (Bajra),Uttar Pradesh,2021,7,3726.8,3574.0,3891.7,0.0,39.0,3374.7
PF003515,CROP005,Pearl Millet (Bajra),Uttar Pradesh,2021,8,3374.7,3726.8,3574.0,-28.1,43.2,3464.2
PF003516,CROP005,Pearl Millet (Bajra),Uttar Pradesh,2021,9,3464.2,3374.7,3726.8,17.3,62.3,2970.0
PF003517,CROP005,Pearl Millet (Bajra),Uttar Pradesh,2021,10,2970.0,3464.2,3374.7,-7.4,52.6,2958.0
PF003518,CROP005,Pearl Millet (Bajra),Uttar Pradesh,2021,11,2958.0,2970.0,3464.2,-5.4,49.5,3428.0
PF003519,CROP005,Pearl Millet (Bajra),Uttar Pradesh,2021,12,3428.0,2958.0,2970.0,-17.8,42.6,3182.7
PF003520,CROP005,Pearl Millet (Bajra),Uttar Pradesh,2022,1,3182.7,3428.0,2958.0,16.4,40.7,3880.5
PF003521,CROP005,Pearl Millet (Bajra),Uttar Pradesh,2022,2,3880.5,3182.7,3428.0,4.2,67.5,3933.5
PF003522,CROP005,Pearl Millet (Bajra),Uttar Pradesh,2022,3,3933.5,3880.5,3182.7,-9.7,43.0,3966.5
PF003523,CROP005,Pearl Millet (Bajra),Uttar Pradesh,2022,4,3966.5,3933.5,3880.5,-0.6,26.9,3659.9
PF003524,CROP005,Pearl Millet (Bajra),Uttar Pradesh,2022,5,3659.9,3966.5,3933.5,8.4,62.4,3657.9
PF003525,CROP005,Pearl Millet (Bajra),Uttar Pradesh,2022,6,3657.9,3659.9,3966.5,-13.4,36.6,3480.8
PF003526,CROP005,Pearl Millet (Bajra),Uttar Pradesh,2022,7,3480.8,3657.9,3659.9,-14.7,52.6,3161.6
PF003527,CROP005,Pearl Millet (Bajra),Uttar Pradesh,2022,8,3161.6,3480.8,3657.9,-2.6,59.6,3447.0
PF003528,CROP005,Pearl Millet (Bajra),Uttar Pradesh,2022,9,3447.0,3161.6,3480.8,13.8,45.4,2972.8
PF003529,CROP005,Pearl Millet (Bajra),Uttar Pradesh,2022,10,2972.8,3447.0,3161.6,10.3,49.7,3142.7
PF003530,CROP005,Pearl Millet (Bajra),Uttar Pradesh,2022,11,3142.7,2972.8,3447.0,2.8,52.8,3386.4
PF003531,CROP005,Pearl Millet (Bajra),Uttar Pradesh,2022,12,3386.4,3142.7,2972.8,8.3,57.5,3382.6
PF003532,CROP005,Pearl Millet (Bajra),Uttar Pradesh,2023,1,3382.6,3386.4,3142.7,-1.6,45.5,3969.3
PF003533,CROP005,Pearl Millet (Bajra),Uttar Pradesh,2023,2,3969.3,3382.6,3386.4,11.8,39.2,3964.7
PF003534,CROP005,Pearl Millet (Bajra),Uttar Pradesh,2023,3,3964.7,3969.3,3382.6,18.4,42.4,3983.9
PF003535,CROP005,Pearl Millet (Bajra),Uttar Pradesh,2023,4,3983.9,3964.7,3969.3,18.3,70.5,3969.0
PF003536,CROP005,Pearl Millet (Bajra),Uttar Pradesh,2023,5,3969.0,3983.9,3964.7,43.0,66.1,3617.0
PF003537,CROP005,Pearl Millet (Bajra),Uttar Pradesh,2023,6,3617.0,3969.0,3983.9,20.1,46.2,3626.6
PF003538,CROP005,Pearl Millet (Bajra),Uttar Pradesh,2023,7,3626.6,3617.0,3969.0,-20.3,59.9,3431.1
PF003539,CROP005,Pearl Millet (Bajra),Uttar Pradesh,2023,8,3431.1,3626.6,3617.0,12.1,56.5,3328.6
PF003540,CROP005,Pearl Millet (Bajra),Uttar Pradesh,2023,9,3328.6,3431.1,3626.6,13.8,46.5,3158.9
PF003541,CROP005,Pearl Millet (Bajra),Uttar Pradesh,2023,10,3158.9,3328.6,3431.1,10.9,45.0,2988.7
PF003542,CROP005,Pearl Millet (Bajra),Uttar Pradesh,2023,11,2988.7,3158.9,3328.6,6.2,48.9,3512.5
PF003543,CROP005,Pearl Millet (Bajra),Uttar Pradesh,2023,12,3512.5,2988.7,3158.9,-11.9,57.6,3629.0
PF003576,CROP005,Pearl Millet (Bajra),Uttar Pradesh,2021,4,3926.5,4111.7,3829.8,-10.1,55.3,3985.8
PF003577,CROP005,Pearl Millet (Bajra),Uttar Pradesh,2021,5,3985.8,3926.5,4111.7,9.0,50.1,3784.8
PF003578,CROP005,Pearl Millet (Bajra),Uttar Pradesh,2021,6,3784.8,3985.8,3926.5,-3.1,56.6,3685.3
PF003579,CROP005,Pearl Millet (Bajra),Uttar Pradesh,2021,7,3685.3,3784.8,3985.8,-6.2,56.3,3235.5
PF003580,CROP005,Pearl Millet (Bajra),Uttar Pradesh,2021,8,3235.5,3685.3,3784.8,-12.7,48.4,3393.7
PF003581,CROP005,Pearl Millet (Bajra),Uttar Pradesh,2021,9,3393.7,3235.5,3685.3,-17.4,46.5,3430.5
PF003582,CROP005,Pearl Millet (Bajra),Uttar Pradesh,2021,10,3430.5,3393.7,3235.5,5.0,53.4,3345.9
PF003583,CROP005,Pearl Millet (Bajra),Uttar Pradesh,2021,11,3345.9,3430.5,3393.7,23.6,61.9,3386.7
PF003584,CROP005,Pearl Millet (Bajra),Uttar Pradesh,2021,12,3386.7,3345.9,3430.5,17.0,73.9,3475.3
PF003585,CROP005,Pearl Millet (Bajra),Uttar Pradesh,2022,1,3475.3,3386.7,3345.9,9.3,49.4,3913.3
PF003586,CROP005,Pearl Millet (Bajra),Uttar Pradesh,2022,2,3913.3,3475.3,3386.7,-11.9,63.8,3991.2
PF003587,CROP005,Pearl Millet (Bajra),Uttar Pradesh,2022,3,3991.2,3913.3,3475.3,-1.4,56.8,4231.1
PF003588,CROP005,Pearl Millet (Bajra),Uttar Pradesh,2022,4,4231.1,3991.2,3913.3,-6.4,44.6,4033.0
PF003589,CROP005,Pearl Millet (Bajra),Uttar Pradesh,2022,5,4033.0,4231.1,3991.2,14.3,51.6,3623.9
PF003590,CROP005,Pearl Millet (Bajra),Uttar Pradesh,2022,6,3623.9,4033.0,4231.1,6.7,48.8,3678.0
PF003591,CROP005,Pearl Millet (Bajra),Uttar Pradesh,2022,7,3678.0,3623.9,4033.0,4.1,49.7,3931.1
PF003592,CROP005,Pearl Millet (Bajra),Uttar Pradesh,2022,8,3931.1,3678.0,3623.9,0.2,61.1,3351.7
PF003593,CROP005,Pearl Millet (Bajra),Uttar Pradesh,2022,9,3351.7,3931.1,3678.0,-27.2,55.4,3345.9
PF003594,CROP005,Pearl Millet (Bajra),Uttar Pradesh,2022,10,3345.9,3351.7,3931.1,12.6,48.7,3300.1
PF003595,CROP005,Pearl Millet (Bajra),Uttar Pradesh,2022,11,3300.1,3345.9,3351.7,0.0,37.2,3339.1
PF003596,CROP005,Pearl Millet (Bajra),Uttar Pradesh,2022,12,3339.1,3300.1,3345.9,-0.2,47.0,3804.1
PF003597,CROP005,Pearl Millet (Bajra),Uttar Pradesh,2023,1,3804.1,3339.1,3300.1,20.7,70.3,3763.2
PF003598,CROP005,Pearl Millet (Bajra),Uttar Pradesh,2023,2,3763.2,3804.1,3339.1,-12.3,46.4,3847.4
PF003599,CROP005,Pearl Millet (Bajra),Uttar Pradesh,2023,3,3847.4,3763.2,3804.1,3.8,56.8,4120.7
PF003600,CROP005,Pearl Millet (Bajra),Uttar Pradesh,2023,4,4120.7,3847.4,3763.2,-0.4,51.3,4426.7
PF003601,CROP005,Pearl Millet (Bajra),Uttar Pradesh,2023,5,4426.7,4120.7,3847.4,1.1,66.5,3738.9
PF003602,CROP005,Pearl Millet (Bajra),Uttar Pradesh,2023,6,3738.9,4426.7,4120.7,-2.1,55.7,3851.4
PF003603,CROP005,Pearl Millet (Bajra),Uttar Pradesh,2023,7,3851.4,3738.9,4426.7,30.5,21.6,3610.3
PF003604,CROP005,Pearl Millet (Bajra),Uttar Pradesh,2023,8,3610.3,3851.4,3738.9,1.8,40.4,3365.6
PF003605,CROP005,Pearl Millet (Bajra),Uttar Pradesh,2023,9,3365.6,3610.3,3851.4,-15.3,52.4,3144.2
PF003606,CROP005,Pearl Millet (Bajra),Uttar Pradesh,2023,10,3144.2,3365.6,3610.3,26.4,42.7,3465.7
PF003607,CROP005,Pearl Millet (Bajra),Uttar Pradesh,2023,11,3465.7,3144.2,3365.6,-5.8,46.8,3545.9
PF003608,CROP005,Pearl Millet (Bajra),Uttar Pradesh,2023,12,3545.9,3465.7,3144.2,-17.0,42.3,3499.0
PF003641,CROP005,Pearl Millet (Bajra),Bihar,2021,4,3319.1,3347.5,3121.0,-1.5,57.2,3219.9
PF003642,CROP005,Pearl Millet (Bajra),Bihar,2021,5,3219.9,3319.1,3347.5,8.9,59.5,3087.7
PF003643,CROP005,Pearl Millet (Bajra),Bihar,2021,6,3087.7,3219.9,3319.1,2.5,57.8,3096.3
PF003644,CROP005,Pearl Millet (Bajra),Bihar,2021,7,3096.3,3087.7,3219.9,-20.4,50.9,2944.1
PF003645,CROP005,Pearl Millet (Bajra),Bihar,2021,8,2944.1,3096.3,3087.7,19.9,67.3,2699.1
PF003646,CROP005,Pearl Millet (Bajra),Bihar,2021,9,2699.1,2944.1,3096.3,-18.9,47.0,2654.3
PF003647,CROP005,Pearl Millet (Bajra),Bihar,2021,10,2654.3,2699.1,2944.1,2.6,59.9,2669.1
PF003648,CROP005,Pearl Millet (Bajra),Bihar,2021,11,2669.1,2654.3,2699.1,10.6,39.6,2904.2
PF003649,CROP005,Pearl Millet (Bajra),Bihar,2021,12,2904.2,2669.1,2654.3,29.0,45.2,3154.2
PF003650,CROP005,Pearl Millet (Bajra),Bihar,2022,1,3154.2,2904.2,2669.1,22.7,59.6,3228.8
PF003651,CROP005,Pearl Millet (Bajra),Bihar,2022,2,3228.8,3154.2,2904.2,-8.8,48.3,3299.7
PF003652,CROP005,Pearl Millet (Bajra),Bihar,2022,3,3299.7,3228.8,3154.2,-15.2,37.9,3559.1
PF003653,CROP005,Pearl Millet (Bajra),Bihar,2022,4,3559.1,3299.7,3228.8,-23.6,59.1,3280.2
PF003654,CROP005,Pearl Millet (Bajra),Bihar,2022,5,3280.2,3559.1,3299.7,9.5,50.8,3341.2
PF003655,CROP005,Pearl Millet (Bajra),Bihar,2022,6,3341.2,3280.2,3559.1,-9.2,60.1,3019.5
PF003656,CROP005,Pearl Millet (Bajra),Bihar,2022,7,3019.5,3341.2,3280.2,15.8,59.2,2647.1
PF003657,CROP005,Pearl Millet (Bajra),Bihar,2022,8,2647.1,3019.5,3341.2,18.1,60.6,2752.9
PF003658,CROP005,Pearl Millet (Bajra),Bihar,2022,9,2752.9,2647.1,3019.5,-6.7,58.7,2765.8
PF003659,CROP005,Pearl Millet (Bajra),Bihar,2022,10,2765.8,2752.9,2647.1,-14.2,51.2,2860.6
PF003660,CROP005,Pearl Millet (Bajra),Bihar,2022,11,2860.6,2765.8,2752.9,4.5,28.1,3050.1
PF003661,CROP005,Pearl Millet (Bajra),Bihar,2022,12,3050.1,2860.6,2765.8,-30.7,35.3,2869.9
PF003662,CROP005,Pearl Millet (Bajra),Bihar,2023,1,2869.9,3050.1,2860.6,-1.3,49.4,3398.4
PF003663,CROP005,Pearl Millet (Bajra),Bihar,2023,2,3398.4,2869.9,3050.1,-2.0,49.7,3587.5
PF003664,CROP005,Pearl Millet (Bajra),Bihar,2023,3,3587.5,3398.4,2869.9,17.8,57.2,3290.5
PF003665,CROP005,Pearl Millet (Bajra),Bihar,2023,4,3290.5,3587.5,3398.4,0.3,61.4,3126.3
PF003666,CROP005,Pearl Millet (Bajra),Bihar,2023,5,3126.3,3290.5,3587.5,-6.9,62.5,3320.6
PF003667,CROP005,Pearl Millet (Bajra),Bihar,2023,6,3320.6,3126.3,3290.5,-13.2,54.4,2993.6
PF003668,CROP005,Pearl Millet (Bajra),Bihar,2023,7,2993.6,3320.6,3126.3,-19.3,51.1,2935.9
PF003669,CROP005,Pearl Millet (Bajra),Bihar,2023,8,2935.9,2993.6,3320.6,-9.4,33.0,2692.5
PF003670,CROP005,Pearl Millet (Bajra),Bihar,2023,9,2692.5,2935.9,2993.6,12.5,42.2,2875.3
PF003671,CROP005,Pearl Millet (Bajra),Bihar,2023,10,2875.3,2692.5,2935.9,34.5,41.5,2731.5
PF003672,CROP005,Pearl Millet (Bajra),Bihar,2023,11,2731.5,2875.3,2692.5,-4.5,46.9,2615.0
PF003673,CROP005,Pearl Millet (Bajra),Bihar,2023,12,2615.0,2731.5,2875.3,-21.5,50.9,3037.1
PF003706,CROP005,Pearl Millet (Bajra),Bihar,2021,4,4337.9,4173.8,3885.3,28.9,43.6,4142.4
PF003707,CROP005,Pearl Millet (Bajra),Bihar,2021,5,4142.4,4337.9,4173.8,-1.8,66.0,4081.5
PF003708,CROP005,Pearl Millet (Bajra),Bihar,2021,6,4081.5,4142.4,4337.9,-6.1,64.8,3744.6
PF003709,CROP005,Pearl Millet (Bajra),Bihar,2021,7,3744.6,4081.5,4142.4,-12.5,61.9,3893.9
PF003710,CROP005,Pearl Millet (Bajra),Bihar,2021,8,3893.9,3744.6,4081.5,32.4,73.2,3446.0
PF003711,CROP005,Pearl Millet (Bajra),Bihar,2021,9,3446.0,3893.9,3744.6,22.2,46.8,3166.6
PF003712,CROP005,Pearl Millet (Bajra),Bihar,2021,10,3166.6,3446.0,3893.9,-3.2,67.6,3915.2
PF003713,CROP005,Pearl Millet (Bajra),Bihar,2021,11,3915.2,3166.6,3446.0,-20.5,75.6,3700.4
PF003714,CROP005,Pearl Millet (Bajra),Bihar,2021,12,3700.4,3915.2,3166.6,-3.5,44.5,3841.6
PF003715,CROP005,Pearl Millet (Bajra),Bihar,2022,1,3841.6,3700.4,3915.2,4.9,49.5,3842.2
PF003716,CROP005,Pearl Millet (Bajra),Bihar,2022,2,3842.2,3841.6,3700.4,18.0,70.9,4351.9
PF003717,CROP005,Pearl Millet (Bajra),Bihar,2022,3,4351.9,3842.2,3841.6,2.6,54.8,4200.4
PF003718,CROP005,Pearl Millet (Bajra),Bihar,2022,4,4200.4,4351.9,3842.2,-22.6,37.6,4246.7
PF003719,CROP005,Pearl Millet (Bajra),Bihar,2022,5,4246.7,4200.4,4351.9,-3.6,34.3,4214.0
PF003720,CROP005,Pearl Millet (Bajra),Bihar,2022,6,4214.0,4246.7,4200.4,0.3,60.6,3913.3
PF003721,CROP005,Pearl Millet (Bajra),Bihar,2022,7,3913.3,4214.0,4246.7,-13.3,43.3,3678.4
PF003722,CROP005,Pearl Millet (Bajra),Bihar,2022,8,3678.4,3913.3,4214.0,-13.3,33.5,3521.3
PF003723,CROP005,Pearl Millet (Bajra),Bihar,2022,9,3521.3,3678.4,3913.3,3.1,65.6,3600.3
PF003724,CROP005,Pearl Millet (Bajra),Bihar,2022,10,3600.3,3521.3,3678.4,39.8,49.0,3291.5
PF003725,CROP005,Pearl Millet (Bajra),Bihar,2022,11,3291.5,3600.3,3521.3,-2.9,50.1,3827.0
PF003726,CROP005,Pearl Millet (Bajra),Bihar,2022,12,3827.0,3291.5,3600.3,0.5,49.5,3775.6
PF003727,CROP005,Pearl Millet (Bajra),Bihar,2023,1,3775.6,3827.0,3291.5,-15.8,40.4,4082.8
PF003728,CROP005,Pearl Millet (Bajra),Bihar,2023,2,4082.8,3775.6,3827.0,3.1,60.2,4006.6
PF003729,CROP005,Pearl Millet (Bajra),Bihar,2023,3,4006.6,4082.8,3775.6,-16.6,34.8,4068.4
PF003730,CROP005,Pearl Millet (Bajra),Bihar,2023,4,4068.4,4006.6,4082.8,-14.2,77.1,3922.1
PF003731,CROP005,Pearl Millet (Bajra),Bihar,2023,5,3922.1,4068.4,4006.6,-34.7,36.2,4174.1
PF003732,CROP005,Pearl Millet (Bajra),Bihar,2023,6,4174.1,3922.1,4068.4,2.5,49.3,3947.5
PF003733,CROP005,Pearl Millet (Bajra),Bihar,2023,7,3947.5,4174.1,3922.1,-8.3,52.4,3543.2
PF003734,CROP005,Pearl Millet (Bajra),Bihar,2023,8,3543.2,3947.5,4174.1,5.0,29.3,3550.4
PF003735,CROP005,Pearl Millet (Bajra),Bihar,2023,9,3550.4,3543.2,3947.5,-33.8,45.8,3631.1
PF003736,CROP005,Pearl Millet (Bajra),Bihar,2023,10,3631.1,3550.4,3543.2,-0.2,65.2,3195.1
PF003737,CROP005,Pearl Millet (Bajra),Bihar,2023,11,3195.1,3631.1,3550.4,-5.2,53.2,3595.7
PF003738,CROP005,Pearl Millet (Bajra),Bihar,2023,12,3595.7,3195.1,3631.1,-10.6,44.5,4051.6
PF003771,CROP005,Pearl Millet (Bajra),West Bengal,2021,4,4110.4,3955.3,3780.0,9.8,47.1,4162.2
PF003772,CROP005,Pearl Millet (Bajra),West Bengal,2021,5,4162.2,4110.4,3955.3,-7.8,40.3,4001.1
PF003773,CROP005,Pearl Millet (Bajra),West Bengal,2021,6,4001.1,4162.2,4110.4,-22.5,62.6,3862.1
PF003774,CROP005,Pearl Millet (Bajra),West Bengal,2021,7,3862.1,4001.1,4162.2,17.0,39.3,3556.9
PF003775,CROP005,Pearl Millet (Bajra),West Bengal,2021,8,3556.9,3862.1,4001.1,-38.5,63.0,2961.4
PF003776,CROP005,Pearl Millet (Bajra),West Bengal,2021,9,2961.4,3556.9,3862.1,-24.5,48.8,3381.9
PF003777,CROP005,Pearl Millet (Bajra),West Bengal,2021,10,3381.9,2961.4,3556.9,-6.3,33.4,3309.4
PF003778,CROP005,Pearl Millet (Bajra),West Bengal,2021,11,3309.4,3381.9,2961.4,7.8,52.6,3467.1
PF003779,CROP005,Pearl Millet (Bajra),West Bengal,2021,12,3467.1,3309.4,3381.9,-5.1,55.6,3851.6
PF003780,CROP005,Pearl Millet (Bajra),West Bengal,2022,1,3851.6,3467.1,3309.4,-4.0,58.4,4017.3
PF003781,CROP005,Pearl Millet (Bajra),West Bengal,2022,2,4017.3,3851.6,3467.1,4.6,56.7,4198.8
PF003782,CROP005,Pearl Millet (Bajra),West Bengal,2022,3,4198.8,4017.3,3851.6,-23.7,38.7,4341.8
PF003783,CROP005,Pearl Millet (Bajra),West Bengal,2022,4,4341.8,4198.8,4017.3,-13.1,47.0,4019.6
PF003784,CROP005,Pearl Millet (Bajra),West Bengal,2022,5,4019.6,4341.8,4198.8,10.0,62.7,3839.4
PF003785,CROP005,Pearl Millet (Bajra),West Bengal,2022,6,3839.4,4019.6,4341.8,-10.2,45.6,3777.0
PF003786,CROP005,Pearl Millet (Bajra),West Bengal,2022,7,3777.0,3839.4,4019.6,-12.0,53.6,3513.2
PF003787,CROP005,Pearl Millet (Bajra),West Bengal,2022,8,3513.2,3777.0,3839.4,-9.3,55.3,3315.3
PF003788,CROP005,Pearl Millet (Bajra),West Bengal,2022,9,3315.3,3513.2,3777.0,17.1,52.3,3354.0
PF003789,CROP005,Pearl Millet (Bajra),West Bengal,2022,10,3354.0,3315.3,3513.2,0.2,27.8,3492.5
PF003790,CROP005,Pearl Millet (Bajra),West Bengal,2022,11,3492.5,3354.0,3315.3,20.0,39.3,3489.1
PF003791,CROP005,Pearl Millet (Bajra),West Bengal,2022,12,3489.1,3492.5,3354.0,-6.6,55.8,3589.5
PF003792,CROP005,Pearl Millet (Bajra),West Bengal,2023,1,3589.5,3489.1,3492.5,-28.1,49.0,4024.6
PF003793,CROP005,Pearl Millet (Bajra),West Bengal,2023,2,4024.6,3589.5,3489.1,16.8,69.0,4100.0
PF003794,CROP005,Pearl Millet (Bajra),West Bengal,2023,3,4100.0,4024.6,3589.5,1.6,37.3,4148.1
PF003795,CROP005,Pearl Millet (Bajra),West Bengal,2023,4,4148.1,4100.0,4024.6,24.5,53.5,4296.4
PF003796,CROP005,Pearl Millet (Bajra),West Bengal,2023,5,4296.4,4148.1,4100.0,21.7,62.0,3918.2
PF003797,CROP005,Pearl Millet (Bajra),West Bengal,2023,6,3918.2,4296.4,4148.1,14.3,56.5,3693.0
PF003798,CROP005,Pearl Millet (Bajra),West Bengal,2023,7,3693.0,3918.2,4296.4,-6.9,31.8,3423.4
PF003799,CROP005,Pearl Millet (Bajra),West Bengal,2023,8,3423.4,3693.0,3918.2,13.0,44.6,3395.6
PF003800,CROP005,Pearl Millet (Bajra),West Bengal,2023,9,3395.6,3423.4,3693.0,-1.2,32.1,3439.7
PF003801,CROP005,Pearl Millet (Bajra),West Bengal,2023,10,3439.7,3395.6,3423.4,-8.6,48.5,3339.4
PF003802,CROP005,Pearl Millet (Bajra),West Bengal,2023,11,3339.4,3439.7,3395.6,-4.7,40.7,3469.5
PF003803,CROP005,Pearl Millet (Bajra),West Bengal,2023,12,3469.5,3339.4,3439.7,11.3,53.2,4030.3
PF003836,CROP005,Pearl Millet (Bajra),West Bengal,2021,4,3469.9,3547.5,3321.4,-2.3,73.8,3513.9
PF003837,CROP005,Pearl Millet (Bajra),West Bengal,2021,5,3513.9,3469.9,3547.5,2.8,49.1,3045.2
PF003838,CROP005,Pearl Millet (Bajra),West Bengal,2021,6,3045.2,3513.9,3469.9,-0.8,29.9,3129.4
PF003839,CROP005,Pearl Millet (Bajra),West Bengal,2021,7,3129.4,3045.2,3513.9,-16.9,52.0,2862.0
PF003840,CROP005,Pearl Millet (Bajra),West Bengal,2021,8,2862.0,3129.4,3045.2,-11.1,50.5,2822.0
PF003841,CROP005,Pearl Millet (Bajra),West Bengal,2021,9,2822.0,2862.0,3129.4,-5.0,51.6,2872.0
PF003842,CROP005,Pearl Millet (Bajra),West Bengal,2021,10,2872.0,2822.0,2862.0,-13.8,30.9,2673.3
PF003843,CROP005,Pearl Millet (Bajra),West Bengal,2021,11,2673.3,2872.0,2822.0,7.0,64.0,3155.0
PF003844,CROP005,Pearl Millet (Bajra),West Bengal,2021,12,3155.0,2673.3,2872.0,-5.9,41.8,3197.0
PF003845,CROP005,Pearl Millet (Bajra),West Bengal,2022,1,3197.0,3155.0,2673.3,-0.4,58.2,3300.6
PF003846,CROP005,Pearl Millet (Bajra),West Bengal,2022,2,3300.6,3197.0,3155.0,9.4,70.7,3460.8
PF003847,CROP005,Pearl Millet (Bajra),West Bengal,2022,3,3460.8,3300.6,3197.0,-9.4,62.1,3507.2
PF003848,CROP005,Pearl Millet (Bajra),West Bengal,2022,4,3507.2,3460.8,3300.6,-5.8,59.3,3230.2
PF003849,CROP005,Pearl Millet (Bajra),West Bengal,2022,5,3230.2,3507.2,3460.8,-13.6,41.3,3269.6
PF003850,CROP005,Pearl Millet (Bajra),West Bengal,2022,6,3269.6,3230.2,3507.2,-21.4,54.7,3160.4
PF003851,CROP005,Pearl Millet (Bajra),West Bengal,2022,7,3160.4,3269.6,3230.2,4.2,58.5,2933.8
PF003852,CROP005,Pearl Millet (Bajra),West Bengal,2022,8,2933.8,3160.4,3269.6,-23.1,45.9,2923.6
PF003853,CROP005,Pearl Millet (Bajra),West Bengal,2022,9,2923.6,2933.8,3160.4,23.1,39.5,2893.1
PF003854,CROP005,Pearl Millet (Bajra),West Bengal,2022,10,2893.1,2923.6,2933.8,26.6,42.8,2827.1
PF003855,CROP005,Pearl Millet (Bajra),West Bengal,2022,11,2827.1,2893.1,2923.6,-18.4,38.0,2849.7
PF003856,CROP005,Pearl Millet (Bajra),West Bengal,2022,12,2849.7,2827.1,2893.1,0.1,42.6,3346.8
PF003857,CROP005,Pearl Millet (Bajra),West Bengal,2023,1,3346.8,2849.7,2827.1,11.5,44.1,3273.8
PF003858,CROP005,Pearl Millet (Bajra),West Bengal,2023,2,3273.8,3346.8,2849.7,-16.3,83.5,3346.6
PF003859,CROP005,Pearl Millet (Bajra),West Bengal,2023,3,3346.6,3273.8,3346.8,4.7,58.1,3342.0
PF003860,CROP005,Pearl Millet (Bajra),West Bengal,2023,4,3342.0,3346.6,3273.8,-11.1,29.6,3525.9
PF003861,CROP005,Pearl Millet (Bajra),West Bengal,2023,5,3525.9,3342.0,3346.6,1.1,52.0,3223.9
PF003862,CROP005,Pearl Millet (Bajra),West Bengal,2023,6,3223.9,3525.9,3342.0,-7.4,34.8,3222.3
PF003863,CROP005,Pearl Millet (Bajra),West Bengal,2023,7,3222.3,3223.9,3525.9,14.8,51.8,3020.7
PF003864,CROP005,Pearl Millet (Bajra),West Bengal,2023,8,3020.7,3222.3,3223.9,-10.7,58.6,2904.5
PF003865,CROP005,Pearl Millet (Bajra),West Bengal,2023,9,2904.5,3020.7,3222.3,14.6,38.5,2883.5
PF003866,CROP005,Pearl Millet (Bajra),West Bengal,2023,10,2883.5,2904.5,3020.7,-4.9,44.1,3080.9
PF003867,CROP005,Pearl Millet (Bajra),West Bengal,2023,11,3080.9,2883.5,2904.5,26.6,40.0,2996.6
PF003868,CROP005,Pearl Millet (Bajra),West Bengal,2023,12,2996.6,3080.9,2883.5,-3.6,48.7,3046.2
PF003901,CROP006,Barley,Punjab,2021,4,5286.0,5558.0,5473.0,10.9,44.3,4917.9
PF003902,CROP006,Barley,Punjab,2021,5,4917.9,5286.0,5558.0,-23.2,44.4,5102.0
PF003903,CROP006,Barley,Punjab,2021,6,5102.0,4917.9,5286.0,-7.1,45.2,5294.7
PF003904,CROP006,Barley,Punjab,2021,7,5294.7,5102.0,4917.9,24.1,56.3,4768.0
PF003905,CROP006,Barley,Punjab,2021,8,4768.0,5294.7,5102.0,1.5,50.7,4395.1
PF003906,CROP006,Barley,Punjab,2021,9,4395.1,4768.0,5294.7,3.7,55.0,4503.9
PF003907,CROP006,Barley,Punjab,2021,10,4503.9,4395.1,4768.0,12.8,38.4,4517.0
PF003908,CROP006,Barley,Punjab,2021,11,4517.0,4503.9,4395.1,25.6,37.7,4581.7
PF003909,CROP006,Barley,Punjab,2021,12,4581.7,4517.0,4503.9,-12.9,58.8,4669.3
PF003910,CROP006,Barley,Punjab,2022,1,4669.3,4581.7,4517.0,-13.5,55.0,5512.5
PF003911,CROP006,Barley,Punjab,2022,2,5512.5,4669.3,4581.7,25.7,66.5,5473.3
PF003912,CROP006,Barley,Punjab,2022,3,5473.3,5512.5,4669.3,1.0,63.0,5065.7
PF003913,CROP006,Barley,Punjab,2022,4,5065.7,5473.3,5512.5,-12.8,44.4,5339.8
PF003914,CROP006,Barley,Punjab,2022,5,5339.8,5065.7,5473.3,1.5,52.1,5229.8
PF003915,CROP006,Barley,Punjab,2022,6,5229.8,5339.8,5065.7,-2.2,23.3,5125.5
PF003916,CROP006,Barley,Punjab,2022,7,5125.5,5229.8,5339.8,-4.0,54.1,4571.9
PF003917,CROP006,Barley,Punjab,2022,8,4571.9,5125.5,5229.8,-10.2,57.1,4817.0
PF003918,CROP006,Barley,Punjab,2022,9,4817.0,4571.9,5125.5,18.0,65.3,4465.1
PF003919,CROP006,Barley,Punjab,2022,10,4465.1,4817.0,4571.9,7.0,44.7,4677.1
PF003920,CROP006,Barley,Punjab,2022,11,4677.1,4465.1,4817.0,2.5,51.9,5053.4
PF003921,CROP006,Barley,Punjab,2022,12,5053.4,4677.1,4465.1,0.8,49.6,5361.7
PF003922,CROP006,Barley,Punjab,2023,1,5361.7,5053.4,4677.1,4.4,35.1,5352.8
PF003923,CROP006,Barley,Punjab,2023,2,5352.8,5361.7,5053.4,-0.6,69.2,4880.5
PF003924,CROP006,Barley,Punjab,2023,3,4880.5,5352.8,5361.7,12.7,40.6,5669.7
PF003925,CROP006,Barley,Punjab,2023,4,5669.7,4880.5,5352.8,-19.1,51.7,5661.7
PF003926,CROP006,Barley,Punjab,2023,5,5661.7,5669.7,4880.5,-11.6,43.9,5229.5
PF003927,CROP006,Barley,Punjab,2023,6,5229.5,5661.7,5669.7,-9.5,35.0,5087.4
PF003928,CROP006,Barley,Punjab,2023,7,5087.4,5229.5,5661.7,1.7,48.4,4712.9
PF003929,CROP006,Barley,Punjab,2023,8,4712.9,5087.4,5229.5,-2.3,42.3,4465.0
PF003930,CROP006,Barley,Punjab,2023,9,4465.0,4712.9,5087.4,10.5,34.8,4475.6
PF003931,CROP006,Barley,Punjab,2023,10,4475.6,4465.0,4712.9,-19.1,33.9,4403.6
PF003932,CROP006,Barley,Punjab,2023,11,4403.6,4475.6,4465.0,-8.3,44.3,4765.3
PF003933,CROP006,Barley,Punjab,2023,12,4765.3,4403.6,4475.6,-22.7,48.9,5263.3
PF003966,CROP006,Barley,Punjab,2021,4,5281.4,5441.0,4678.2,-2.2,68.0,5457.0
PF003967,CROP006,Barley,Punjab,2021,5,5457.0,5281.4,5441.0,33.7,63.9,5040.1
PF003968,CROP006,Barley,Punjab,2021,6,5040.1,5457.0,5281.4,9.3,53.8,4909.9
PF003969,CROP006,Barley,Punjab,2021,7,4909.9,5040.1,5457.0,-1.5,54.7,4698.1
PF003970,CROP006,Barley,Punjab,2021,8,4698.1,4909.9,5040.1,16.5,46.3,4555.8
PF003971,CROP006,Barley,Punjab,2021,9,4555.8,4698.1,4909.9,-1.9,49.8,4264.9
PF003972,CROP006,Barley,Punjab,2021,10,4264.9,4555.8,4698.1,0.3,64.5,4391.9
PF003973,CROP006,Barley,Punjab,2021,11,4391.9,4264.9,4555.8,-0.4,43.3,4440.3
PF003974,CROP006,Barley,Punjab,2021,12,4440.3,4391.9,4264.9,-1.6,41.3,5055.7
PF003975,CROP006,Barley,Punjab,2022,1,5055.7,4440.3,4391.9,1.0,41.3,5130.4
PF003976,CROP006,Barley,Punjab,2022,2,5130.4,5055.7,4440.3,0.6,53.5,5266.9
PF003977,CROP006,Barley,Punjab,2022,3,5266.9,5130.4,5055.7,2.4,39.2,5557.1
PF003978,CROP006,Barley,Punjab,2022,4,5557.1,5266.9,5130.4,7.1,51.3,5662.9
PF003979,CROP006,Barley,Punjab,2022,5,5662.9,5557.1,5266.9,-30.8,58.3,5165.1
PF003980,CROP006,Barley,Punjab,2022,6,5165.1,5662.9,5557.1,-27.5,31.0,4471.6
PF003981,CROP006,Barley,Punjab,2022,7,4471.6,5165.1,5662.9,16.1,49.6,4729.8
PF003982,CROP006,Barley,Punjab,2022,8,4729.8,4471.6,5165.1,-11.0,31.7,4356.3
PF003983,CROP006,Barley,Punjab,2022,9,4356.3,4729.8,4471.6,-14.2,67.5,4370.3
PF003984,CROP006,Barley,Punjab,2022,10,4370.3,4356.3,4729.8,-22.0,49.2,4609.3
PF003985,CROP006,Barley,Punjab,2022,11,4609.3,4370.3,4356.3,-15.0,43.9,4536.1
PF003986,CROP006,Barley,Punjab,2022,12,4536.1,4609.3,4370.3,-1.6,54.3,4943.4
PF003987,CROP006,Barley,Punjab,2023,1,4943.4,4536.1,4609.3,9.1,53.7,4980.7
PF003988,CROP006,Barley,Punjab,2023,2,4980.7,4943.4,4536.1,-1.3,35.9,5340.0
PF003989,CROP006,Barley,Punjab,2023,3,5340.0,4980.7,4943.4,26.0,28.2,5383.3
PF003990,CROP006,Barley,Punjab,2023,4,5383.3,5340.0,4980.7,4.3,75.0,5437.5
PF003991,CROP006,Barley,Punjab,2023,5,5437.5,5383.3,5340.0,5.0,53.0,5297.0
PF003992,CROP006,Barley,Punjab,2023,6,5297.0,5437.5,5383.3,-46.8,40.2,5008.6
PF003993,CROP006,Barley,Punjab,2023,7,5008.6,5297.0,5437.5,-2.6,37.5,4934.1
PF003994,CROP006,Barley,Punjab,2023,8,4934.1,5008.6,5297.0,-14.4,61.2,4777.1
PF003995,CROP006,Barley,Punjab,2023,9,4777.1,4934.1,5008.6,-17.5,40.8,4387.7
PF003996,CROP006,Barley,Punjab,2023,10,4387.7,4777.1,4934.1,34.9,71.3,4565.1
PF003997,CROP006,Barley,Punjab,2023,11,4565.1,4387.7,4777.1,13.6,47.0,4537.3
PF003998,CROP006,Barley,Punjab,2023,12,4537.3,4565.1,4387.7,-15.2,41.5,4825.6
PF004031,CROP006,Barley,Punjab,2021,4,5873.7,5365.5,5055.7,1.3,31.4,5368.7
PF004032,CROP006,Barley,Punjab,2021,5,5368.7,5873.7,5365.5,-9.0,39.0,4925.2
PF004033,CROP006,Barley,Punjab,2021,6,4925.2,5368.7,5873.7,-20.8,44.4,4805.5
PF004034,CROP006,Barley,Punjab,2021,7,4805.5,4925.2,5368.7,0.1,67.6,4315.3
PF004035,CROP006,Barley,Punjab,2021,8,4315.3,4805.5,4925.2,-4.3,47.4,4347.9
PF004036,CROP006,Barley,Punjab,2021,9,4347.9,4315.3,4805.5,-25.4,59.1,4546.6
PF004037,CROP006,Barley,Punjab,2021,10,4546.6,4347.9,4315.3,7.9,47.4,4749.7
PF004038,CROP006,Barley,Punjab,2021,11,4749.7,4546.6,4347.9,20.0,35.4,4548.8
PF004039,CROP006,Barley,Punjab,2021,12,4548.8,4749.7,4546.6,1.6,62.1,4935.8
PF004040,CROP006,Barley,Punjab,2022,1,4935.8,4548.8,4749.7,-20.2,47.5,5336.9
PF004041,CROP006,Barley,Punjab,2022,2,5336.9,4935.8,4548.8,1.4,43.3,5145.2
PF004042,CROP006,Barley,Punjab,2022,3,5145.2,5336.9,4935.8,12.8,46.2,5640.2
PF004043,CROP006,Barley,Punjab,2022,4,5640.2,5145.2,5336.9,-25.6,46.0,5285.6
PF004044,CROP006,Barley,Punjab,2022,5,5285.6,5640.2,5145.2,6.2,33.5,4896.8
PF004045,CROP006,Barley,Punjab,2022,6,4896.8,5285.6,5640.2,8.1,65.1,5194.1
PF004046,CROP006,Barley,Punjab,2022,7,5194.1,4896.8,5285.6,-7.2,66.4,4614.9
PF004047,CROP006,Barley,Punjab,2022,8,4614.9,5194.1,4896.8,-24.5,43.0,4398.3
PF004048,CROP006,Barley,Punjab,2022,9,4398.3,4614.9,5194.1,8.9,41.4,4702.2
PF004049,CROP006,Barley,Punjab,2022,10,4702.2,4398.3,4614.9,24.5,44.6,4772.9
PF004050,CROP006,Barley,Punjab,2022,11,4772.9,4702.2,4398.3,-3.3,77.2,4857.7
PF004051,CROP006,Barley,Punjab,2022,12,4857.7,4772.9,4702.2,-4.1,39.6,4686.2
PF004052,CROP006,Barley,Punjab,2023,1,4686.2,4857.7,4772.9,-12.5,38.3,5263.6
PF004053,CROP006,Barley,Punjab,2023,2,5263.6,4686.2,4857.7,-2.1,48.5,5250.8
PF004054,CROP006,Barley,Punjab,2023,3,5250.8,5263.6,4686.2,20.5,59.8,5380.4
PF004055,CROP006,Barley,Punjab,2023,4,5380.4,5250.8,5263.6,5.7,43.2,5400.6
PF004056,CROP006,Barley,Punjab,2023,5,5400.6,5380.4,5250.8,10.0,25.1,5336.4
PF004057,CROP006,Barley,Punjab,2023,6,5336.4,5400.6,5380.4,4.7,54.7,5127.8
PF004058,CROP006,Barley,Punjab,2023,7,5127.8,5336.4,5400.6,35.7,34.3,4593.1
PF004059,CROP006,Barley,Punjab,2023,8,4593.1,5127.8,5336.4,-4.2,61.6,4669.7
PF004060,CROP006,Barley,Punjab,2023,9,4669.7,4593.1,5127.8,6.6,46.2,4206.2
PF004061,CROP006,Barley,Punjab,2023,10,4206.2,4669.7,4593.1,9.5,61.1,4663.1
PF004062,CROP006,Barley,Punjab,2023,11,4663.1,4206.2,4669.7,17.5,49.4,5007.4
PF004063,CROP006,Barley,Punjab,2023,12,5007.4,4663.1,4206.2,-7.7,65.4,5061.2
PF004096,CROP006,Barley,Haryana,2021,4,6202.5,5599.3,5624.5,4.0,19.4,5825.4
PF004097,CROP006,Barley,Haryana,2021,5,5825.4,6202.5,5599.3,-25.9,58.8,5841.9
PF004098,CROP006,Barley,Haryana,2021,6,5841.9,5825.4,6202.5,5.3,44.9,5474.9
PF004099,CROP006,Barley,Haryana,2021,7,5474.9,5841.9,5825.4,12.9,64.4,5327.3
PF004100,CROP006,Barley,Haryana,2021,8,5327.3,5474.9,5841.9,11.2,52.7,4994.4
PF004101,CROP006,Barley,Haryana,2021,9,4994.4,5327.3,5474.9,3.1,36.4,4795.9
PF004102,CROP006,Barley,Haryana,2021,10,4795.9,4994.4,5327.3,-12.1,75.4,4458.7
PF004103,CROP006,Barley,Haryana,2021,11,4458.7,4795.9,4994.4,-10.2,48.3,5697.1
PF004104,CROP006,Barley,Haryana,2021,12,5697.1,4458.7,4795.9,-1.3,65.7,5554.1
PF004105,CROP006,Barley,Haryana,2022,1,5554.1,5697.1,4458.7,10.0,64.6,6159.6
PF004106,CROP006,Barley,Haryana,2022,2,6159.6,5554.1,5697.1,-1.9,51.6,6424.6
PF004107,CROP006,Barley,Haryana,2022,3,6424.6,6159.6,5554.1,7.1,66.6,6587.0
PF004108,CROP006,Barley,Haryana,2022,4,6587.0,6424.6,6159.6,-16.6,63.5,6010.2
PF004109,CROP006,Barley,Haryana,2022,5,6010.2,6587.0,6424.6,6.8,38.2,6013.5
PF004110,CROP006,Barley,Haryana,2022,6,6013.5,6010.2,6587.0,4.9,37.3,5758.6
PF004111,CROP006,Barley,Haryana,2022,7,5758.6,6013.5,6010.2,-35.4,52.9,5424.2
PF004112,CROP006,Barley,Haryana,2022,8,5424.2,5758.6,6013.5,-5.5,69.4,4884.6
PF004113,CROP006,Barley,Haryana,2022,9,4884.6,5424.2,5758.6,4.9,38.5,5200.5
PF004114,CROP006,Barley,Haryana,2022,10,5200.5,4884.6,5424.2,-2.9,44.4,5081.9
PF004115,CROP006,Barley,Haryana,2022,11,5081.9,5200.5,4884.6,-12.9,58.9,5306.3
PF004116,CROP006,Barley,Haryana,2022,12,5306.3,5081.9,5200.5,7.9,58.9,5242.8
PF004117,CROP006,Barley,Haryana,2023,1,5242.8,5306.3,5081.9,-21.3,53.9,5646.2
PF004118,CROP006,Barley,Haryana,2023,2,5646.2,5242.8,5306.3,18.7,42.9,6273.2
PF004119,CROP006,Barley,Haryana,2023,3,6273.2,5646.2,5242.8,-12.7,8.9,6159.3
PF004120,CROP006,Barley,Haryana,2023,4,6159.3,6273.2,5646.2,-3.9,35.9,6242.1
PF004121,CROP006,Barley,Haryana,2023,5,6242.1,6159.3,6273.2,12.5,53.8,5908.0
PF004122,CROP006,Barley,Haryana,2023,6,5908.0,6242.1,6159.3,-14.2,57.2,5496.0
PF004123,CROP006,Barley,Haryana,2023,7,5496.0,5908.0,6242.1,-16.1,20.6,5633.8
PF004124,CROP006,Barley,Haryana,2023,8,5633.8,5496.0,5908.0,-16.1,47.6,5045.2
PF004125,CROP006,Barley,Haryana,2023,9,5045.2,5633.8,5496.0,-8.0,61.0,5024.1
PF004126,CROP006,Barley,Haryana,2023,10,5024.1,5045.2,5633.8,17.9,48.9,5064.9
PF004127,CROP006,Barley,Haryana,2023,11,5064.9,5024.1,5045.2,-23.7,54.2,5350.6
PF004128,CROP006,Barley,Haryana,2023,12,5350.6,5064.9,5024.1,-25.0,51.4,5685.9
PF004161,CROP006,Barley,Haryana,2021,4,6632.4,6364.5,6108.4,6.4,55.5,5950.0
PF004162,CROP006,Barley,Haryana,2021,5,5950.0,6632.4,6364.5,18.9,84.1,5934.4
PF004163,CROP006,Barley,Haryana,2021,6,5934.4,5950.0,6632.4,-17.7,48.8,5969.6
PF004164,CROP006,Barley,Haryana,2021,7,5969.6,5934.4,5950.0,3.6,50.6,5397.1
PF004165,CROP006,Barley,Haryana,2021,8,5397.1,5969.6,5934.4,-29.8,49.6,5489.0
PF004166,CROP006,Barley,Haryana,2021,9,5489.0,5397.1,5969.6,-8.8,59.9,5204.3
PF004167,CROP006,Barley,Haryana,2021,10,5204.3,5489.0,5397.1,26.9,59.1,5461.3
PF004168,CROP006,Barley,Haryana,2021,11,5461.3,5204.3,5489.0,7.0,55.5,5523.5
PF004169,CROP006,Barley,Haryana,2021,12,5523.5,5461.3,5204.3,-11.7,28.1,5870.5
PF004170,CROP006,Barley,Haryana,2022,1,5870.5,5523.5,5461.3,-1.3,75.5,6453.7
PF004171,CROP006,Barley,Haryana,2022,2,6453.7,5870.5,5523.5,-18.7,61.6,6395.1
PF004172,CROP006,Barley,Haryana,2022,3,6395.1,6453.7,5870.5,20.4,52.8,6655.4
PF004173,CROP006,Barley,Haryana,2022,4,6655.4,6395.1,6453.7,22.7,43.5,6526.3
PF004174,CROP006,Barley,Haryana,2022,5,6526.3,6655.4,6395.1,7.0,52.4,6128.7
PF004175,CROP006,Barley,Haryana,2022,6,6128.7,6526.3,6655.4,-13.3,46.6,6217.3
PF004176,CROP006,Barley,Haryana,2022,7,6217.3,6128.7,6526.3,19.2,77.5,5615.7
PF004177,CROP006,Barley,Haryana,2022,8,5615.7,6217.3,6128.7,-2.6,55.2,5309.2
PF004178,CROP006,Barley,Haryana,2022,9,5309.2,5615.7,6217.3,-2.0,61.4,5439.5
PF004179,CROP006,Barley,Haryana,2022,10,5439.5,5309.2,5615.7,2.4,57.4,5630.7
PF004180,CROP006,Barley,Haryana,2022,11,5630.7,5439.5,5309.2,10.7,35.4,5755.9
PF004181,CROP006,Barley,Haryana,2022,12,5755.9,5630.7,5439.5,13.9,50.9,6009.0
PF004182,CROP006,Barley,Haryana,2023,1,6009.0,5755.9,5630.7,-29.0,58.1,6259.4
PF004183,CROP006,Barley,Haryana,2023,2,6259.4,6009.0,5755.9,0.1,65.4,6225.3
PF004184,CROP006,Barley,Haryana,2023,3,6225.3,6259.4,6009.0,-3.7,47.4,6777.3
PF004185,CROP006,Barley,Haryana,2023,4,6777.3,6225.3,6259.4,-33.0,53.5,6275.3
PF004186,CROP006,Barley,Haryana,2023,5,6275.3,6777.3,6225.3,-6.7,66.0,6323.1
PF004187,CROP006,Barley,Haryana,2023,6,6323.1,6275.3,6777.3,-14.6,62.0,6144.0
PF004188,CROP006,Barley,Haryana,2023,7,6144.0,6323.1,6275.3,-12.8,47.5,5438.9
PF004189,CROP006,Barley,Haryana,2023,8,5438.9,6144.0,6323.1,-8.6,36.8,5454.6
PF004190,CROP006,Barley,Haryana,2023,9,5454.6,5438.9,6144.0,27.4,31.6,5481.8
PF004191,CROP006,Barley,Haryana,2023,10,5481.8,5454.6,5438.9,16.7,62.0,5158.1
PF004192,CROP006,Barley,Haryana,2023,11,5158.1,5481.8,5454.6,2.0,62.5,5475.1
PF004193,CROP006,Barley,Haryana,2023,12,5475.1,5158.1,5481.8,13.9,29.6,6104.3
PF004226,CROP006,Barley,Uttar Pradesh,2021,4,5654.0,5238.6,5325.4,-39.1,63.1,5217.7
PF004227,CROP006,Barley,Uttar Pradesh,2021,5,5217.7,5654.0,5238.6,22.7,52.1,5428.8
PF004228,CROP006,Barley,Uttar Pradesh,2021,6,5428.8,5217.7,5654.0,14.2,41.2,4917.9
PF004229,CROP006,Barley,Uttar Pradesh,2021,7,4917.9,5428.8,5217.7,-7.3,57.1,4393.0
PF004230,CROP006,Barley,Uttar Pradesh,2021,8,4393.0,4917.9,5428.8,4.7,36.4,4223.7
PF004231,CROP006,Barley,Uttar Pradesh,2021,9,4223.7,4393.0,4917.9,-14.9,42.2,4780.8
PF004232,CROP006,Barley,Uttar Pradesh,2021,10,4780.8,4223.7,4393.0,2.0,47.0,4686.6
PF004233,CROP006,Barley,Uttar Pradesh,2021,11,4686.6,4780.8,4223.7,3.0,30.9,5163.8
PF004234,CROP006,Barley,Uttar Pradesh,2021,12,5163.8,4686.6,4780.8,-10.3,40.1,5045.9
PF004235,CROP006,Barley,Uttar Pradesh,2022,1,5045.9,5163.8,4686.6,-1.4,55.3,5391.0
PF004236,CROP006,Barley,Uttar Pradesh,2022,2,5391.0,5045.9,5163.8,28.1,59.6,5233.9
PF004237,CROP006,Barley,Uttar Pradesh,2022,3,5233.9,5391.0,5045.9,3.6,56.7,5704.0
PF004238,CROP006,Barley,Uttar Pradesh,2022,4,5704.0,5233.9,5391.0,11.1,49.0,5471.2
PF004239,CROP006,Barley,Uttar Pradesh,2022,5,5471.2,5704.0,5233.9,-6.8,47.9,5424.5
PF004240,CROP006,Barley,Uttar Pradesh,2022,6,5424.5,5471.2,5704.0,14.3,70.4,4851.8
PF004241,CROP006,Barley,Uttar Pradesh,2022,7,4851.8,5424.5,5471.2,20.3,52.9,4864.5
PF004242,CROP006,Barley,Uttar Pradesh,2022,8,4864.5,4851.8,5424.5,-8.8,57.9,4807.9
PF004243,CROP006,Barley,Uttar Pradesh,2022,9,4807.9,4864.5,4851.8,-5.6,52.9,4643.7
PF004244,CROP006,Barley,Uttar Pradesh,2022,10,4643.7,4807.9,4864.5,4.5,48.4,4683.0
PF004245,CROP006,Barley,Uttar Pradesh,2022,11,4683.0,4643.7,4807.9,2.2,59.1,4949.8
PF004246,CROP006,Barley,Uttar Pradesh,2022,12,4949.8,4683.0,4643.7,5.6,44.1,5171.9
PF004247,CROP006,Barley,Uttar Pradesh,2023,1,5171.9,4949.8,4683.0,-11.0,50.0,4989.2
PF004248,CROP006,Barley,Uttar Pradesh,2023,2,4989.2,5171.9,4949.8,1.1,39.6,5463.0
PF004249,CROP006,Barley,Uttar Pradesh,2023,3,5463.0,4989.2,5171.9,-6.7,52.2,5611.8
PF004250,CROP006,Barley,Uttar Pradesh,2023,4,5611.8,5463.0,4989.2,-12.1,33.0,5621.4
PF004251,CROP006,Barley,Uttar Pradesh,2023,5,5621.4,5611.8,5463.0,2.8,45.0,5439.0
PF004252,CROP006,Barley,Uttar Pradesh,2023,6,5439.0,5621.4,5611.8,1.5,62.2,5310.2
PF004253,CROP006,Barley,Uttar Pradesh,2023,7,5310.2,5439.0,5621.4,-9.3,52.5,4849.8
PF004254,CROP006,Barley,Uttar Pradesh,2023,8,4849.8,5310.2,5439.0,3.8,49.1,4791.0
PF004255,CROP006,Barley,Uttar Pradesh,2023,9,4791.0,4849.8,5310.2,0.7,59.7,4776.0
PF004256,CROP006,Barley,Uttar Pradesh,2023,10,4776.0,4791.0,4849.8,39.5,31.4,5053.7
PF004257,CROP006,Barley,Uttar Pradesh,2023,11,5053.7,4776.0,4791.0,10.0,61.5,4934.7
PF004258,CROP006,Barley,Uttar Pradesh,2023,12,4934.7,5053.7,4776.0,8.4,44.5,5214.6
PF004291,CROP006,Barley,Uttar Pradesh,2021,4,5669.8,5275.8,5434.0,-25.5,51.1,5224.3
PF004292,CROP006,Barley,Uttar Pradesh,2021,5,5224.3,5669.8,5275.8,-20.9,63.7,5605.4
PF004293,CROP006,Barley,Uttar Pradesh,2021,6,5605.4,5224.3,5669.8,17.1,34.8,5284.4
PF004294,CROP006,Barley,Uttar Pradesh,2021,7,5284.4,5605.4,5224.3,-12.3,62.5,4873.5
PF004295,CROP006,Barley,Uttar Pradesh,2021,8,4873.5,5284.4,5605.4,8.0,31.6,4595.9
PF004296,CROP006,Barley,Uttar Pradesh,2021,9,4595.9,4873.5,5284.4,4.9,67.4,5118.7
PF004297,CROP006,Barley,Uttar Pradesh,2021,10,5118.7,4595.9,4873.5,9.6,56.2,4752.4
PF004298,CROP006,Barley,Uttar Pradesh,2021,11,4752.4,5118.7,4595.9,11.1,44.2,4866.7
PF004299,CROP006,Barley,Uttar Pradesh,2021,12,4866.7,4752.4,5118.7,1.8,56.6,5069.9
PF004300,CROP006,Barley,Uttar Pradesh,2022,1,5069.9,4866.7,4752.4,-29.1,55.6,5108.6
PF004301,CROP006,Barley,Uttar Pradesh,2022,2,5108.6,5069.9,4866.7,6.6,55.7,5852.6
PF004302,CROP006,Barley,Uttar Pradesh,2022,3,5852.6,5108.6,5069.9,-9.4,31.4,6063.2
PF004303,CROP006,Barley,Uttar Pradesh,2022,4,6063.2,5852.6,5108.6,20.3,63.6,5730.0
PF004304,CROP006,Barley,Uttar Pradesh,2022,5,5730.0,6063.2,5852.6,-7.5,63.7,5364.8
PF004305,CROP006,Barley,Uttar Pradesh,2022,6,5364.8,5730.0,6063.2,-3.0,45.9,4996.8
PF004306,CROP006,Barley,Uttar Pradesh,2022,7,4996.8,5364.8,5730.0,17.8,41.4,4502.2
PF004307,CROP006,Barley,Uttar Pradesh,2022,8,4502.2,4996.8,5364.8,24.7,62.7,4554.3
PF004308,CROP006,Barley,Uttar Pradesh,2022,9,4554.3,4502.2,4996.8,-15.3,35.5,4594.8
PF004309,CROP006,Barley,Uttar Pradesh,2022,10,4594.8,4554.3,4502.2,-20.8,27.0,4896.1
PF004310,CROP006,Barley,Uttar Pradesh,2022,11,4896.1,4594.8,4554.3,27.8,38.1,5020.8
PF004311,CROP006,Barley,Uttar Pradesh,2022,12,5020.8,4896.1,4594.8,-5.1,50.3,5265.3
PF004312,CROP006,Barley,Uttar Pradesh,2023,1,5265.3,5020.8,4896.1,-23.4,66.6,5669.8
PF004313,CROP006,Barley,Uttar Pradesh,2023,2,5669.8,5265.3,5020.8,-3.8,54.2,5762.4
PF004314,CROP006,Barley,Uttar Pradesh,2023,3,5762.4,5669.8,5265.3,-23.5,45.2,5365.5
PF004315,CROP006,Barley,Uttar Pradesh,2023,4,5365.5,5762.4,5669.8,20.0,48.1,5421.2
PF004316,CROP006,Barley,Uttar Pradesh,2023,5,5421.2,5365.5,5762.4,-4.1,57.0,5457.7
PF004317,CROP006,Barley,Uttar Pradesh,2023,6,5457.7,5421.2,5365.5,0.0,38.0,5261.7
PF004318,CROP006,Barley,Uttar Pradesh,2023,7,5261.7,5457.7,5421.2,0.5,45.1,4931.5
PF004319,CROP006,Barley,Uttar Pradesh,2023,8,4931.5,5261.7,5457.7,9.4,37.7,5196.2
PF004320,CROP006,Barley,Uttar Pradesh,2023,9,5196.2,4931.5,5261.7,15.5,61.8,4970.8
PF004321,CROP006,Barley,Uttar Pradesh,2023,10,4970.8,5196.2,4931.5,-13.7,47.9,4710.2
PF004322,CROP006,Barley,Uttar Pradesh,2023,11,4710.2,4970.8,5196.2,-9.1,48.7,4681.0
PF004323,CROP006,Barley,Uttar Pradesh,2023,12,4681.0,4710.2,4970.8,-12.4,50.8,4904.6
PF004356,CROP006,Barley,Uttar Pradesh,2021,4,5244.4,5583.8,5070.7,3.5,58.1,5165.6
PF004357,CROP006,Barley,Uttar Pradesh,2021,5,5165.6,5244.4,5583.8,-31.0,48.5,5318.1
PF004358,CROP006,Barley,Uttar Pradesh,2021,6,5318.1,5165.6,5244.4,-0.9,56.9,5002.6
PF004359,CROP006,Barley,Uttar Pradesh,2021,7,5002.6,5318.1,5165.6,0.5,28.1,4290.0
PF004360,CROP006,Barley,Uttar Pradesh,2021,8,4290.0,5002.6,5318.1,-6.9,59.8,4447.0
PF004361,CROP006,Barley,Uttar Pradesh,2021,9,4447.0,4290.0,5002.6,-4.1,53.7,4024.5
PF004362,CROP006,Barley,Uttar Pradesh,2021,10,4024.5,4447.0,4290.0,12.2,39.4,4424.1
PF004363,CROP006,Barley,Uttar Pradesh,2021,11,4424.1,4024.5,4447.0,1.8,48.8,4599.6
PF004364,CROP006,Barley,Uttar Pradesh,2021,12,4599.6,4424.1,4024.5,16.8,65.1,4354.9
PF004365,CROP006,Barley,Uttar Pradesh,2022,1,4354.9,4599.6,4424.1,-4.3,57.5,4521.0
PF004366,CROP006,Barley,Uttar Pradesh,2022,2,4521.0,4354.9,4599.6,10.3,46.3,5089.0
PF004367,CROP006,Barley,Uttar Pradesh,2022,3,5089.0,4521.0,4354.9,-9.4,47.9,5025.2
PF004368,CROP006,Barley,Uttar Pradesh,2022,4,5025.2,5089.0,4521.0,-20.1,51.3,4970.2
PF004369,CROP006,Barley,Uttar Pradesh,2022,5,4970.2,5025.2,5089.0,20.3,55.0,4854.4
PF004370,CROP006,Barley,Uttar Pradesh,2022,6,4854.4,4970.2,5025.2,1.5,57.6,4895.5
PF004371,CROP006,Barley,Uttar Pradesh,2022,7,4895.5,4854.4,4970.2,-24.2,63.6,4598.8
PF004372,CROP006,Barley,Uttar Pradesh,2022,8,4598.8,4895.5,4854.4,6.4,45.7,4277.4
PF004373,CROP006,Barley,Uttar Pradesh,2022,9,4277.4,4598.8,4895.5,11.6,57.2,4188.3
PF004374,CROP006,Barley,Uttar Pradesh,2022,10,4188.3,4277.4,4598.8,-17.6,48.0,4337.8
PF004375,CROP006,Barley,Uttar Pradesh,2022,11,4337.8,4188.3,4277.4,-14.1,39.6,4477.7
PF004376,CROP006,Barley,Uttar Pradesh,2022,12,4477.7,4337.8,4188.3,-14.4,48.3,4711.8
PF004377,CROP006,Barley,Uttar Pradesh,2023,1,4711.8,4477.7,4337.8,-27.3,36.9,5321.6
PF004378,CROP006,Barley,Uttar Pradesh,2023,2,5321.6,4711.8,4477.7,12.8,44.5,4889.8
PF004379,CROP006,Barley,Uttar Pradesh,2023,3,4889.8,5321.6,4711.8,2.4,51.1,5208.9
PF004380,CROP006,Barley,Uttar Pradesh,2023,4,5208.9,4889.8,5321.6,7.7,51.1,5114.9
PF004381,CROP006,Barley,Uttar Pradesh,2023,5,5114.9,5208.9,4889.8,-12.3,49.4,5070.8
PF004382,CROP006,Barley,Uttar Pradesh,2023,6,5070.8,5114.9,5208.9,5.2,51.0,4893.2
PF004383,CROP006,Barley,Uttar Pradesh,2023,7,4893.2,5070.8,5114.9,20.4,42.8,4544.4
PF004384,CROP006,Barley,Uttar Pradesh,2023,8,4544.4,4893.2,5070.8,-11.0,55.3,4287.7
PF004385,CROP006,Barley,Uttar Pradesh,2023,9,4287.7,4544.4,4893.2,3.8,42.1,4228.4
PF004386,CROP006,Barley,Uttar Pradesh,2023,10,4228.4,4287.7,4544.4,-2.2,14.8,4444.1
PF004387,CROP006,Barley,Uttar Pradesh,2023,11,4444.1,4228.4,4287.7,14.9,33.3,4007.4
PF004388,CROP006,Barley,Uttar Pradesh,2023,12,4007.4,4444.1,4228.4,24.4,56.5,5082.5
PF004421,CROP006,Barley,Bihar,2021,4,5079.6,5051.1,5148.7,-12.5,70.3,5098.1
PF004422,CROP006,Barley,Bihar,2021,5,5098.1,5079.6,5051.1,41.9,37.5,4776.4
PF004423,CROP006,Barley,Bihar,2021,6,4776.4,5098.1,5079.6,-4.9,78.1,5067.6
PF004424,CROP006,Barley,Bihar,2021,7,5067.6,4776.4,5098.1,-3.7,44.9,4516.3
PF004425,CROP006,Barley,Bihar,2021,8,4516.3,5067.6,4776.4,-6.6,22.0,4295.6
PF004426,CROP006,Barley,Bihar,2021,9,4295.6,4516.3,5067.6,3.6,51.7,4533.1
PF004427,CROP006,Barley,Bihar,2021,10,4533.1,4295.6,4516.3,-11.2,42.8,4606.7
PF004428,CROP006,Barley,Bihar,2021,11,4606.7,4533.1,4295.6,1.6,51.1,4627.2
PF004429,CROP006,Barley,Bihar,2021,12,4627.2,4606.7,4533.1,-10.9,64.7,5012.2
PF004430,CROP006,Barley,Bihar,2022,1,5012.2,4627.2,4606.7,2.4,54.9,5394.2
PF004431,CROP006,Barley,Bihar,2022,2,5394.2,5012.2,4627.2,-5.1,51.7,5289.8
PF004432,CROP006,Barley,Bihar,2022,3,5289.8,5394.2,5012.2,-35.1,63.7,5471.9
PF004433,CROP006,Barley,Bihar,2022,4,5471.9,5289.8,5394.2,-9.7,60.6,5323.2
PF004434,CROP006,Barley,Bihar,2022,5,5323.2,5471.9,5289.8,-22.4,60.6,5229.9
PF004435,CROP006,Barley,Bihar,2022,6,5229.9,5323.2,5471.9,-0.8,54.0,4632.8
PF004436,CROP006,Barley,Bihar,2022,7,4632.8,5229.9,5323.2,8.3,53.5,4531.6
PF004437,CROP006,Barley,Bihar,2022,8,4531.6,4632.8,5229.9,-4.9,37.1,4241.5
PF004438,CROP006,Barley,Bihar,2022,9,4241.5,4531.6,4632.8,22.2,37.5,4538.6
PF004439,CROP006,Barley,Bihar,2022,10,4538.6,4241.5,4531.6,-8.3,56.8,4481.1
PF004440,CROP006,Barley,Bihar,2022,11,4481.1,4538.6,4241.5,-2.8,49.0,4508.7
PF004441,CROP006,Barley,Bihar,2022,12,4508.7,4481.1,4538.6,6.0,34.6,4648.1
PF004442,CROP006,Barley,Bihar,2023,1,4648.1,4508.7,4481.1,-3.5,67.2,4971.0
PF004443,CROP006,Barley,Bihar,2023,2,4971.0,4648.1,4508.7,-14.1,45.2,5227.0
PF004444,CROP006,Barley,Bihar,2023,3,5227.0,4971.0,4648.1,26.6,80.8,5346.8
PF004445,CROP006,Barley,Bihar,2023,4,5346.8,5227.0,4971.0,22.2,19.7,5281.3
PF004446,CROP006,Barley,Bihar,2023,5,5281.3,5346.8,5227.0,-8.5,56.7,4810.0
PF004447,CROP006,Barley,Bihar,2023,6,4810.0,5281.3,5346.8,7.9,54.7,4589.8
PF004448,CROP006,Barley,Bihar,2023,7,4589.8,4810.0,5281.3,-20.3,62.2,4555.9
PF004449,CROP006,Barley,Bihar,2023,8,4555.9,4589.8,4810.0,-14.4,49.0,4203.7
PF004450,CROP006,Barley,Bihar,2023,9,4203.7,4555.9,4589.8,3.6,43.2,4131.8
PF004451,CROP006,Barley,Bihar,2023,10,4131.8,4203.7,4555.9,9.3,34.5,4317.1
PF004452,CROP006,Barley,Bihar,2023,11,4317.1,4131.8,4203.7,11.9,38.5,4659.2
PF004453,CROP006,Barley,Bihar,2023,12,4659.2,4317.1,4131.8,2.8,26.9,4800.6
PF004486,CROP006,Barley,Bihar,2021,4,7240.0,6448.7,6338.6,25.1,60.6,6527.9
PF004487,CROP006,Barley,Bihar,2021,5,6527.9,7240.0,6448.7,-16.0,68.5,6386.3
PF004488,CROP006,Barley,Bihar,2021,6,6386.3,6527.9,7240.0,-2.9,42.5,6473.3
PF004489,CROP006,Barley,Bihar,2021,7,6473.3,6386.3,6527.9,7.8,47.8,5811.1
PF004490,CROP006,Barley,Bihar,2021,8,5811.1,6473.3,6386.3,-9.6,53.4,5149.0
PF004491,CROP006,Barley,Bihar,2021,9,5149.0,5811.1,6473.3,-4.2,66.0,5159.7
PF004492,CROP006,Barley,Bihar,2021,10,5159.7,5149.0,5811.1,-3.6,50.3,5392.4
PF004493,CROP006,Barley,Bihar,2021,11,5392.4,5159.7,5149.0,26.4,56.6,5768.3
PF004494,CROP006,Barley,Bihar,2021,12,5768.3,5392.4,5159.7,-34.6,34.1,6041.7
PF004495,CROP006,Barley,Bihar,2022,1,6041.7,5768.3,5392.4,25.3,50.4,6404.6
PF004496,CROP006,Barley,Bihar,2022,2,6404.6,6041.7,5768.3,10.6,52.5,6472.6
PF004497,CROP006,Barley,Bihar,2022,3,6472.6,6404.6,6041.7,-5.7,42.5,6717.8
PF004498,CROP006,Barley,Bihar,2022,4,6717.8,6472.6,6404.6,-19.5,36.7,6363.5
PF004499,CROP006,Barley,Bihar,2022,5,6363.5,6717.8,6472.6,13.2,64.8,6715.0
PF004500,CROP006,Barley,Bihar,2022,6,6715.0,6363.5,6717.8,6.1,52.8,6301.5
PF004501,CROP006,Barley,Bihar,2022,7,6301.5,6715.0,6363.5,-7.1,47.2,5953.8
PF004502,CROP006,Barley,Bihar,2022,8,5953.8,6301.5,6715.0,-10.8,38.4,5493.7
PF004503,CROP006,Barley,Bihar,2022,9,5493.7,5953.8,6301.5,-27.1,57.7,5723.2
PF004504,CROP006,Barley,Bihar,2022,10,5723.2,5493.7,5953.8,-43.3,37.4,5931.2
PF004505,CROP006,Barley,Bihar,2022,11,5931.2,5723.2,5493.7,8.4,48.2,5902.6
PF004506,CROP006,Barley,Bihar,2022,12,5902.6,5931.2,5723.2,7.2,62.7,6075.8
PF004507,CROP006,Barley,Bihar,2023,1,6075.8,5902.6,5931.2,0.5,56.1,6551.9
PF004508,CROP006,Barley,Bihar,2023,2,6551.9,6075.8,5902.6,25.2,53.5,6603.5
PF004509,CROP006,Barley,Bihar,2023,3,6603.5,6551.9,6075.8,6.2,34.7,6612.9
PF004510,CROP006,Barley,Bihar,2023,4,6612.9,6603.5,6551.9,10.3,55.2,6908.1
PF004511,CROP006,Barley,Bihar,2023,5,6908.1,6612.9,6603.5,-6.5,85.0,6683.5
PF004512,CROP006,Barley,Bihar,2023,6,6683.5,6908.1,6612.9,-9.7,55.5,6020.3
PF004513,CROP006,Barley,Bihar,2023,7,6020.3,6683.5,6908.1,14.5,37.1,5604.8
PF004514,CROP006,Barley,Bihar,2023,8,5604.8,6020.3,6683.5,8.9,32.1,5699.3
PF004515,CROP006,Barley,Bihar,2023,9,5699.3,5604.8,6020.3,2.7,52.1,5585.3
PF004516,CROP006,Barley,Bihar,2023,10,5585.3,5699.3,5604.8,0.5,70.2,5877.2
PF004517,CROP006,Barley,Bihar,2023,11,5877.2,5585.3,5699.3,12.2,44.7,6029.3
PF004518,CROP006,Barley,Bihar,2023,12,6029.3,5877.2,5585.3,9.3,64.9,6022.2
PF004551,CROP006,Barley,West Bengal,2021,4,5164.1,5077.9,5113.8,28.9,43.8,5105.1
PF004552,CROP006,Barley,West Bengal,2021,5,5105.1,5164.1,5077.9,29.2,53.2,4841.6
PF004553,CROP006,Barley,West Bengal,2021,6,4841.6,5105.1,5164.1,-11.4,54.5,4617.1
PF004554,CROP006,Barley,West Bengal,2021,7,4617.1,4841.6,5105.1,-9.5,43.2,4827.0
PF004555,CROP006,Barley,West Bengal,2021,8,4827.0,4617.1,4841.6,15.9,39.2,4321.0
PF004556,CROP006,Barley,West Bengal,2021,9,4321.0,4827.0,4617.1,8.3,47.5,4518.4
PF004557,CROP006,Barley,West Bengal,2021,10,4518.4,4321.0,4827.0,-4.2,62.9,4611.3
PF004558,CROP006,Barley,West Bengal,2021,11,4611.3,4518.4,4321.0,14.1,58.7,4830.2
PF004559,CROP006,Barley,West Bengal,2021,12,4830.2,4611.3,4518.4,16.1,60.3,4622.5
PF004560,CROP006,Barley,West Bengal,2022,1,4622.5,4830.2,4611.3,2.5,55.2,4912.0
PF004561,CROP006,Barley,West Bengal,2022,2,4912.0,4622.5,4830.2,12.8,63.2,5414.7
PF004562,CROP006,Barley,West Bengal,2022,3,5414.7,4912.0,4622.5,8.6,69.5,5364.7
PF004563,CROP006,Barley,West Bengal,2022,4,5364.7,5414.7,4912.0,13.6,24.6,5025.9
PF004564,CROP006,Barley,West Bengal,2022,5,5025.9,5364.7,5414.7,4.2,53.1,5416.9
PF004565,CROP006,Barley,West Bengal,2022,6,5416.9,5025.9,5364.7,-1.4,33.2,4833.1
PF004566,CROP006,Barley,West Bengal,2022,7,4833.1,5416.9,5025.9,-20.0,53.1,4819.4
PF004567,CROP006,Barley,West Bengal,2022,8,4819.4,4833.1,5416.9,6.3,57.5,4534.0
PF004568,CROP006,Barley,West Bengal,2022,9,4534.0,4819.4,4833.1,-15.2,50.9,4243.4
PF004569,CROP006,Barley,West Bengal,2022,10,4243.4,4534.0,4819.4,14.6,62.3,4670.3
PF004570,CROP006,Barley,West Bengal,2022,11,4670.3,4243.4,4534.0,-12.0,39.5,4475.3
PF004571,CROP006,Barley,West Bengal,2022,12,4475.3,4670.3,4243.4,12.3,62.8,4738.2
PF004572,CROP006,Barley,West Bengal,2023,1,4738.2,4475.3,4670.3,-5.1,51.9,5016.7
PF004573,CROP006,Barley,West Bengal,2023,2,5016.7,4738.2,4475.3,11.9,23.4,5341.8
PF004574,CROP006,Barley,West Bengal,2023,3,5341.8,5016.7,4738.2,7.4,54.5,5037.5
PF004575,CROP006,Barley,West Bengal,2023,4,5037.5,5341.8,5016.7,-30.5,58.3,5537.6
PF004576,CROP006,Barley,West Bengal,2023,5,5537.6,5037.5,5341.8,-4.2,39.9,5235.9
PF004577,CROP006,Barley,West Bengal,2023,6,5235.9,5537.6,5037.5,2.0,82.7,5092.1
PF004578,CROP006,Barley,West Bengal,2023,7,5092.1,5235.9,5537.6,-8.7,52.6,4863.4
PF004579,CROP006,Barley,West Bengal,2023,8,4863.4,5092.1,5235.9,-23.2,33.2,4361.2
PF004580,CROP006,Barley,West Bengal,2023,9,4361.2,4863.4,5092.1,-0.5,37.8,4345.8
PF004581,CROP006,Barley,West Bengal,2023,10,4345.8,4361.2,4863.4,-5.1,37.7,4654.8
PF004582,CROP006,Barley,West Bengal,2023,11,4654.8,4345.8,4361.2,-14.9,44.0,4726.7
PF004583,CROP006,Barley,West Bengal,2023,12,4726.7,4654.8,4345.8,9.1,56.9,4952.4
PF004616,CROP006,Barley,West Bengal,2021,4,6173.4,5897.9,5636.1,26.0,61.6,6048.1
PF004617,CROP006,Barley,West Bengal,2021,5,6048.1,6173.4,5897.9,3.9,34.8,5820.1
PF004618,CROP006,Barley,West Bengal,2021,6,5820.1,6048.1,6173.4,-19.9,29.6,5934.5
PF004619,CROP006,Barley,West Bengal,2021,7,5934.5,5820.1,6048.1,-2.0,39.6,5564.9
PF004620,CROP006,Barley,West Bengal,2021,8,5564.9,5934.5,5820.1,21.9,37.1,5006.4
PF004621,CROP006,Barley,West Bengal,2021,9,5006.4,5564.9,5934.5,25.4,41.0,4923.6
PF004622,CROP006,Barley,West Bengal,2021,10,4923.6,5006.4,5564.9,5.9,59.4,5334.8
PF004623,CROP006,Barley,West Bengal,2021,11,5334.8,4923.6,5006.4,20.8,56.3,5172.2
PF004624,CROP006,Barley,West Bengal,2021,12,5172.2,5334.8,4923.6,20.4,42.1,5623.2
PF004625,CROP006,Barley,West Bengal,2022,1,5623.2,5172.2,5334.8,1.4,39.5,5653.8
PF004626,CROP006,Barley,West Bengal,2022,2,5653.8,5623.2,5172.2,-14.5,52.2,6051.8
PF004627,CROP006,Barley,West Bengal,2022,3,6051.8,5653.8,5623.2,-14.9,74.2,6204.5
PF004628,CROP006,Barley,West Bengal,2022,4,6204.5,6051.8,5653.8,0.1,51.1,6353.0
PF004629,CROP006,Barley,West Bengal,2022,5,6353.0,6204.5,6051.8,17.8,33.3,5823.6
PF004630,CROP006,Barley,West Bengal,2022,6,5823.6,6353.0,6204.5,-17.9,73.4,5858.7
PF004631,CROP006,Barley,West Bengal,2022,7,5858.7,5823.6,6353.0,15.6,54.2,5359.6
PF004632,CROP006,Barley,West Bengal,2022,8,5359.6,5858.7,5823.6,12.6,63.1,5034.0
PF004633,CROP006,Barley,West Bengal,2022,9,5034.0,5359.6,5858.7,-5.0,68.4,5214.8
PF004634,CROP006,Barley,West Bengal,2022,10,5214.8,5034.0,5359.6,-3.8,48.2,5046.3
PF004635,CROP006,Barley,West Bengal,2022,11,5046.3,5214.8,5034.0,3.5,47.3,5325.6
PF004636,CROP006,Barley,West Bengal,2022,12,5325.6,5046.3,5214.8,2.3,65.9,5592.9
PF004637,CROP006,Barley,West Bengal,2023,1,5592.9,5325.6,5046.3,20.0,36.4,6143.4
PF004638,CROP006,Barley,West Bengal,2023,2,6143.4,5592.9,5325.6,-2.5,46.2,6651.6
PF004639,CROP006,Barley,West Bengal,2023,3,6651.6,6143.4,5592.9,19.1,53.2,6271.7
PF004640,CROP006,Barley,West Bengal,2023,4,6271.7,6651.6,6143.4,-13.7,51.8,6133.9
PF004641,CROP006,Barley,West Bengal,2023,5,6133.9,6271.7,6651.6,-13.0,47.1,5721.0
PF004642,CROP006,Barley,West Bengal,2023,6,5721.0,6133.9,6271.7,-0.9,48.2,5666.0
PF004643,CROP006,Barley,West Bengal,2023,7,5666.0,5721.0,6133.9,-5.2,61.4,5365.8
PF004644,CROP006,Barley,West Bengal,2023,8,5365.8,5666.0,5721.0,-7.3,52.2,5166.6
PF004645,CROP006,Barley,West Bengal,2023,9,5166.6,5365.8,5666.0,30.6,44.3,5055.6
PF004646,CROP006,Barley,West Bengal,2023,10,5055.6,5166.6,5365.8,-11.2,56.8,5010.4
PF004647,CROP006,Barley,West Bengal,2023,11,5010.4,5055.6,5166.6,43.3,71.1,5467.9
PF004648,CROP006,Barley,West Bengal,2023,12,5467.9,5010.4,5055.6,-12.1,46.3,5406.2
PF004681,CROP007,Chickpea (Gram),Punjab,2021,4,3903.0,3560.6,3547.3,15.2,57.9,3825.2
PF004682,CROP007,Chickpea (Gram),Punjab,2021,5,3825.2,3903.0,3560.6,16.2,70.2,3467.2
PF004683,CROP007,Chickpea (Gram),Punjab,2021,6,3467.2,3825.2,3903.0,8.7,37.4,3267.3
PF004684,CROP007,Chickpea (Gram),Punjab,2021,7,3267.3,3467.2,3825.2,14.0,65.0,3323.0
PF004685,CROP007,Chickpea (Gram),Punjab,2021,8,3323.0,3267.3,3467.2,7.7,55.4,3060.2
PF004686,CROP007,Chickpea (Gram),Punjab,2021,9,3060.2,3323.0,3267.3,17.7,50.0,3203.9
PF004687,CROP007,Chickpea (Gram),Punjab,2021,10,3203.9,3060.2,3323.0,-6.9,44.2,3089.6
PF004688,CROP007,Chickpea (Gram),Punjab,2021,11,3089.6,3203.9,3060.2,-26.1,39.4,3081.7
PF004689,CROP007,Chickpea (Gram),Punjab,2021,12,3081.7,3089.6,3203.9,5.4,69.2,3368.7
PF004690,CROP007,Chickpea (Gram),Punjab,2022,1,3368.7,3081.7,3089.6,19.5,61.0,3464.3
PF004691,CROP007,Chickpea (Gram),Punjab,2022,2,3464.3,3368.7,3081.7,-10.1,59.9,3770.0
PF004692,CROP007,Chickpea (Gram),Punjab,2022,3,3770.0,3464.3,3368.7,-19.8,62.1,3996.9
PF004693,CROP007,Chickpea (Gram),Punjab,2022,4,3996.9,3770.0,3464.3,24.8,14.2,3417.7
PF004694,CROP007,Chickpea (Gram),Punjab,2022,5,3417.7,3996.9,3770.0,21.5,41.0,3583.9
PF004695,CROP007,Chickpea (Gram),Punjab,2022,6,3583.9,3417.7,3996.9,13.6,56.5,3379.5
PF004696,CROP007,Chickpea (Gram),Punjab,2022,7,3379.5,3583.9,3417.7,-14.7,45.5,3458.5
PF004697,CROP007,Chickpea (Gram),Punjab,2022,8,3458.5,3379.5,3583.9,9.5,57.9,3057.3
PF004698,CROP007,Chickpea (Gram),Punjab,2022,9,3057.3,3458.5,3379.5,-0.1,58.9,2830.3
PF004699,CROP007,Chickpea (Gram),Punjab,2022,10,2830.3,3057.3,3458.5,25.2,63.6,3042.5
PF004700,CROP007,Chickpea (Gram),Punjab,2022,11,3042.5,2830.3,3057.3,11.4,42.5,3232.8
PF004701,CROP007,Chickpea (Gram),Punjab,2022,12,3232.8,3042.5,2830.3,41.7,61.2,3500.2
PF004702,CROP007,Chickpea (Gram),Punjab,2023,1,3500.2,3232.8,3042.5,4.3,45.3,3525.1
PF004703,CROP007,Chickpea (Gram),Punjab,2023,2,3525.1,3500.2,3232.8,-3.8,46.1,3824.5
PF004704,CROP007,Chickpea (Gram),Punjab,2023,3,3824.5,3525.1,3500.2,-1.8,41.6,3798.4
PF004705,CROP007,Chickpea (Gram),Punjab,2023,4,3798.4,3824.5,3525.1,-7.0,59.5,3661.0
PF004706,CROP007,Chickpea (Gram),Punjab,2023,5,3661.0,3798.4,3824.5,-3.3,43.4,3629.9
PF004707,CROP007,Chickpea (Gram),Punjab,2023,6,3629.9,3661.0,3798.4,-0.2,46.5,3479.9
PF004708,CROP007,Chickpea (Gram),Punjab,2023,7,3479.9,3629.9,3661.0,-1.6,53.2,3372.1
PF004709,CROP007,Chickpea (Gram),Punjab,2023,8,3372.1,3479.9,3629.9,5.5,53.7,3160.4
PF004710,CROP007,Chickpea (Gram),Punjab,2023,9,3160.4,3372.1,3479.9,11.1,57.0,3143.2
PF004711,CROP007,Chickpea (Gram),Punjab,2023,10,3143.2,3160.4,3372.1,0.3,35.0,3223.7
PF004712,CROP007,Chickpea (Gram),Punjab,2023,11,3223.7,3143.2,3160.4,-37.4,51.6,3248.7
PF004713,CROP007,Chickpea (Gram),Punjab,2023,12,3248.7,3223.7,3143.2,17.7,68.6,3437.5
PF004746,CROP007,Chickpea (Gram),Punjab,2021,4,3582.8,3533.5,3442.9,8.7,59.4,3541.4
PF004747,CROP007,Chickpea (Gram),Punjab,2021,5,3541.4,3582.8,3533.5,0.7,53.3,3415.4
PF004748,CROP007,Chickpea (Gram),Punjab,2021,6,3415.4,3541.4,3582.8,47.0,46.8,3112.5
PF004749,CROP007,Chickpea (Gram),Punjab,2021,7,3112.5,3415.4,3541.4,21.0,42.6,2927.8
PF004750,CROP007,Chickpea (Gram),Punjab,2021,8,2927.8,3112.5,3415.4,-5.7,66.3,2893.5
PF004751,CROP007,Chickpea (Gram),Punjab,2021,9,2893.5,2927.8,3112.5,-0.4,63.5,2757.9
PF004752,CROP007,Chickpea (Gram),Punjab,2021,10,2757.9,2893.5,2927.8,-8.9,55.7,3145.4
PF004753,CROP007,Chickpea (Gram),Punjab,2021,11,3145.4,2757.9,2893.5,-8.2,40.1,2874.3
PF004754,CROP007,Chickpea (Gram),Punjab,2021,12,2874.3,3145.4,2757.9,14.0,59.9,3117.3
PF004755,CROP007,Chickpea (Gram),Punjab,2022,1,3117.3,2874.3,3145.4,-3.3,53.4,3573.5
PF004756,CROP007,Chickpea (Gram),Punjab,2022,2,3573.5,3117.3,2874.3,10.9,46.5,3362.3
PF004757,CROP007,Chickpea (Gram),Punjab,2022,3,3362.3,3573.5,3117.3,12.2,73.0,3538.1
PF004758,CROP007,Chickpea (Gram),Punjab,2022,4,3538.1,3362.3,3573.5,21.6,35.7,3419.6
PF004759,CROP007,Chickpea (Gram),Punjab,2022,5,3419.6,3538.1,3362.3,6.6,68.1,3502.6
PF004760,CROP007,Chickpea (Gram),Punjab,2022,6,3502.6,3419.6,3538.1,18.2,44.2,3292.8
PF004761,CROP007,Chickpea (Gram),Punjab,2022,7,3292.8,3502.6,3419.6,-3.7,40.3,3081.0
PF004762,CROP007,Chickpea (Gram),Punjab,2022,8,3081.0,3292.8,3502.6,16.2,70.9,3013.8
PF004763,CROP007,Chickpea (Gram),Punjab,2022,9,3013.8,3081.0,3292.8,-9.9,35.8,2974.9
PF004764,CROP007,Chickpea (Gram),Punjab,2022,10,2974.9,3013.8,3081.0,-19.4,49.6,3083.3
PF004765,CROP007,Chickpea (Gram),Punjab,2022,11,3083.3,2974.9,3013.8,3.3,59.2,3260.1
PF004766,CROP007,Chickpea (Gram),Punjab,2022,12,3260.1,3083.3,2974.9,8.6,52.1,3179.6
PF004767,CROP007,Chickpea (Gram),Punjab,2023,1,3179.6,3260.1,3083.3,-31.5,41.3,3281.8
PF004768,CROP007,Chickpea (Gram),Punjab,2023,2,3281.8,3179.6,3260.1,26.9,48.7,3375.5
PF004769,CROP007,Chickpea (Gram),Punjab,2023,3,3375.5,3281.8,3179.6,-6.3,51.6,3647.7
PF004770,CROP007,Chickpea (Gram),Punjab,2023,4,3647.7,3375.5,3281.8,3.8,59.1,3552.9
PF004771,CROP007,Chickpea (Gram),Punjab,2023,5,3552.9,3647.7,3375.5,6.2,40.2,3518.6
PF004772,CROP007,Chickpea (Gram),Punjab,2023,6,3518.6,3552.9,3647.7,9.5,46.3,3206.4
PF004773,CROP007,Chickpea (Gram),Punjab,2023,7,3206.4,3518.6,3552.9,29.8,51.4,3141.4
PF004774,CROP007,Chickpea (Gram),Punjab,2023,8,3141.4,3206.4,3518.6,6.5,61.3,3091.0
PF004775,CROP007,Chickpea (Gram),Punjab,2023,9,3091.0,3141.4,3206.4,-10.8,66.9,2913.6
PF004776,CROP007,Chickpea (Gram),Punjab,2023,10,2913.6,3091.0,3141.4,11.1,42.7,3129.2
PF004777,CROP007,Chickpea (Gram),Punjab,2023,11,3129.2,2913.6,3091.0,-20.4,53.8,3068.9
PF004778,CROP007,Chickpea (Gram),Punjab,2023,12,3068.9,3129.2,2913.6,-24.2,29.0,3455.8
PF004811,CROP007,Chickpea (Gram),Punjab,2021,4,3598.9,3599.3,3298.3,8.5,58.6,3547.5
PF004812,CROP007,Chickpea (Gram),Punjab,2021,5,3547.5,3598.9,3599.3,-13.2,33.6,3404.4
PF004813,CROP007,Chickpea (Gram),Punjab,2021,6,3404.4,3547.5,3598.9,-4.7,38.8,3267.4
PF004814,CROP007,Chickpea (Gram),Punjab,2021,7,3267.4,3404.4,3547.5,7.7,37.0,3255.5
PF004815,CROP007,Chickpea (Gram),Punjab,2021,8,3255.5,3267.4,3404.4,26.3,51.1,2969.3
PF004816,CROP007,Chickpea (Gram),Punjab,2021,9,2969.3,3255.5,3267.4,-16.3,59.3,2910.1
PF004817,CROP007,Chickpea (Gram),Punjab,2021,10,2910.1,2969.3,3255.5,-17.6,55.5,3099.1
PF004818,CROP007,Chickpea (Gram),Punjab,2021,11,3099.1,2910.1,2969.3,-6.7,55.4,2974.9
PF004819,CROP007,Chickpea (Gram),Punjab,2021,12,2974.9,3099.1,2910.1,1.7,36.4,3204.1
PF004820,CROP007,Chickpea (Gram),Punjab,2022,1,3204.1,2974.9,3099.1,5.2,57.4,3398.4
PF004821,CROP007,Chickpea (Gram),Punjab,2022,2,3398.4,3204.1,2974.9,-15.9,46.2,3365.3
PF004822,CROP007,Chickpea (Gram),Punjab,2022,3,3365.3,3398.4,3204.1,-17.0,59.5,3508.3
PF004823,CROP007,Chickpea (Gram),Punjab,2022,4,3508.3,3365.3,3398.4,-0.5,49.7,3741.3
PF004824,CROP007,Chickpea (Gram),Punjab,2022,5,3741.3,3508.3,3365.3,-2.5,42.6,3602.9
PF004825,CROP007,Chickpea (Gram),Punjab,2022,6,3602.9,3741.3,3508.3,-0.0,40.2,3242.6
PF004826,CROP007,Chickpea (Gram),Punjab,2022,7,3242.6,3602.9,3741.3,8.5,47.0,3333.3
PF004827,CROP007,Chickpea (Gram),Punjab,2022,8,3333.3,3242.6,3602.9,-16.2,41.4,2921.2
PF004828,CROP007,Chickpea (Gram),Punjab,2022,9,2921.2,3333.3,3242.6,-6.3,61.0,2947.6
PF004829,CROP007,Chickpea (Gram),Punjab,2022,10,2947.6,2921.2,3333.3,-4.1,29.0,2898.4
PF004830,CROP007,Chickpea (Gram),Punjab,2022,11,2898.4,2947.6,2921.2,-4.0,69.5,3183.1
PF004831,CROP007,Chickpea (Gram),Punjab,2022,12,3183.1,2898.4,2947.6,-6.1,40.9,3445.1
PF004832,CROP007,Chickpea (Gram),Punjab,2023,1,3445.1,3183.1,2898.4,15.2,23.2,3319.2
PF004833,CROP007,Chickpea (Gram),Punjab,2023,2,3319.2,3445.1,3183.1,15.5,57.0,3524.1
PF004834,CROP007,Chickpea (Gram),Punjab,2023,3,3524.1,3319.2,3445.1,22.8,34.4,3540.0
PF004835,CROP007,Chickpea (Gram),Punjab,2023,4,3540.0,3524.1,3319.2,-16.0,27.7,3903.5
PF004836,CROP007,Chickpea (Gram),Punjab,2023,5,3903.5,3540.0,3524.1,-24.6,65.6,3599.3
PF004837,CROP007,Chickpea (Gram),Punjab,2023,6,3599.3,3903.5,3540.0,-17.9,65.5,3393.6
PF004838,CROP007,Chickpea (Gram),Punjab,2023,7,3393.6,3599.3,3903.5,-10.0,50.6,3391.0
PF004839,CROP007,Chickpea (Gram),Punjab,2023,8,3391.0,3393.6,3599.3,4.6,49.5,2909.4
PF004840,CROP007,Chickpea (Gram),Punjab,2023,9,2909.4,3391.0,3393.6,-4.4,76.0,3104.5
PF004841,CROP007,Chickpea (Gram),Punjab,2023,10,3104.5,2909.4,3391.0,-2.0,49.0,2894.1
PF004842,CROP007,Chickpea (Gram),Punjab,2023,11,2894.1,3104.5,2909.4,-14.6,42.8,3085.9
PF004843,CROP007,Chickpea (Gram),Punjab,2023,12,3085.9,2894.1,3104.5,-21.5,32.7,3274.7
PF004876,CROP007,Chickpea (Gram),Haryana,2021,4,3367.1,3355.5,3149.5,-5.5,50.5,3170.6
PF004877,CROP007,Chickpea (Gram),Haryana,2021,5,3170.6,3367.1,3355.5,-8.2,68.9,3222.1
PF004878,CROP007,Chickpea (Gram),Haryana,2021,6,3222.1,3170.6,3367.1,9.9,45.0,3128.4
PF004879,CROP007,Chickpea (Gram),Haryana,2021,7,3128.4,3222.1,3170.6,-26.9,41.2,2851.8
PF004880,CROP007,Chickpea (Gram),Haryana,2021,8,2851.8,3128.4,3222.1,-6.2,27.1,2738.5
PF004881,CROP007,Chickpea (Gram),Haryana,2021,9,2738.5,2851.8,3128.4,21.0,37.9,2724.7
PF004882,CROP007,Chickpea (Gram),Haryana,2021,10,2724.7,2738.5,2851.8,-24.9,26.1,2798.3
PF004883,CROP007,Chickpea (Gram),Haryana,2021,11,2798.3,2724.7,2738.5,10.3,60.7,2728.0
PF004884,CROP007,Chickpea (Gram),Haryana,2021,12,2728.0,2798.3,2724.7,-13.9,56.6,3021.7
PF004885,CROP007,Chickpea (Gram),Haryana,2022,1,3021.7,2728.0,2798.3,18.3,35.5,3096.1
PF004886,CROP007,Chickpea (Gram),Haryana,2022,2,3096.1,3021.7,2728.0,-8.0,53.1,3288.0
PF004887,CROP007,Chickpea (Gram),Haryana,2022,3,3288.0,3096.1,3021.7,-18.0,60.1,3322.2
PF004888,CROP007,Chickpea (Gram),Haryana,2022,4,3322.2,3288.0,3096.1,4.7,54.6,3506.7
PF004889,CROP007,Chickpea (Gram),Haryana,2022,5,3506.7,3322.2,3288.0,3.1,61.1,3373.9
PF004890,CROP007,Chickpea (Gram),Haryana,2022,6,3373.9,3506.7,3322.2,-7.9,69.0,3161.1
PF004891,CROP007,Chickpea (Gram),Haryana,2022,7,3161.1,3373.9,3506.7,7.9,55.8,2804.7
PF004892,CROP007,Chickpea (Gram),Haryana,2022,8,2804.7,3161.1,3373.9,12.6,58.0,2807.5
PF004893,CROP007,Chickpea (Gram),Haryana,2022,9,2807.5,2804.7,3161.1,-9.9,68.0,2799.1
PF004894,CROP007,Chickpea (Gram),Haryana,2022,10,2799.1,2807.5,2804.7,3.6,52.2,2950.7
PF004895,CROP007,Chickpea (Gram),Haryana,2022,11,2950.7,2799.1,2807.5,6.8,56.8,2791.4
PF004896,CROP007,Chickpea (Gram),Haryana,2022,12,2791.4,2950.7,2799.1,1.9,57.5,3082.1
PF004897,CROP007,Chickpea (Gram),Haryana,2023,1,3082.1,2791.4,2950.7,-0.2,42.5,3174.7
PF004898,CROP007,Chickpea (Gram),Haryana,2023,2,3174.7,3082.1,2791.4,-3.2,67.7,3586.3
PF004899,CROP007,Chickpea (Gram),Haryana,2023,3,3586.3,3174.7,3082.1,-0.1,67.8,3402.3
PF004900,CROP007,Chickpea (Gram),Haryana,2023,4,3402.3,3586.3,3174.7,7.4,34.6,3374.2
PF004901,CROP007,Chickpea (Gram),Haryana,2023,5,3374.2,3402.3,3586.3,-12.1,44.3,3106.6
PF004902,CROP007,Chickpea (Gram),Haryana,2023,6,3106.6,3374.2,3402.3,-10.2,55.1,3044.8
PF004903,CROP007,Chickpea (Gram),Haryana,2023,7,3044.8,3106.6,3374.2,1.4,52.2,2804.2
PF004904,CROP007,Chickpea (Gram),Haryana,2023,8,2804.2,3044.8,3106.6,11.7,47.8,2934.4
PF004905,CROP007,Chickpea (Gram),Haryana,2023,9,2934.4,2804.2,3044.8,-21.1,55.2,2794.0
PF004906,CROP007,Chickpea (Gram),Haryana,2023,10,2794.0,2934.4,2804.2,12.3,53.3,2959.5
PF004907,CROP007,Chickpea (Gram),Haryana,2023,11,2959.5,2794.0,2934.4,-12.7,45.3,2748.6
PF004908,CROP007,Chickpea (Gram),Haryana,2023,12,2748.6,2959.5,2794.0,12.8,13.3,3245.6
PF004941,CROP007,Chickpea (Gram),Haryana,2021,4,2942.9,3009.7,2665.6,9.6,70.3,2938.9
PF004942,CROP007,Chickpea (Gram),Haryana,2021,5,2938.9,2942.9,3009.7,-11.4,34.9,3012.5
PF004943,CROP007,Chickpea (Gram),Haryana,2021,6,3012.5,2938.9,2942.9,-18.3,52.9,2911.0
PF004944,CROP007,Chickpea (Gram),Haryana,2021,7,2911.0,3012.5,2938.9,8.6,70.2,2627.9
PF004945,CROP007,Chickpea (Gram),Haryana,2021,8,2627.9,2911.0,3012.5,-21.0,30.3,2506.4
PF004946,CROP007,Chickpea (Gram),Haryana,2021,9,2506.4,2627.9,2911.0,-8.1,34.6,2553.0
PF004947,CROP007,Chickpea (Gram),Haryana,2021,10,2553.0,2506.4,2627.9,-17.0,56.6,2448.5
PF004948,CROP007,Chickpea (Gram),Haryana,2021,11,2448.5,2553.0,2506.4,-8.6,66.7,2678.7
PF004949,CROP007,Chickpea (Gram),Haryana,2021,12,2678.7,2448.5,2553.0,10.0,33.7,2613.7
PF004950,CROP007,Chickpea (Gram),Haryana,2022,1,2613.7,2678.7,2448.5,1.1,77.8,2804.4
PF004951,CROP007,Chickpea (Gram),Haryana,2022,2,2804.4,2613.7,2678.7,-9.1,65.2,3251.7
PF004952,CROP007,Chickpea (Gram),Haryana,2022,3,3251.7,2804.4,2613.7,18.1,50.7,3132.0
PF004953,CROP007,Chickpea (Gram),Haryana,2022,4,3132.0,3251.7,2804.4,-0.1,34.7,3134.7
PF004954,CROP007,Chickpea (Gram),Haryana,2022,5,3134.7,3132.0,3251.7,19.8,58.1,3124.9
PF004955,CROP007,Chickpea (Gram),Haryana,2022,6,3124.9,3134.7,3132.0,-10.3,37.8,2853.9
PF004956,CROP007,Chickpea (Gram),Haryana,2022,7,2853.9,3124.9,3134.7,-23.5,65.3,2616.0
PF004957,CROP007,Chickpea (Gram),Haryana,2022,8,2616.0,2853.9,3124.9,1.9,46.7,2548.8
PF004958,CROP007,Chickpea (Gram),Haryana,2022,9,2548.8,2616.0,2853.9,-2.1,51.9,2542.5
PF004959,CROP007,Chickpea (Gram),Haryana,2022,10,2542.5,2548.8,2616.0,11.3,54.0,2376.6
PF004960,CROP007,Chickpea (Gram),Haryana,2022,11,2376.6,2542.5,2548.8,-11.0,41.9,2742.7
PF004961,CROP007,Chickpea (Gram),Haryana,2022,12,2742.7,2376.6,2542.5,15.4,48.6,2815.5
PF004962,CROP007,Chickpea (Gram),Haryana,2023,1,2815.5,2742.7,2376.6,-2.8,55.1,2836.8
PF004963,CROP007,Chickpea (Gram),Haryana,2023,2,2836.8,2815.5,2742.7,33.6,58.0,3185.7
PF004964,CROP007,Chickpea (Gram),Haryana,2023,3,3185.7,2836.8,2815.5,-8.5,49.5,3132.5
PF004965,CROP007,Chickpea (Gram),Haryana,2023,4,3132.5,3185.7,2836.8,5.6,54.0,2754.4
PF004966,CROP007,Chickpea (Gram),Haryana,2023,5,2754.4,3132.5,3185.7,1.5,66.4,2969.3
PF004967,CROP007,Chickpea (Gram),Haryana,2023,6,2969.3,2754.4,3132.5,5.4,43.2,2865.7
PF004968,CROP007,Chickpea (Gram),Haryana,2023,7,2865.7,2969.3,2754.4,-1.4,56.8,2680.0
PF004969,CROP007,Chickpea (Gram),Haryana,2023,8,2680.0,2865.7,2969.3,11.9,44.9,2500.1
PF004970,CROP007,Chickpea (Gram),Haryana,2023,9,2500.1,2680.0,2865.7,2.4,57.4,2610.5
PF004971,CROP007,Chickpea (Gram),Haryana,2023,10,2610.5,2500.1,2680.0,50.7,46.1,2631.8
PF004972,CROP007,Chickpea (Gram),Haryana,2023,11,2631.8,2610.5,2500.1,-1.5,54.9,2630.8
PF004973,CROP007,Chickpea (Gram),Haryana,2023,12,2630.8,2631.8,2610.5,39.5,37.2,2999.3
PF005006,CROP007,Chickpea (Gram),Uttar Pradesh,2021,4,3338.6,3391.9,3412.9,-2.2,54.1,3529.1
PF005007,CROP007,Chickpea (Gram),Uttar Pradesh,2021,5,3529.1,3338.6,3391.9,-7.0,56.1,3232.8
PF005008,CROP007,Chickpea (Gram),Uttar Pradesh,2021,6,3232.8,3529.1,3338.6,4.9,41.3,3120.8
PF005009,CROP007,Chickpea (Gram),Uttar Pradesh,2021,7,3120.8,3232.8,3529.1,-4.0,51.5,3075.3
PF005010,CROP007,Chickpea (Gram),Uttar Pradesh,2021,8,3075.3,3120.8,3232.8,-18.0,77.3,2799.0
PF005011,CROP007,Chickpea (Gram),Uttar Pradesh,2021,9,2799.0,3075.3,3120.8,14.3,78.5,3084.7
PF005012,CROP007,Chickpea (Gram),Uttar Pradesh,2021,10,3084.7,2799.0,3075.3,17.1,37.4,2945.2
PF005013,CROP007,Chickpea (Gram),Uttar Pradesh,2021,11,2945.2,3084.7,2799.0,28.3,36.7,2907.8
PF005014,CROP007,Chickpea (Gram),Uttar Pradesh,2021,12,2907.8,2945.2,3084.7,-4.0,47.0,3224.4
PF005015,CROP007,Chickpea (Gram),Uttar Pradesh,2022,1,3224.4,2907.8,2945.2,1.5,46.2,3341.6
PF005016,CROP007,Chickpea (Gram),Uttar Pradesh,2022,2,3341.6,3224.4,2907.8,11.1,46.8,3503.6
PF005017,CROP007,Chickpea (Gram),Uttar Pradesh,2022,3,3503.6,3341.6,3224.4,20.9,45.6,3413.7
PF005018,CROP007,Chickpea (Gram),Uttar Pradesh,2022,4,3413.7,3503.6,3341.6,-4.8,44.4,3485.5
PF005019,CROP007,Chickpea (Gram),Uttar Pradesh,2022,5,3485.5,3413.7,3503.6,-13.2,29.3,3484.9
PF005020,CROP007,Chickpea (Gram),Uttar Pradesh,2022,6,3484.9,3485.5,3413.7,2.9,36.2,3486.1
PF005021,CROP007,Chickpea (Gram),Uttar Pradesh,2022,7,3486.1,3484.9,3485.5,-2.5,54.4,3289.9
PF005022,CROP007,Chickpea (Gram),Uttar Pradesh,2022,8,3289.9,3486.1,3484.9,8.8,50.2,2910.4
PF005023,CROP007,Chickpea (Gram),Uttar Pradesh,2022,9,2910.4,3289.9,3486.1,-3.1,48.4,2951.1
PF005024,CROP007,Chickpea (Gram),Uttar Pradesh,2022,10,2951.1,2910.4,3289.9,14.1,49.1,3249.8
PF005025,CROP007,Chickpea (Gram),Uttar Pradesh,2022,11,3249.8,2951.1,2910.4,13.5,52.7,3260.9
PF005026,CROP007,Chickpea (Gram),Uttar Pradesh,2022,12,3260.9,3249.8,2951.1,0.5,61.2,3332.5
PF005027,CROP007,Chickpea (Gram),Uttar Pradesh,2023,1,3332.5,3260.9,3249.8,-3.2,59.2,3345.3
PF005028,CROP007,Chickpea (Gram),Uttar Pradesh,2023,2,3345.3,3332.5,3260.9,-10.2,61.0,3585.6
PF005029,CROP007,Chickpea (Gram),Uttar Pradesh,2023,3,3585.6,3345.3,3332.5,-20.4,57.1,3457.4
PF005030,CROP007,Chickpea (Gram),Uttar Pradesh,2023,4,3457.4,3585.6,3345.3,-11.6,47.1,3482.8
PF005031,CROP007,Chickpea (Gram),Uttar Pradesh,2023,5,3482.8,3457.4,3585.6,-1.9,42.5,3342.7
PF005032,CROP007,Chickpea (Gram),Uttar Pradesh,2023,6,3342.7,3482.8,3457.4,-1.1,58.8,3291.0
PF005033,CROP007,Chickpea (Gram),Uttar Pradesh,2023,7,3291.0,3342.7,3482.8,8.7,59.9,3053.4
PF005034,CROP007,Chickpea (Gram),Uttar Pradesh,2023,8,3053.4,3291.0,3342.7,21.5,50.7,3095.9
PF005035,CROP007,Chickpea (Gram),Uttar Pradesh,2023,9,3095.9,3053.4,3291.0,-12.2,66.8,2969.8
PF005036,CROP007,Chickpea (Gram),Uttar Pradesh,2023,10,2969.8,3095.9,3053.4,16.9,50.6,2926.6
PF005037,CROP007,Chickpea (Gram),Uttar Pradesh,2023,11,2926.6,2969.8,3095.9,-8.4,72.6,2870.1
PF005038,CROP007,Chickpea (Gram),Uttar Pradesh,2023,12,2870.1,2926.6,2969.8,8.2,57.8,3485.5
PF005071,CROP007,Chickpea (Gram),Uttar Pradesh,2021,4,3099.1,2747.9,2836.9,7.3,60.0,2883.3
PF005072,CROP007,Chickpea (Gram),Uttar Pradesh,2021,5,2883.3,3099.1,2747.9,4.8,57.4,2893.1
PF005073,CROP007,Chickpea (Gram),Uttar Pradesh,2021,6,2893.1,2883.3,3099.1,-10.5,53.0,2393.0
PF005074,CROP007,Chickpea (Gram),Uttar Pradesh,2021,7,2393.0,2893.1,2883.3,-11.5,40.5,2510.7
PF005075,CROP007,Chickpea (Gram),Uttar Pradesh,2021,8,2510.7,2393.0,2893.1,-33.4,35.3,2365.0
PF005076,CROP007,Chickpea (Gram),Uttar Pradesh,2021,9,2365.0,2510.7,2393.0,-18.1,43.7,2469.2
PF005077,CROP007,Chickpea (Gram),Uttar Pradesh,2021,10,2469.2,2365.0,2510.7,4.6,70.5,2325.5
PF005078,CROP007,Chickpea (Gram),Uttar Pradesh,2021,11,2325.5,2469.2,2365.0,2.9,67.6,2384.9
PF005079,CROP007,Chickpea (Gram),Uttar Pradesh,2021,12,2384.9,2325.5,2469.2,-12.6,60.0,2525.7
PF005080,CROP007,Chickpea (Gram),Uttar Pradesh,2022,1,2525.7,2384.9,2325.5,8.1,35.2,2939.3
PF005081,CROP007,Chickpea (Gram),Uttar Pradesh,2022,2,2939.3,2525.7,2384.9,-13.1,52.0,2827.1
PF005082,CROP007,Chickpea (Gram),Uttar Pradesh,2022,3,2827.1,2939.3,2525.7,-29.2,56.5,3001.0
PF005083,CROP007,Chickpea (Gram),Uttar Pradesh,2022,4,3001.0,2827.1,2939.3,7.8,75.2,2865.9
PF005084,CROP007,Chickpea (Gram),Uttar Pradesh,2022,5,2865.9,3001.0,2827.1,10.9,48.2,2740.9
PF005085,CROP007,Chickpea (Gram),Uttar Pradesh,2022,6,2740.9,2865.9,3001.0,3.7,61.0,2877.9
PF005086,CROP007,Chickpea (Gram),Uttar Pradesh,2022,7,2877.9,2740.9,2865.9,-24.6,49.2,2330.3
PF005087,CROP007,Chickpea (Gram),Uttar Pradesh,2022,8,2330.3,2877.9,2740.9,-28.9,48.8,2546.1
PF005088,CROP007,Chickpea (Gram),Uttar Pradesh,2022,9,2546.1,2330.3,2877.9,-8.6,48.3,2506.1
PF005089,CROP007,Chickpea (Gram),Uttar Pradesh,2022,10,2506.1,2546.1,2330.3,-5.8,48.7,2275.0
PF005090,CROP007,Chickpea (Gram),Uttar Pradesh,2022,11,2275.0,2506.1,2546.1,23.5,47.8,2550.4
PF005091,CROP007,Chickpea (Gram),Uttar Pradesh,2022,12,2550.4,2275.0,2506.1,20.1,31.1,2539.0
PF005092,CROP007,Chickpea (Gram),Uttar Pradesh,2023,1,2539.0,2550.4,2275.0,-18.4,52.3,2662.1
PF005093,CROP007,Chickpea (Gram),Uttar Pradesh,2023,2,2662.1,2539.0,2550.4,6.7,38.1,2947.1
PF005094,CROP007,Chickpea (Gram),Uttar Pradesh,2023,3,2947.1,2662.1,2539.0,-22.4,62.6,2771.6
PF005095,CROP007,Chickpea (Gram),Uttar Pradesh,2023,4,2771.6,2947.1,2662.1,4.6,60.0,2849.9
PF005096,CROP007,Chickpea (Gram),Uttar Pradesh,2023,5,2849.9,2771.6,2947.1,18.2,47.0,2745.2
PF005097,CROP007,Chickpea (Gram),Uttar Pradesh,2023,6,2745.2,2849.9,2771.6,-19.3,72.1,2748.0
PF005098,CROP007,Chickpea (Gram),Uttar Pradesh,2023,7,2748.0,2745.2,2849.9,0.1,34.1,2524.1
PF005099,CROP007,Chickpea (Gram),Uttar Pradesh,2023,8,2524.1,2748.0,2745.2,-15.1,45.6,2580.8
PF005100,CROP007,Chickpea (Gram),Uttar Pradesh,2023,9,2580.8,2524.1,2748.0,6.3,32.2,2376.3
PF005101,CROP007,Chickpea (Gram),Uttar Pradesh,2023,10,2376.3,2580.8,2524.1,-9.9,64.3,2302.9
PF005102,CROP007,Chickpea (Gram),Uttar Pradesh,2023,11,2302.9,2376.3,2580.8,-23.5,39.8,2551.1
PF005103,CROP007,Chickpea (Gram),Uttar Pradesh,2023,12,2551.1,2302.9,2376.3,-3.1,78.6,2716.5
PF005136,CROP007,Chickpea (Gram),Uttar Pradesh,2021,4,3193.6,3260.5,2794.8,9.6,51.4,3020.0
PF005137,CROP007,Chickpea (Gram),Uttar Pradesh,2021,5,3020.0,3193.6,3260.5,-2.8,30.7,3050.7
PF005138,CROP007,Chickpea (Gram),Uttar Pradesh,2021,6,3050.7,3020.0,3193.6,2.0,41.5,2586.5
PF005139,CROP007,Chickpea (Gram),Uttar Pradesh,2021,7,2586.5,3050.7,3020.0,13.7,55.0,2678.6
PF005140,CROP007,Chickpea (Gram),Uttar Pradesh,2021,8,2678.6,2586.5,3050.7,-10.0,30.0,2636.1
PF005141,CROP007,Chickpea (Gram),Uttar Pradesh,2021,9,2636.1,2678.6,2586.5,11.1,79.6,2459.9
PF005142,CROP007,Chickpea (Gram),Uttar Pradesh,2021,10,2459.9,2636.1,2678.6,-1.8,66.6,2751.6
PF005143,CROP007,Chickpea (Gram),Uttar Pradesh,2021,11,2751.6,2459.9,2636.1,22.9,51.2,2659.8
PF005144,CROP007,Chickpea (Gram),Uttar Pradesh,2021,12,2659.8,2751.6,2459.9,-3.5,51.6,2844.4
PF005145,CROP007,Chickpea (Gram),Uttar Pradesh,2022,1,2844.4,2659.8,2751.6,0.3,27.7,3256.1
PF005146,CROP007,Chickpea (Gram),Uttar Pradesh,2022,2,3256.1,2844.4,2659.8,5.5,34.7,3200.9
PF005147,CROP007,Chickpea (Gram),Uttar Pradesh,2022,3,3200.9,3256.1,2844.4,20.0,49.9,2989.7
PF005148,CROP007,Chickpea (Gram),Uttar Pradesh,2022,4,2989.7,3200.9,3256.1,-7.7,47.2,3270.3
PF005149,CROP007,Chickpea (Gram),Uttar Pradesh,2022,5,3270.3,2989.7,3200.9,6.0,60.2,3237.1
PF005150,CROP007,Chickpea (Gram),Uttar Pradesh,2022,6,3237.1,3270.3,2989.7,-16.2,54.5,3042.1
PF005151,CROP007,Chickpea (Gram),Uttar Pradesh,2022,7,3042.1,3237.1,3270.3,33.2,48.9,2810.0
PF005152,CROP007,Chickpea (Gram),Uttar Pradesh,2022,8,2810.0,3042.1,3237.1,2.5,68.8,2804.1
PF005153,CROP007,Chickpea (Gram),Uttar Pradesh,2022,9,2804.1,2810.0,3042.1,11.3,58.3,2546.0
PF005154,CROP007,Chickpea (Gram),Uttar Pradesh,2022,10,2546.0,2804.1,2810.0,-2.1,67.4,2834.2
PF005155,CROP007,Chickpea (Gram),Uttar Pradesh,2022,11,2834.2,2546.0,2804.1,5.3,63.9,2620.4
PF005156,CROP007,Chickpea (Gram),Uttar Pradesh,2022,12,2620.4,2834.2,2546.0,-4.3,62.4,2952.8
PF005157,CROP007,Chickpea (Gram),Uttar Pradesh,2023,1,2952.8,2620.4,2834.2,9.3,62.9,3490.1
PF005158,CROP007,Chickpea (Gram),Uttar Pradesh,2023,2,3490.1,2952.8,2620.4,-1.7,38.4,3115.1
PF005159,CROP007,Chickpea (Gram),Uttar Pradesh,2023,3,3115.1,3490.1,2952.8,12.3,36.7,3427.4
PF005160,CROP007,Chickpea (Gram),Uttar Pradesh,2023,4,3427.4,3115.1,3490.1,-31.2,42.5,3119.1
PF005161,CROP007,Chickpea (Gram),Uttar Pradesh,2023,5,3119.1,3427.4,3115.1,-14.1,40.2,3100.1
PF005162,CROP007,Chickpea (Gram),Uttar Pradesh,2023,6,3100.1,3119.1,3427.4,-5.6,54.7,3240.5
PF005163,CROP007,Chickpea (Gram),Uttar Pradesh,2023,7,3240.5,3100.1,3119.1,-14.1,57.0,2511.0
PF005164,CROP007,Chickpea (Gram),Uttar Pradesh,2023,8,2511.0,3240.5,3100.1,19.3,73.7,2560.2
PF005165,CROP007,Chickpea (Gram),Uttar Pradesh,2023,9,2560.2,2511.0,3240.5,1.8,49.1,2461.7
PF005166,CROP007,Chickpea (Gram),Uttar Pradesh,2023,10,2461.7,2560.2,2511.0,-2.4,58.3,2610.5
PF005167,CROP007,Chickpea (Gram),Uttar Pradesh,2023,11,2610.5,2461.7,2560.2,-4.2,43.0,2913.3
PF005168,CROP007,Chickpea (Gram),Uttar Pradesh,2023,12,2913.3,2610.5,2461.7,-13.3,65.6,2810.0
PF005201,CROP007,Chickpea (Gram),Bihar,2021,4,3005.0,2853.4,2988.6,-2.8,34.3,2886.4
PF005202,CROP007,Chickpea (Gram),Bihar,2021,5,2886.4,3005.0,2853.4,11.3,33.6,2825.6
PF005203,CROP007,Chickpea (Gram),Bihar,2021,6,2825.6,2886.4,3005.0,0.5,51.0,3051.8
PF005204,CROP007,Chickpea (Gram),Bihar,2021,7,3051.8,2825.6,2886.4,20.3,50.1,2713.6
PF005205,CROP007,Chickpea (Gram),Bihar,2021,8,2713.6,3051.8,2825.6,-23.2,46.3,2450.3
PF005206,CROP007,Chickpea (Gram),Bihar,2021,9,2450.3,2713.6,3051.8,-10.0,68.0,2642.9
PF005207,CROP007,Chickpea (Gram),Bihar,2021,10,2642.9,2450.3,2713.6,2.6,55.4,2660.5
PF005208,CROP007,Chickpea (Gram),Bihar,2021,11,2660.5,2642.9,2450.3,-25.0,52.8,2794.1
PF005209,CROP007,Chickpea (Gram),Bihar,2021,12,2794.1,2660.5,2642.9,-8.9,51.6,2757.5
PF005210,CROP007,Chickpea (Gram),Bihar,2022,1,2757.5,2794.1,2660.5,-5.5,34.3,3049.1
PF005211,CROP007,Chickpea (Gram),Bihar,2022,2,3049.1,2757.5,2794.1,10.2,63.4,3026.6
PF005212,CROP007,Chickpea (Gram),Bihar,2022,3,3026.6,3049.1,2757.5,13.6,56.8,3217.8
PF005213,CROP007,Chickpea (Gram),Bihar,2022,4,3217.8,3026.6,3049.1,-15.2,55.3,2819.5
PF005214,CROP007,Chickpea (Gram),Bihar,2022,5,2819.5,3217.8,3026.6,15.1,69.6,3090.1
PF005215,CROP007,Chickpea (Gram),Bihar,2022,6,3090.1,2819.5,3217.8,-10.2,42.1,2689.7
PF005216,CROP007,Chickpea (Gram),Bihar,2022,7,2689.7,3090.1,2819.5,-11.9,57.8,2547.4
PF005217,CROP007,Chickpea (Gram),Bihar,2022,8,2547.4,2689.7,3090.1,38.5,71.9,2596.6
PF005218,CROP007,Chickpea (Gram),Bihar,2022,9,2596.6,2547.4,2689.7,3.8,41.4,2618.4
PF005219,CROP007,Chickpea (Gram),Bihar,2022,10,2618.4,2596.6,2547.4,14.6,70.0,2552.1
PF005220,CROP007,Chickpea (Gram),Bihar,2022,11,2552.1,2618.4,2596.6,19.8,64.3,2886.0
PF005221,CROP007,Chickpea (Gram),Bihar,2022,12,2886.0,2552.1,2618.4,-4.3,68.7,2853.1
PF005222,CROP007,Chickpea (Gram),Bihar,2023,1,2853.1,2886.0,2552.1,11.4,27.2,3015.5
PF005223,CROP007,Chickpea (Gram),Bihar,2023,2,3015.5,2853.1,2886.0,-6.6,53.3,3249.7
PF005224,CROP007,Chickpea (Gram),Bihar,2023,3,3249.7,3015.5,2853.1,9.5,50.0,3214.9
PF005225,CROP007,Chickpea (Gram),Bihar,2023,4,3214.9,3249.7,3015.5,11.5,59.5,2984.0
PF005226,CROP007,Chickpea (Gram),Bihar,2023,5,2984.0,3214.9,3249.7,-2.8,42.5,3160.2
PF005227,CROP007,Chickpea (Gram),Bihar,2023,6,3160.2,2984.0,3214.9,23.2,44.5,2959.3
PF005228,CROP007,Chickpea (Gram),Bihar,2023,7,2959.3,3160.2,2984.0,-7.0,43.3,2915.6
PF005229,CROP007,Chickpea (Gram),Bihar,2023,8,2915.6,2959.3,3160.2,-23.6,42.4,2910.8
PF005230,CROP007,Chickpea (Gram),Bihar,2023,9,2910.8,2915.6,2959.3,13.2,58.9,2645.9
PF005231,CROP007,Chickpea (Gram),Bihar,2023,10,2645.9,2910.8,2915.6,-23.4,63.1,2632.3
PF005232,CROP007,Chickpea (Gram),Bihar,2023,11,2632.3,2645.9,2910.8,-32.8,53.4,2738.9
PF005233,CROP007,Chickpea (Gram),Bihar,2023,12,2738.9,2632.3,2645.9,9.2,79.9,2800.3
PF005266,CROP007,Chickpea (Gram),Bihar,2021,4,3782.3,3549.5,3792.9,29.0,57.9,3722.1
PF005267,CROP007,Chickpea (Gram),Bihar,2021,5,3722.1,3782.3,3549.5,-4.7,57.8,3796.5
PF005268,CROP007,Chickpea (Gram),Bihar,2021,6,3796.5,3722.1,3782.3,6.0,35.1,3584.8
PF005269,CROP007,Chickpea (Gram),Bihar,2021,7,3584.8,3796.5,3722.1,-4.9,48.3,3230.6
PF005270,CROP007,Chickpea (Gram),Bihar,2021,8,3230.6,3584.8,3796.5,-0.2,67.8,3175.0
PF005271,CROP007,Chickpea (Gram),Bihar,2021,9,3175.0,3230.6,3584.8,12.8,50.8,3318.5
PF005272,CROP007,Chickpea (Gram),Bihar,2021,10,3318.5,3175.0,3230.6,-15.9,41.7,3268.5
PF005273,CROP007,Chickpea (Gram),Bihar,2021,11,3268.5,3318.5,3175.0,-26.6,54.0,3274.5
PF005274,CROP007,Chickpea (Gram),Bihar,2021,12,3274.5,3268.5,3318.5,25.6,47.8,3484.5
PF005275,CROP007,Chickpea (Gram),Bihar,2022,1,3484.5,3274.5,3268.5,8.0,55.8,3742.7
PF005276,CROP007,Chickpea (Gram),Bihar,2022,2,3742.7,3484.5,3274.5,9.8,40.4,3842.4
PF005277,CROP007,Chickpea (Gram),Bihar,2022,3,3842.4,3742.7,3484.5,-17.1,62.9,4000.6
PF005278,CROP007,Chickpea (Gram),Bihar,2022,4,4000.6,3842.4,3742.7,-15.2,29.6,3733.8
PF005279,CROP007,Chickpea (Gram),Bihar,2022,5,3733.8,4000.6,3842.4,13.3,40.1,3586.9
PF005280,CROP007,Chickpea (Gram),Bihar,2022,6,3586.9,3733.8,4000.6,-3.6,50.8,3554.7
PF005281,CROP007,Chickpea (Gram),Bihar,2022,7,3554.7,3586.9,3733.8,-20.4,33.3,3385.0
PF005282,CROP007,Chickpea (Gram),Bihar,2022,8,3385.0,3554.7,3586.9,19.8,49.4,3151.9
PF005283,CROP007,Chickpea (Gram),Bihar,2022,9,3151.9,3385.0,3554.7,-28.1,50.0,3354.1
PF005284,CROP007,Chickpea (Gram),Bihar,2022,10,3354.1,3151.9,3385.0,29.3,39.8,2834.0
PF005285,CROP007,Chickpea (Gram),Bihar,2022,11,2834.0,3354.1,3151.9,-19.5,66.6,3271.0
PF005286,CROP007,Chickpea (Gram),Bihar,2022,12,3271.0,2834.0,3354.1,20.3,48.8,3548.6
PF005287,CROP007,Chickpea (Gram),Bihar,2023,1,3548.6,3271.0,2834.0,-5.9,42.8,3793.2
PF005288,CROP007,Chickpea (Gram),Bihar,2023,2,3793.2,3548.6,3271.0,2.3,52.5,3643.0
PF005289,CROP007,Chickpea (Gram),Bihar,2023,3,3643.0,3793.2,3548.6,-13.9,44.4,3950.3
PF005290,CROP007,Chickpea (Gram),Bihar,2023,4,3950.3,3643.0,3793.2,6.5,36.4,4004.9
PF005291,CROP007,Chickpea (Gram),Bihar,2023,5,4004.9,3950.3,3643.0,-5.4,54.0,3781.9
PF005292,CROP007,Chickpea (Gram),Bihar,2023,6,3781.9,4004.9,3950.3,15.6,37.3,3595.9
PF005293,CROP007,Chickpea (Gram),Bihar,2023,7,3595.9,3781.9,4004.9,-6.5,63.1,3322.3
PF005294,CROP007,Chickpea (Gram),Bihar,2023,8,3322.3,3595.9,3781.9,-11.2,46.9,3217.2
PF005295,CROP007,Chickpea (Gram),Bihar,2023,9,3217.2,3322.3,3595.9,24.5,48.3,3088.3
PF005296,CROP007,Chickpea (Gram),Bihar,2023,10,3088.3,3217.2,3322.3,20.1,37.1,3442.9
PF005297,CROP007,Chickpea (Gram),Bihar,2023,11,3442.9,3088.3,3217.2,21.8,49.2,3429.1
PF005298,CROP007,Chickpea (Gram),Bihar,2023,12,3429.1,3442.9,3088.3,-11.4,58.5,3588.4
PF005331,CROP007,Chickpea (Gram),West Bengal,2021,4,3696.7,3407.3,3414.2,4.3,47.2,3475.7
PF005332,CROP007,Chickpea (Gram),West Bengal,2021,5,3475.7,3696.7,3407.3,2.0,45.5,3492.1
PF005333,CROP007,Chickpea (Gram),West Bengal,2021,6,3492.1,3475.7,3696.7,25.3,46.4,3001.1
PF005334,CROP007,Chickpea (Gram),West Bengal,2021,7,3001.1,3492.1,3475.7,26.6,37.0,3028.6
PF005335,CROP007,Chickpea (Gram),West Bengal,2021,8,3028.6,3001.1,3492.1,17.5,51.9,3040.4
PF005336,CROP007,Chickpea (Gram),West Bengal,2021,9,3040.4,3028.6,3001.1,-8.6,31.3,3033.8
PF005337,CROP007,Chickpea (Gram),West Bengal,2021,10,3033.8,3040.4,3028.6,14.6,62.2,3025.9
PF005338,CROP007,Chickpea (Gram),West Bengal,2021,11,3025.9,3033.8,3040.4,22.7,52.1,3020.2
PF005339,CROP007,Chickpea (Gram),West Bengal,2021,12,3020.2,3025.9,3033.8,-16.9,51.0,3444.8
PF005340,CROP007,Chickpea (Gram),West Bengal,2022,1,3444.8,3020.2,3025.9,-13.1,51.0,3556.4
PF005341,CROP007,Chickpea (Gram),West Bengal,2022,2,3556.4,3444.8,3020.2,13.7,31.2,3545.3
PF005342,CROP007,Chickpea (Gram),West Bengal,2022,3,3545.3,3556.4,3444.8,8.8,16.2,3846.8
PF005343,CROP007,Chickpea (Gram),West Bengal,2022,4,3846.8,3545.3,3556.4,-13.2,54.1,3667.0
PF005344,CROP007,Chickpea (Gram),West Bengal,2022,5,3667.0,3846.8,3545.3,-9.1,64.8,3366.0
PF005345,CROP007,Chickpea (Gram),West Bengal,2022,6,3366.0,3667.0,3846.8,-4.9,41.3,3082.5
PF005346,CROP007,Chickpea (Gram),West Bengal,2022,7,3082.5,3366.0,3667.0,-13.8,64.8,2911.4
PF005347,CROP007,Chickpea (Gram),West Bengal,2022,8,2911.4,3082.5,3366.0,19.0,54.7,2775.4
PF005348,CROP007,Chickpea (Gram),West Bengal,2022,9,2775.4,2911.4,3082.5,-4.6,32.0,3004.7
PF005349,CROP007,Chickpea (Gram),West Bengal,2022,10,3004.7,2775.4,2911.4,7.7,39.0,2967.4
PF005350,CROP007,Chickpea (Gram),West Bengal,2022,11,2967.4,3004.7,2775.4,4.3,53.8,3114.7
PF005351,CROP007,Chickpea (Gram),West Bengal,2022,12,3114.7,2967.4,3004.7,-0.7,65.4,3412.2
PF005352,CROP007,Chickpea (Gram),West Bengal,2023,1,3412.2,3114.7,2967.4,-5.7,54.3,3399.1
PF005353,CROP007,Chickpea (Gram),West Bengal,2023,2,3399.1,3412.2,3114.7,-12.4,52.1,3540.2
PF005354,CROP007,Chickpea (Gram),West Bengal,2023,3,3540.2,3399.1,3412.2,-10.1,57.1,3703.8
PF005355,CROP007,Chickpea (Gram),West Bengal,2023,4,3703.8,3540.2,3399.1,-18.1,49.8,3456.1
PF005356,CROP007,Chickpea (Gram),West Bengal,2023,5,3456.1,3703.8,3540.2,15.1,43.8,3480.4
PF005357,CROP007,Chickpea (Gram),West Bengal,2023,6,3480.4,3456.1,3703.8,33.5,33.5,3404.7
PF005358,CROP007,Chickpea (Gram),West Bengal,2023,7,3404.7,3480.4,3456.1,1.7,75.2,3250.5
PF005359,CROP007,Chickpea (Gram),West Bengal,2023,8,3250.5,3404.7,3480.4,-13.8,44.4,2880.4
PF005360,CROP007,Chickpea (Gram),West Bengal,2023,9,2880.4,3250.5,3404.7,14.7,70.4,2973.2
PF005361,CROP007,Chickpea (Gram),West Bengal,2023,10,2973.2,2880.4,3250.5,-7.9,51.9,3055.5
PF005362,CROP007,Chickpea (Gram),West Bengal,2023,11,3055.5,2973.2,2880.4,-12.9,57.6,3017.5
PF005363,CROP007,Chickpea (Gram),West Bengal,2023,12,3017.5,3055.5,2973.2,12.7,55.4,3344.6
PF005396,CROP007,Chickpea (Gram),West Bengal,2021,4,3042.1,3009.9,2888.1,-0.4,66.3,2789.8
PF005397,CROP007,Chickpea (Gram),West Bengal,2021,5,2789.8,3042.1,3009.9,35.1,40.3,2873.2
PF005398,CROP007,Chickpea (Gram),West Bengal,2021,6,2873.2,2789.8,3042.1,-17.7,38.7,2490.0
PF005399,CROP007,Chickpea (Gram),West Bengal,2021,7,2490.0,2873.2,2789.8,-24.8,60.3,2618.2
PF005400,CROP007,Chickpea (Gram),West Bengal,2021,8,2618.2,2490.0,2873.2,-8.6,43.5,2319.8
PF005401,CROP007,Chickpea (Gram),West Bengal,2021,9,2319.8,2618.2,2490.0,18.1,45.8,2301.8
PF005402,CROP007,Chickpea (Gram),West Bengal,2021,10,2301.8,2319.8,2618.2,9.5,56.4,2399.9
PF005403,CROP007,Chickpea (Gram),West Bengal,2021,11,2399.9,2301.8,2319.8,-1.1,43.1,2569.7
PF005404,CROP007,Chickpea (Gram),West Bengal,2021,12,2569.7,2399.9,2301.8,1.9,69.0,2640.1
PF005405,CROP007,Chickpea (Gram),West Bengal,2022,1,2640.1,2569.7,2399.9,33.8,76.6,2705.7
PF005406,CROP007,Chickpea (Gram),West Bengal,2022,2,2705.7,2640.1,2569.7,7.3,49.8,3098.9
PF005407,CROP007,Chickpea (Gram),West Bengal,2022,3,3098.9,2705.7,2640.1,12.8,52.8,2964.3
PF005408,CROP007,Chickpea (Gram),West Bengal,2022,4,2964.3,3098.9,2705.7,24.9,52.1,2814.2
PF005409,CROP007,Chickpea (Gram),West Bengal,2022,5,2814.2,2964.3,3098.9,-35.1,19.7,2853.5
PF005410,CROP007,Chickpea (Gram),West Bengal,2022,6,2853.5,2814.2,2964.3,27.2,39.5,2649.0
PF005411,CROP007,Chickpea (Gram),West Bengal,2022,7,2649.0,2853.5,2814.2,3.1,65.3,2662.8
PF005412,CROP007,Chickpea (Gram),West Bengal,2022,8,2662.8,2649.0,2853.5,-19.9,70.0,2543.2
PF005413,CROP007,Chickpea (Gram),West Bengal,2022,9,2543.2,2662.8,2649.0,-16.7,44.4,2420.9
PF005414,CROP007,Chickpea (Gram),West Bengal,2022,10,2420.9,2543.2,2662.8,-7.8,52.2,2550.0
PF005415,CROP007,Chickpea (Gram),West Bengal,2022,11,2550.0,2420.9,2543.2,3.4,72.0,2401.2
PF005416,CROP007,Chickpea (Gram),West Bengal,2022,12,2401.2,2550.0,2420.9,-15.4,29.1,2675.2
PF005417,CROP007,Chickpea (Gram),West Bengal,2023,1,2675.2,2401.2,2550.0,-17.4,56.4,2853.2
PF005418,CROP007,Chickpea (Gram),West Bengal,2023,2,2853.2,2675.2,2401.2,27.2,47.6,2828.8
PF005419,CROP007,Chickpea (Gram),West Bengal,2023,3,2828.8,2853.2,2675.2,-10.3,58.8,3037.4
PF005420,CROP007,Chickpea (Gram),West Bengal,2023,4,3037.4,2828.8,2853.2,7.4,41.9,3162.7
PF005421,CROP007,Chickpea (Gram),West Bengal,2023,5,3162.7,3037.4,2828.8,-22.1,35.9,2928.2
PF005422,CROP007,Chickpea (Gram),West Bengal,2023,6,2928.2,3162.7,3037.4,12.3,30.1,2546.7
PF005423,CROP007,Chickpea (Gram),West Bengal,2023,7,2546.7,2928.2,3162.7,-10.7,60.6,2578.3
PF005424,CROP007,Chickpea (Gram),West Bengal,2023,8,2578.3,2546.7,2928.2,-6.4,62.9,2597.9
PF005425,CROP007,Chickpea (Gram),West Bengal,2023,9,2597.9,2578.3,2546.7,-11.5,53.7,2505.9
PF005426,CROP007,Chickpea (Gram),West Bengal,2023,10,2505.9,2597.9,2578.3,10.3,75.4,2381.0
PF005427,CROP007,Chickpea (Gram),West Bengal,2023,11,2381.0,2505.9,2597.9,18.1,61.1,2567.4
PF005428,CROP007,Chickpea (Gram),West Bengal,2023,12,2567.4,2381.0,2505.9,-22.2,25.2,2843.3
PF005461,CROP008,Pigeon Pea (Tur),Punjab,2021,4,4711.9,4718.5,4634.8,-9.1,29.4,4761.7
PF005462,CROP008,Pigeon Pea (Tur),Punjab,2021,5,4761.7,4711.9,4718.5,4.4,53.2,4562.3
PF005463,CROP008,Pigeon Pea (Tur),Punjab,2021,6,4562.3,4761.7,4711.9,-41.1,42.7,4510.1
PF005464,CROP008,Pigeon Pea (Tur),Punjab,2021,7,4510.1,4562.3,4761.7,-8.7,22.6,3846.0
PF005465,CROP008,Pigeon Pea (Tur),Punjab,2021,8,3846.0,4510.1,4562.3,-0.3,36.9,4021.4
PF005466,CROP008,Pigeon Pea (Tur),Punjab,2021,9,4021.4,3846.0,4510.1,36.4,45.7,3725.8
PF005467,CROP008,Pigeon Pea (Tur),Punjab,2021,10,3725.8,4021.4,3846.0,12.9,51.0,3869.4
PF005468,CROP008,Pigeon Pea (Tur),Punjab,2021,11,3869.4,3725.8,4021.4,11.4,41.9,4035.1
PF005469,CROP008,Pigeon Pea (Tur),Punjab,2021,12,4035.1,3869.4,3725.8,14.0,55.2,3969.5
PF005470,CROP008,Pigeon Pea (Tur),Punjab,2022,1,3969.5,4035.1,3869.4,-5.9,69.6,4723.3
PF005471,CROP008,Pigeon Pea (Tur),Punjab,2022,2,4723.3,3969.5,4035.1,23.6,25.7,4649.3
PF005472,CROP008,Pigeon Pea (Tur),Punjab,2022,3,4649.3,4723.3,3969.5,-9.7,31.3,4852.9
PF005473,CROP008,Pigeon Pea (Tur),Punjab,2022,4,4852.9,4649.3,4723.3,-24.5,53.1,4837.6
PF005474,CROP008,Pigeon Pea (Tur),Punjab,2022,5,4837.6,4852.9,4649.3,-25.9,32.8,4594.1
PF005475,CROP008,Pigeon Pea (Tur),Punjab,2022,6,4594.1,4837.6,4852.9,8.5,48.0,4704.1
PF005476,CROP008,Pigeon Pea (Tur),Punjab,2022,7,4704.1,4594.1,4837.6,-7.9,56.7,3979.1
PF005477,CROP008,Pigeon Pea (Tur),Punjab,2022,8,3979.1,4704.1,4594.1,-1.2,48.6,4073.1
PF005478,CROP008,Pigeon Pea (Tur),Punjab,2022,9,4073.1,3979.1,4704.1,11.5,25.1,3685.5
PF005479,CROP008,Pigeon Pea (Tur),Punjab,2022,10,3685.5,4073.1,3979.1,3.8,50.2,3931.8
PF005480,CROP008,Pigeon Pea (Tur),Punjab,2022,11,3931.8,3685.5,4073.1,14.1,55.4,4227.6
PF005481,CROP008,Pigeon Pea (Tur),Punjab,2022,12,4227.6,3931.8,3685.5,27.6,61.1,4338.6
PF005482,CROP008,Pigeon Pea (Tur),Punjab,2023,1,4338.6,4227.6,3931.8,-10.2,47.4,4805.6
PF005483,CROP008,Pigeon Pea (Tur),Punjab,2023,2,4805.6,4338.6,4227.6,-4.1,42.5,4765.1
PF005484,CROP008,Pigeon Pea (Tur),Punjab,2023,3,4765.1,4805.6,4338.6,5.8,28.6,4954.9
PF005485,CROP008,Pigeon Pea (Tur),Punjab,2023,4,4954.9,4765.1,4805.6,10.2,25.4,4604.3
PF005486,CROP008,Pigeon Pea (Tur),Punjab,2023,5,4604.3,4954.9,4765.1,17.3,30.6,4956.6
PF005487,CROP008,Pigeon Pea (Tur),Punjab,2023,6,4956.6,4604.3,4954.9,-15.1,45.0,4584.8
PF005488,CROP008,Pigeon Pea (Tur),Punjab,2023,7,4584.8,4956.6,4604.3,1.0,52.4,4284.0
PF005489,CROP008,Pigeon Pea (Tur),Punjab,2023,8,4284.0,4584.8,4956.6,-29.8,24.0,4248.3
PF005490,CROP008,Pigeon Pea (Tur),Punjab,2023,9,4248.3,4284.0,4584.8,5.2,45.7,3694.5
PF005491,CROP008,Pigeon Pea (Tur),Punjab,2023,10,3694.5,4248.3,4284.0,10.0,50.8,3882.6
PF005492,CROP008,Pigeon Pea (Tur),Punjab,2023,11,3882.6,3694.5,4248.3,2.1,51.6,4329.6
PF005493,CROP008,Pigeon Pea (Tur),Punjab,2023,12,4329.6,3882.6,3694.5,19.5,36.3,4465.4
PF005526,CROP008,Pigeon Pea (Tur),Punjab,2021,4,5201.7,5458.3,4853.8,5.8,59.0,5350.4
PF005527,CROP008,Pigeon Pea (Tur),Punjab,2021,5,5350.4,5201.7,5458.3,-25.7,58.2,4892.1
PF005528,CROP008,Pigeon Pea (Tur),Punjab,2021,6,4892.1,5350.4,5201.7,16.5,45.5,4318.8
PF005529,CROP008,Pigeon Pea (Tur),Punjab,2021,7,4318.8,4892.1,5350.4,10.1,50.7,4700.0
PF005530,CROP008,Pigeon Pea (Tur),Punjab,2021,8,4700.0,4318.8,4892.1,13.5,59.1,4390.7
PF005531,CROP008,Pigeon Pea (Tur),Punjab,2021,9,4390.7,4700.0,4318.8,-22.2,63.9,4295.1
PF005532,CROP008,Pigeon Pea (Tur),Punjab,2021,10,4295.1,4390.7,4700.0,-0.0,28.2,4671.3
PF005533,CROP008,Pigeon Pea (Tur),Punjab,2021,11,4671.3,4295.1,4390.7,26.8,56.9,4622.0
PF005534,CROP008,Pigeon Pea (Tur),Punjab,2021,12,4622.0,4671.3,4295.1,-26.8,53.2,4713.9
PF005535,CROP008,Pigeon Pea (Tur),Punjab,2022,1,4713.9,4622.0,4671.3,-2.5,50.5,5533.9
PF005536,CROP008,Pigeon Pea (Tur),Punjab,2022,2,5533.9,4713.9,4622.0,17.3,46.5,5497.1
PF005537,CROP008,Pigeon Pea (Tur),Punjab,2022,3,5497.1,5533.9,4713.9,0.6,38.9,5281.8
PF005538,CROP008,Pigeon Pea (Tur),Punjab,2022,4,5281.8,5497.1,5533.9,18.8,53.5,5213.7
PF005539,CROP008,Pigeon Pea (Tur),Punjab,2022,5,5213.7,5281.8,5497.1,-10.4,45.2,4683.8
PF005540,CROP008,Pigeon Pea (Tur),Punjab,2022,6,4683.8,5213.7,5281.8,28.6,57.9,4999.9
PF005541,CROP008,Pigeon Pea (Tur),Punjab,2022,7,4999.9,4683.8,5213.7,-19.6,74.4,4698.4
PF005542,CROP008,Pigeon Pea (Tur),Punjab,2022,8,4698.4,4999.9,4683.8,21.0,37.7,4427.0
PF005543,CROP008,Pigeon Pea (Tur),Punjab,2022,9,4427.0,4698.4,4999.9,-7.5,57.5,4155.8
PF005544,CROP008,Pigeon Pea (Tur),Punjab,2022,10,4155.8,4427.0,4698.4,15.7,47.9,4430.9
PF005545,CROP008,Pigeon Pea (Tur),Punjab,2022,11,4430.9,4155.8,4427.0,0.3,16.5,4748.3
PF005546,CROP008,Pigeon Pea (Tur),Punjab,2022,12,4748.3,4430.9,4155.8,5.3,36.2,4923.0
PF005547,CROP008,Pigeon Pea (Tur),Punjab,2023,1,4923.0,4748.3,4430.9,-3.1,54.0,5235.7
PF005548,CROP008,Pigeon Pea (Tur),Punjab,2023,2,5235.7,4923.0,4748.3,10.2,62.0,5125.9
PF005549,CROP008,Pigeon Pea (Tur),Punjab,2023,3,5125.9,5235.7,4923.0,17.6,56.5,5326.7
PF005550,CROP008,Pigeon Pea (Tur),Punjab,2023,4,5326.7,5125.9,5235.7,14.0,57.2,5314.2
PF005551,CROP008,Pigeon Pea (Tur),Punjab,2023,5,5314.2,5326.7,5125.9,9.9,79.0,5380.4
PF005552,CROP008,Pigeon Pea (Tur),Punjab,2023,6,5380.4,5314.2,5326.7,-22.9,24.3,4725.3
PF005553,CROP008,Pigeon Pea (Tur),Punjab,2023,7,4725.3,5380.4,5314.2,4.0,66.2,4772.9
PF005554,CROP008,Pigeon Pea (Tur),Punjab,2023,8,4772.9,4725.3,5380.4,4.7,52.5,4875.4
PF005555,CROP008,Pigeon Pea (Tur),Punjab,2023,9,4875.4,4772.9,4725.3,-7.7,80.3,4603.9
PF005556,CROP008,Pigeon Pea (Tur),Punjab,2023,10,4603.9,4875.4,4772.9,-6.7,60.7,4342.1
PF005557,CROP008,Pigeon Pea (Tur),Punjab,2023,11,4342.1,4603.9,4875.4,-17.8,56.3,4534.8
PF005558,CROP008,Pigeon Pea (Tur),Punjab,2023,12,4534.8,4342.1,4603.9,-17.2,54.8,4933.2
PF005591,CROP008,Pigeon Pea (Tur),Punjab,2021,4,4319.0,4430.3,3801.5,-2.4,71.5,3940.1
PF005592,CROP008,Pigeon Pea (Tur),Punjab,2021,5,3940.1,4319.0,4430.3,-1.2,72.8,4146.1
PF005593,CROP008,Pigeon Pea (Tur),Punjab,2021,6,4146.1,3940.1,4319.0,-23.2,40.2,3996.4
PF005594,CROP008,Pigeon Pea (Tur),Punjab,2021,7,3996.4,4146.1,3940.1,10.2,57.0,3691.8
PF005595,CROP008,Pigeon Pea (Tur),Punjab,2021,8,3691.8,3996.4,4146.1,24.3,43.8,3667.9
PF005596,CROP008,Pigeon Pea (Tur),Punjab,2021,9,3667.9,3691.8,3996.4,-8.7,60.1,3688.7
PF005597,CROP008,Pigeon Pea (Tur),Punjab,2021,10,3688.7,3667.9,3691.8,-33.2,39.0,3628.9
PF005598,CROP008,Pigeon Pea (Tur),Punjab,2021,11,3628.9,3688.7,3667.9,27.3,46.3,3500.4
PF005599,CROP008,Pigeon Pea (Tur),Punjab,2021,12,3500.4,3628.9,3688.7,-16.4,32.8,3823.1
PF005600,CROP008,Pigeon Pea (Tur),Punjab,2022,1,3823.1,3500.4,3628.9,-8.3,34.3,3920.6
PF005601,CROP008,Pigeon Pea (Tur),Punjab,2022,2,3920.6,3823.1,3500.4,-27.1,44.5,4300.6
PF005602,CROP008,Pigeon Pea (Tur),Punjab,2022,3,4300.6,3920.6,3823.1,-12.3,68.2,4233.6
PF005603,CROP008,Pigeon Pea (Tur),Punjab,2022,4,4233.6,4300.6,3920.6,5.0,59.0,4209.1
PF005604,CROP008,Pigeon Pea (Tur),Punjab,2022,5,4209.1,4233.6,4300.6,18.4,71.3,4118.8
PF005605,CROP008,Pigeon Pea (Tur),Punjab,2022,6,4118.8,4209.1,4233.6,15.0,26.1,4075.4
PF005606,CROP008,Pigeon Pea (Tur),Punjab,2022,7,4075.4,4118.8,4209.1,37.5,52.7,3893.1
PF005607,CROP008,Pigeon Pea (Tur),Punjab,2022,8,3893.1,4075.4,4118.8,-0.6,43.8,3509.0
PF005608,CROP008,Pigeon Pea (Tur),Punjab,2022,9,3509.0,3893.1,4075.4,15.6,28.5,3597.6
PF005609,CROP008,Pigeon Pea (Tur),Punjab,2022,10,3597.6,3509.0,3893.1,1.5,55.5,3310.2
PF005610,CROP008,Pigeon Pea (Tur),Punjab,2022,11,3310.2,3597.6,3509.0,-21.0,51.0,3903.7
PF005611,CROP008,Pigeon Pea (Tur),Punjab,2022,12,3903.7,3310.2,3597.6,-4.4,62.5,3958.9
PF005612,CROP008,Pigeon Pea (Tur),Punjab,2023,1,3958.9,3903.7,3310.2,-12.9,25.3,4047.0
PF005613,CROP008,Pigeon Pea (Tur),Punjab,2023,2,4047.0,3958.9,3903.7,-4.5,42.5,4429.3
PF005614,CROP008,Pigeon Pea (Tur),Punjab,2023,3,4429.3,4047.0,3958.9,1.9,52.3,4313.1
PF005615,CROP008,Pigeon Pea (Tur),Punjab,2023,4,4313.1,4429.3,4047.0,17.8,46.8,4195.9
PF005616,CROP008,Pigeon Pea (Tur),Punjab,2023,5,4195.9,4313.1,4429.3,9.4,51.1,4014.0
PF005617,CROP008,Pigeon Pea (Tur),Punjab,2023,6,4014.0,4195.9,4313.1,9.7,51.9,3991.2
PF005618,CROP008,Pigeon Pea (Tur),Punjab,2023,7,3991.2,4014.0,4195.9,-0.1,63.6,3690.2
PF005619,CROP008,Pigeon Pea (Tur),Punjab,2023,8,3690.2,3991.2,4014.0,6.4,63.4,3536.6
PF005620,CROP008,Pigeon Pea (Tur),Punjab,2023,9,3536.6,3690.2,3991.2,-0.5,42.5,3411.3
PF005621,CROP008,Pigeon Pea (Tur),Punjab,2023,10,3411.3,3536.6,3690.2,14.9,51.4,3418.7
PF005622,CROP008,Pigeon Pea (Tur),Punjab,2023,11,3418.7,3411.3,3536.6,-16.2,53.1,3612.5
PF005623,CROP008,Pigeon Pea (Tur),Punjab,2023,12,3612.5,3418.7,3411.3,-13.3,44.0,3871.5
PF005656,CROP008,Pigeon Pea (Tur),Haryana,2021,4,5371.3,4964.0,4851.9,9.8,42.0,5265.5
PF005657,CROP008,Pigeon Pea (Tur),Haryana,2021,5,5265.5,5371.3,4964.0,-7.7,49.3,4982.0
PF005658,CROP008,Pigeon Pea (Tur),Haryana,2021,6,4982.0,5265.5,5371.3,-3.6,72.4,5254.1
PF005659,CROP008,Pigeon Pea (Tur),Haryana,2021,7,5254.1,4982.0,5265.5,-6.1,63.4,4674.2
PF005660,CROP008,Pigeon Pea (Tur),Haryana,2021,8,4674.2,5254.1,4982.0,-9.2,56.1,4436.4
PF005661,CROP008,Pigeon Pea (Tur),Haryana,2021,9,4436.4,4674.2,5254.1,-38.4,59.7,4301.0
PF005662,CROP008,Pigeon Pea (Tur),Haryana,2021,10,4301.0,4436.4,4674.2,17.8,41.4,4355.8
PF005663,CROP008,Pigeon Pea (Tur),Haryana,2021,11,4355.8,4301.0,4436.4,3.0,59.1,4643.0
PF005664,CROP008,Pigeon Pea (Tur),Haryana,2021,12,4643.0,4355.8,4301.0,15.8,45.7,5137.2
PF005665,CROP008,Pigeon Pea (Tur),Haryana,2022,1,5137.2,4643.0,4355.8,13.4,41.2,4924.0
PF005666,CROP008,Pigeon Pea (Tur),Haryana,2022,2,4924.0,5137.2,4643.0,1.4,54.9,5324.1
PF005667,CROP008,Pigeon Pea (Tur),Haryana,2022,3,5324.1,4924.0,5137.2,-14.3,57.8,5080.5
PF005668,CROP008,Pigeon Pea (Tur),Haryana,2022,4,5080.5,5324.1,4924.0,34.9,37.4,5202.6
PF005669,CROP008,Pigeon Pea (Tur),Haryana,2022,5,5202.6,5080.5,5324.1,23.4,46.2,5107.3
PF005670,CROP008,Pigeon Pea (Tur),Haryana,2022,6,5107.3,5202.6,5080.5,1.4,62.9,4806.0
PF005671,CROP008,Pigeon Pea (Tur),Haryana,2022,7,4806.0,5107.3,5202.6,-15.4,65.2,4443.5
PF005672,CROP008,Pigeon Pea (Tur),Haryana,2022,8,4443.5,4806.0,5107.3,-19.8,53.5,4378.5
PF005673,CROP008,Pigeon Pea (Tur),Haryana,2022,9,4378.5,4443.5,4806.0,27.0,70.7,4258.0
PF005674,CROP008,Pigeon Pea (Tur),Haryana,2022,10,4258.0,4378.5,4443.5,12.7,51.4,4591.3
PF005675,CROP008,Pigeon Pea (Tur),Haryana,2022,11,4591.3,4258.0,4378.5,6.9,34.8,4626.0
PF005676,CROP008,Pigeon Pea (Tur),Haryana,2022,12,4626.0,4591.3,4258.0,-7.5,46.2,4658.9
PF005677,CROP008,Pigeon Pea (Tur),Haryana,2023,1,4658.9,4626.0,4591.3,6.4,51.4,5173.0
PF005678,CROP008,Pigeon Pea (Tur),Haryana,2023,2,5173.0,4658.9,4626.0,-10.7,62.9,5328.7
PF005679,CROP008,Pigeon Pea (Tur),Haryana,2023,3,5328.7,5173.0,4658.9,-2.0,58.7,5593.3
PF005680,CROP008,Pigeon Pea (Tur),Haryana,2023,4,5593.3,5328.7,5173.0,-30.3,61.9,5193.2
PF005681,CROP008,Pigeon Pea (Tur),Haryana,2023,5,5193.2,5593.3,5328.7,23.7,39.1,5262.0
PF005682,CROP008,Pigeon Pea (Tur),Haryana,2023,6,5262.0,5193.2,5593.3,11.9,58.8,4826.4
PF005683,CROP008,Pigeon Pea (Tur),Haryana,2023,7,4826.4,5262.0,5193.2,6.2,47.0,4866.6
PF005684,CROP008,Pigeon Pea (Tur),Haryana,2023,8,4866.6,4826.4,5262.0,20.4,49.0,4651.3
PF005685,CROP008,Pigeon Pea (Tur),Haryana,2023,9,4651.3,4866.6,4826.4,4.0,48.7,4170.2
PF005686,CROP008,Pigeon Pea (Tur),Haryana,2023,10,4170.2,4651.3,4866.6,2.7,45.3,4564.8
PF005687,CROP008,Pigeon Pea (Tur),Haryana,2023,11,4564.8,4170.2,4651.3,-19.0,59.4,4615.1
PF005688,CROP008,Pigeon Pea (Tur),Haryana,2023,12,4615.1,4564.8,4170.2,-11.9,55.9,5025.6
PF005721,CROP008,Pigeon Pea (Tur),Haryana,2021,4,5117.8,5057.1,4843.9,-9.5,47.7,4888.5
PF005722,CROP008,Pigeon Pea (Tur),Haryana,2021,5,4888.5,5117.8,5057.1,14.7,62.1,4865.2
PF005723,CROP008,Pigeon Pea (Tur),Haryana,2021,6,4865.2,4888.5,5117.8,-9.9,39.7,4514.5
PF005724,CROP008,Pigeon Pea (Tur),Haryana,2021,7,4514.5,4865.2,4888.5,-10.7,55.4,4579.4
PF005725,CROP008,Pigeon Pea (Tur),Haryana,2021,8,4579.4,4514.5,4865.2,0.3,38.7,4020.8
PF005726,CROP008,Pigeon Pea (Tur),Haryana,2021,9,4020.8,4579.4,4514.5,-15.6,24.6,4076.4
PF005727,CROP008,Pigeon Pea (Tur),Haryana,2021,10,4076.4,4020.8,4579.4,6.7,54.1,3949.0
PF005728,CROP008,Pigeon Pea (Tur),Haryana,2021,11,3949.0,4076.4,4020.8,-4.5,24.8,4233.6
PF005729,CROP008,Pigeon Pea (Tur),Haryana,2021,12,4233.6,3949.0,4076.4,-12.5,39.2,4642.1
PF005730,CROP008,Pigeon Pea (Tur),Haryana,2022,1,4642.1,4233.6,3949.0,16.0,68.0,4698.0
PF005731,CROP008,Pigeon Pea (Tur),Haryana,2022,2,4698.0,4642.1,4233.6,-15.4,48.5,4976.7
PF005732,CROP008,Pigeon Pea (Tur),Haryana,2022,3,4976.7,4698.0,4642.1,9.7,79.6,5080.7
PF005733,CROP008,Pigeon Pea (Tur),Haryana,2022,4,5080.7,4976.7,4698.0,10.8,57.3,4947.9
PF005734,CROP008,Pigeon Pea (Tur),Haryana,2022,5,4947.9,5080.7,4976.7,14.5,60.9,4596.1
PF005735,CROP008,Pigeon Pea (Tur),Haryana,2022,6,4596.1,4947.9,5080.7,-3.7,62.0,4450.7
PF005736,CROP008,Pigeon Pea (Tur),Haryana,2022,7,4450.7,4596.1,4947.9,-11.7,34.0,4426.4
PF005737,CROP008,Pigeon Pea (Tur),Haryana,2022,8,4426.4,4450.7,4596.1,26.0,43.6,4146.5
PF005738,CROP008,Pigeon Pea (Tur),Haryana,2022,9,4146.5,4426.4,4450.7,-0.8,44.0,4364.2
PF005739,CROP008,Pigeon Pea (Tur),Haryana,2022,10,4364.2,4146.5,4426.4,-21.6,33.7,4454.7
PF005740,CROP008,Pigeon Pea (Tur),Haryana,2022,11,4454.7,4364.2,4146.5,-12.3,53.7,4503.6
PF005741,CROP008,Pigeon Pea (Tur),Haryana,2022,12,4503.6,4454.7,4364.2,8.9,59.1,4655.3
PF005742,CROP008,Pigeon Pea (Tur),Haryana,2023,1,4655.3,4503.6,4454.7,-10.7,53.1,5050.1
PF005743,CROP008,Pigeon Pea (Tur),Haryana,2023,2,5050.1,4655.3,4503.6,7.4,73.5,5126.7
PF005744,CROP008,Pigeon Pea (Tur),Haryana,2023,3,5126.7,5050.1,4655.3,-14.0,56.9,5149.1
PF005745,CROP008,Pigeon Pea (Tur),Haryana,2023,4,5149.1,5126.7,5050.1,-3.1,22.3,4935.1
PF005746,CROP008,Pigeon Pea (Tur),Haryana,2023,5,4935.1,5149.1,5126.7,30.7,39.1,4954.6
PF005747,CROP008,Pigeon Pea (Tur),Haryana,2023,6,4954.6,4935.1,5149.1,4.1,24.8,4308.5
PF005748,CROP008,Pigeon Pea (Tur),Haryana,2023,7,4308.5,4954.6,4935.1,-5.4,48.2,4590.9
PF005749,CROP008,Pigeon Pea (Tur),Haryana,2023,8,4590.9,4308.5,4954.6,-8.7,67.4,4270.2
PF005750,CROP008,Pigeon Pea (Tur),Haryana,2023,9,4270.2,4590.9,4308.5,-11.7,40.7,4066.6
PF005751,CROP008,Pigeon Pea (Tur),Haryana,2023,10,4066.6,4270.2,4590.9,3.9,42.8,4266.8
PF005752,CROP008,Pigeon Pea (Tur),Haryana,2023,11,4266.8,4066.6,4270.2,-7.1,52.3,4247.3
PF005753,CROP008,Pigeon Pea (Tur),Haryana,2023,12,4247.3,4266.8,4066.6,3.7,54.6,4763.2
PF005786,CROP008,Pigeon Pea (Tur),Uttar Pradesh,2021,4,5290.8,4907.9,5063.6,-1.5,42.0,5426.2
PF005787,CROP008,Pigeon Pea (Tur),Uttar Pradesh,2021,5,5426.2,5290.8,4907.9,-0.8,21.8,5096.0
PF005788,CROP008,Pigeon Pea (Tur),Uttar Pradesh,2021,6,5096.0,5426.2,5290.8,-4.0,51.8,4712.5
PF005789,CROP008,Pigeon Pea (Tur),Uttar Pradesh,2021,7,4712.5,5096.0,5426.2,6.3,65.4,4356.1
PF005790,CROP008,Pigeon Pea (Tur),Uttar Pradesh,2021,8,4356.1,4712.5,5096.0,-12.7,56.2,4250.4
PF005791,CROP008,Pigeon Pea (Tur),Uttar Pradesh,2021,9,4250.4,4356.1,4712.5,-7.1,32.7,4164.8
PF005792,CROP008,Pigeon Pea (Tur),Uttar Pradesh,2021,10,4164.8,4250.4,4356.1,-12.2,29.1,3994.4
PF005793,CROP008,Pigeon Pea (Tur),Uttar Pradesh,2021,11,3994.4,4164.8,4250.4,-8.9,27.9,4316.7
PF005794,CROP008,Pigeon Pea (Tur),Uttar Pradesh,2021,12,4316.7,3994.4,4164.8,19.2,37.0,4609.2
PF005795,CROP008,Pigeon Pea (Tur),Uttar Pradesh,2022,1,4609.2,4316.7,3994.4,16.8,51.3,5125.1
PF005796,CROP008,Pigeon Pea (Tur),Uttar Pradesh,2022,2,5125.1,4609.2,4316.7,-20.0,51.2,5399.3
PF005797,CROP008,Pigeon Pea (Tur),Uttar Pradesh,2022,3,5399.3,5125.1,4609.2,39.1,54.3,4910.0
PF005798,CROP008,Pigeon Pea (Tur),Uttar Pradesh,2022,4,4910.0,5399.3,5125.1,-31.6,60.7,5303.6
PF005799,CROP008,Pigeon Pea (Tur),Uttar Pradesh,2022,5,5303.6,4910.0,5399.3,-6.9,58.0,4774.5
PF005800,CROP008,Pigeon Pea (Tur),Uttar Pradesh,2022,6,4774.5,5303.6,4910.0,-11.7,55.8,4863.9
PF005801,CROP008,Pigeon Pea (Tur),Uttar Pradesh,2022,7,4863.9,4774.5,5303.6,-21.6,53.3,4550.2
PF005802,CROP008,Pigeon Pea (Tur),Uttar Pradesh,2022,8,4550.2,4863.9,4774.5,-0.9,55.5,4321.0
PF005803,CROP008,Pigeon Pea (Tur),Uttar Pradesh,2022,9,4321.0,4550.2,4863.9,5.6,59.6,4303.2
PF005804,CROP008,Pigeon Pea (Tur),Uttar Pradesh,2022,10,4303.2,4321.0,4550.2,3.3,38.8,4386.3
PF005805,CROP008,Pigeon Pea (Tur),Uttar Pradesh,2022,11,4386.3,4303.2,4321.0,41.4,56.9,4713.7
PF005806,CROP008,Pigeon Pea (Tur),Uttar Pradesh,2022,12,4713.7,4386.3,4303.2,1.9,35.3,4990.3
PF005807,CROP008,Pigeon Pea (Tur),Uttar Pradesh,2023,1,4990.3,4713.7,4386.3,-14.9,44.9,4723.1
PF005808,CROP008,Pigeon Pea (Tur),Uttar Pradesh,2023,2,4723.1,4990.3,4713.7,-7.8,49.9,5279.6
PF005809,CROP008,Pigeon Pea (Tur),Uttar Pradesh,2023,3,5279.6,4723.1,4990.3,0.7,33.0,5217.8
PF005810,CROP008,Pigeon Pea (Tur),Uttar Pradesh,2023,4,5217.8,5279.6,4723.1,3.1,61.8,4983.3
PF005811,CROP008,Pigeon Pea (Tur),Uttar Pradesh,2023,5,4983.3,5217.8,5279.6,2.9,46.4,4979.4
PF005812,CROP008,Pigeon Pea (Tur),Uttar Pradesh,2023,6,4979.4,4983.3,5217.8,-1.2,59.1,4946.7
PF005813,CROP008,Pigeon Pea (Tur),Uttar Pradesh,2023,7,4946.7,4979.4,4983.3,-3.8,58.3,4939.6
PF005814,CROP008,Pigeon Pea (Tur),Uttar Pradesh,2023,8,4939.6,4946.7,4979.4,-3.2,37.9,4061.5
PF005815,CROP008,Pigeon Pea (Tur),Uttar Pradesh,2023,9,4061.5,4939.6,4946.7,-7.4,35.7,4320.6
PF005816,CROP008,Pigeon Pea (Tur),Uttar Pradesh,2023,10,4320.6,4061.5,4939.6,-18.5,49.1,4160.0
PF005817,CROP008,Pigeon Pea (Tur),Uttar Pradesh,2023,11,4160.0,4320.6,4061.5,21.2,58.4,4491.4
PF005818,CROP008,Pigeon Pea (Tur),Uttar Pradesh,2023,12,4491.4,4160.0,4320.6,0.2,36.3,4476.6
PF005851,CROP008,Pigeon Pea (Tur),Uttar Pradesh,2021,4,4410.1,4425.7,4534.6,-5.3,85.5,4551.5
PF005852,CROP008,Pigeon Pea (Tur),Uttar Pradesh,2021,5,4551.5,4410.1,4425.7,-2.5,43.6,4124.4
PF005853,CROP008,Pigeon Pea (Tur),Uttar Pradesh,2021,6,4124.4,4551.5,4410.1,-6.8,33.8,3931.5
PF005854,CROP008,Pigeon Pea (Tur),Uttar Pradesh,2021,7,3931.5,4124.4,4551.5,5.3,54.0,3735.6
PF005855,CROP008,Pigeon Pea (Tur),Uttar Pradesh,2021,8,3735.6,3931.5,4124.4,25.8,48.9,3819.8
PF005856,CROP008,Pigeon Pea (Tur),Uttar Pradesh,2021,9,3819.8,3735.6,3931.5,-37.3,54.9,3662.9
PF005857,CROP008,Pigeon Pea (Tur),Uttar Pradesh,2021,10,3662.9,3819.8,3735.6,6.8,38.2,3511.5
PF005858,CROP008,Pigeon Pea (Tur),Uttar Pradesh,2021,11,3511.5,3662.9,3819.8,9.3,31.1,3726.5
PF005859,CROP008,Pigeon Pea (Tur),Uttar Pradesh,2021,12,3726.5,3511.5,3662.9,40.7,41.4,3972.6
PF005860,CROP008,Pigeon Pea (Tur),Uttar Pradesh,2022,1,3972.6,3726.5,3511.5,-19.0,49.0,4261.8
PF005861,CROP008,Pigeon Pea (Tur),Uttar Pradesh,2022,2,4261.8,3972.6,3726.5,-6.5,38.6,4591.7
PF005862,CROP008,Pigeon Pea (Tur),Uttar Pradesh,2022,3,4591.7,4261.8,3972.6,-0.6,34.8,3973.7
PF005863,CROP008,Pigeon Pea (Tur),Uttar Pradesh,2022,4,3973.7,4591.7,4261.8,-31.0,45.6,4706.8
PF005864,CROP008,Pigeon Pea (Tur),Uttar Pradesh,2022,5,4706.8,3973.7,4591.7,-29.6,42.0,4096.6
PF005865,CROP008,Pigeon Pea (Tur),Uttar Pradesh,2022,6,4096.6,4706.8,3973.7,-8.0,45.9,3965.8
PF005866,CROP008,Pigeon Pea (Tur),Uttar Pradesh,2022,7,3965.8,4096.6,4706.8,-8.2,48.2,3788.0
PF005867,CROP008,Pigeon Pea (Tur),Uttar Pradesh,2022,8,3788.0,3965.8,4096.6,-6.3,34.9,3461.7
PF005868,CROP008,Pigeon Pea (Tur),Uttar Pradesh,2022,9,3461.7,3788.0,3965.8,7.4,44.5,3373.8
PF005869,CROP008,Pigeon Pea (Tur),Uttar Pradesh,2022,10,3373.8,3461.7,3788.0,-11.3,40.6,3661.9
PF005870,CROP008,Pigeon Pea (Tur),Uttar Pradesh,2022,11,3661.9,3373.8,3461.7,-19.8,58.5,3951.5
PF005871,CROP008,Pigeon Pea (Tur),Uttar Pradesh,2022,12,3951.5,3661.9,3373.8,2.4,68.4,4036.9
PF005872,CROP008,Pigeon Pea (Tur),Uttar Pradesh,2023,1,4036.9,3951.5,3661.9,27.0,49.9,4066.8
PF005873,CROP008,Pigeon Pea (Tur),Uttar Pradesh,2023,2,4066.8,4036.9,3951.5,-0.4,50.0,4571.8
PF005874,CROP008,Pigeon Pea (Tur),Uttar Pradesh,2023,3,4571.8,4066.8,4036.9,2.0,61.1,4414.4
PF005875,CROP008,Pigeon Pea (Tur),Uttar Pradesh,2023,4,4414.4,4571.8,4066.8,0.1,56.6,4468.1
PF005876,CROP008,Pigeon Pea (Tur),Uttar Pradesh,2023,5,4468.1,4414.4,4571.8,-17.0,60.3,4677.4
PF005877,CROP008,Pigeon Pea (Tur),Uttar Pradesh,2023,6,4677.4,4468.1,4414.4,-43.6,41.6,4138.4
PF005878,CROP008,Pigeon Pea (Tur),Uttar Pradesh,2023,7,4138.4,4677.4,4468.1,5.6,72.9,3887.2
PF005879,CROP008,Pigeon Pea (Tur),Uttar Pradesh,2023,8,3887.2,4138.4,4677.4,-12.8,37.2,3848.9
PF005880,CROP008,Pigeon Pea (Tur),Uttar Pradesh,2023,9,3848.9,3887.2,4138.4,-26.7,55.6,3581.7
PF005881,CROP008,Pigeon Pea (Tur),Uttar Pradesh,2023,10,3581.7,3848.9,3887.2,14.4,46.6,3603.4
PF005882,CROP008,Pigeon Pea (Tur),Uttar Pradesh,2023,11,3603.4,3581.7,3848.9,-16.2,89.9,3842.3
PF005883,CROP008,Pigeon Pea (Tur),Uttar Pradesh,2023,12,3842.3,3603.4,3581.7,22.3,47.0,3873.9
PF005916,CROP008,Pigeon Pea (Tur),Uttar Pradesh,2021,4,4860.8,4989.2,4546.5,6.2,63.3,4946.2
PF005917,CROP008,Pigeon Pea (Tur),Uttar Pradesh,2021,5,4946.2,4860.8,4989.2,18.6,42.5,5092.7
PF005918,CROP008,Pigeon Pea (Tur),Uttar Pradesh,2021,6,5092.7,4946.2,4860.8,5.3,45.6,4649.4
PF005919,CROP008,Pigeon Pea (Tur),Uttar Pradesh,2021,7,4649.4,5092.7,4946.2,20.4,39.9,4188.7
PF005920,CROP008,Pigeon Pea (Tur),Uttar Pradesh,2021,8,4188.7,4649.4,5092.7,-19.6,56.8,4390.2
PF005921,CROP008,Pigeon Pea (Tur),Uttar Pradesh,2021,9,4390.2,4188.7,4649.4,9.0,50.9,3788.2
PF005922,CROP008,Pigeon Pea (Tur),Uttar Pradesh,2021,10,3788.2,4390.2,4188.7,13.3,51.3,4208.3
PF005923,CROP008,Pigeon Pea (Tur),Uttar Pradesh,2021,11,4208.3,3788.2,4390.2,-8.9,63.8,4400.0
PF005924,CROP008,Pigeon Pea (Tur),Uttar Pradesh,2021,12,4400.0,4208.3,3788.2,-12.4,62.0,4765.3
PF005925,CROP008,Pigeon Pea (Tur),Uttar Pradesh,2022,1,4765.3,4400.0,4208.3,9.1,44.7,4965.2
PF005926,CROP008,Pigeon Pea (Tur),Uttar Pradesh,2022,2,4965.2,4765.3,4400.0,-9.5,64.4,4910.5
PF005927,CROP008,Pigeon Pea (Tur),Uttar Pradesh,2022,3,4910.5,4965.2,4765.3,-6.2,57.0,5110.2
PF005928,CROP008,Pigeon Pea (Tur),Uttar Pradesh,2022,4,5110.2,4910.5,4965.2,14.2,44.3,5049.8
PF005929,CROP008,Pigeon Pea (Tur),Uttar Pradesh,2022,5,5049.8,5110.2,4910.5,-9.5,46.3,4834.2
PF005930,CROP008,Pigeon Pea (Tur),Uttar Pradesh,2022,6,4834.2,5049.8,5110.2,-18.1,53.7,4352.9
PF005931,CROP008,Pigeon Pea (Tur),Uttar Pradesh,2022,7,4352.9,4834.2,5049.8,-16.5,45.7,4190.8
PF005932,CROP008,Pigeon Pea (Tur),Uttar Pradesh,2022,8,4190.8,4352.9,4834.2,11.5,60.8,3901.4
PF005933,CROP008,Pigeon Pea (Tur),Uttar Pradesh,2022,9,3901.4,4190.8,4352.9,-14.4,33.2,3896.5
PF005934,CROP008,Pigeon Pea (Tur),Uttar Pradesh,2022,10,3896.5,3901.4,4190.8,-53.1,57.1,4107.0
PF005935,CROP008,Pigeon Pea (Tur),Uttar Pradesh,2022,11,4107.0,3896.5,3901.4,-7.1,38.6,4138.1
PF005936,CROP008,Pigeon Pea (Tur),Uttar Pradesh,2022,12,4138.1,4107.0,3896.5,-9.9,50.9,4495.1
PF005937,CROP008,Pigeon Pea (Tur),Uttar Pradesh,2023,1,4495.1,4138.1,4107.0,-20.5,49.8,4990.5
PF005938,CROP008,Pigeon Pea (Tur),Uttar Pradesh,2023,2,4990.5,4495.1,4138.1,3.3,59.0,5253.0
PF005939,CROP008,Pigeon Pea (Tur),Uttar Pradesh,2023,3,5253.0,4990.5,4495.1,21.7,44.2,5084.1
PF005940,CROP008,Pigeon Pea (Tur),Uttar Pradesh,2023,4,5084.1,5253.0,4990.5,-19.3,52.0,5284.0
PF005941,CROP008,Pigeon Pea (Tur),Uttar Pradesh,2023,5,5284.0,5084.1,5253.0,7.3,42.4,4818.6
PF005942,CROP008,Pigeon Pea (Tur),Uttar Pradesh,2023,6,4818.6,5284.0,5084.1,22.1,51.4,4689.9
PF005943,CROP008,Pigeon Pea (Tur),Uttar Pradesh,2023,7,4689.9,4818.6,5284.0,16.3,43.7,4099.1
PF005944,CROP008,Pigeon Pea (Tur),Uttar Pradesh,2023,8,4099.1,4689.9,4818.6,-2.7,33.0,4609.2
PF005945,CROP008,Pigeon Pea (Tur),Uttar Pradesh,2023,9,4609.2,4099.1,4689.9,-23.4,44.6,4073.4
PF005946,CROP008,Pigeon Pea (Tur),Uttar Pradesh,2023,10,4073.4,4609.2,4099.1,-7.4,15.0,4868.2
PF005947,CROP008,Pigeon Pea (Tur),Uttar Pradesh,2023,11,4868.2,4073.4,4609.2,20.6,56.3,4378.0
PF005948,CROP008,Pigeon Pea (Tur),Uttar Pradesh,2023,12,4378.0,4868.2,4073.4,-5.7,45.4,4914.1
PF005981,CROP008,Pigeon Pea (Tur),Bihar,2021,4,5370.3,4987.3,4850.5,3.8,50.0,5107.7
PF005982,CROP008,Pigeon Pea (Tur),Bihar,2021,5,5107.7,5370.3,4987.3,-3.5,58.0,5179.1
PF005983,CROP008,Pigeon Pea (Tur),Bihar,2021,6,5179.1,5107.7,5370.3,-5.8,49.7,4196.5
PF005984,CROP008,Pigeon Pea (Tur),Bihar,2021,7,4196.5,5179.1,5107.7,0.8,45.4,4515.6
PF005985,CROP008,Pigeon Pea (Tur),Bihar,2021,8,4515.6,4196.5,5179.1,7.4,28.8,4102.2
PF005986,CROP008,Pigeon Pea (Tur),Bihar,2021,9,4102.2,4515.6,4196.5,-32.3,39.9,4538.0
PF005987,CROP008,Pigeon Pea (Tur),Bihar,2021,10,4538.0,4102.2,4515.6,-8.8,56.0,4376.9
PF005988,CROP008,Pigeon Pea (Tur),Bihar,2021,11,4376.9,4538.0,4102.2,7.4,62.7,4322.7
PF005989,CROP008,Pigeon Pea (Tur),Bihar,2021,12,4322.7,4376.9,4538.0,16.4,49.8,4758.3
PF005990,CROP008,Pigeon Pea (Tur),Bihar,2022,1,4758.3,4322.7,4376.9,10.5,54.9,4990.6
PF005991,CROP008,Pigeon Pea (Tur),Bihar,2022,2,4990.6,4758.3,4322.7,15.9,43.6,5338.4
PF005992,CROP008,Pigeon Pea (Tur),Bihar,2022,3,5338.4,4990.6,4758.3,-0.8,43.9,5487.2
PF005993,CROP008,Pigeon Pea (Tur),Bihar,2022,4,5487.2,5338.4,4990.6,16.3,30.9,5070.3
PF005994,CROP008,Pigeon Pea (Tur),Bihar,2022,5,5070.3,5487.2,5338.4,11.5,71.6,4800.8
PF005995,CROP008,Pigeon Pea (Tur),Bihar,2022,6,4800.8,5070.3,5487.2,3.5,42.4,4804.3
PF005996,CROP008,Pigeon Pea (Tur),Bihar,2022,7,4804.3,4800.8,5070.3,7.3,50.5,4653.8
PF005997,CROP008,Pigeon Pea (Tur),Bihar,2022,8,4653.8,4804.3,4800.8,-32.7,50.2,4338.6
PF005998,CROP008,Pigeon Pea (Tur),Bihar,2022,9,4338.6,4653.8,4804.3,-2.1,57.4,3983.6
PF005999,CROP008,Pigeon Pea (Tur),Bihar,2022,10,3983.6,4338.6,4653.8,9.3,68.5,4344.5
PF006000,CROP008,Pigeon Pea (Tur),Bihar,2022,11,4344.5,3983.6,4338.6,8.4,37.8,4359.8
PF006001,CROP008,Pigeon Pea (Tur),Bihar,2022,12,4359.8,4344.5,3983.6,7.6,45.9,4697.7
PF006002,CROP008,Pigeon Pea (Tur),Bihar,2023,1,4697.7,4359.8,4344.5,2.1,61.1,4963.7
PF006003,CROP008,Pigeon Pea (Tur),Bihar,2023,2,4963.7,4697.7,4359.8,0.8,39.8,5262.3
PF006004,CROP008,Pigeon Pea (Tur),Bihar,2023,3,5262.3,4963.7,4697.7,17.5,64.1,5406.5
PF006005,CROP008,Pigeon Pea (Tur),Bihar,2023,4,5406.5,5262.3,4963.7,1.3,68.5,5406.4
PF006006,CROP008,Pigeon Pea (Tur),Bihar,2023,5,5406.4,5406.5,5262.3,-6.9,37.6,5068.8
PF006007,CROP008,Pigeon Pea (Tur),Bihar,2023,6,5068.8,5406.4,5406.5,-11.3,48.2,4733.2
PF006008,CROP008,Pigeon Pea (Tur),Bihar,2023,7,4733.2,5068.8,5406.4,1.9,36.9,4615.4
PF006009,CROP008,Pigeon Pea (Tur),Bihar,2023,8,4615.4,4733.2,5068.8,17.5,69.9,4645.9
PF006010,CROP008,Pigeon Pea (Tur),Bihar,2023,9,4645.9,4615.4,4733.2,-11.3,48.3,4072.8
PF006011,CROP008,Pigeon Pea (Tur),Bihar,2023,10,4072.8,4645.9,4615.4,9.0,51.4,4449.5
PF006012,CROP008,Pigeon Pea (Tur),Bihar,2023,11,4449.5,4072.8,4645.9,4.3,52.4,4506.1
PF006013,CROP008,Pigeon Pea (Tur),Bihar,2023,12,4506.1,4449.5,4072.8,-0.4,38.8,4637.6
PF006046,CROP008,Pigeon Pea (Tur),Bihar,2021,4,5338.6,5318.8,5454.1,-2.3,52.6,5558.8
PF006047,CROP008,Pigeon Pea (Tur),Bihar,2021,5,5558.8,5338.6,5318.8,-15.5,48.6,5262.2
PF006048,CROP008,Pigeon Pea (Tur),Bihar,2021,6,5262.2,5558.8,5338.6,-15.7,44.9,5011.5
PF006049,CROP008,Pigeon Pea (Tur),Bihar,2021,7,5011.5,5262.2,5558.8,32.5,24.3,4581.9
PF006050,CROP008,Pigeon Pea (Tur),Bihar,2021,8,4581.9,5011.5,5262.2,4.8,44.0,4348.6
PF006051,CROP008,Pigeon Pea (Tur),Bihar,2021,9,4348.6,4581.9,5011.5,-14.3,52.4,4720.4
PF006052,CROP008,Pigeon Pea (Tur),Bihar,2021,10,4720.4,4348.6,4581.9,-9.0,57.4,4535.8
PF006053,CROP008,Pigeon Pea (Tur),Bihar,2021,11,4535.8,4720.4,4348.6,2.3,74.6,4645.3
PF006054,CROP008,Pigeon Pea (Tur),Bihar,2021,12,4645.3,4535.8,4720.4,-8.8,49.9,4908.4
PF006055,CROP008,Pigeon Pea (Tur),Bihar,2022,1,4908.4,4645.3,4535.8,-24.2,54.7,5009.6
PF006056,CROP008,Pigeon Pea (Tur),Bihar,2022,2,5009.6,4908.4,4645.3,-1.5,58.7,5504.8
PF006057,CROP008,Pigeon Pea (Tur),Bihar,2022,3,5504.8,5009.6,4908.4,1.1,44.6,5614.0
PF006058,CROP008,Pigeon Pea (Tur),Bihar,2022,4,5614.0,5504.8,5009.6,4.0,48.1,5572.1
PF006059,CROP008,Pigeon Pea (Tur),Bihar,2022,5,5572.1,5614.0,5504.8,-22.9,50.8,5469.1
PF006060,CROP008,Pigeon Pea (Tur),Bihar,2022,6,5469.1,5572.1,5614.0,7.3,36.7,5340.3
PF006061,CROP008,Pigeon Pea (Tur),Bihar,2022,7,5340.3,5469.1,5572.1,-2.0,52.9,4245.5
PF006062,CROP008,Pigeon Pea (Tur),Bihar,2022,8,4245.5,5340.3,5469.1,21.8,61.0,4360.0
PF006063,CROP008,Pigeon Pea (Tur),Bihar,2022,9,4360.0,4245.5,5340.3,-1.4,58.0,4359.2
PF006064,CROP008,Pigeon Pea (Tur),Bihar,2022,10,4359.2,4360.0,4245.5,11.4,64.3,4578.0
PF006065,CROP008,Pigeon Pea (Tur),Bihar,2022,11,4578.0,4359.2,4360.0,-23.1,53.6,4829.3
PF006066,CROP008,Pigeon Pea (Tur),Bihar,2022,12,4829.3,4578.0,4359.2,-3.1,69.6,5168.3
PF006067,CROP008,Pigeon Pea (Tur),Bihar,2023,1,5168.3,4829.3,4578.0,-1.6,47.4,5025.6
PF006068,CROP008,Pigeon Pea (Tur),Bihar,2023,2,5025.6,5168.3,4829.3,-3.9,49.8,5846.2
PF006069,CROP008,Pigeon Pea (Tur),Bihar,2023,3,5846.2,5025.6,5168.3,-8.2,72.6,5636.7
PF006070,CROP008,Pigeon Pea (Tur),Bihar,2023,4,5636.7,5846.2,5025.6,20.3,58.9,5400.2
PF006071,CROP008,Pigeon Pea (Tur),Bihar,2023,5,5400.2,5636.7,5846.2,-1.5,54.8,4939.7
PF006072,CROP008,Pigeon Pea (Tur),Bihar,2023,6,4939.7,5400.2,5636.7,-9.3,61.3,5133.5
PF006073,CROP008,Pigeon Pea (Tur),Bihar,2023,7,5133.5,4939.7,5400.2,15.1,41.0,4629.9
PF006074,CROP008,Pigeon Pea (Tur),Bihar,2023,8,4629.9,5133.5,4939.7,-10.5,30.5,4277.7
PF006075,CROP008,Pigeon Pea (Tur),Bihar,2023,9,4277.7,4629.9,5133.5,16.0,67.4,4769.6
PF006076,CROP008,Pigeon Pea (Tur),Bihar,2023,10,4769.6,4277.7,4629.9,-5.1,66.4,4692.2
PF006077,CROP008,Pigeon Pea (Tur),Bihar,2023,11,4692.2,4769.6,4277.7,-33.6,49.5,4439.6
PF006078,CROP008,Pigeon Pea (Tur),Bihar,2023,12,4439.6,4692.2,4769.6,4.6,68.0,4882.8
PF006111,CROP008,Pigeon Pea (Tur),West Bengal,2021,4,4335.0,4501.3,4281.6,6.9,32.3,4463.4
PF006112,CROP008,Pigeon Pea (Tur),West Bengal,2021,5,4463.4,4335.0,4501.3,-1.2,45.6,4055.0
PF006113,CROP008,Pigeon Pea (Tur),West Bengal,2021,6,4055.0,4463.4,4335.0,-37.8,59.0,4284.3
PF006114,CROP008,Pigeon Pea (Tur),West Bengal,2021,7,4284.3,4055.0,4463.4,15.5,38.9,3754.9
PF006115,CROP008,Pigeon Pea (Tur),West Bengal,2021,8,3754.9,4284.3,4055.0,-15.7,62.4,3760.2
PF006116,CROP008,Pigeon Pea (Tur),West Bengal,2021,9,3760.2,3754.9,4284.3,23.6,43.5,3479.0
PF006117,CROP008,Pigeon Pea (Tur),West Bengal,2021,10,3479.0,3760.2,3754.9,-19.7,50.3,3598.5
PF006118,CROP008,Pigeon Pea (Tur),West Bengal,2021,11,3598.5,3479.0,3760.2,24.1,43.8,3796.4
PF006119,CROP008,Pigeon Pea (Tur),West Bengal,2021,12,3796.4,3598.5,3479.0,-7.9,45.9,4106.5
PF006120,CROP008,Pigeon Pea (Tur),West Bengal,2022,1,4106.5,3796.4,3598.5,5.0,60.1,4181.6
PF006121,CROP008,Pigeon Pea (Tur),West Bengal,2022,2,4181.6,4106.5,3796.4,10.6,45.9,4385.5
PF006122,CROP008,Pigeon Pea (Tur),West Bengal,2022,3,4385.5,4181.6,4106.5,10.9,37.7,4200.3
PF006123,CROP008,Pigeon Pea (Tur),West Bengal,2022,4,4200.3,4385.5,4181.6,-17.8,66.1,4008.3
PF006124,CROP008,Pigeon Pea (Tur),West Bengal,2022,5,4008.3,4200.3,4385.5,-11.8,57.0,4142.7
PF006125,CROP008,Pigeon Pea (Tur),West Bengal,2022,6,4142.7,4008.3,4200.3,16.8,41.8,4251.9
PF006126,CROP008,Pigeon Pea (Tur),West Bengal,2022,7,4251.9,4142.7,4008.3,-7.1,86.3,3755.2
PF006127,CROP008,Pigeon Pea (Tur),West Bengal,2022,8,3755.2,4251.9,4142.7,12.4,74.1,3611.4
PF006128,CROP008,Pigeon Pea (Tur),West Bengal,2022,9,3611.4,3755.2,4251.9,-4.2,44.4,3768.2
PF006129,CROP008,Pigeon Pea (Tur),West Bengal,2022,10,3768.2,3611.4,3755.2,-0.4,56.3,3548.0
PF006130,CROP008,Pigeon Pea (Tur),West Bengal,2022,11,3548.0,3768.2,3611.4,-20.3,33.6,3950.5
PF006131,CROP008,Pigeon Pea (Tur),West Bengal,2022,12,3950.5,3548.0,3768.2,7.6,40.6,4336.0
PF006132,CROP008,Pigeon Pea (Tur),West Bengal,2023,1,4336.0,3950.5,3548.0,1.1,55.9,4283.1
PF006133,CROP008,Pigeon Pea (Tur),West Bengal,2023,2,4283.1,4336.0,3950.5,8.0,45.6,4478.2
PF006134,CROP008,Pigeon Pea (Tur),West Bengal,2023,3,4478.2,4283.1,4336.0,-2.0,48.8,4654.9
PF006135,CROP008,Pigeon Pea (Tur),West Bengal,2023,4,4654.9,4478.2,4283.1,-23.7,37.6,4495.2
PF006136,CROP008,Pigeon Pea (Tur),West Bengal,2023,5,4495.2,4654.9,4478.2,2.8,43.3,4443.9
PF006137,CROP008,Pigeon Pea (Tur),West Bengal,2023,6,4443.9,4495.2,4654.9,-1.5,58.7,3956.8
PF006138,CROP008,Pigeon Pea (Tur),West Bengal,2023,7,3956.8,4443.9,4495.2,-8.1,82.2,3594.5
PF006139,CROP008,Pigeon Pea (Tur),West Bengal,2023,8,3594.5,3956.8,4443.9,14.1,62.0,3912.1
PF006140,CROP008,Pigeon Pea (Tur),West Bengal,2023,9,3912.1,3594.5,3956.8,-12.4,66.9,3482.4
PF006141,CROP008,Pigeon Pea (Tur),West Bengal,2023,10,3482.4,3912.1,3594.5,4.2,41.8,3674.3
PF006142,CROP008,Pigeon Pea (Tur),West Bengal,2023,11,3674.3,3482.4,3912.1,-0.7,57.4,3826.3
PF006143,CROP008,Pigeon Pea (Tur),West Bengal,2023,12,3826.3,3674.3,3482.4,0.8,49.7,4287.8
PF006176,CROP008,Pigeon Pea (Tur),West Bengal,2021,4,4328.0,4315.8,4470.8,15.1,26.1,4357.6
PF006177,CROP008,Pigeon Pea (Tur),West Bengal,2021,5,4357.6,4328.0,4315.8,20.4,55.7,3973.3
PF006178,CROP008,Pigeon Pea (Tur),West Bengal,2021,6,3973.3,4357.6,4328.0,16.7,66.8,3987.6
PF006179,CROP008,Pigeon Pea (Tur),West Bengal,2021,7,3987.6,3973.3,4357.6,16.5,49.4,4082.8
PF006180,CROP008,Pigeon Pea (Tur),West Bengal,2021,8,4082.8,3987.6,3973.3,6.0,34.5,3661.1
PF006181,CROP008,Pigeon Pea (Tur),West Bengal,2021,9,3661.1,4082.8,3987.6,25.0,43.5,3743.5
PF006182,CROP008,Pigeon Pea (Tur),West Bengal,2021,10,3743.5,3661.1,4082.8,-3.0,68.6,3754.2
PF006183,CROP008,Pigeon Pea (Tur),West Bengal,2021,11,3754.2,3743.5,3661.1,-6.2,53.3,3664.1
PF006184,CROP008,Pigeon Pea (Tur),West Bengal,2021,12,3664.1,3754.2,3743.5,9.0,53.2,4200.2
PF006185,CROP008,Pigeon Pea (Tur),West Bengal,2022,1,4200.2,3664.1,3754.2,-1.4,64.0,4167.7
PF006186,CROP008,Pigeon Pea (Tur),West Bengal,2022,2,4167.7,4200.2,3664.1,-1.0,53.1,4621.5
PF006187,CROP008,Pigeon Pea (Tur),West Bengal,2022,3,4621.5,4167.7,4200.2,-22.7,63.7,4739.4
PF006188,CROP008,Pigeon Pea (Tur),West Bengal,2022,4,4739.4,4621.5,4167.7,6.7,35.6,4550.9
PF006189,CROP008,Pigeon Pea (Tur),West Bengal,2022,5,4550.9,4739.4,4621.5,7.8,38.3,4578.0
PF006190,CROP008,Pigeon Pea (Tur),West Bengal,2022,6,4578.0,4550.9,4739.4,12.0,41.0,4169.0
PF006191,CROP008,Pigeon Pea (Tur),West Bengal,2022,7,4169.0,4578.0,4550.9,-34.8,48.3,4115.6
PF006192,CROP008,Pigeon Pea (Tur),West Bengal,2022,8,4115.6,4169.0,4578.0,-28.4,58.9,3667.4
PF006193,CROP008,Pigeon Pea (Tur),West Bengal,2022,9,3667.4,4115.6,4169.0,-42.0,54.4,4026.5
PF006194,CROP008,Pigeon Pea (Tur),West Bengal,2022,10,4026.5,3667.4,4115.6,-33.0,33.7,3698.8
PF006195,CROP008,Pigeon Pea (Tur),West Bengal,2022,11,3698.8,4026.5,3667.4,-10.8,43.1,4106.6
PF006196,CROP008,Pigeon Pea (Tur),West Bengal,2022,12,4106.6,3698.8,4026.5,19.4,49.4,4357.5
PF006197,CROP008,Pigeon Pea (Tur),West Bengal,2023,1,4357.5,4106.6,3698.8,-18.2,68.7,4613.5
PF006198,CROP008,Pigeon Pea (Tur),West Bengal,2023,2,4613.5,4357.5,4106.6,1.9,42.7,4441.4
PF006199,CROP008,Pigeon Pea (Tur),West Bengal,2023,3,4441.4,4613.5,4357.5,0.2,55.7,4705.6
PF006200,CROP008,Pigeon Pea (Tur),West Bengal,2023,4,4705.6,4441.4,4613.5,4.5,45.4,4518.1
PF006201,CROP008,Pigeon Pea (Tur),West Bengal,2023,5,4518.1,4705.6,4441.4,-0.7,43.6,4446.0
PF006202,CROP008,Pigeon Pea (Tur),West Bengal,2023,6,4446.0,4518.1,4705.6,-10.4,42.2,3980.1
PF006203,CROP008,Pigeon Pea (Tur),West Bengal,2023,7,3980.1,4446.0,4518.1,-17.4,53.7,3813.2
PF006204,CROP008,Pigeon Pea (Tur),West Bengal,2023,8,3813.2,3980.1,4446.0,9.7,44.2,3839.9
PF006205,CROP008,Pigeon Pea (Tur),West Bengal,2023,9,3839.9,3813.2,3980.1,9.6,38.6,3762.6
PF006206,CROP008,Pigeon Pea (Tur),West Bengal,2023,10,3762.6,3839.9,3813.2,-26.5,38.2,3575.4
PF006207,CROP008,Pigeon Pea (Tur),West Bengal,2023,11,3575.4,3762.6,3839.9,-23.5,52.1,4026.0
PF006208,CROP008,Pigeon Pea (Tur),West Bengal,2023,12,4026.0,3575.4,3762.6,-2.6,64.3,4026.9
PF006241,CROP009,Green Gram (Moong),Punjab,2021,4,2709.9,2679.5,2631.3,4.3,52.4,2631.1
PF006242,CROP009,Green Gram (Moong),Punjab,2021,5,2631.1,2709.9,2679.5,-17.2,52.3,2656.9
PF006243,CROP009,Green Gram (Moong),Punjab,2021,6,2656.9,2631.1,2709.9,-23.0,43.2,2451.1
PF006244,CROP009,Green Gram (Moong),Punjab,2021,7,2451.1,2656.9,2631.1,9.5,48.9,2428.2
PF006245,CROP009,Green Gram (Moong),Punjab,2021,8,2428.2,2451.1,2656.9,14.3,58.0,2231.8
PF006246,CROP009,Green Gram (Moong),Punjab,2021,9,2231.8,2428.2,2451.1,-10.6,34.0,2200.6
PF006247,CROP009,Green Gram (Moong),Punjab,2021,10,2200.6,2231.8,2428.2,3.8,32.8,2313.0
PF006248,CROP009,Green Gram (Moong),Punjab,2021,11,2313.0,2200.6,2231.8,10.0,39.2,2174.6
PF006249,CROP009,Green Gram (Moong),Punjab,2021,12,2174.6,2313.0,2200.6,-9.8,52.8,2365.8
PF006250,CROP009,Green Gram (Moong),Punjab,2022,1,2365.8,2174.6,2313.0,2.0,45.1,2490.7
PF006251,CROP009,Green Gram (Moong),Punjab,2022,2,2490.7,2365.8,2174.6,5.9,70.1,2637.1
PF006252,CROP009,Green Gram (Moong),Punjab,2022,3,2637.1,2490.7,2365.8,-31.1,25.8,2533.5
PF006253,CROP009,Green Gram (Moong),Punjab,2022,4,2533.5,2637.1,2490.7,9.6,79.7,2580.8
PF006254,CROP009,Green Gram (Moong),Punjab,2022,5,2580.8,2533.5,2637.1,-21.8,56.7,2659.1
PF006255,CROP009,Green Gram (Moong),Punjab,2022,6,2659.1,2580.8,2533.5,3.6,34.7,2598.8
PF006256,CROP009,Green Gram (Moong),Punjab,2022,7,2598.8,2659.1,2580.8,9.2,61.3,2512.4
PF006257,CROP009,Green Gram (Moong),Punjab,2022,8,2512.4,2598.8,2659.1,-1.8,48.4,2120.0
PF006258,CROP009,Green Gram (Moong),Punjab,2022,9,2120.0,2512.4,2598.8,9.7,28.9,2282.0
PF006259,CROP009,Green Gram (Moong),Punjab,2022,10,2282.0,2120.0,2512.4,-14.4,60.4,2140.5
PF006260,CROP009,Green Gram (Moong),Punjab,2022,11,2140.5,2282.0,2120.0,-2.6,37.5,2215.9
PF006261,CROP009,Green Gram (Moong),Punjab,2022,12,2215.9,2140.5,2282.0,-14.3,66.9,2510.6
PF006262,CROP009,Green Gram (Moong),Punjab,2023,1,2510.6,2215.9,2140.5,-11.3,55.9,2654.0
PF006263,CROP009,Green Gram (Moong),Punjab,2023,2,2654.0,2510.6,2215.9,-7.0,56.6,2580.0
PF006264,CROP009,Green Gram (Moong),Punjab,2023,3,2580.0,2654.0,2510.6,-9.5,36.4,2576.0
PF006265,CROP009,Green Gram (Moong),Punjab,2023,4,2576.0,2580.0,2654.0,-26.7,43.4,2682.8
PF006266,CROP009,Green Gram (Moong),Punjab,2023,5,2682.8,2576.0,2580.0,1.2,47.9,2680.8
PF006267,CROP009,Green Gram (Moong),Punjab,2023,6,2680.8,2682.8,2576.0,8.4,38.4,2595.4
PF006268,CROP009,Green Gram (Moong),Punjab,2023,7,2595.4,2680.8,2682.8,11.4,55.8,2356.0
PF006269,CROP009,Green Gram (Moong),Punjab,2023,8,2356.0,2595.4,2680.8,0.6,34.9,2280.8
PF006270,CROP009,Green Gram (Moong),Punjab,2023,9,2280.8,2356.0,2595.4,-8.5,37.6,2325.7
PF006271,CROP009,Green Gram (Moong),Punjab,2023,10,2325.7,2280.8,2356.0,-26.5,51.4,2291.7
PF006272,CROP009,Green Gram (Moong),Punjab,2023,11,2291.7,2325.7,2280.8,-6.8,57.6,2358.7
PF006273,CROP009,Green Gram (Moong),Punjab,2023,12,2358.7,2291.7,2325.7,-7.0,33.2,2444.1
PF006306,CROP009,Green Gram (Moong),Punjab,2021,4,2789.1,2733.5,2634.7,8.4,50.0,2564.7
PF006307,CROP009,Green Gram (Moong),Punjab,2021,5,2564.7,2789.1,2733.5,-15.1,54.0,2506.3
PF006308,CROP009,Green Gram (Moong),Punjab,2021,6,2506.3,2564.7,2789.1,-19.5,51.1,2577.2
PF006309,CROP009,Green Gram (Moong),Punjab,2021,7,2577.2,2506.3,2564.7,27.4,79.1,2284.3
PF006310,CROP009,Green Gram (Moong),Punjab,2021,8,2284.3,2577.2,2506.3,-14.0,54.8,2295.9
PF006311,CROP009,Green Gram (Moong),Punjab,2021,9,2295.9,2284.3,2577.2,-14.4,57.7,2372.3
PF006312,CROP009,Green Gram (Moong),Punjab,2021,10,2372.3,2295.9,2284.3,8.3,35.6,2240.8
PF006313,CROP009,Green Gram (Moong),Punjab,2021,11,2240.8,2372.3,2295.9,-0.4,29.7,2250.7
PF006314,CROP009,Green Gram (Moong),Punjab,2021,12,2250.7,2240.8,2372.3,9.4,35.1,2407.8
PF006315,CROP009,Green Gram (Moong),Punjab,2022,1,2407.8,2250.7,2240.8,14.1,40.6,2606.3
PF006316,CROP009,Green Gram (Moong),Punjab,2022,2,2606.3,2407.8,2250.7,-11.8,53.9,2678.0
PF006317,CROP009,Green Gram (Moong),Punjab,2022,3,2678.0,2606.3,2407.8,-0.4,46.7,2441.0
PF006318,CROP009,Green Gram (Moong),Punjab,2022,4,2441.0,2678.0,2606.3,14.8,39.9,2796.0
PF006319,CROP009,Green Gram (Moong),Punjab,2022,5,2796.0,2441.0,2678.0,-8.3,59.4,2679.7
PF006320,CROP009,Green Gram (Moong),Punjab,2022,6,2679.7,2796.0,2441.0,-3.2,31.0,2479.6
PF006321,CROP009,Green Gram (Moong),Punjab,2022,7,2479.6,2679.7,2796.0,-44.8,34.7,2422.7
PF006322,CROP009,Green Gram (Moong),Punjab,2022,8,2422.7,2479.6,2679.7,8.3,25.7,2439.8
PF006323,CROP009,Green Gram (Moong),Punjab,2022,9,2439.8,2422.7,2479.6,9.4,43.9,2451.4
PF006324,CROP009,Green Gram (Moong),Punjab,2022,10,2451.4,2439.8,2422.7,-15.9,43.4,2166.6
PF006325,CROP009,Green Gram (Moong),Punjab,2022,11,2166.6,2451.4,2439.8,-7.6,57.6,2470.6
PF006326,CROP009,Green Gram (Moong),Punjab,2022,12,2470.6,2166.6,2451.4,-14.8,48.7,2516.4
PF006327,CROP009,Green Gram (Moong),Punjab,2023,1,2516.4,2470.6,2166.6,11.8,45.0,2804.1
PF006328,CROP009,Green Gram (Moong),Punjab,2023,2,2804.1,2516.4,2470.6,4.2,59.0,2756.1
PF006329,CROP009,Green Gram (Moong),Punjab,2023,3,2756.1,2804.1,2516.4,-10.9,33.8,2859.7
PF006330,CROP009,Green Gram (Moong),Punjab,2023,4,2859.7,2756.1,2804.1,-12.4,38.9,2793.4
PF006331,CROP009,Green Gram (Moong),Punjab,2023,5,2793.4,2859.7,2756.1,-3.7,21.9,2530.1
PF006332,CROP009,Green Gram (Moong),Punjab,2023,6,2530.1,2793.4,2859.7,15.7,44.5,2434.3
PF006333,CROP009,Green Gram (Moong),Punjab,2023,7,2434.3,2530.1,2793.4,12.2,39.3,2282.7
PF006334,CROP009,Green Gram (Moong),Punjab,2023,8,2282.7,2434.3,2530.1,12.3,34.7,2234.4
PF006335,CROP009,Green Gram (Moong),Punjab,2023,9,2234.4,2282.7,2434.3,0.5,31.4,2233.0
PF006336,CROP009,Green Gram (Moong),Punjab,2023,10,2233.0,2234.4,2282.7,23.3,60.7,2068.3
PF006337,CROP009,Green Gram (Moong),Punjab,2023,11,2068.3,2233.0,2234.4,-17.6,51.4,2476.8
PF006338,CROP009,Green Gram (Moong),Punjab,2023,12,2476.8,2068.3,2233.0,-6.9,58.4,2540.0
PF006371,CROP009,Green Gram (Moong),Punjab,2021,4,2947.7,3285.9,3188.5,4.1,50.0,3468.9
PF006372,CROP009,Green Gram (Moong),Punjab,2021,5,3468.9,2947.7,3285.9,-19.1,34.3,2813.6
PF006373,CROP009,Green Gram (Moong),Punjab,2021,6,2813.6,3468.9,2947.7,-25.0,59.4,2926.0
PF006374,CROP009,Green Gram (Moong),Punjab,2021,7,2926.0,2813.6,3468.9,12.5,53.8,2905.5
PF006375,CROP009,Green Gram (Moong),Punjab,2021,8,2905.5,2926.0,2813.6,0.7,66.0,2497.3
PF006376,CROP009,Green Gram (Moong),Punjab,2021,9,2497.3,2905.5,2926.0,-4.3,72.1,2569.8
PF006377,CROP009,Green Gram (Moong),Punjab,2021,10,2569.8,2497.3,2905.5,24.7,41.5,2552.2
PF006378,CROP009,Green Gram (Moong),Punjab,2021,11,2552.2,2569.8,2497.3,6.8,42.7,2906.0
PF006379,CROP009,Green Gram (Moong),Punjab,2021,12,2906.0,2552.2,2569.8,-8.0,49.2,2809.7
PF006380,CROP009,Green Gram (Moong),Punjab,2022,1,2809.7,2906.0,2552.2,39.1,62.1,3199.9
PF006381,CROP009,Green Gram (Moong),Punjab,2022,2,3199.9,2809.7,2906.0,-21.7,33.7,3304.4
PF006382,CROP009,Green Gram (Moong),Punjab,2022,3,3304.4,3199.9,2809.7,2.3,56.4,3153.3
PF006383,CROP009,Green Gram (Moong),Punjab,2022,4,3153.3,3304.4,3199.9,-3.6,41.3,3196.0
PF006384,CROP009,Green Gram (Moong),Punjab,2022,5,3196.0,3153.3,3304.4,-14.6,25.9,3152.7
PF006385,CROP009,Green Gram (Moong),Punjab,2022,6,3152.7,3196.0,3153.3,22.2,73.4,2789.5
PF006386,CROP009,Green Gram (Moong),Punjab,2022,7,2789.5,3152.7,3196.0,10.4,55.7,2876.0
PF006387,CROP009,Green Gram (Moong),Punjab,2022,8,2876.0,2789.5,3152.7,4.1,66.0,2615.3
PF006388,CROP009,Green Gram (Moong),Punjab,2022,9,2615.3,2876.0,2789.5,-3.8,49.5,2490.9
PF006389,CROP009,Green Gram (Moong),Punjab,2022,10,2490.9,2615.3,2876.0,-14.7,44.8,2523.3
PF006390,CROP009,Green Gram (Moong),Punjab,2022,11,2523.3,2490.9,2615.3,-1.7,53.7,2814.5
PF006391,CROP009,Green Gram (Moong),Punjab,2022,12,2814.5,2523.3,2490.9,-5.7,41.6,2931.2
PF006392,CROP009,Green Gram (Moong),Punjab,2023,1,2931.2,2814.5,2523.3,8.9,49.8,3053.1
PF006393,CROP009,Green Gram (Moong),Punjab,2023,2,3053.1,2931.2,2814.5,16.0,67.9,3119.8
PF006394,CROP009,Green Gram (Moong),Punjab,2023,3,3119.8,3053.1,2931.2,-2.5,48.8,3501.1
PF006395,CROP009,Green Gram (Moong),Punjab,2023,4,3501.1,3119.8,3053.1,1.8,57.8,3197.7
PF006396,CROP009,Green Gram (Moong),Punjab,2023,5,3197.7,3501.1,3119.8,14.4,43.8,3114.3
PF006397,CROP009,Green Gram (Moong),Punjab,2023,6,3114.3,3197.7,3501.1,4.7,45.6,2789.0
PF006398,CROP009,Green Gram (Moong),Punjab,2023,7,2789.0,3114.3,3197.7,6.4,44.3,3066.2
PF006399,CROP009,Green Gram (Moong),Punjab,2023,8,3066.2,2789.0,3114.3,-1.3,59.9,2788.7
PF006400,CROP009,Green Gram (Moong),Punjab,2023,9,2788.7,3066.2,2789.0,-3.4,62.6,2571.1
PF006401,CROP009,Green Gram (Moong),Punjab,2023,10,2571.1,2788.7,3066.2,6.9,43.5,2827.9
PF006402,CROP009,Green Gram (Moong),Punjab,2023,11,2827.9,2571.1,2788.7,-1.4,43.2,2779.5
PF006403,CROP009,Green Gram (Moong),Punjab,2023,12,2779.5,2827.9,2571.1,-10.6,38.3,2951.9
PF006436,CROP009,Green Gram (Moong),Haryana,2021,4,2750.0,2940.4,2897.4,-4.0,51.9,2884.7
PF006437,CROP009,Green Gram (Moong),Haryana,2021,5,2884.7,2750.0,2940.4,-1.2,58.2,2610.5
PF006438,CROP009,Green Gram (Moong),Haryana,2021,6,2610.5,2884.7,2750.0,-4.8,68.0,2683.3
PF006439,CROP009,Green Gram (Moong),Haryana,2021,7,2683.3,2610.5,2884.7,2.2,66.4,2520.9
PF006440,CROP009,Green Gram (Moong),Haryana,2021,8,2520.9,2683.3,2610.5,-20.1,68.3,2303.2
PF006441,CROP009,Green Gram (Moong),Haryana,2021,9,2303.2,2520.9,2683.3,8.0,55.8,2431.3
PF006442,CROP009,Green Gram (Moong),Haryana,2021,10,2431.3,2303.2,2520.9,19.0,48.9,2297.9
PF006443,CROP009,Green Gram (Moong),Haryana,2021,11,2297.9,2431.3,2303.2,-5.5,49.1,2450.8
PF006444,CROP009,Green Gram (Moong),Haryana,2021,12,2450.8,2297.9,2431.3,14.3,47.5,2347.2
PF006445,CROP009,Green Gram (Moong),Haryana,2022,1,2347.2,2450.8,2297.9,-0.1,59.2,2864.4
PF006446,CROP009,Green Gram (Moong),Haryana,2022,2,2864.4,2347.2,2450.8,-2.2,49.9,2874.8
PF006447,CROP009,Green Gram (Moong),Haryana,2022,3,2874.8,2864.4,2347.2,37.7,49.6,2857.6
PF006448,CROP009,Green Gram (Moong),Haryana,2022,4,2857.6,2874.8,2864.4,19.1,44.1,3042.4
PF006449,CROP009,Green Gram (Moong),Haryana,2022,5,3042.4,2857.6,2874.8,22.2,47.8,2769.0
PF006450,CROP009,Green Gram (Moong),Haryana,2022,6,2769.0,3042.4,2857.6,-11.3,43.5,2526.7
PF006451,CROP009,Green Gram (Moong),Haryana,2022,7,2526.7,2769.0,3042.4,-14.4,52.7,2549.0
PF006452,CROP009,Green Gram (Moong),Haryana,2022,8,2549.0,2526.7,2769.0,-27.2,60.8,2253.4
PF006453,CROP009,Green Gram (Moong),Haryana,2022,9,2253.4,2549.0,2526.7,-2.8,43.5,2480.2
PF006454,CROP009,Green Gram (Moong),Haryana,2022,10,2480.2,2253.4,2549.0,3.9,41.5,2338.9
PF006455,CROP009,Green Gram (Moong),Haryana,2022,11,2338.9,2480.2,2253.4,-23.3,45.3,2497.6
PF006456,CROP009,Green Gram (Moong),Haryana,2022,12,2497.6,2338.9,2480.2,0.1,51.2,2491.4
PF006457,CROP009,Green Gram (Moong),Haryana,2023,1,2491.4,2497.6,2338.9,3.0,61.3,2632.1
PF006458,CROP009,Green Gram (Moong),Haryana,2023,2,2632.1,2491.4,2497.6,-4.2,51.8,2908.7
PF006459,CROP009,Green Gram (Moong),Haryana,2023,3,2908.7,2632.1,2491.4,12.3,26.5,2928.6
PF006460,CROP009,Green Gram (Moong),Haryana,2023,4,2928.6,2908.7,2632.1,-2.5,22.4,2841.7
PF006461,CROP009,Green Gram (Moong),Haryana,2023,5,2841.7,2928.6,2908.7,2.0,53.7,2895.0
PF006462,CROP009,Green Gram (Moong),Haryana,2023,6,2895.0,2841.7,2928.6,-23.1,6.1,2594.6
PF006463,CROP009,Green Gram (Moong),Haryana,2023,7,2594.6,2895.0,2841.7,-0.5,64.6,2518.1
PF006464,CROP009,Green Gram (Moong),Haryana,2023,8,2518.1,2594.6,2895.0,1.6,60.8,2484.0
PF006465,CROP009,Green Gram (Moong),Haryana,2023,9,2484.0,2518.1,2594.6,5.9,51.8,2532.7
PF006466,CROP009,Green Gram (Moong),Haryana,2023,10,2532.7,2484.0,2518.1,-11.7,50.5,2486.9
PF006467,CROP009,Green Gram (Moong),Haryana,2023,11,2486.9,2532.7,2484.0,-27.9,60.3,2353.9
PF006468,CROP009,Green Gram (Moong),Haryana,2023,12,2353.9,2486.9,2532.7,-23.0,54.7,2738.6
PF006501,CROP009,Green Gram (Moong),Haryana,2021,4,2787.2,2648.4,2610.4,-26.7,50.1,2684.9
PF006502,CROP009,Green Gram (Moong),Haryana,2021,5,2684.9,2787.2,2648.4,0.5,38.8,2624.6
PF006503,CROP009,Green Gram (Moong),Haryana,2021,6,2624.6,2684.9,2787.2,13.3,53.4,2685.8
PF006504,CROP009,Green Gram (Moong),Haryana,2021,7,2685.8,2624.6,2684.9,-11.6,44.2,2421.3
PF006505,CROP009,Green Gram (Moong),Haryana,2021,8,2421.3,2685.8,2624.6,6.9,71.5,2282.7
PF006506,CROP009,Green Gram (Moong),Haryana,2021,9,2282.7,2421.3,2685.8,27.6,30.6,2261.7
PF006507,CROP009,Green Gram (Moong),Haryana,2021,10,2261.7,2282.7,2421.3,-15.2,71.0,2431.9
PF006508,CROP009,Green Gram (Moong),Haryana,2021,11,2431.9,2261.7,2282.7,10.4,50.6,2370.7
PF006509,CROP009,Green Gram (Moong),Haryana,2021,12,2370.7,2431.9,2261.7,30.3,24.0,2498.4
PF006510,CROP009,Green Gram (Moong),Haryana,2022,1,2498.4,2370.7,2431.9,3.8,43.6,2817.5
PF006511,CROP009,Green Gram (Moong),Haryana,2022,2,2817.5,2498.4,2370.7,48.3,40.4,2721.8
PF006512,CROP009,Green Gram (Moong),Haryana,2022,3,2721.8,2817.5,2498.4,-4.0,58.9,2770.0
PF006513,CROP009,Green Gram (Moong),Haryana,2022,4,2770.0,2721.8,2817.5,-1.5,35.1,2845.0
PF006514,CROP009,Green Gram (Moong),Haryana,2022,5,2845.0,2770.0,2721.8,-11.6,39.2,2649.1
PF006515,CROP009,Green Gram (Moong),Haryana,2022,6,2649.1,2845.0,2770.0,16.9,54.1,2492.4
PF006516,CROP009,Green Gram (Moong),Haryana,2022,7,2492.4,2649.1,2845.0,-3.4,52.6,2432.7
PF006517,CROP009,Green Gram (Moong),Haryana,2022,8,2432.7,2492.4,2649.1,23.7,38.6,2260.0
PF006518,CROP009,Green Gram (Moong),Haryana,2022,9,2260.0,2432.7,2492.4,6.8,39.8,2165.6
PF006519,CROP009,Green Gram (Moong),Haryana,2022,10,2165.6,2260.0,2432.7,-3.9,37.3,2307.4
PF006520,CROP009,Green Gram (Moong),Haryana,2022,11,2307.4,2165.6,2260.0,32.8,52.4,2368.4
PF006521,CROP009,Green Gram (Moong),Haryana,2022,12,2368.4,2307.4,2165.6,-23.1,45.3,2528.9
PF006522,CROP009,Green Gram (Moong),Haryana,2023,1,2528.9,2368.4,2307.4,7.8,47.0,2802.5
PF006523,CROP009,Green Gram (Moong),Haryana,2023,2,2802.5,2528.9,2368.4,-29.3,46.1,2751.3
PF006524,CROP009,Green Gram (Moong),Haryana,2023,3,2751.3,2802.5,2528.9,7.6,43.3,2795.3
PF006525,CROP009,Green Gram (Moong),Haryana,2023,4,2795.3,2751.3,2802.5,3.6,66.5,2718.5
PF006526,CROP009,Green Gram (Moong),Haryana,2023,5,2718.5,2795.3,2751.3,2.8,68.5,2591.9
PF006527,CROP009,Green Gram (Moong),Haryana,2023,6,2591.9,2718.5,2795.3,12.8,52.7,2533.1
PF006528,CROP009,Green Gram (Moong),Haryana,2023,7,2533.1,2591.9,2718.5,2.5,55.1,2426.5
PF006529,CROP009,Green Gram (Moong),Haryana,2023,8,2426.5,2533.1,2591.9,3.3,53.6,2322.8
PF006530,CROP009,Green Gram (Moong),Haryana,2023,9,2322.8,2426.5,2533.1,30.8,63.9,2421.7
PF006531,CROP009,Green Gram (Moong),Haryana,2023,10,2421.7,2322.8,2426.5,13.1,41.6,2417.6
PF006532,CROP009,Green Gram (Moong),Haryana,2023,11,2417.6,2421.7,2322.8,-6.0,48.6,2481.6
PF006533,CROP009,Green Gram (Moong),Haryana,2023,12,2481.6,2417.6,2421.7,1.7,24.5,2676.9
PF006566,CROP009,Green Gram (Moong),Uttar Pradesh,2021,4,2975.5,2919.2,2956.3,3.1,53.6,3006.2
PF006567,CROP009,Green Gram (Moong),Uttar Pradesh,2021,5,3006.2,2975.5,2919.2,-4.9,36.3,2841.9
PF006568,CROP009,Green Gram (Moong),Uttar Pradesh,2021,6,2841.9,3006.2,2975.5,2.7,38.6,2815.0
PF006569,CROP009,Green Gram (Moong),Uttar Pradesh,2021,7,2815.0,2841.9,3006.2,6.9,62.1,2550.6
PF006570,CROP009,Green Gram (Moong),Uttar Pradesh,2021,8,2550.6,2815.0,2841.9,14.0,64.2,2439.1
PF006571,CROP009,Green Gram (Moong),Uttar Pradesh,2021,9,2439.1,2550.6,2815.0,14.9,42.0,2452.1
PF006572,CROP009,Green Gram (Moong),Uttar Pradesh,2021,10,2452.1,2439.1,2550.6,-14.2,57.6,2647.5
PF006573,CROP009,Green Gram (Moong),Uttar Pradesh,2021,11,2647.5,2452.1,2439.1,-0.6,35.1,2496.3
PF006574,CROP009,Green Gram (Moong),Uttar Pradesh,2021,12,2496.3,2647.5,2452.1,-21.9,68.9,2756.3
PF006575,CROP009,Green Gram (Moong),Uttar Pradesh,2022,1,2756.3,2496.3,2647.5,0.7,55.6,2820.9
PF006576,CROP009,Green Gram (Moong),Uttar Pradesh,2022,2,2820.9,2756.3,2496.3,-22.7,50.7,3016.8
PF006577,CROP009,Green Gram (Moong),Uttar Pradesh,2022,3,3016.8,2820.9,2756.3,10.5,41.7,2723.3
PF006578,CROP009,Green Gram (Moong),Uttar Pradesh,2022,4,2723.3,3016.8,2820.9,-9.7,38.0,3091.6
PF006579,CROP009,Green Gram (Moong),Uttar Pradesh,2022,5,3091.6,2723.3,3016.8,-15.2,36.6,2798.2
PF006580,CROP009,Green Gram (Moong),Uttar Pradesh,2022,6,2798.2,3091.6,2723.3,-11.0,62.8,2793.2
PF006581,CROP009,Green Gram (Moong),Uttar Pradesh,2022,7,2793.2,2798.2,3091.6,-0.7,64.3,2517.2
PF006582,CROP009,Green Gram (Moong),Uttar Pradesh,2022,8,2517.2,2793.2,2798.2,-16.9,50.3,2462.6
PF006583,CROP009,Green Gram (Moong),Uttar Pradesh,2022,9,2462.6,2517.2,2793.2,18.7,51.8,2475.0
PF006584,CROP009,Green Gram (Moong),Uttar Pradesh,2022,10,2475.0,2462.6,2517.2,-5.4,57.5,2569.4
PF006585,CROP009,Green Gram (Moong),Uttar Pradesh,2022,11,2569.4,2475.0,2462.6,1.2,52.0,2704.2
PF006586,CROP009,Green Gram (Moong),Uttar Pradesh,2022,12,2704.2,2569.4,2475.0,4.0,23.4,2722.3
PF006587,CROP009,Green Gram (Moong),Uttar Pradesh,2023,1,2722.3,2704.2,2569.4,-21.0,52.8,3025.3
PF006588,CROP009,Green Gram (Moong),Uttar Pradesh,2023,2,3025.3,2722.3,2704.2,2.5,47.1,2956.1
PF006589,CROP009,Green Gram (Moong),Uttar Pradesh,2023,3,2956.1,3025.3,2722.3,-8.8,60.8,2979.8
PF006590,CROP009,Green Gram (Moong),Uttar Pradesh,2023,4,2979.8,2956.1,3025.3,-21.1,40.6,3090.3
PF006591,CROP009,Green Gram (Moong),Uttar Pradesh,2023,5,3090.3,2979.8,2956.1,16.2,47.9,3107.9
PF006592,CROP009,Green Gram (Moong),Uttar Pradesh,2023,6,3107.9,3090.3,2979.8,-1.7,40.9,2679.3
PF006593,CROP009,Green Gram (Moong),Uttar Pradesh,2023,7,2679.3,3107.9,3090.3,-34.0,55.4,2662.9
PF006594,CROP009,Green Gram (Moong),Uttar Pradesh,2023,8,2662.9,2679.3,3107.9,13.8,30.6,2430.9
PF006595,CROP009,Green Gram (Moong),Uttar Pradesh,2023,9,2430.9,2662.9,2679.3,-9.0,61.5,2396.9
PF006596,CROP009,Green Gram (Moong),Uttar Pradesh,2023,10,2396.9,2430.9,2662.9,-25.0,61.5,2341.3
PF006597,CROP009,Green Gram (Moong),Uttar Pradesh,2023,11,2341.3,2396.9,2430.9,13.8,42.0,2791.3
PF006598,CROP009,Green Gram (Moong),Uttar Pradesh,2023,12,2791.3,2341.3,2396.9,-4.7,60.1,2728.0
PF006631,CROP009,Green Gram (Moong),Uttar Pradesh,2021,4,3093.9,3030.1,3031.8,3.0,46.2,3071.5
PF006632,CROP009,Green Gram (Moong),Uttar Pradesh,2021,5,3071.5,3093.9,3030.1,-15.8,66.2,2808.1
PF006633,CROP009,Green Gram (Moong),Uttar Pradesh,2021,6,2808.1,3071.5,3093.9,-4.8,52.6,2714.8
PF006634,CROP009,Green Gram (Moong),Uttar Pradesh,2021,7,2714.8,2808.1,3071.5,2.9,47.0,2567.1
PF006635,CROP009,Green Gram (Moong),Uttar Pradesh,2021,8,2567.1,2714.8,2808.1,-2.1,49.7,2400.6
PF006636,CROP009,Green Gram (Moong),Uttar Pradesh,2021,9,2400.6,2567.1,2714.8,-16.8,57.5,2583.2
PF006637,CROP009,Green Gram (Moong),Uttar Pradesh,2021,10,2583.2,2400.6,2567.1,5.7,61.9,2488.9
PF006638,CROP009,Green Gram (Moong),Uttar Pradesh,2021,11,2488.9,2583.2,2400.6,-7.0,59.3,2506.7
PF006639,CROP009,Green Gram (Moong),Uttar Pradesh,2021,12,2506.7,2488.9,2583.2,11.0,33.9,2768.9
PF006640,CROP009,Green Gram (Moong),Uttar Pradesh,2022,1,2768.9,2506.7,2488.9,-6.0,57.1,2914.7
PF006641,CROP009,Green Gram (Moong),Uttar Pradesh,2022,2,2914.7,2768.9,2506.7,17.6,62.5,3155.7
PF006642,CROP009,Green Gram (Moong),Uttar Pradesh,2022,3,3155.7,2914.7,2768.9,-10.8,65.4,2807.2
PF006643,CROP009,Green Gram (Moong),Uttar Pradesh,2022,4,2807.2,3155.7,2914.7,8.6,32.2,3021.0
PF006644,CROP009,Green Gram (Moong),Uttar Pradesh,2022,5,3021.0,2807.2,3155.7,-1.7,87.4,3072.9
PF006645,CROP009,Green Gram (Moong),Uttar Pradesh,2022,6,3072.9,3021.0,2807.2,21.4,40.4,2720.6
PF006646,CROP009,Green Gram (Moong),Uttar Pradesh,2022,7,2720.6,3072.9,3021.0,-11.6,57.2,2533.4
PF006647,CROP009,Green Gram (Moong),Uttar Pradesh,2022,8,2533.4,2720.6,3072.9,4.2,48.7,2749.7
PF006648,CROP009,Green Gram (Moong),Uttar Pradesh,2022,9,2749.7,2533.4,2720.6,13.5,47.3,2547.9
PF006649,CROP009,Green Gram (Moong),Uttar Pradesh,2022,10,2547.9,2749.7,2533.4,-8.8,61.7,2505.5
PF006650,CROP009,Green Gram (Moong),Uttar Pradesh,2022,11,2505.5,2547.9,2749.7,10.6,68.1,2408.8
PF006651,CROP009,Green Gram (Moong),Uttar Pradesh,2022,12,2408.8,2505.5,2547.9,-4.0,71.2,2853.0
PF006652,CROP009,Green Gram (Moong),Uttar Pradesh,2023,1,2853.0,2408.8,2505.5,-11.1,72.7,3135.9
PF006653,CROP009,Green Gram (Moong),Uttar Pradesh,2023,2,3135.9,2853.0,2408.8,-16.5,38.9,3001.2
PF006654,CROP009,Green Gram (Moong),Uttar Pradesh,2023,3,3001.2,3135.9,2853.0,-22.7,49.7,3081.1
PF006655,CROP009,Green Gram (Moong),Uttar Pradesh,2023,4,3081.1,3001.2,3135.9,8.6,56.6,2938.2
PF006656,CROP009,Green Gram (Moong),Uttar Pradesh,2023,5,2938.2,3081.1,3001.2,10.3,42.9,2861.9
PF006657,CROP009,Green Gram (Moong),Uttar Pradesh,2023,6,2861.9,2938.2,3081.1,8.0,73.1,2734.7
PF006658,CROP009,Green Gram (Moong),Uttar Pradesh,2023,7,2734.7,2861.9,2938.2,28.7,56.3,2769.1
PF006659,CROP009,Green Gram (Moong),Uttar Pradesh,2023,8,2769.1,2734.7,2861.9,-0.6,34.6,2428.0
PF006660,CROP009,Green Gram (Moong),Uttar Pradesh,2023,9,2428.0,2769.1,2734.7,-21.9,46.1,2665.7
PF006661,CROP009,Green Gram (Moong),Uttar Pradesh,2023,10,2665.7,2428.0,2769.1,-31.3,41.4,2324.7
PF006662,CROP009,Green Gram (Moong),Uttar Pradesh,2023,11,2324.7,2665.7,2428.0,15.0,66.0,2488.8
PF006663,CROP009,Green Gram (Moong),Uttar Pradesh,2023,12,2488.8,2324.7,2665.7,-8.8,50.8,2853.7
PF006696,CROP009,Green Gram (Moong),Uttar Pradesh,2021,4,2908.6,2985.9,2742.5,-14.3,64.9,2978.7
PF006697,CROP009,Green Gram (Moong),Uttar Pradesh,2021,5,2978.7,2908.6,2985.9,0.1,52.8,2716.9
PF006698,CROP009,Green Gram (Moong),Uttar Pradesh,2021,6,2716.9,2978.7,2908.6,-0.5,52.5,2721.6
PF006699,CROP009,Green Gram (Moong),Uttar Pradesh,2021,7,2721.6,2716.9,2978.7,-2.1,42.9,2510.7
PF006700,CROP009,Green Gram (Moong),Uttar Pradesh,2021,8,2510.7,2721.6,2716.9,-23.7,34.9,2291.0
PF006701,CROP009,Green Gram (Moong),Uttar Pradesh,2021,9,2291.0,2510.7,2721.6,-0.3,29.8,2324.0
PF006702,CROP009,Green Gram (Moong),Uttar Pradesh,2021,10,2324.0,2291.0,2510.7,-16.1,63.6,2329.4
PF006703,CROP009,Green Gram (Moong),Uttar Pradesh,2021,11,2329.4,2324.0,2291.0,3.8,43.6,2406.7
PF006704,CROP009,Green Gram (Moong),Uttar Pradesh,2021,12,2406.7,2329.4,2324.0,-12.0,57.9,2625.2
PF006705,CROP009,Green Gram (Moong),Uttar Pradesh,2022,1,2625.2,2406.7,2329.4,-11.9,38.4,2692.7
PF006706,CROP009,Green Gram (Moong),Uttar Pradesh,2022,2,2692.7,2625.2,2406.7,-7.4,36.0,2909.0
PF006707,CROP009,Green Gram (Moong),Uttar Pradesh,2022,3,2909.0,2692.7,2625.2,-8.2,44.6,2967.9
PF006708,CROP009,Green Gram (Moong),Uttar Pradesh,2022,4,2967.9,2909.0,2692.7,7.4,49.8,2918.6
PF006709,CROP009,Green Gram (Moong),Uttar Pradesh,2022,5,2918.6,2967.9,2909.0,19.8,25.7,2882.6
PF006710,CROP009,Green Gram (Moong),Uttar Pradesh,2022,6,2882.6,2918.6,2967.9,-7.8,41.2,2882.1
PF006711,CROP009,Green Gram (Moong),Uttar Pradesh,2022,7,2882.1,2882.6,2918.6,-17.5,73.5,2573.5
PF006712,CROP009,Green Gram (Moong),Uttar Pradesh,2022,8,2573.5,2882.1,2882.6,13.3,84.4,2471.7
PF006713,CROP009,Green Gram (Moong),Uttar Pradesh,2022,9,2471.7,2573.5,2882.1,-33.5,58.1,2384.1
PF006714,CROP009,Green Gram (Moong),Uttar Pradesh,2022,10,2384.1,2471.7,2573.5,-3.7,43.3,2375.4
PF006715,CROP009,Green Gram (Moong),Uttar Pradesh,2022,11,2375.4,2384.1,2471.7,-2.9,56.9,2550.4
PF006716,CROP009,Green Gram (Moong),Uttar Pradesh,2022,12,2550.4,2375.4,2384.1,1.1,63.7,2652.9
PF006717,CROP009,Green Gram (Moong),Uttar Pradesh,2023,1,2652.9,2550.4,2375.4,10.9,56.2,2873.0
PF006718,CROP009,Green Gram (Moong),Uttar Pradesh,2023,2,2873.0,2652.9,2550.4,-8.2,55.7,3178.3
PF006719,CROP009,Green Gram (Moong),Uttar Pradesh,2023,3,3178.3,2873.0,2652.9,-7.1,30.6,2978.8
PF006720,CROP009,Green Gram (Moong),Uttar Pradesh,2023,4,2978.8,3178.3,2873.0,11.1,74.7,3107.9
PF006721,CROP009,Green Gram (Moong),Uttar Pradesh,2023,5,3107.9,2978.8,3178.3,-27.2,59.3,2840.2
PF006722,CROP009,Green Gram (Moong),Uttar Pradesh,2023,6,2840.2,3107.9,2978.8,2.8,49.0,2666.2
PF006723,CROP009,Green Gram (Moong),Uttar Pradesh,2023,7,2666.2,2840.2,3107.9,0.6,36.5,2526.6
PF006724,CROP009,Green Gram (Moong),Uttar Pradesh,2023,8,2526.6,2666.2,2840.2,35.1,46.1,2487.7
PF006725,CROP009,Green Gram (Moong),Uttar Pradesh,2023,9,2487.7,2526.6,2666.2,-22.3,43.8,2501.4
PF006726,CROP009,Green Gram (Moong),Uttar Pradesh,2023,10,2501.4,2487.7,2526.6,-2.5,62.0,2619.3
PF006727,CROP009,Green Gram (Moong),Uttar Pradesh,2023,11,2619.3,2501.4,2487.7,28.8,27.1,2643.5
PF006728,CROP009,Green Gram (Moong),Uttar Pradesh,2023,12,2643.5,2619.3,2501.4,-17.5,44.4,2877.6
PF006761,CROP009,Green Gram (Moong),Bihar,2021,4,2836.0,2694.9,2773.4,14.0,47.3,2695.7
PF006762,CROP009,Green Gram (Moong),Bihar,2021,5,2695.7,2836.0,2694.9,-12.1,48.6,2559.0
PF006763,CROP009,Green Gram (Moong),Bihar,2021,6,2559.0,2695.7,2836.0,-14.6,56.6,2418.3
PF006764,CROP009,Green Gram (Moong),Bihar,2021,7,2418.3,2559.0,2695.7,7.4,50.7,2370.7
PF006765,CROP009,Green Gram (Moong),Bihar,2021,8,2370.7,2418.3,2559.0,1.2,50.8,2340.7
PF006766,CROP009,Green Gram (Moong),Bihar,2021,9,2340.7,2370.7,2418.3,-11.8,52.4,2314.9
PF006767,CROP009,Green Gram (Moong),Bihar,2021,10,2314.9,2340.7,2370.7,2.2,48.5,2368.2
PF006768,CROP009,Green Gram (Moong),Bihar,2021,11,2368.2,2314.9,2340.7,-24.1,47.7,2449.3
PF006769,CROP009,Green Gram (Moong),Bihar,2021,12,2449.3,2368.2,2314.9,-4.5,58.3,2590.7
PF006770,CROP009,Green Gram (Moong),Bihar,2022,1,2590.7,2449.3,2368.2,-0.5,59.6,2610.6
PF006771,CROP009,Green Gram (Moong),Bihar,2022,2,2610.6,2590.7,2449.3,4.1,47.0,2736.0
PF006772,CROP009,Green Gram (Moong),Bihar,2022,3,2736.0,2610.6,2590.7,-15.3,49.6,3040.0
PF006773,CROP009,Green Gram (Moong),Bihar,2022,4,3040.0,2736.0,2610.6,-19.3,69.6,2595.9
PF006774,CROP009,Green Gram (Moong),Bihar,2022,5,2595.9,3040.0,2736.0,3.6,62.4,2635.5
PF006775,CROP009,Green Gram (Moong),Bihar,2022,6,2635.5,2595.9,3040.0,-13.8,73.3,2486.1
PF006776,CROP009,Green Gram (Moong),Bihar,2022,7,2486.1,2635.5,2595.9,4.5,44.9,2483.5
PF006777,CROP009,Green Gram (Moong),Bihar,2022,8,2483.5,2486.1,2635.5,7.3,68.1,2326.5
PF006778,CROP009,Green Gram (Moong),Bihar,2022,9,2326.5,2483.5,2486.1,-4.5,58.1,2124.5
PF006779,CROP009,Green Gram (Moong),Bihar,2022,10,2124.5,2326.5,2483.5,6.6,28.6,2328.3
PF006780,CROP009,Green Gram (Moong),Bihar,2022,11,2328.3,2124.5,2326.5,24.0,42.1,2574.0
PF006781,CROP009,Green Gram (Moong),Bihar,2022,12,2574.0,2328.3,2124.5,-3.9,55.6,2630.0
PF006782,CROP009,Green Gram (Moong),Bihar,2023,1,2630.0,2574.0,2328.3,-21.3,64.8,2846.6
PF006783,CROP009,Green Gram (Moong),Bihar,2023,2,2846.6,2630.0,2574.0,-4.1,55.3,2821.2
PF006784,CROP009,Green Gram (Moong),Bihar,2023,3,2821.2,2846.6,2630.0,-7.6,56.6,3073.5
PF006785,CROP009,Green Gram (Moong),Bihar,2023,4,3073.5,2821.2,2846.6,1.6,30.8,2853.9
PF006786,CROP009,Green Gram (Moong),Bihar,2023,5,2853.9,3073.5,2821.2,-7.0,55.2,2666.1
PF006787,CROP009,Green Gram (Moong),Bihar,2023,6,2666.1,2853.9,3073.5,-13.4,47.3,2469.3
PF006788,CROP009,Green Gram (Moong),Bihar,2023,7,2469.3,2666.1,2853.9,5.9,58.8,2379.8
PF006789,CROP009,Green Gram (Moong),Bihar,2023,8,2379.8,2469.3,2666.1,-33.4,58.9,2270.0
PF006790,CROP009,Green Gram (Moong),Bihar,2023,9,2270.0,2379.8,2469.3,16.1,45.0,2298.5
PF006791,CROP009,Green Gram (Moong),Bihar,2023,10,2298.5,2270.0,2379.8,-9.8,33.6,2380.5
PF006792,CROP009,Green Gram (Moong),Bihar,2023,11,2380.5,2298.5,2270.0,27.5,33.0,2486.6
PF006793,CROP009,Green Gram (Moong),Bihar,2023,12,2486.6,2380.5,2298.5,11.4,41.3,2523.4
PF006826,CROP009,Green Gram (Moong),Bihar,2021,4,2546.7,2272.3,2451.6,-18.2,59.5,2561.3
PF006827,CROP009,Green Gram (Moong),Bihar,2021,5,2561.3,2546.7,2272.3,11.5,46.5,2371.6
PF006828,CROP009,Green Gram (Moong),Bihar,2021,6,2371.6,2561.3,2546.7,-23.7,71.3,2226.7
PF006829,CROP009,Green Gram (Moong),Bihar,2021,7,2226.7,2371.6,2561.3,18.7,54.6,2217.2
PF006830,CROP009,Green Gram (Moong),Bihar,2021,8,2217.2,2226.7,2371.6,-21.1,39.6,2049.0
PF006831,CROP009,Green Gram (Moong),Bihar,2021,9,2049.0,2217.2,2226.7,28.3,34.5,1972.0
PF006832,CROP009,Green Gram (Moong),Bihar,2021,10,1972.0,2049.0,2217.2,-0.7,26.7,2028.5
PF006833,CROP009,Green Gram (Moong),Bihar,2021,11,2028.5,1972.0,2049.0,15.0,52.4,2280.5
PF006834,CROP009,Green Gram (Moong),Bihar,2021,12,2280.5,2028.5,1972.0,-14.4,30.5,2101.7
PF006835,CROP009,Green Gram (Moong),Bihar,2022,1,2101.7,2280.5,2028.5,8.5,49.3,2598.3
PF006836,CROP009,Green Gram (Moong),Bihar,2022,2,2598.3,2101.7,2280.5,-1.2,63.5,2472.2
PF006837,CROP009,Green Gram (Moong),Bihar,2022,3,2472.2,2598.3,2101.7,38.3,28.9,2494.1
PF006838,CROP009,Green Gram (Moong),Bihar,2022,4,2494.1,2472.2,2598.3,1.9,50.3,2654.3
PF006839,CROP009,Green Gram (Moong),Bihar,2022,5,2654.3,2494.1,2472.2,-24.5,44.5,2222.5
PF006840,CROP009,Green Gram (Moong),Bihar,2022,6,2222.5,2654.3,2494.1,-4.6,42.8,2354.5
PF006841,CROP009,Green Gram (Moong),Bihar,2022,7,2354.5,2222.5,2654.3,-19.8,57.1,2181.9
PF006842,CROP009,Green Gram (Moong),Bihar,2022,8,2181.9,2354.5,2222.5,-14.8,61.6,2074.2
PF006843,CROP009,Green Gram (Moong),Bihar,2022,9,2074.2,2181.9,2354.5,-1.6,39.1,2056.5
PF006844,CROP009,Green Gram (Moong),Bihar,2022,10,2056.5,2074.2,2181.9,7.0,37.0,2292.8
PF006845,CROP009,Green Gram (Moong),Bihar,2022,11,2292.8,2056.5,2074.2,21.2,68.0,2214.7
PF006846,CROP009,Green Gram (Moong),Bihar,2022,12,2214.7,2292.8,2056.5,-9.1,35.3,2264.1
PF006847,CROP009,Green Gram (Moong),Bihar,2023,1,2264.1,2214.7,2292.8,-12.4,24.3,2415.7
PF006848,CROP009,Green Gram (Moong),Bihar,2023,2,2415.7,2264.1,2214.7,4.8,48.1,2373.3
PF006849,CROP009,Green Gram (Moong),Bihar,2023,3,2373.3,2415.7,2264.1,-7.2,59.4,2668.2
PF006850,CROP009,Green Gram (Moong),Bihar,2023,4,2668.2,2373.3,2415.7,-8.9,52.8,2492.7
PF006851,CROP009,Green Gram (Moong),Bihar,2023,5,2492.7,2668.2,2373.3,-14.6,32.1,2445.5
PF006852,CROP009,Green Gram (Moong),Bihar,2023,6,2445.5,2492.7,2668.2,10.5,55.2,2432.5
PF006853,CROP009,Green Gram (Moong),Bihar,2023,7,2432.5,2445.5,2492.7,7.9,74.1,2075.8
PF006854,CROP009,Green Gram (Moong),Bihar,2023,8,2075.8,2432.5,2445.5,-1.6,64.6,2094.0
PF006855,CROP009,Green Gram (Moong),Bihar,2023,9,2094.0,2075.8,2432.5,18.3,56.6,2036.9
PF006856,CROP009,Green Gram (Moong),Bihar,2023,10,2036.9,2094.0,2075.8,8.9,53.3,2216.9
PF006857,CROP009,Green Gram (Moong),Bihar,2023,11,2216.9,2036.9,2094.0,3.5,45.1,2280.9
PF006858,CROP009,Green Gram (Moong),Bihar,2023,12,2280.9,2216.9,2036.9,-2.9,49.5,2424.8
PF006891,CROP009,Green Gram (Moong),West Bengal,2021,4,2428.5,2484.2,2449.6,18.9,48.9,2376.6
PF006892,CROP009,Green Gram (Moong),West Bengal,2021,5,2376.6,2428.5,2484.2,-3.1,62.3,2290.7
PF006893,CROP009,Green Gram (Moong),West Bengal,2021,6,2290.7,2376.6,2428.5,-21.6,53.2,2235.4
PF006894,CROP009,Green Gram (Moong),West Bengal,2021,7,2235.4,2290.7,2376.6,7.0,36.7,2042.6
PF006895,CROP009,Green Gram (Moong),West Bengal,2021,8,2042.6,2235.4,2290.7,-24.6,51.2,2104.0
PF006896,CROP009,Green Gram (Moong),West Bengal,2021,9,2104.0,2042.6,2235.4,0.3,61.7,2035.4
PF006897,CROP009,Green Gram (Moong),West Bengal,2021,10,2035.4,2104.0,2042.6,-4.0,46.7,1911.5
PF006898,CROP009,Green Gram (Moong),West Bengal,2021,11,1911.5,2035.4,2104.0,19.2,68.1,2024.2
PF006899,CROP009,Green Gram (Moong),West Bengal,2021,12,2024.2,1911.5,2035.4,8.9,60.7,2347.7
PF006900,CROP009,Green Gram (Moong),West Bengal,2022,1,2347.7,2024.2,1911.5,22.9,56.5,2468.5
PF006901,CROP009,Green Gram (Moong),West Bengal,2022,2,2468.5,2347.7,2024.2,15.7,65.9,2499.8
PF006902,CROP009,Green Gram (Moong),West Bengal,2022,3,2499.8,2468.5,2347.7,16.7,53.0,2372.3
PF006903,CROP009,Green Gram (Moong),West Bengal,2022,4,2372.3,2499.8,2468.5,11.7,68.5,2408.2
PF006904,CROP009,Green Gram (Moong),West Bengal,2022,5,2408.2,2372.3,2499.8,-4.8,46.4,2515.6
PF006905,CROP009,Green Gram (Moong),West Bengal,2022,6,2515.6,2408.2,2372.3,2.8,37.2,2258.1
PF006906,CROP009,Green Gram (Moong),West Bengal,2022,7,2258.1,2515.6,2408.2,-21.9,35.4,2066.1
PF006907,CROP009,Green Gram (Moong),West Bengal,2022,8,2066.1,2258.1,2515.6,-15.2,59.7,2101.3
PF006908,CROP009,Green Gram (Moong),West Bengal,2022,9,2101.3,2066.1,2258.1,1.3,34.2,1968.5
PF006909,CROP009,Green Gram (Moong),West Bengal,2022,10,1968.5,2101.3,2066.1,-1.5,28.9,1996.2
PF006910,CROP009,Green Gram (Moong),West Bengal,2022,11,1996.2,1968.5,2101.3,2.1,33.1,2051.0
PF006911,CROP009,Green Gram (Moong),West Bengal,2022,12,2051.0,1996.2,1968.5,18.3,55.5,2197.6
PF006912,CROP009,Green Gram (Moong),West Bengal,2023,1,2197.6,2051.0,1996.2,-1.1,66.1,2424.5
PF006913,CROP009,Green Gram (Moong),West Bengal,2023,2,2424.5,2197.6,2051.0,3.4,48.6,2539.4
PF006914,CROP009,Green Gram (Moong),West Bengal,2023,3,2539.4,2424.5,2197.6,6.6,39.7,2406.0
PF006915,CROP009,Green Gram (Moong),West Bengal,2023,4,2406.0,2539.4,2424.5,-18.2,54.4,2483.2
PF006916,CROP009,Green Gram (Moong),West Bengal,2023,5,2483.2,2406.0,2539.4,-13.9,47.5,2454.3
PF006917,CROP009,Green Gram (Moong),West Bengal,2023,6,2454.3,2483.2,2406.0,-25.8,22.4,2215.3
PF006918,CROP009,Green Gram (Moong),West Bengal,2023,7,2215.3,2454.3,2483.2,25.5,52.6,2320.0
PF006919,CROP009,Green Gram (Moong),West Bengal,2023,8,2320.0,2215.3,2454.3,-9.0,43.7,1981.4
PF006920,CROP009,Green Gram (Moong),West Bengal,2023,9,1981.4,2320.0,2215.3,-25.3,61.4,1936.2
PF006921,CROP009,Green Gram (Moong),West Bengal,2023,10,1936.2,1981.4,2320.0,-10.4,44.6,2124.7
PF006922,CROP009,Green Gram (Moong),West Bengal,2023,11,2124.7,1936.2,1981.4,9.3,65.6,2239.7
PF006923,CROP009,Green Gram (Moong),West Bengal,2023,12,2239.7,2124.7,1936.2,20.9,35.9,2326.6
PF006956,CROP009,Green Gram (Moong),West Bengal,2021,4,2331.9,2242.1,2382.9,9.2,34.0,2399.1
PF006957,CROP009,Green Gram (Moong),West Bengal,2021,5,2399.1,2331.9,2242.1,-0.9,51.7,2330.0
PF006958,CROP009,Green Gram (Moong),West Bengal,2021,6,2330.0,2399.1,2331.9,-19.4,58.3,2279.5
PF006959,CROP009,Green Gram (Moong),West Bengal,2021,7,2279.5,2330.0,2399.1,-8.3,65.2,2085.8
PF006960,CROP009,Green Gram (Moong),West Bengal,2021,8,2085.8,2279.5,2330.0,9.8,45.8,2107.6
PF006961,CROP009,Green Gram (Moong),West Bengal,2021,9,2107.6,2085.8,2279.5,-2.0,49.0,1999.6
PF006962,CROP009,Green Gram (Moong),West Bengal,2021,10,1999.6,2107.6,2085.8,-13.9,32.8,1872.4
PF006963,CROP009,Green Gram (Moong),West Bengal,2021,11,1872.4,1999.6,2107.6,2.6,49.9,2266.4
PF006964,CROP009,Green Gram (Moong),West Bengal,2021,12,2266.4,1872.4,1999.6,-6.1,43.9,2239.6
PF006965,CROP009,Green Gram (Moong),West Bengal,2022,1,2239.6,2266.4,1872.4,-5.4,54.6,2421.5
PF006966,CROP009,Green Gram (Moong),West Bengal,2022,2,2421.5,2239.6,2266.4,5.7,40.3,2547.1
PF006967,CROP009,Green Gram (Moong),West Bengal,2022,3,2547.1,2421.5,2239.6,43.5,19.7,2400.5
PF006968,CROP009,Green Gram (Moong),West Bengal,2022,4,2400.5,2547.1,2421.5,11.5,58.3,2487.9
PF006969,CROP009,Green Gram (Moong),West Bengal,2022,5,2487.9,2400.5,2547.1,13.4,56.6,2215.0
PF006970,CROP009,Green Gram (Moong),West Bengal,2022,6,2215.0,2487.9,2400.5,-13.8,48.4,2129.0
PF006971,CROP009,Green Gram (Moong),West Bengal,2022,7,2129.0,2215.0,2487.9,-18.7,32.6,2202.9
PF006972,CROP009,Green Gram (Moong),West Bengal,2022,8,2202.9,2129.0,2215.0,9.1,58.0,2023.8
PF006973,CROP009,Green Gram (Moong),West Bengal,2022,9,2023.8,2202.9,2129.0,1.2,75.4,1925.1
PF006974,CROP009,Green Gram (Moong),West Bengal,2022,10,1925.1,2023.8,2202.9,6.0,46.6,1960.8
PF006975,CROP009,Green Gram (Moong),West Bengal,2022,11,1960.8,1925.1,2023.8,1.4,39.4,2099.3
PF006976,CROP009,Green Gram (Moong),West Bengal,2022,12,2099.3,1960.8,1925.1,-6.6,48.7,2415.7
PF006977,CROP009,Green Gram (Moong),West Bengal,2023,1,2415.7,2099.3,1960.8,-18.2,57.5,2276.9
PF006978,CROP009,Green Gram (Moong),West Bengal,2023,2,2276.9,2415.7,2099.3,10.5,52.5,2371.5
PF006979,CROP009,Green Gram (Moong),West Bengal,2023,3,2371.5,2276.9,2415.7,19.5,55.7,2609.9
PF006980,CROP009,Green Gram (Moong),West Bengal,2023,4,2609.9,2371.5,2276.9,3.9,72.6,2370.3
PF006981,CROP009,Green Gram (Moong),West Bengal,2023,5,2370.3,2609.9,2371.5,15.8,38.0,2267.6
PF006982,CROP009,Green Gram (Moong),West Bengal,2023,6,2267.6,2370.3,2609.9,-7.3,41.0,2340.0
PF006983,CROP009,Green Gram (Moong),West Bengal,2023,7,2340.0,2267.6,2370.3,-12.9,54.6,2298.2
PF006984,CROP009,Green Gram (Moong),West Bengal,2023,8,2298.2,2340.0,2267.6,-8.0,45.9,2004.9
PF006985,CROP009,Green Gram (Moong),West Bengal,2023,9,2004.9,2298.2,2340.0,3.7,49.2,2074.8
PF006986,CROP009,Green Gram (Moong),West Bengal,2023,10,2074.8,2004.9,2298.2,3.0,56.9,2141.9
PF006987,CROP009,Green Gram (Moong),West Bengal,2023,11,2141.9,2074.8,2004.9,14.4,45.6,2226.5
PF006988,CROP009,Green Gram (Moong),West Bengal,2023,12,2226.5,2141.9,2074.8,7.1,65.8,2179.3
PF007021,CROP010,Black Gram (Urad),Punjab,2021,4,4007.1,4041.1,3908.9,16.7,42.3,4024.1
PF007022,CROP010,Black Gram (Urad),Punjab,2021,5,4024.1,4007.1,4041.1,-22.3,59.0,3922.8
PF007023,CROP010,Black Gram (Urad),Punjab,2021,6,3922.8,4024.1,4007.1,-2.2,44.7,3596.9
PF007024,CROP010,Black Gram (Urad),Punjab,2021,7,3596.9,3922.8,4024.1,-20.1,52.6,3429.2
PF007025,CROP010,Black Gram (Urad),Punjab,2021,8,3429.2,3596.9,3922.8,-13.0,62.7,3465.2
PF007026,CROP010,Black Gram (Urad),Punjab,2021,9,3465.2,3429.2,3596.9,2.1,35.2,3128.7
PF007027,CROP010,Black Gram (Urad),Punjab,2021,10,3128.7,3465.2,3429.2,-5.9,44.4,3403.9
PF007028,CROP010,Black Gram (Urad),Punjab,2021,11,3403.9,3128.7,3465.2,10.1,65.4,3746.9
PF007029,CROP010,Black Gram (Urad),Punjab,2021,12,3746.9,3403.9,3128.7,-10.6,52.0,3739.4
PF007030,CROP010,Black Gram (Urad),Punjab,2022,1,3739.4,3746.9,3403.9,-11.7,30.7,3520.5
PF007031,CROP010,Black Gram (Urad),Punjab,2022,2,3520.5,3739.4,3746.9,-0.8,41.4,3863.1
PF007032,CROP010,Black Gram (Urad),Punjab,2022,3,3863.1,3520.5,3739.4,-23.6,59.2,4032.9
PF007033,CROP010,Black Gram (Urad),Punjab,2022,4,4032.9,3863.1,3520.5,-5.7,60.8,3821.5
PF007034,CROP010,Black Gram (Urad),Punjab,2022,5,3821.5,4032.9,3863.1,-15.5,49.4,4038.3
PF007035,CROP010,Black Gram (Urad),Punjab,2022,6,4038.3,3821.5,4032.9,14.2,54.1,3544.5
PF007036,CROP010,Black Gram (Urad),Punjab,2022,7,3544.5,4038.3,3821.5,-22.5,51.7,3386.8
PF007037,CROP010,Black Gram (Urad),Punjab,2022,8,3386.8,3544.5,4038.3,-16.7,48.1,3283.1
PF007038,CROP010,Black Gram (Urad),Punjab,2022,9,3283.1,3386.8,3544.5,-21.1,45.0,3347.8
PF007039,CROP010,Black Gram (Urad),Punjab,2022,10,3347.8,3283.1,3386.8,-18.4,43.6,3494.6
PF007040,CROP010,Black Gram (Urad),Punjab,2022,11,3494.6,3347.8,3283.1,14.8,53.4,3532.0
PF007041,CROP010,Black Gram (Urad),Punjab,2022,12,3532.0,3494.6,3347.8,-10.4,32.1,3655.1
PF007042,CROP010,Black Gram (Urad),Punjab,2023,1,3655.1,3532.0,3494.6,13.0,43.4,4182.5
PF007043,CROP010,Black Gram (Urad),Punjab,2023,2,4182.5,3655.1,3532.0,22.8,77.1,3792.7
PF007044,CROP010,Black Gram (Urad),Punjab,2023,3,3792.7,4182.5,3655.1,-0.3,55.7,3954.9
PF007045,CROP010,Black Gram (Urad),Punjab,2023,4,3954.9,3792.7,4182.5,23.0,62.2,3899.4
PF007046,CROP010,Black Gram (Urad),Punjab,2023,5,3899.4,3954.9,3792.7,-1.1,50.7,3873.7
PF007047,CROP010,Black Gram (Urad),Punjab,2023,6,3873.7,3899.4,3954.9,8.2,40.7,3622.5
PF007048,CROP010,Black Gram (Urad),Punjab,2023,7,3622.5,3873.7,3899.4,-13.9,34.4,3637.6
PF007049,CROP010,Black Gram (Urad),Punjab,2023,8,3637.6,3622.5,3873.7,1.0,68.6,3513.5
PF007050,CROP010,Black Gram (Urad),Punjab,2023,9,3513.5,3637.6,3622.5,0.9,49.4,3353.9
PF007051,CROP010,Black Gram (Urad),Punjab,2023,10,3353.9,3513.5,3637.6,-12.1,72.4,3264.8
PF007052,CROP010,Black Gram (Urad),Punjab,2023,11,3264.8,3353.9,3513.5,3.0,36.7,3122.4
PF007053,CROP010,Black Gram (Urad),Punjab,2023,12,3122.4,3264.8,3353.9,4.5,34.3,3611.3
PF007086,CROP010,Black Gram (Urad),Punjab,2021,4,5204.4,5196.3,4925.9,20.5,46.1,5061.6
PF007087,CROP010,Black Gram (Urad),Punjab,2021,5,5061.6,5204.4,5196.3,20.1,44.5,4685.9
PF007088,CROP010,Black Gram (Urad),Punjab,2021,6,4685.9,5061.6,5204.4,8.0,45.3,4837.2
PF007089,CROP010,Black Gram (Urad),Punjab,2021,7,4837.2,4685.9,5061.6,28.0,54.5,4677.6
PF007090,CROP010,Black Gram (Urad),Punjab,2021,8,4677.6,4837.2,4685.9,-0.4,63.3,4394.0
PF007091,CROP010,Black Gram (Urad),Punjab,2021,9,4394.0,4677.6,4837.2,-11.3,64.1,4525.4
PF007092,CROP010,Black Gram (Urad),Punjab,2021,10,4525.4,4394.0,4677.6,3.4,42.7,4419.5
PF007093,CROP010,Black Gram (Urad),Punjab,2021,11,4419.5,4525.4,4394.0,-1.7,62.3,4358.8
PF007094,CROP010,Black Gram (Urad),Punjab,2021,12,4358.8,4419.5,4525.4,14.2,47.8,5119.9
PF007095,CROP010,Black Gram (Urad),Punjab,2022,1,5119.9,4358.8,4419.5,-21.8,50.3,5065.6
PF007096,CROP010,Black Gram (Urad),Punjab,2022,2,5065.6,5119.9,4358.8,15.2,61.4,5162.7
PF007097,CROP010,Black Gram (Urad),Punjab,2022,3,5162.7,5065.6,5119.9,-10.0,69.5,5256.5
PF007098,CROP010,Black Gram (Urad),Punjab,2022,4,5256.5,5162.7,5065.6,-23.9,52.5,5183.9
PF007099,CROP010,Black Gram (Urad),Punjab,2022,5,5183.9,5256.5,5162.7,28.6,46.3,5185.2
PF007100,CROP010,Black Gram (Urad),Punjab,2022,6,5185.2,5183.9,5256.5,-15.7,43.5,4563.0
PF007101,CROP010,Black Gram (Urad),Punjab,2022,7,4563.0,5185.2,5183.9,9.3,56.8,4312.3
PF007102,CROP010,Black Gram (Urad),Punjab,2022,8,4312.3,4563.0,5185.2,-27.0,56.5,4322.7
PF007103,CROP010,Black Gram (Urad),Punjab,2022,9,4322.7,4312.3,4563.0,24.6,60.9,4519.8
PF007104,CROP010,Black Gram (Urad),Punjab,2022,10,4519.8,4322.7,4312.3,7.7,59.3,4375.1
PF007105,CROP010,Black Gram (Urad),Punjab,2022,11,4375.1,4519.8,4322.7,14.4,48.7,4830.6
PF007106,CROP010,Black Gram (Urad),Punjab,2022,12,4830.6,4375.1,4519.8,-2.1,41.4,4485.2
PF007107,CROP010,Black Gram (Urad),Punjab,2023,1,4485.2,4830.6,4375.1,4.4,67.6,5057.4
PF007108,CROP010,Black Gram (Urad),Punjab,2023,2,5057.4,4485.2,4830.6,10.6,63.6,5151.7
PF007109,CROP010,Black Gram (Urad),Punjab,2023,3,5151.7,5057.4,4485.2,-12.0,44.4,5165.2
PF007110,CROP010,Black Gram (Urad),Punjab,2023,4,5165.2,5151.7,5057.4,-9.5,35.2,5176.6
PF007111,CROP010,Black Gram (Urad),Punjab,2023,5,5176.6,5165.2,5151.7,9.0,59.2,5036.6
PF007112,CROP010,Black Gram (Urad),Punjab,2023,6,5036.6,5176.6,5165.2,-0.8,60.3,4950.7
PF007113,CROP010,Black Gram (Urad),Punjab,2023,7,4950.7,5036.6,5176.6,-21.9,77.6,4530.3
PF007114,CROP010,Black Gram (Urad),Punjab,2023,8,4530.3,4950.7,5036.6,18.2,54.5,4427.4
PF007115,CROP010,Black Gram (Urad),Punjab,2023,9,4427.4,4530.3,4950.7,-0.5,29.6,4341.2
PF007116,CROP010,Black Gram (Urad),Punjab,2023,10,4341.2,4427.4,4530.3,-7.3,44.0,4605.8
PF007117,CROP010,Black Gram (Urad),Punjab,2023,11,4605.8,4341.2,4427.4,-16.3,61.3,4564.3
PF007118,CROP010,Black Gram (Urad),Punjab,2023,12,4564.3,4605.8,4341.2,20.6,39.9,4993.6
PF007151,CROP010,Black Gram (Urad),Punjab,2021,4,4304.3,4452.9,3941.8,-18.3,64.2,4164.9
PF007152,CROP010,Black Gram (Urad),Punjab,2021,5,4164.9,4304.3,4452.9,16.0,37.7,4159.8
PF007153,CROP010,Black Gram (Urad),Punjab,2021,6,4159.8,4164.9,4304.3,7.4,47.1,4164.8
PF007154,CROP010,Black Gram (Urad),Punjab,2021,7,4164.8,4159.8,4164.9,-4.6,44.5,3698.9
PF007155,CROP010,Black Gram (Urad),Punjab,2021,8,3698.9,4164.8,4159.8,25.1,59.9,3859.8
PF007156,CROP010,Black Gram (Urad),Punjab,2021,9,3859.8,3698.9,4164.8,-39.2,43.6,3771.0
PF007157,CROP010,Black Gram (Urad),Punjab,2021,10,3771.0,3859.8,3698.9,5.4,40.8,3585.2
PF007158,CROP010,Black Gram (Urad),Punjab,2021,11,3585.2,3771.0,3859.8,0.3,40.3,3985.2
PF007159,CROP010,Black Gram (Urad),Punjab,2021,12,3985.2,3585.2,3771.0,10.9,49.0,4291.8
PF007160,CROP010,Black Gram (Urad),Punjab,2022,1,4291.8,3985.2,3585.2,-11.2,37.2,4124.7
PF007161,CROP010,Black Gram (Urad),Punjab,2022,2,4124.7,4291.8,3985.2,2.5,45.9,4615.6
PF007162,CROP010,Black Gram (Urad),Punjab,2022,3,4615.6,4124.7,4291.8,-10.2,38.8,4752.2
PF007163,CROP010,Black Gram (Urad),Punjab,2022,4,4752.2,4615.6,4124.7,-2.5,33.7,4440.8
PF007164,CROP010,Black Gram (Urad),Punjab,2022,5,4440.8,4752.2,4615.6,-0.7,41.4,4346.5
PF007165,CROP010,Black Gram (Urad),Punjab,2022,6,4346.5,4440.8,4752.2,-35.9,51.6,3842.6
PF007166,CROP010,Black Gram (Urad),Punjab,2022,7,3842.6,4346.5,4440.8,-9.1,56.4,4076.2
PF007167,CROP010,Black Gram (Urad),Punjab,2022,8,4076.2,3842.6,4346.5,12.5,54.5,3617.2
PF007168,CROP010,Black Gram (Urad),Punjab,2022,9,3617.2,4076.2,3842.6,18.9,63.5,3509.5
PF007169,CROP010,Black Gram (Urad),Punjab,2022,10,3509.5,3617.2,4076.2,17.7,37.5,3705.7
PF007170,CROP010,Black Gram (Urad),Punjab,2022,11,3705.7,3509.5,3617.2,2.9,50.1,4062.3
PF007171,CROP010,Black Gram (Urad),Punjab,2022,12,4062.3,3705.7,3509.5,-28.1,61.4,4125.3
PF007172,CROP010,Black Gram (Urad),Punjab,2023,1,4125.3,4062.3,3705.7,6.6,57.3,4168.7
PF007173,CROP010,Black Gram (Urad),Punjab,2023,2,4168.7,4125.3,4062.3,-7.4,51.3,4350.5
PF007174,CROP010,Black Gram (Urad),Punjab,2023,3,4350.5,4168.7,4125.3,1.8,32.6,4562.3
PF007175,CROP010,Black Gram (Urad),Punjab,2023,4,4562.3,4350.5,4168.7,16.0,54.7,4468.5
PF007176,CROP010,Black Gram (Urad),Punjab,2023,5,4468.5,4562.3,4350.5,-33.8,53.1,4189.5
PF007177,CROP010,Black Gram (Urad),Punjab,2023,6,4189.5,4468.5,4562.3,0.4,43.5,4012.4
PF007178,CROP010,Black Gram (Urad),Punjab,2023,7,4012.4,4189.5,4468.5,2.9,51.2,3959.5
PF007179,CROP010,Black Gram (Urad),Punjab,2023,8,3959.5,4012.4,4189.5,1.4,57.1,3657.3
PF007180,CROP010,Black Gram (Urad),Punjab,2023,9,3657.3,3959.5,4012.4,-13.5,55.9,3673.7
PF007181,CROP010,Black Gram (Urad),Punjab,2023,10,3673.7,3657.3,3959.5,9.2,51.0,3515.8
PF007182,CROP010,Black Gram (Urad),Punjab,2023,11,3515.8,3673.7,3657.3,0.4,53.8,3796.2
PF007183,CROP010,Black Gram (Urad),Punjab,2023,12,3796.2,3515.8,3673.7,-13.0,39.0,4243.3
PF007216,CROP010,Black Gram (Urad),Haryana,2021,4,4595.6,4819.5,4817.6,-1.9,64.1,4695.5
PF007217,CROP010,Black Gram (Urad),Haryana,2021,5,4695.5,4595.6,4819.5,-15.5,52.6,4492.5
PF007218,CROP010,Black Gram (Urad),Haryana,2021,6,4492.5,4695.5,4595.6,-6.1,61.0,4526.2
PF007219,CROP010,Black Gram (Urad),Haryana,2021,7,4526.2,4492.5,4695.5,-2.5,36.6,4166.2
PF007220,CROP010,Black Gram (Urad),Haryana,2021,8,4166.2,4526.2,4492.5,12.7,49.2,4247.7
PF007221,CROP010,Black Gram (Urad),Haryana,2021,9,4247.7,4166.2,4526.2,-2.3,61.0,3932.3
PF007222,CROP010,Black Gram (Urad),Haryana,2021,10,3932.3,4247.7,4166.2,-7.2,32.7,3809.9
PF007223,CROP010,Black Gram (Urad),Haryana,2021,11,3809.9,3932.3,4247.7,7.2,62.4,4434.4
PF007224,CROP010,Black Gram (Urad),Haryana,2021,12,4434.4,3809.9,3932.3,6.7,69.6,4241.0
PF007225,CROP010,Black Gram (Urad),Haryana,2022,1,4241.0,4434.4,3809.9,1.4,40.4,4647.8
PF007226,CROP010,Black Gram (Urad),Haryana,2022,2,4647.8,4241.0,4434.4,-2.7,43.1,4614.8
PF007227,CROP010,Black Gram (Urad),Haryana,2022,3,4614.8,4647.8,4241.0,5.8,25.6,4590.4
PF007228,CROP010,Black Gram (Urad),Haryana,2022,4,4590.4,4614.8,4647.8,12.2,57.2,4705.7
PF007229,CROP010,Black Gram (Urad),Haryana,2022,5,4705.7,4590.4,4614.8,8.6,65.1,4761.3
PF007230,CROP010,Black Gram (Urad),Haryana,2022,6,4761.3,4705.7,4590.4,-8.9,42.5,4623.5
PF007231,CROP010,Black Gram (Urad),Haryana,2022,7,4623.5,4761.3,4705.7,-25.1,48.5,4261.4
PF007232,CROP010,Black Gram (Urad),Haryana,2022,8,4261.4,4623.5,4761.3,3.0,50.7,4028.5
PF007233,CROP010,Black Gram (Urad),Haryana,2022,9,4028.5,4261.4,4623.5,-0.9,51.0,3849.4
PF007234,CROP010,Black Gram (Urad),Haryana,2022,10,3849.4,4028.5,4261.4,10.0,37.0,3831.0
PF007235,CROP010,Black Gram (Urad),Haryana,2022,11,3831.0,3849.4,4028.5,5.6,53.2,4169.1
PF007236,CROP010,Black Gram (Urad),Haryana,2022,12,4169.1,3831.0,3849.4,-3.5,41.1,4400.7
PF007237,CROP010,Black Gram (Urad),Haryana,2023,1,4400.7,4169.1,3831.0,-1.7,60.3,4627.6
PF007238,CROP010,Black Gram (Urad),Haryana,2023,2,4627.6,4400.7,4169.1,9.0,52.3,4804.7
PF007239,CROP010,Black Gram (Urad),Haryana,2023,3,4804.7,4627.6,4400.7,12.3,89.0,4818.2
PF007240,CROP010,Black Gram (Urad),Haryana,2023,4,4818.2,4804.7,4627.6,19.5,23.2,4573.8
PF007241,CROP010,Black Gram (Urad),Haryana,2023,5,4573.8,4818.2,4804.7,32.0,61.2,4581.3
PF007242,CROP010,Black Gram (Urad),Haryana,2023,6,4581.3,4573.8,4818.2,5.7,33.0,4424.4
PF007243,CROP010,Black Gram (Urad),Haryana,2023,7,4424.4,4581.3,4573.8,-10.7,81.0,3971.0
PF007244,CROP010,Black Gram (Urad),Haryana,2023,8,3971.0,4424.4,4581.3,-20.7,56.3,4085.9
PF007245,CROP010,Black Gram (Urad),Haryana,2023,9,4085.9,3971.0,4424.4,-31.2,63.7,4225.7
PF007246,CROP010,Black Gram (Urad),Haryana,2023,10,4225.7,4085.9,3971.0,-17.6,48.9,4095.3
PF007247,CROP010,Black Gram (Urad),Haryana,2023,11,4095.3,4225.7,4085.9,31.0,47.8,4512.5
PF007248,CROP010,Black Gram (Urad),Haryana,2023,12,4512.5,4095.3,4225.7,20.4,69.3,4657.2
PF007281,CROP010,Black Gram (Urad),Haryana,2021,4,4609.5,4526.5,4435.8,-11.5,55.3,4378.7
PF007282,CROP010,Black Gram (Urad),Haryana,2021,5,4378.7,4609.5,4526.5,-27.8,66.8,4407.3
PF007283,CROP010,Black Gram (Urad),Haryana,2021,6,4407.3,4378.7,4609.5,-13.3,32.8,4621.6
PF007284,CROP010,Black Gram (Urad),Haryana,2021,7,4621.6,4407.3,4378.7,2.0,57.6,4244.4
PF007285,CROP010,Black Gram (Urad),Haryana,2021,8,4244.4,4621.6,4407.3,-33.3,52.5,3867.7
PF007286,CROP010,Black Gram (Urad),Haryana,2021,9,3867.7,4244.4,4621.6,10.6,40.7,3779.4
PF007287,CROP010,Black Gram (Urad),Haryana,2021,10,3779.4,3867.7,4244.4,2.7,36.7,3957.0
PF007288,CROP010,Black Gram (Urad),Haryana,2021,11,3957.0,3779.4,3867.7,-1.3,51.5,4310.7
PF007289,CROP010,Black Gram (Urad),Haryana,2021,12,4310.7,3957.0,3779.4,7.8,60.3,4260.4
PF007290,CROP010,Black Gram (Urad),Haryana,2022,1,4260.4,4310.7,3957.0,10.8,44.5,4583.6
PF007291,CROP010,Black Gram (Urad),Haryana,2022,2,4583.6,4260.4,4310.7,-1.0,46.2,4773.9
PF007292,CROP010,Black Gram (Urad),Haryana,2022,3,4773.9,4583.6,4260.4,10.6,24.6,4560.7
PF007293,CROP010,Black Gram (Urad),Haryana,2022,4,4560.7,4773.9,4583.6,-15.5,60.5,4864.8
PF007294,CROP010,Black Gram (Urad),Haryana,2022,5,4864.8,4560.7,4773.9,-8.3,51.0,4568.6
PF007295,CROP010,Black Gram (Urad),Haryana,2022,6,4568.6,4864.8,4560.7,4.0,38.9,4344.4
PF007296,CROP010,Black Gram (Urad),Haryana,2022,7,4344.4,4568.6,4864.8,-11.7,46.3,4051.7
PF007297,CROP010,Black Gram (Urad),Haryana,2022,8,4051.7,4344.4,4568.6,5.4,50.9,3897.0
PF007298,CROP010,Black Gram (Urad),Haryana,2022,9,3897.0,4051.7,4344.4,4.4,39.8,3786.6
PF007299,CROP010,Black Gram (Urad),Haryana,2022,10,3786.6,3897.0,4051.7,0.5,47.9,4076.6
PF007300,CROP010,Black Gram (Urad),Haryana,2022,11,4076.6,3786.6,3897.0,-3.8,62.9,3817.4
PF007301,CROP010,Black Gram (Urad),Haryana,2022,12,3817.4,4076.6,3786.6,0.2,50.7,4595.0
PF007302,CROP010,Black Gram (Urad),Haryana,2023,1,4595.0,3817.4,4076.6,-4.4,50.9,4821.0
PF007303,CROP010,Black Gram (Urad),Haryana,2023,2,4821.0,4595.0,3817.4,8.9,45.5,4512.9
PF007304,CROP010,Black Gram (Urad),Haryana,2023,3,4512.9,4821.0,4595.0,33.5,57.7,5427.6
PF007305,CROP010,Black Gram (Urad),Haryana,2023,4,5427.6,4512.9,4821.0,-2.7,56.3,5225.4
PF007306,CROP010,Black Gram (Urad),Haryana,2023,5,5225.4,5427.6,4512.9,-13.0,38.5,4588.2
PF007307,CROP010,Black Gram (Urad),Haryana,2023,6,4588.2,5225.4,5427.6,28.6,40.5,4802.3
PF007308,CROP010,Black Gram (Urad),Haryana,2023,7,4802.3,4588.2,5225.4,-12.3,44.1,4086.6
PF007309,CROP010,Black Gram (Urad),Haryana,2023,8,4086.6,4802.3,4588.2,0.7,46.0,3953.7
PF007310,CROP010,Black Gram (Urad),Haryana,2023,9,3953.7,4086.6,4802.3,20.4,34.7,4309.6
PF007311,CROP010,Black Gram (Urad),Haryana,2023,10,4309.6,3953.7,4086.6,-3.9,48.8,4273.5
PF007312,CROP010,Black Gram (Urad),Haryana,2023,11,4273.5,4309.6,3953.7,14.1,50.7,3958.3
PF007313,CROP010,Black Gram (Urad),Haryana,2023,12,3958.3,4273.5,4309.6,-19.4,68.3,4361.9
PF007346,CROP010,Black Gram (Urad),Uttar Pradesh,2021,4,3801.6,3900.8,3643.2,17.3,71.9,3906.3
PF007347,CROP010,Black Gram (Urad),Uttar Pradesh,2021,5,3906.3,3801.6,3900.8,-14.0,68.6,3860.6
PF007348,CROP010,Black Gram (Urad),Uttar Pradesh,2021,6,3860.6,3906.3,3801.6,16.7,43.1,3579.7
PF007349,CROP010,Black Gram (Urad),Uttar Pradesh,2021,7,3579.7,3860.6,3906.3,9.2,20.3,3449.2
PF007350,CROP010,Black Gram (Urad),Uttar Pradesh,2021,8,3449.2,3579.7,3860.6,8.2,50.9,3196.9
PF007351,CROP010,Black Gram (Urad),Uttar Pradesh,2021,9,3196.9,3449.2,3579.7,47.2,50.8,3220.6
PF007352,CROP010,Black Gram (Urad),Uttar Pradesh,2021,10,3220.6,3196.9,3449.2,-11.0,51.6,3445.1
PF007353,CROP010,Black Gram (Urad),Uttar Pradesh,2021,11,3445.1,3220.6,3196.9,3.6,65.4,3506.3
PF007354,CROP010,Black Gram (Urad),Uttar Pradesh,2021,12,3506.3,3445.1,3220.6,20.8,45.0,3431.8
PF007355,CROP010,Black Gram (Urad),Uttar Pradesh,2022,1,3431.8,3506.3,3445.1,-6.6,49.9,3672.4
PF007356,CROP010,Black Gram (Urad),Uttar Pradesh,2022,2,3672.4,3431.8,3506.3,24.8,78.5,3937.1
PF007357,CROP010,Black Gram (Urad),Uttar Pradesh,2022,3,3937.1,3672.4,3431.8,17.0,44.4,3920.0
PF007358,CROP010,Black Gram (Urad),Uttar Pradesh,2022,4,3920.0,3937.1,3672.4,-9.0,54.2,3877.4
PF007359,CROP010,Black Gram (Urad),Uttar Pradesh,2022,5,3877.4,3920.0,3937.1,14.0,37.0,3631.8
PF007360,CROP010,Black Gram (Urad),Uttar Pradesh,2022,6,3631.8,3877.4,3920.0,-16.7,48.3,3777.8
PF007361,CROP010,Black Gram (Urad),Uttar Pradesh,2022,7,3777.8,3631.8,3877.4,-17.7,34.5,3446.8
PF007362,CROP010,Black Gram (Urad),Uttar Pradesh,2022,8,3446.8,3777.8,3631.8,11.7,46.2,3315.0
PF007363,CROP010,Black Gram (Urad),Uttar Pradesh,2022,9,3315.0,3446.8,3777.8,3.9,44.6,3270.4
PF007364,CROP010,Black Gram (Urad),Uttar Pradesh,2022,10,3270.4,3315.0,3446.8,4.9,65.0,3256.7
PF007365,CROP010,Black Gram (Urad),Uttar Pradesh,2022,11,3256.7,3270.4,3315.0,22.2,82.8,3332.6
PF007366,CROP010,Black Gram (Urad),Uttar Pradesh,2022,12,3332.6,3256.7,3270.4,-7.8,66.3,3661.6
PF007367,CROP010,Black Gram (Urad),Uttar Pradesh,2023,1,3661.6,3332.6,3256.7,9.8,59.2,3751.7
PF007368,CROP010,Black Gram (Urad),Uttar Pradesh,2023,2,3751.7,3661.6,3332.6,2.8,76.4,4111.7
PF007369,CROP010,Black Gram (Urad),Uttar Pradesh,2023,3,4111.7,3751.7,3661.6,3.2,58.9,3909.6
PF007370,CROP010,Black Gram (Urad),Uttar Pradesh,2023,4,3909.6,4111.7,3751.7,-30.2,38.9,3817.0
PF007371,CROP010,Black Gram (Urad),Uttar Pradesh,2023,5,3817.0,3909.6,4111.7,13.8,46.8,3776.9
PF007372,CROP010,Black Gram (Urad),Uttar Pradesh,2023,6,3776.9,3817.0,3909.6,1.0,64.7,3558.7
PF007373,CROP010,Black Gram (Urad),Uttar Pradesh,2023,7,3558.7,3776.9,3817.0,-8.4,36.7,3639.7
PF007374,CROP010,Black Gram (Urad),Uttar Pradesh,2023,8,3639.7,3558.7,3776.9,-21.6,59.0,3425.8
PF007375,CROP010,Black Gram (Urad),Uttar Pradesh,2023,9,3425.8,3639.7,3558.7,-4.2,48.7,3364.2
PF007376,CROP010,Black Gram (Urad),Uttar Pradesh,2023,10,3364.2,3425.8,3639.7,6.9,43.1,3148.3
PF007377,CROP010,Black Gram (Urad),Uttar Pradesh,2023,11,3148.3,3364.2,3425.8,-7.8,55.0,3667.4
PF007378,CROP010,Black Gram (Urad),Uttar Pradesh,2023,12,3667.4,3148.3,3364.2,-0.8,58.0,3664.1
PF007411,CROP010,Black Gram (Urad),Uttar Pradesh,2021,4,4157.3,4324.1,4030.0,15.8,67.4,4208.8
PF007412,CROP010,Black Gram (Urad),Uttar Pradesh,2021,5,4208.8,4157.3,4324.1,5.5,66.2,4142.7
PF007413,CROP010,Black Gram (Urad),Uttar Pradesh,2021,6,4142.7,4208.8,4157.3,13.4,47.7,3866.8
PF007414,CROP010,Black Gram (Urad),Uttar Pradesh,2021,7,3866.8,4142.7,4208.8,-4.5,46.3,3625.5
PF007415,CROP010,Black Gram (Urad),Uttar Pradesh,2021,8,3625.5,3866.8,4142.7,16.0,70.6,3749.4
PF007416,CROP010,Black Gram (Urad),Uttar Pradesh,2021,9,3749.4,3625.5,3866.8,6.1,63.9,3500.5
PF007417,CROP010,Black Gram (Urad),Uttar Pradesh,2021,10,3500.5,3749.4,3625.5,-3.0,38.9,3256.9
PF007418,CROP010,Black Gram (Urad),Uttar Pradesh,2021,11,3256.9,3500.5,3749.4,-4.4,54.9,3608.6
PF007419,CROP010,Black Gram (Urad),Uttar Pradesh,2021,12,3608.6,3256.9,3500.5,-17.6,39.8,4007.8
PF007420,CROP010,Black Gram (Urad),Uttar Pradesh,2022,1,4007.8,3608.6,3256.9,11.0,56.1,4175.3
PF007421,CROP010,Black Gram (Urad),Uttar Pradesh,2022,2,4175.3,4007.8,3608.6,-29.8,63.6,4248.8
PF007422,CROP010,Black Gram (Urad),Uttar Pradesh,2022,3,4248.8,4175.3,4007.8,6.6,57.4,4236.9
PF007423,CROP010,Black Gram (Urad),Uttar Pradesh,2022,4,4236.9,4248.8,4175.3,-6.3,33.2,4297.0
PF007424,CROP010,Black Gram (Urad),Uttar Pradesh,2022,5,4297.0,4236.9,4248.8,27.6,27.5,4067.2
PF007425,CROP010,Black Gram (Urad),Uttar Pradesh,2022,6,4067.2,4297.0,4236.9,6.4,53.2,4134.3
PF007426,CROP010,Black Gram (Urad),Uttar Pradesh,2022,7,4134.3,4067.2,4297.0,-4.1,43.2,3806.1
PF007427,CROP010,Black Gram (Urad),Uttar Pradesh,2022,8,3806.1,4134.3,4067.2,-10.8,78.2,3460.2
PF007428,CROP010,Black Gram (Urad),Uttar Pradesh,2022,9,3460.2,3806.1,4134.3,7.6,49.2,3637.9
PF007429,CROP010,Black Gram (Urad),Uttar Pradesh,2022,10,3637.9,3460.2,3806.1,-3.7,36.8,3683.7
PF007430,CROP010,Black Gram (Urad),Uttar Pradesh,2022,11,3683.7,3637.9,3460.2,18.4,60.3,3608.1
PF007431,CROP010,Black Gram (Urad),Uttar Pradesh,2022,12,3608.1,3683.7,3637.9,7.0,70.0,3705.7
PF007432,CROP010,Black Gram (Urad),Uttar Pradesh,2023,1,3705.7,3608.1,3683.7,-10.6,63.0,4276.2
PF007433,CROP010,Black Gram (Urad),Uttar Pradesh,2023,2,4276.2,3705.7,3608.1,-4.9,52.2,4209.2
PF007434,CROP010,Black Gram (Urad),Uttar Pradesh,2023,3,4209.2,4276.2,3705.7,-15.9,43.7,4511.1
PF007435,CROP010,Black Gram (Urad),Uttar Pradesh,2023,4,4511.1,4209.2,4276.2,4.2,49.5,4115.1
PF007436,CROP010,Black Gram (Urad),Uttar Pradesh,2023,5,4115.1,4511.1,4209.2,2.1,54.5,4142.9
PF007437,CROP010,Black Gram (Urad),Uttar Pradesh,2023,6,4142.9,4115.1,4511.1,14.7,34.5,4305.7
PF007438,CROP010,Black Gram (Urad),Uttar Pradesh,2023,7,4305.7,4142.9,4115.1,9.7,46.8,3775.0
PF007439,CROP010,Black Gram (Urad),Uttar Pradesh,2023,8,3775.0,4305.7,4142.9,12.9,53.2,3806.0
PF007440,CROP010,Black Gram (Urad),Uttar Pradesh,2023,9,3806.0,3775.0,4305.7,-10.3,45.5,3644.4
PF007441,CROP010,Black Gram (Urad),Uttar Pradesh,2023,10,3644.4,3806.0,3775.0,-2.2,43.2,3614.6
PF007442,CROP010,Black Gram (Urad),Uttar Pradesh,2023,11,3614.6,3644.4,3806.0,10.2,63.1,3580.6
PF007443,CROP010,Black Gram (Urad),Uttar Pradesh,2023,12,3580.6,3614.6,3644.4,15.9,51.8,4102.8
PF007476,CROP010,Black Gram (Urad),Uttar Pradesh,2021,4,4233.1,4507.2,4491.6,12.5,58.5,4451.6
PF007477,CROP010,Black Gram (Urad),Uttar Pradesh,2021,5,4451.6,4233.1,4507.2,19.5,36.4,4509.2
PF007478,CROP010,Black Gram (Urad),Uttar Pradesh,2021,6,4509.2,4451.6,4233.1,-1.6,36.0,4621.4
PF007479,CROP010,Black Gram (Urad),Uttar Pradesh,2021,7,4621.4,4509.2,4451.6,42.2,33.6,3981.6
PF007480,CROP010,Black Gram (Urad),Uttar Pradesh,2021,8,3981.6,4621.4,4509.2,-5.5,44.8,3902.7
PF007481,CROP010,Black Gram (Urad),Uttar Pradesh,2021,9,3902.7,3981.6,4621.4,8.6,62.6,3615.4
PF007482,CROP010,Black Gram (Urad),Uttar Pradesh,2021,10,3615.4,3902.7,3981.6,-1.9,72.5,3861.0
PF007483,CROP010,Black Gram (Urad),Uttar Pradesh,2021,11,3861.0,3615.4,3902.7,9.8,64.5,4409.5
PF007484,CROP010,Black Gram (Urad),Uttar Pradesh,2021,12,4409.5,3861.0,3615.4,-1.9,39.6,4331.4
PF007485,CROP010,Black Gram (Urad),Uttar Pradesh,2022,1,4331.4,4409.5,3861.0,-0.5,75.3,4267.5
PF007486,CROP010,Black Gram (Urad),Uttar Pradesh,2022,2,4267.5,4331.4,4409.5,15.1,58.5,4637.1
PF007487,CROP010,Black Gram (Urad),Uttar Pradesh,2022,3,4637.1,4267.5,4331.4,4.4,61.6,4732.0
PF007488,CROP010,Black Gram (Urad),Uttar Pradesh,2022,4,4732.0,4637.1,4267.5,6.7,49.5,4709.6
PF007489,CROP010,Black Gram (Urad),Uttar Pradesh,2022,5,4709.6,4732.0,4637.1,0.3,45.9,4598.6
PF007490,CROP010,Black Gram (Urad),Uttar Pradesh,2022,6,4598.6,4709.6,4732.0,24.6,65.9,4413.5
PF007491,CROP010,Black Gram (Urad),Uttar Pradesh,2022,7,4413.5,4598.6,4709.6,-15.7,50.2,3812.6
PF007492,CROP010,Black Gram (Urad),Uttar Pradesh,2022,8,3812.6,4413.5,4598.6,-10.1,48.0,3820.3
PF007493,CROP010,Black Gram (Urad),Uttar Pradesh,2022,9,3820.3,3812.6,4413.5,27.8,54.9,3795.8
PF007494,CROP010,Black Gram (Urad),Uttar Pradesh,2022,10,3795.8,3820.3,3812.6,5.0,38.0,3918.2
PF007495,CROP010,Black Gram (Urad),Uttar Pradesh,2022,11,3918.2,3795.8,3820.3,2.6,51.9,4226.1
PF007496,CROP010,Black Gram (Urad),Uttar Pradesh,2022,12,4226.1,3918.2,3795.8,-10.4,47.4,4569.4
PF007497,CROP010,Black Gram (Urad),Uttar Pradesh,2023,1,4569.4,4226.1,3918.2,-6.0,41.6,4427.5
PF007498,CROP010,Black Gram (Urad),Uttar Pradesh,2023,2,4427.5,4569.4,4226.1,-18.6,30.1,5056.1
PF007499,CROP010,Black Gram (Urad),Uttar Pradesh,2023,3,5056.1,4427.5,4569.4,-2.8,70.8,4816.9
PF007500,CROP010,Black Gram (Urad),Uttar Pradesh,2023,4,4816.9,5056.1,4427.5,-12.5,40.5,5264.5
PF007501,CROP010,Black Gram (Urad),Uttar Pradesh,2023,5,5264.5,4816.9,5056.1,-5.3,36.8,4794.3
PF007502,CROP010,Black Gram (Urad),Uttar Pradesh,2023,6,4794.3,5264.5,4816.9,16.2,51.2,4157.5
PF007503,CROP010,Black Gram (Urad),Uttar Pradesh,2023,7,4157.5,4794.3,5264.5,-5.2,46.7,4373.6
PF007504,CROP010,Black Gram (Urad),Uttar Pradesh,2023,8,4373.6,4157.5,4794.3,-12.3,46.6,4100.2
PF007505,CROP010,Black Gram (Urad),Uttar Pradesh,2023,9,4100.2,4373.6,4157.5,-33.1,43.2,3819.6
PF007506,CROP010,Black Gram (Urad),Uttar Pradesh,2023,10,3819.6,4100.2,4373.6,-4.0,58.3,3855.1
PF007507,CROP010,Black Gram (Urad),Uttar Pradesh,2023,11,3855.1,3819.6,4100.2,16.1,49.1,4141.1
PF007508,CROP010,Black Gram (Urad),Uttar Pradesh,2023,12,4141.1,3855.1,3819.6,12.9,38.8,4400.3
PF007541,CROP010,Black Gram (Urad),Bihar,2021,4,5016.4,5220.4,5044.2,-3.7,29.2,4711.1
PF007542,CROP010,Black Gram (Urad),Bihar,2021,5,4711.1,5016.4,5220.4,0.3,55.9,4786.9
PF007543,CROP010,Black Gram (Urad),Bihar,2021,6,4786.9,4711.1,5016.4,3.8,68.1,4433.5
PF007544,CROP010,Black Gram (Urad),Bihar,2021,7,4433.5,4786.9,4711.1,-4.6,27.3,4316.2
PF007545,CROP010,Black Gram (Urad),Bihar,2021,8,4316.2,4433.5,4786.9,-12.9,57.0,4091.2
PF007546,CROP010,Black Gram (Urad),Bihar,2021,9,4091.2,4316.2,4433.5,18.9,59.1,4018.8
PF007547,CROP010,Black Gram (Urad),Bihar,2021,10,4018.8,4091.2,4316.2,18.6,31.1,4122.7
PF007548,CROP010,Black Gram (Urad),Bihar,2021,11,4122.7,4018.8,4091.2,-23.9,29.5,4307.7
PF007549,CROP010,Black Gram (Urad),Bihar,2021,12,4307.7,4122.7,4018.8,6.7,42.8,4393.3
PF007550,CROP010,Black Gram (Urad),Bihar,2022,1,4393.3,4307.7,4122.7,3.1,34.3,4623.2
PF007551,CROP010,Black Gram (Urad),Bihar,2022,2,4623.2,4393.3,4307.7,-13.2,29.2,5245.2
PF007552,CROP010,Black Gram (Urad),Bihar,2022,3,5245.2,4623.2,4393.3,12.6,35.3,5410.5
PF007553,CROP010,Black Gram (Urad),Bihar,2022,4,5410.5,5245.2,4623.2,2.5,61.9,5094.5
PF007554,CROP010,Black Gram (Urad),Bihar,2022,5,5094.5,5410.5,5245.2,-2.1,40.5,4984.0
PF007555,CROP010,Black Gram (Urad),Bihar,2022,6,4984.0,5094.5,5410.5,-24.0,52.9,4616.6
PF007556,CROP010,Black Gram (Urad),Bihar,2022,7,4616.6,4984.0,5094.5,16.2,62.1,4410.5
PF007557,CROP010,Black Gram (Urad),Bihar,2022,8,4410.5,4616.6,4984.0,-33.4,33.6,4097.8
PF007558,CROP010,Black Gram (Urad),Bihar,2022,9,4097.8,4410.5,4616.6,-32.6,65.3,4262.1
PF007559,CROP010,Black Gram (Urad),Bihar,2022,10,4262.1,4097.8,4410.5,6.4,82.2,4365.9
PF007560,CROP010,Black Gram (Urad),Bihar,2022,11,4365.9,4262.1,4097.8,5.6,54.7,4350.6
PF007561,CROP010,Black Gram (Urad),Bihar,2022,12,4350.6,4365.9,4262.1,-3.1,40.0,4631.1
PF007562,CROP010,Black Gram (Urad),Bihar,2023,1,4631.1,4350.6,4365.9,-7.4,47.5,4586.8
PF007563,CROP010,Black Gram (Urad),Bihar,2023,2,4586.8,4631.1,4350.6,16.5,61.1,5357.6
PF007564,CROP010,Black Gram (Urad),Bihar,2023,3,5357.6,4586.8,4631.1,6.4,48.0,5186.3
PF007565,CROP010,Black Gram (Urad),Bihar,2023,4,5186.3,5357.6,4586.8,1.4,39.5,5049.0
PF007566,CROP010,Black Gram (Urad),Bihar,2023,5,5049.0,5186.3,5357.6,-12.7,45.2,5114.1
PF007567,CROP010,Black Gram (Urad),Bihar,2023,6,5114.1,5049.0,5186.3,3.5,49.1,4490.6
PF007568,CROP010,Black Gram (Urad),Bihar,2023,7,4490.6,5114.1,5049.0,20.0,41.4,4512.2
PF007569,CROP010,Black Gram (Urad),Bihar,2023,8,4512.2,4490.6,5114.1,-12.3,44.7,4426.1
PF007570,CROP010,Black Gram (Urad),Bihar,2023,9,4426.1,4512.2,4490.6,20.1,57.3,4004.0
PF007571,CROP010,Black Gram (Urad),Bihar,2023,10,4004.0,4426.1,4512.2,-2.1,29.6,4469.4
PF007572,CROP010,Black Gram (Urad),Bihar,2023,11,4469.4,4004.0,4426.1,-5.0,41.9,4199.1
PF007573,CROP010,Black Gram (Urad),Bihar,2023,12,4199.1,4469.4,4004.0,18.4,71.7,4381.1
PF007606,CROP010,Black Gram (Urad),Bihar,2021,4,4539.8,4925.4,4665.2,27.5,62.2,4722.6
PF007607,CROP010,Black Gram (Urad),Bihar,2021,5,4722.6,4539.8,4925.4,13.8,41.8,4812.9
PF007608,CROP010,Black Gram (Urad),Bihar,2021,6,4812.9,4722.6,4539.8,11.7,58.6,4348.2
PF007609,CROP010,Black Gram (Urad),Bihar,2021,7,4348.2,4812.9,4722.6,23.4,55.3,4140.9
PF007610,CROP010,Black Gram (Urad),Bihar,2021,8,4140.9,4348.2,4812.9,1.7,69.4,4296.8
PF007611,CROP010,Black Gram (Urad),Bihar,2021,9,4296.8,4140.9,4348.2,-31.1,37.4,4131.2
PF007612,CROP010,Black Gram (Urad),Bihar,2021,10,4131.2,4296.8,4140.9,9.1,43.0,4121.3
PF007613,CROP010,Black Gram (Urad),Bihar,2021,11,4121.3,4131.2,4296.8,-13.7,43.2,4040.6
PF007614,CROP010,Black Gram (Urad),Bihar,2021,12,4040.6,4121.3,4131.2,-2.6,58.9,4555.3
PF007615,CROP010,Black Gram (Urad),Bihar,2022,1,4555.3,4040.6,4121.3,-1.7,49.3,4874.0
PF007616,CROP010,Black Gram (Urad),Bihar,2022,2,4874.0,4555.3,4040.6,29.3,29.7,4731.3
PF007617,CROP010,Black Gram (Urad),Bihar,2022,3,4731.3,4874.0,4555.3,0.6,54.1,5096.7
PF007618,CROP010,Black Gram (Urad),Bihar,2022,4,5096.7,4731.3,4874.0,8.8,29.4,4523.9
PF007619,CROP010,Black Gram (Urad),Bihar,2022,5,4523.9,5096.7,4731.3,-6.7,47.5,4463.0
PF007620,CROP010,Black Gram (Urad),Bihar,2022,6,4463.0,4523.9,5096.7,-0.4,58.0,4649.4
PF007621,CROP010,Black Gram (Urad),Bihar,2022,7,4649.4,4463.0,4523.9,8.1,23.1,4261.7
PF007622,CROP010,Black Gram (Urad),Bihar,2022,8,4261.7,4649.4,4463.0,-17.9,49.3,4142.3
PF007623,CROP010,Black Gram (Urad),Bihar,2022,9,4142.3,4261.7,4649.4,-24.7,64.5,3953.5
PF007624,CROP010,Black Gram (Urad),Bihar,2022,10,3953.5,4142.3,4261.7,2.2,47.8,4022.5
PF007625,CROP010,Black Gram (Urad),Bihar,2022,11,4022.5,3953.5,4142.3,17.5,48.8,4320.6
PF007626,CROP010,Black Gram (Urad),Bihar,2022,12,4320.6,4022.5,3953.5,11.2,47.4,4532.5
PF007627,CROP010,Black Gram (Urad),Bihar,2023,1,4532.5,4320.6,4022.5,5.9,50.0,4683.4
PF007628,CROP010,Black Gram (Urad),Bihar,2023,2,4683.4,4532.5,4320.6,10.3,74.1,4665.2
PF007629,CROP010,Black Gram (Urad),Bihar,2023,3,4665.2,4683.4,4532.5,-4.5,52.1,4829.1
PF007630,CROP010,Black Gram (Urad),Bihar,2023,4,4829.1,4665.2,4683.4,8.1,54.6,5048.6
PF007631,CROP010,Black Gram (Urad),Bihar,2023,5,5048.6,4829.1,4665.2,-23.7,48.1,4500.4
PF007632,CROP010,Black Gram (Urad),Bihar,2023,6,4500.4,5048.6,4829.1,-5.8,54.8,4580.5
PF007633,CROP010,Black Gram (Urad),Bihar,2023,7,4580.5,4500.4,5048.6,-2.4,51.8,4289.4
PF007634,CROP010,Black Gram (Urad),Bihar,2023,8,4289.4,4580.5,4500.4,-5.5,54.5,3942.7
PF007635,CROP010,Black Gram (Urad),Bihar,2023,9,3942.7,4289.4,4580.5,15.2,58.3,4137.9
PF007636,CROP010,Black Gram (Urad),Bihar,2023,10,4137.9,3942.7,4289.4,-10.6,63.0,4337.1
PF007637,CROP010,Black Gram (Urad),Bihar,2023,11,4337.1,4137.9,3942.7,11.0,65.5,4613.3
PF007638,CROP010,Black Gram (Urad),Bihar,2023,12,4613.3,4337.1,4137.9,6.9,68.2,4615.8
PF007671,CROP010,Black Gram (Urad),West Bengal,2021,4,4404.8,3923.3,3900.6,10.0,36.9,4048.1
PF007672,CROP010,Black Gram (Urad),West Bengal,2021,5,4048.1,4404.8,3923.3,-18.5,46.1,4174.4
PF007673,CROP010,Black Gram (Urad),West Bengal,2021,6,4174.4,4048.1,4404.8,1.2,49.4,3590.6
PF007674,CROP010,Black Gram (Urad),West Bengal,2021,7,3590.6,4174.4,4048.1,-10.9,53.0,3892.0
PF007675,CROP010,Black Gram (Urad),West Bengal,2021,8,3892.0,3590.6,4174.4,12.6,58.0,3461.9
PF007676,CROP010,Black Gram (Urad),West Bengal,2021,9,3461.9,3892.0,3590.6,2.4,32.2,3571.7
PF007677,CROP010,Black Gram (Urad),West Bengal,2021,10,3571.7,3461.9,3892.0,12.9,55.3,3304.0
PF007678,CROP010,Black Gram (Urad),West Bengal,2021,11,3304.0,3571.7,3461.9,-15.3,64.4,3434.2
PF007679,CROP010,Black Gram (Urad),West Bengal,2021,12,3434.2,3304.0,3571.7,7.6,49.2,3731.3
PF007680,CROP010,Black Gram (Urad),West Bengal,2022,1,3731.3,3434.2,3304.0,-3.3,60.8,4407.6
PF007681,CROP010,Black Gram (Urad),West Bengal,2022,2,4407.6,3731.3,3434.2,12.8,46.6,4304.4
PF007682,CROP010,Black Gram (Urad),West Bengal,2022,3,4304.4,4407.6,3731.3,-24.6,53.9,4183.5
PF007683,CROP010,Black Gram (Urad),West Bengal,2022,4,4183.5,4304.4,4407.6,10.8,67.0,4294.0
PF007684,CROP010,Black Gram (Urad),West Bengal,2022,5,4294.0,4183.5,4304.4,2.7,58.6,4053.8
PF007685,CROP010,Black Gram (Urad),West Bengal,2022,6,4053.8,4294.0,4183.5,-11.1,27.9,3883.8
PF007686,CROP010,Black Gram (Urad),West Bengal,2022,7,3883.8,4053.8,4294.0,5.8,39.0,3768.9
PF007687,CROP010,Black Gram (Urad),West Bengal,2022,8,3768.9,3883.8,4053.8,16.2,72.7,3662.0
PF007688,CROP010,Black Gram (Urad),West Bengal,2022,9,3662.0,3768.9,3883.8,8.8,38.5,3505.0
PF007689,CROP010,Black Gram (Urad),West Bengal,2022,10,3505.0,3662.0,3768.9,-7.8,30.5,3518.5
PF007690,CROP010,Black Gram (Urad),West Bengal,2022,11,3518.5,3505.0,3662.0,-19.2,65.6,3519.3
PF007691,CROP010,Black Gram (Urad),West Bengal,2022,12,3519.3,3518.5,3505.0,-1.4,63.9,3845.7
PF007692,CROP010,Black Gram (Urad),West Bengal,2023,1,3845.7,3519.3,3518.5,-28.7,23.8,3932.0
PF007693,CROP010,Black Gram (Urad),West Bengal,2023,2,3932.0,3845.7,3519.3,19.8,58.9,4184.3
PF007694,CROP010,Black Gram (Urad),West Bengal,2023,3,4184.3,3932.0,3845.7,-3.0,66.8,4483.2
PF007695,CROP010,Black Gram (Urad),West Bengal,2023,4,4483.2,4184.3,3932.0,-7.6,37.9,4121.4
PF007696,CROP010,Black Gram (Urad),West Bengal,2023,5,4121.4,4483.2,4184.3,-7.2,40.7,4031.7
PF007697,CROP010,Black Gram (Urad),West Bengal,2023,6,4031.7,4121.4,4483.2,17.6,48.2,3925.7
PF007698,CROP010,Black Gram (Urad),West Bengal,2023,7,3925.7,4031.7,4121.4,14.1,37.2,3534.4
PF007699,CROP010,Black Gram (Urad),West Bengal,2023,8,3534.4,3925.7,4031.7,32.8,59.0,3521.3
PF007700,CROP010,Black Gram (Urad),West Bengal,2023,9,3521.3,3534.4,3925.7,-8.2,31.6,3682.9
PF007701,CROP010,Black Gram (Urad),West Bengal,2023,10,3682.9,3521.3,3534.4,-10.4,46.6,3644.3
PF007702,CROP010,Black Gram (Urad),West Bengal,2023,11,3644.3,3682.9,3521.3,5.0,47.5,3729.4
PF007703,CROP010,Black Gram (Urad),West Bengal,2023,12,3729.4,3644.3,3682.9,-6.3,39.4,3920.7
PF007736,CROP010,Black Gram (Urad),West Bengal,2021,4,5278.6,4838.3,4706.1,10.4,16.9,5007.2
PF007737,CROP010,Black Gram (Urad),West Bengal,2021,5,5007.2,5278.6,4838.3,-13.1,72.1,4904.7
PF007738,CROP010,Black Gram (Urad),West Bengal,2021,6,4904.7,5007.2,5278.6,23.0,41.6,4707.1
PF007739,CROP010,Black Gram (Urad),West Bengal,2021,7,4707.1,4904.7,5007.2,15.4,46.3,4337.2
PF007740,CROP010,Black Gram (Urad),West Bengal,2021,8,4337.2,4707.1,4904.7,-5.7,61.0,4153.9
PF007741,CROP010,Black Gram (Urad),West Bengal,2021,9,4153.9,4337.2,4707.1,-31.7,32.7,4085.4
PF007742,CROP010,Black Gram (Urad),West Bengal,2021,10,4085.4,4153.9,4337.2,-23.9,37.9,4141.7
PF007743,CROP010,Black Gram (Urad),West Bengal,2021,11,4141.7,4085.4,4153.9,12.0,62.1,4223.3
PF007744,CROP010,Black Gram (Urad),West Bengal,2021,12,4223.3,4141.7,4085.4,14.9,61.0,4371.3
PF007745,CROP010,Black Gram (Urad),West Bengal,2022,1,4371.3,4223.3,4141.7,7.1,57.1,4689.3
PF007746,CROP010,Black Gram (Urad),West Bengal,2022,2,4689.3,4371.3,4223.3,2.1,39.0,5088.2
PF007747,CROP010,Black Gram (Urad),West Bengal,2022,3,5088.2,4689.3,4371.3,-6.3,44.3,5118.4
PF007748,CROP010,Black Gram (Urad),West Bengal,2022,4,5118.4,5088.2,4689.3,-32.5,40.7,4987.7
PF007749,CROP010,Black Gram (Urad),West Bengal,2022,5,4987.7,5118.4,5088.2,-12.4,56.8,4888.7
PF007750,CROP010,Black Gram (Urad),West Bengal,2022,6,4888.7,4987.7,5118.4,8.0,41.6,4604.7
PF007751,CROP010,Black Gram (Urad),West Bengal,2022,7,4604.7,4888.7,4987.7,5.5,55.5,4717.0
PF007752,CROP010,Black Gram (Urad),West Bengal,2022,8,4717.0,4604.7,4888.7,-13.2,25.2,4213.1
PF007753,CROP010,Black Gram (Urad),West Bengal,2022,9,4213.1,4717.0,4604.7,-4.2,46.2,4292.5
PF007754,CROP010,Black Gram (Urad),West Bengal,2022,10,4292.5,4213.1,4717.0,6.0,52.4,4350.4
PF007755,CROP010,Black Gram (Urad),West Bengal,2022,11,4350.4,4292.5,4213.1,-3.6,49.3,4771.4
PF007756,CROP010,Black Gram (Urad),West Bengal,2022,12,4771.4,4350.4,4292.5,20.2,49.4,4376.3
PF007757,CROP010,Black Gram (Urad),West Bengal,2023,1,4376.3,4771.4,4350.4,-0.0,62.9,5134.3
PF007758,CROP010,Black Gram (Urad),West Bengal,2023,2,5134.3,4376.3,4771.4,7.3,59.3,5008.0
PF007759,CROP010,Black Gram (Urad),West Bengal,2023,3,5008.0,5134.3,4376.3,-5.3,69.4,5132.0
PF007760,CROP010,Black Gram (Urad),West Bengal,2023,4,5132.0,5008.0,5134.3,8.3,55.2,5296.2
PF007761,CROP010,Black Gram (Urad),West Bengal,2023,5,5296.2,5132.0,5008.0,12.9,47.5,5191.6
PF007762,CROP010,Black Gram (Urad),West Bengal,2023,6,5191.6,5296.2,5132.0,-12.3,43.0,4678.1
PF007763,CROP010,Black Gram (Urad),West Bengal,2023,7,4678.1,5191.6,5296.2,8.1,59.2,4214.6
PF007764,CROP010,Black Gram (Urad),West Bengal,2023,8,4214.6,4678.1,5191.6,9.9,54.5,4371.6
PF007765,CROP010,Black Gram (Urad),West Bengal,2023,9,4371.6,4214.6,4678.1,25.1,52.1,4277.5
PF007766,CROP010,Black Gram (Urad),West Bengal,2023,10,4277.5,4371.6,4214.6,-12.3,44.5,4487.7
PF007767,CROP010,Black Gram (Urad),West Bengal,2023,11,4487.7,4277.5,4371.6,-22.0,36.8,4141.3
PF007768,CROP010,Black Gram (Urad),West Bengal,2023,12,4141.3,4487.7,4277.5,-5.9,65.5,4458.8
PF007801,CROP011,Soybean,Punjab,2021,4,5787.3,5712.7,5221.2,-15.0,34.0,5379.9
PF007802,CROP011,Soybean,Punjab,2021,5,5379.9,5787.3,5712.7,0.2,54.9,5495.5
PF007803,CROP011,Soybean,Punjab,2021,6,5495.5,5379.9,5787.3,4.9,50.2,5395.2
PF007804,CROP011,Soybean,Punjab,2021,7,5395.2,5495.5,5379.9,17.0,60.6,5065.9
PF007805,CROP011,Soybean,Punjab,2021,8,5065.9,5395.2,5495.5,1.5,47.2,4677.7
PF007806,CROP011,Soybean,Punjab,2021,9,4677.7,5065.9,5395.2,18.6,60.9,4373.7
PF007807,CROP011,Soybean,Punjab,2021,10,4373.7,4677.7,5065.9,8.0,59.0,4919.0
PF007808,CROP011,Soybean,Punjab,2021,11,4919.0,4373.7,4677.7,12.7,56.6,4885.8
PF007809,CROP011,Soybean,Punjab,2021,12,4885.8,4919.0,4373.7,-24.1,45.4,5129.3
PF007810,CROP011,Soybean,Punjab,2022,1,5129.3,4885.8,4919.0,-2.0,66.8,5205.7
PF007811,CROP011,Soybean,Punjab,2022,2,5205.7,5129.3,4885.8,8.4,48.0,5486.0
PF007812,CROP011,Soybean,Punjab,2022,3,5486.0,5205.7,5129.3,-21.9,48.3,6039.6
PF007813,CROP011,Soybean,Punjab,2022,4,6039.6,5486.0,5205.7,-21.1,63.9,5945.3
PF007814,CROP011,Soybean,Punjab,2022,5,5945.3,6039.6,5486.0,-20.1,44.8,5532.1
PF007815,CROP011,Soybean,Punjab,2022,6,5532.1,5945.3,6039.6,-1.5,43.5,5237.1
PF007816,CROP011,Soybean,Punjab,2022,7,5237.1,5532.1,5945.3,-16.5,55.0,5238.6
PF007817,CROP011,Soybean,Punjab,2022,8,5238.6,5237.1,5532.1,11.3,46.2,4689.2
PF007818,CROP011,Soybean,Punjab,2022,9,4689.2,5238.6,5237.1,13.6,30.7,4217.9
PF007819,CROP011,Soybean,Punjab,2022,10,4217.9,4689.2,5238.6,-14.0,41.6,5014.0
PF007820,CROP011,Soybean,Punjab,2022,11,5014.0,4217.9,4689.2,25.5,60.0,4794.8
PF007821,CROP011,Soybean,Punjab,2022,12,4794.8,5014.0,4217.9,13.3,55.7,5171.7
PF007822,CROP011,Soybean,Punjab,2023,1,5171.7,4794.8,5014.0,-7.4,45.3,5485.9
PF007823,CROP011,Soybean,Punjab,2023,2,5485.9,5171.7,4794.8,-3.4,59.9,5595.2
PF007824,CROP011,Soybean,Punjab,2023,3,5595.2,5485.9,5171.7,-25.6,44.3,6085.7
PF007825,CROP011,Soybean,Punjab,2023,4,6085.7,5595.2,5485.9,10.9,55.7,5882.8
PF007826,CROP011,Soybean,Punjab,2023,5,5882.8,6085.7,5595.2,21.5,49.8,5640.2
PF007827,CROP011,Soybean,Punjab,2023,6,5640.2,5882.8,6085.7,26.9,79.1,5383.6
PF007828,CROP011,Soybean,Punjab,2023,7,5383.6,5640.2,5882.8,9.1,53.0,4943.7
PF007829,CROP011,Soybean,Punjab,2023,8,4943.7,5383.6,5640.2,-11.3,68.1,5024.1
PF007830,CROP011,Soybean,Punjab,2023,9,5024.1,4943.7,5383.6,29.7,52.3,4703.8
PF007831,CROP011,Soybean,Punjab,2023,10,4703.8,5024.1,4943.7,-7.4,53.4,4556.9
PF007832,CROP011,Soybean,Punjab,2023,11,4556.9,4703.8,5024.1,5.7,32.9,4993.2
PF007833,CROP011,Soybean,Punjab,2023,12,4993.2,4556.9,4703.8,-1.0,45.9,5651.4
PF007866,CROP011,Soybean,Punjab,2021,4,6360.9,5911.4,5946.4,23.9,38.6,5804.7
PF007867,CROP011,Soybean,Punjab,2021,5,5804.7,6360.9,5911.4,13.1,46.1,5935.2
PF007868,CROP011,Soybean,Punjab,2021,6,5935.2,5804.7,6360.9,18.7,52.6,5601.4
PF007869,CROP011,Soybean,Punjab,2021,7,5601.4,5935.2,5804.7,14.9,49.8,5492.2
PF007870,CROP011,Soybean,Punjab,2021,8,5492.2,5601.4,5935.2,-0.9,54.1,5131.7
PF007871,CROP011,Soybean,Punjab,2021,9,5131.7,5492.2,5601.4,-7.7,48.7,5138.6
PF007872,CROP011,Soybean,Punjab,2021,10,5138.6,5131.7,5492.2,-16.4,32.0,5114.4
PF007873,CROP011,Soybean,Punjab,2021,11,5114.4,5138.6,5131.7,-16.3,60.4,5577.6
PF007874,CROP011,Soybean,Punjab,2021,12,5577.6,5114.4,5138.6,-9.4,54.5,5885.8
PF007875,CROP011,Soybean,Punjab,2022,1,5885.8,5577.6,5114.4,-2.4,45.9,5863.1
PF007876,CROP011,Soybean,Punjab,2022,2,5863.1,5885.8,5577.6,-0.5,40.9,6524.7
PF007877,CROP011,Soybean,Punjab,2022,3,6524.7,5863.1,5885.8,7.7,46.4,5852.8
PF007878,CROP011,Soybean,Punjab,2022,4,5852.8,6524.7,5863.1,38.0,46.8,6083.0
PF007879,CROP011,Soybean,Punjab,2022,5,6083.0,5852.8,6524.7,-6.1,44.3,5854.9
PF007880,CROP011,Soybean,Punjab,2022,6,5854.9,6083.0,5852.8,-11.5,39.6,5712.1
PF007881,CROP011,Soybean,Punjab,2022,7,5712.1,5854.9,6083.0,1.3,42.6,5701.4
PF007882,CROP011,Soybean,Punjab,2022,8,5701.4,5712.1,5854.9,-13.2,60.8,5518.1
PF007883,CROP011,Soybean,Punjab,2022,9,5518.1,5701.4,5712.1,0.1,54.4,4810.2
PF007884,CROP011,Soybean,Punjab,2022,10,4810.2,5518.1,5701.4,5.4,58.8,5446.2
PF007885,CROP011,Soybean,Punjab,2022,11,5446.2,4810.2,5518.1,27.0,66.6,5392.6
PF007886,CROP011,Soybean,Punjab,2022,12,5392.6,5446.2,4810.2,-8.1,43.9,5972.3
PF007887,CROP011,Soybean,Punjab,2023,1,5972.3,5392.6,5446.2,-8.9,66.8,6399.4
PF007888,CROP011,Soybean,Punjab,2023,2,6399.4,5972.3,5392.6,-8.4,48.2,6072.9
PF007889,CROP011,Soybean,Punjab,2023,3,6072.9,6399.4,5972.3,-4.7,35.6,6681.2
PF007890,CROP011,Soybean,Punjab,2023,4,6681.2,6072.9,6399.4,37.5,54.3,6309.9
PF007891,CROP011,Soybean,Punjab,2023,5,6309.9,6681.2,6072.9,-2.8,50.5,5982.4
PF007892,CROP011,Soybean,Punjab,2023,6,5982.4,6309.9,6681.2,33.8,34.9,5316.3
PF007893,CROP011,Soybean,Punjab,2023,7,5316.3,5982.4,6309.9,9.0,48.7,5254.7
PF007894,CROP011,Soybean,Punjab,2023,8,5254.7,5316.3,5982.4,6.0,51.8,5182.7
PF007895,CROP011,Soybean,Punjab,2023,9,5182.7,5254.7,5316.3,-9.0,29.8,5245.1
PF007896,CROP011,Soybean,Punjab,2023,10,5245.1,5182.7,5254.7,-18.0,63.3,4823.2
PF007897,CROP011,Soybean,Punjab,2023,11,4823.2,5245.1,5182.7,30.6,49.9,5752.3
PF007898,CROP011,Soybean,Punjab,2023,12,5752.3,4823.2,5245.1,-4.2,50.0,5526.9
PF007931,CROP011,Soybean,Punjab,2021,4,5894.9,5971.3,5720.4,-6.9,49.0,5917.1
PF007932,CROP011,Soybean,Punjab,2021,5,5917.1,5894.9,5971.3,14.2,55.0,6025.9
PF007933,CROP011,Soybean,Punjab,2021,6,6025.9,5917.1,5894.9,0.3,47.0,5556.3
PF007934,CROP011,Soybean,Punjab,2021,7,5556.3,6025.9,5917.1,9.9,68.5,5012.9
PF007935,CROP011,Soybean,Punjab,2021,8,5012.9,5556.3,6025.9,14.2,54.8,4747.5
PF007936,CROP011,Soybean,Punjab,2021,9,4747.5,5012.9,5556.3,3.7,81.6,4747.7
PF007937,CROP011,Soybean,Punjab,2021,10,4747.7,4747.5,5012.9,-13.7,45.7,4661.8
PF007938,CROP011,Soybean,Punjab,2021,11,4661.8,4747.7,4747.5,-38.3,39.5,5277.4
PF007939,CROP011,Soybean,Punjab,2021,12,5277.4,4661.8,4747.7,-2.7,48.9,5101.8
PF007940,CROP011,Soybean,Punjab,2022,1,5101.8,5277.4,4661.8,22.5,49.1,5747.5
PF007941,CROP011,Soybean,Punjab,2022,2,5747.5,5101.8,5277.4,8.0,55.0,5696.5
PF007942,CROP011,Soybean,Punjab,2022,3,5696.5,5747.5,5101.8,0.2,55.4,6093.3
PF007943,CROP011,Soybean,Punjab,2022,4,6093.3,5696.5,5747.5,3.7,52.0,6055.8
PF007944,CROP011,Soybean,Punjab,2022,5,6055.8,6093.3,5696.5,28.4,53.2,5797.9
PF007945,CROP011,Soybean,Punjab,2022,6,5797.9,6055.8,6093.3,-1.8,49.1,5301.9
PF007946,CROP011,Soybean,Punjab,2022,7,5301.9,5797.9,6055.8,-20.0,58.5,5051.8
PF007947,CROP011,Soybean,Punjab,2022,8,5051.8,5301.9,5797.9,-5.7,54.2,5213.6
PF007948,CROP011,Soybean,Punjab,2022,9,5213.6,5051.8,5301.9,21.7,41.5,4482.1
PF007949,CROP011,Soybean,Punjab,2022,10,4482.1,5213.6,5051.8,-5.9,49.9,4821.5
PF007950,CROP011,Soybean,Punjab,2022,11,4821.5,4482.1,5213.6,0.2,37.4,5137.1
PF007951,CROP011,Soybean,Punjab,2022,12,5137.1,4821.5,4482.1,-23.1,50.8,4953.5
PF007952,CROP011,Soybean,Punjab,2023,1,4953.5,5137.1,4821.5,-26.9,43.4,5802.9
PF007953,CROP011,Soybean,Punjab,2023,2,5802.9,4953.5,5137.1,-12.3,49.3,5868.3
PF007954,CROP011,Soybean,Punjab,2023,3,5868.3,5802.9,4953.5,-13.5,64.4,5740.8
PF007955,CROP011,Soybean,Punjab,2023,4,5740.8,5868.3,5802.9,-4.1,47.5,5701.2
PF007956,CROP011,Soybean,Punjab,2023,5,5701.2,5740.8,5868.3,23.8,51.4,5896.0
PF007957,CROP011,Soybean,Punjab,2023,6,5896.0,5701.2,5740.8,-2.0,54.3,5454.1
PF007958,CROP011,Soybean,Punjab,2023,7,5454.1,5896.0,5701.2,27.7,23.7,4993.7
PF007959,CROP011,Soybean,Punjab,2023,8,4993.7,5454.1,5896.0,5.0,34.2,5034.4
PF007960,CROP011,Soybean,Punjab,2023,9,5034.4,4993.7,5454.1,8.5,60.7,4857.0
PF007961,CROP011,Soybean,Punjab,2023,10,4857.0,5034.4,4993.7,0.9,50.1,5174.2
PF007962,CROP011,Soybean,Punjab,2023,11,5174.2,4857.0,5034.4,-10.2,65.3,5140.0
PF007963,CROP011,Soybean,Punjab,2023,12,5140.0,5174.2,4857.0,12.3,46.2,5556.2
PF007996,CROP011,Soybean,Haryana,2021,4,6170.9,5687.6,5810.4,0.7,27.6,6273.3
PF007997,CROP011,Soybean,Haryana,2021,5,6273.3,6170.9,5687.6,15.1,35.4,5507.2
PF007998,CROP011,Soybean,Haryana,2021,6,5507.2,6273.3,6170.9,-4.4,45.0,5534.5
PF007999,CROP011,Soybean,Haryana,2021,7,5534.5,5507.2,6273.3,10.8,56.7,4750.5
PF008000,CROP011,Soybean,Haryana,2021,8,4750.5,5534.5,5507.2,8.0,35.6,5012.6
PF008001,CROP011,Soybean,Haryana,2021,9,5012.6,4750.5,5534.5,-15.0,59.1,5158.1
PF008002,CROP011,Soybean,Haryana,2021,10,5158.1,5012.6,4750.5,13.9,71.0,4879.9
PF008003,CROP011,Soybean,Haryana,2021,11,4879.9,5158.1,5012.6,-10.0,48.8,5031.2
PF008004,CROP011,Soybean,Haryana,2021,12,5031.2,4879.9,5158.1,10.7,43.3,5262.4
PF008005,CROP011,Soybean,Haryana,2022,1,5262.4,5031.2,4879.9,9.9,25.8,5906.0
PF008006,CROP011,Soybean,Haryana,2022,2,5906.0,5262.4,5031.2,5.6,47.0,6223.1
PF008007,CROP011,Soybean,Haryana,2022,3,6223.1,5906.0,5262.4,-3.9,63.1,5784.9
PF008008,CROP011,Soybean,Haryana,2022,4,5784.9,6223.1,5906.0,10.4,41.3,5781.4
PF008009,CROP011,Soybean,Haryana,2022,5,5781.4,5784.9,6223.1,-25.1,50.6,5904.1
PF008010,CROP011,Soybean,Haryana,2022,6,5904.1,5781.4,5784.9,-7.5,60.6,5372.1
PF008011,CROP011,Soybean,Haryana,2022,7,5372.1,5904.1,5781.4,-20.1,56.9,5567.5
PF008012,CROP011,Soybean,Haryana,2022,8,5567.5,5372.1,5904.1,3.6,66.5,4841.7
PF008013,CROP011,Soybean,Haryana,2022,9,4841.7,5567.5,5372.1,-11.4,42.2,5304.4
PF008014,CROP011,Soybean,Haryana,2022,10,5304.4,4841.7,5567.5,8.4,48.5,4999.0
PF008015,CROP011,Soybean,Haryana,2022,11,4999.0,5304.4,4841.7,20.4,42.5,5404.5
PF008016,CROP011,Soybean,Haryana,2022,12,5404.5,4999.0,5304.4,14.6,50.8,5544.4
PF008017,CROP011,Soybean,Haryana,2023,1,5544.4,5404.5,4999.0,-17.2,70.0,5797.8
PF008018,CROP011,Soybean,Haryana,2023,2,5797.8,5544.4,5404.5,9.8,68.8,6549.2
PF008019,CROP011,Soybean,Haryana,2023,3,6549.2,5797.8,5544.4,29.5,52.5,6513.7
PF008020,CROP011,Soybean,Haryana,2023,4,6513.7,6549.2,5797.8,16.9,40.0,5731.5
PF008021,CROP011,Soybean,Haryana,2023,5,5731.5,6513.7,6549.2,-10.2,59.1,5911.0
PF008022,CROP011,Soybean,Haryana,2023,6,5911.0,5731.5,6513.7,27.6,62.9,5829.2
PF008023,CROP011,Soybean,Haryana,2023,7,5829.2,5911.0,5731.5,-20.4,25.7,5120.2
PF008024,CROP011,Soybean,Haryana,2023,8,5120.2,5829.2,5911.0,-25.1,65.3,5106.2
PF008025,CROP011,Soybean,Haryana,2023,9,5106.2,5120.2,5829.2,-0.0,26.3,4855.1
PF008026,CROP011,Soybean,Haryana,2023,10,4855.1,5106.2,5120.2,-8.2,37.7,5284.1
PF008027,CROP011,Soybean,Haryana,2023,11,5284.1,4855.1,5106.2,2.3,54.5,5186.4
PF008028,CROP011,Soybean,Haryana,2023,12,5186.4,5284.1,4855.1,-20.1,48.4,5662.0
PF008061,CROP011,Soybean,Haryana,2021,4,6130.9,6512.0,5910.4,-7.3,59.1,6223.7
PF008062,CROP011,Soybean,Haryana,2021,5,6223.7,6130.9,6512.0,8.0,49.0,6019.4
PF008063,CROP011,Soybean,Haryana,2021,6,6019.4,6223.7,6130.9,-9.1,57.4,5796.8
PF008064,CROP011,Soybean,Haryana,2021,7,5796.8,6019.4,6223.7,-4.7,70.6,5330.6
PF008065,CROP011,Soybean,Haryana,2021,8,5330.6,5796.8,6019.4,7.3,47.8,5102.0
PF008066,CROP011,Soybean,Haryana,2021,9,5102.0,5330.6,5796.8,23.4,33.0,5447.4
PF008067,CROP011,Soybean,Haryana,2021,10,5447.4,5102.0,5330.6,4.6,29.6,5080.9
PF008068,CROP011,Soybean,Haryana,2021,11,5080.9,5447.4,5102.0,10.5,39.0,5538.7
PF008069,CROP011,Soybean,Haryana,2021,12,5538.7,5080.9,5447.4,10.6,43.5,5579.2
PF008070,CROP011,Soybean,Haryana,2022,1,5579.2,5538.7,5080.9,-4.8,47.2,6356.8
PF008071,CROP011,Soybean,Haryana,2022,2,6356.8,5579.2,5538.7,23.0,67.3,6229.7
PF008072,CROP011,Soybean,Haryana,2022,3,6229.7,6356.8,5579.2,-17.8,32.0,6300.4
PF008073,CROP011,Soybean,Haryana,2022,4,6300.4,6229.7,6356.8,-16.9,47.4,6279.0
PF008074,CROP011,Soybean,Haryana,2022,5,6279.0,6300.4,6229.7,-37.5,80.1,6411.5
PF008075,CROP011,Soybean,Haryana,2022,6,6411.5,6279.0,6300.4,-2.2,69.2,5518.8
PF008076,CROP011,Soybean,Haryana,2022,7,5518.8,6411.5,6279.0,6.0,28.8,5322.9
PF008077,CROP011,Soybean,Haryana,2022,8,5322.9,5518.8,6411.5,1.4,50.8,5005.2
PF008078,CROP011,Soybean,Haryana,2022,9,5005.2,5322.9,5518.8,-22.5,48.1,5249.5
PF008079,CROP011,Soybean,Haryana,2022,10,5249.5,5005.2,5322.9,23.7,73.5,5201.8
PF008080,CROP011,Soybean,Haryana,2022,11,5201.8,5249.5,5005.2,18.2,38.9,5485.6
PF008081,CROP011,Soybean,Haryana,2022,12,5485.6,5201.8,5249.5,12.4,45.8,5591.5
PF008082,CROP011,Soybean,Haryana,2023,1,5591.5,5485.6,5201.8,14.5,38.5,6489.2
PF008083,CROP011,Soybean,Haryana,2023,2,6489.2,5591.5,5485.6,4.0,72.9,5885.4
PF008084,CROP011,Soybean,Haryana,2023,3,5885.4,6489.2,5591.5,-11.2,69.9,6012.4
PF008085,CROP011,Soybean,Haryana,2023,4,6012.4,5885.4,6489.2,-13.6,69.7,6348.5
PF008086,CROP011,Soybean,Haryana,2023,5,6348.5,6012.4,5885.4,19.8,49.6,6420.7
PF008087,CROP011,Soybean,Haryana,2023,6,6420.7,6348.5,6012.4,5.1,44.3,5651.7
PF008088,CROP011,Soybean,Haryana,2023,7,5651.7,6420.7,6348.5,-3.7,64.7,5243.3
PF008089,CROP011,Soybean,Haryana,2023,8,5243.3,5651.7,6420.7,12.2,57.5,5226.8
PF008090,CROP011,Soybean,Haryana,2023,9,5226.8,5243.3,5651.7,2.6,49.5,5282.5
PF008091,CROP011,Soybean,Haryana,2023,10,5282.5,5226.8,5243.3,-0.2,37.6,5304.4
PF008092,CROP011,Soybean,Haryana,2023,11,5304.4,5282.5,5226.8,-20.8,51.7,5692.0
PF008093,CROP011,Soybean,Haryana,2023,12,5692.0,5304.4,5282.5,-38.8,40.1,5940.7
PF008126,CROP011,Soybean,Uttar Pradesh,2021,4,7296.9,6843.9,6676.2,-11.6,42.6,6396.2
PF008127,CROP011,Soybean,Uttar Pradesh,2021,5,6396.2,7296.9,6843.9,-7.4,55.1,6621.3
PF008128,CROP011,Soybean,Uttar Pradesh,2021,6,6621.3,6396.2,7296.9,-2.3,46.4,6489.1
PF008129,CROP011,Soybean,Uttar Pradesh,2021,7,6489.1,6621.3,6396.2,-16.3,59.1,5992.2
PF008130,CROP011,Soybean,Uttar Pradesh,2021,8,5992.2,6489.1,6621.3,3.6,44.0,5973.2
PF008131,CROP011,Soybean,Uttar Pradesh,2021,9,5973.2,5992.2,6489.1,23.6,54.5,5560.0
PF008132,CROP011,Soybean,Uttar Pradesh,2021,10,5560.0,5973.2,5992.2,-15.4,70.1,6168.6
PF008133,CROP011,Soybean,Uttar Pradesh,2021,11,6168.6,5560.0,5973.2,21.6,64.3,5907.8
PF008134,CROP011,Soybean,Uttar Pradesh,2021,12,5907.8,6168.6,5560.0,-0.7,42.2,6130.6
PF008135,CROP011,Soybean,Uttar Pradesh,2022,1,6130.6,5907.8,6168.6,12.1,38.5,6828.3
PF008136,CROP011,Soybean,Uttar Pradesh,2022,2,6828.3,6130.6,5907.8,-4.4,56.2,7197.5
PF008137,CROP011,Soybean,Uttar Pradesh,2022,3,7197.5,6828.3,6130.6,10.9,35.1,7057.7
PF008138,CROP011,Soybean,Uttar Pradesh,2022,4,7057.7,7197.5,6828.3,-4.5,54.0,7583.9
PF008139,CROP011,Soybean,Uttar Pradesh,2022,5,7583.9,7057.7,7197.5,-23.9,28.8,6304.1
PF008140,CROP011,Soybean,Uttar Pradesh,2022,6,6304.1,7583.9,7057.7,-9.0,46.7,6841.4
PF008141,CROP011,Soybean,Uttar Pradesh,2022,7,6841.4,6304.1,7583.9,13.6,26.6,6203.5
PF008142,CROP011,Soybean,Uttar Pradesh,2022,8,6203.5,6841.4,6304.1,-28.7,32.7,5722.5
PF008143,CROP011,Soybean,Uttar Pradesh,2022,9,5722.5,6203.5,6841.4,23.2,44.1,5815.7
PF008144,CROP011,Soybean,Uttar Pradesh,2022,10,5815.7,5722.5,6203.5,24.2,75.4,5673.8
PF008145,CROP011,Soybean,Uttar Pradesh,2022,11,5673.8,5815.7,5722.5,0.3,42.6,6063.0
PF008146,CROP011,Soybean,Uttar Pradesh,2022,12,6063.0,5673.8,5815.7,-8.9,60.8,6604.9
PF008147,CROP011,Soybean,Uttar Pradesh,2023,1,6604.9,6063.0,5673.8,18.8,53.4,7383.6
PF008148,CROP011,Soybean,Uttar Pradesh,2023,2,7383.6,6604.9,6063.0,-34.6,49.9,7224.9
PF008149,CROP011,Soybean,Uttar Pradesh,2023,3,7224.9,7383.6,6604.9,20.0,54.9,6898.9
PF008150,CROP011,Soybean,Uttar Pradesh,2023,4,6898.9,7224.9,7383.6,-6.8,52.3,6932.0
PF008151,CROP011,Soybean,Uttar Pradesh,2023,5,6932.0,6898.9,7224.9,3.7,54.7,6858.5
PF008152,CROP011,Soybean,Uttar Pradesh,2023,6,6858.5,6932.0,6898.9,-17.4,60.5,6361.1
PF008153,CROP011,Soybean,Uttar Pradesh,2023,7,6361.1,6858.5,6932.0,-18.3,32.3,6206.6
PF008154,CROP011,Soybean,Uttar Pradesh,2023,8,6206.6,6361.1,6858.5,20.7,47.3,5988.5
PF008155,CROP011,Soybean,Uttar Pradesh,2023,9,5988.5,6206.6,6361.1,-7.3,48.5,5906.7
PF008156,CROP011,Soybean,Uttar Pradesh,2023,10,5906.7,5988.5,6206.6,20.4,56.0,5944.0
PF008157,CROP011,Soybean,Uttar Pradesh,2023,11,5944.0,5906.7,5988.5,-0.7,75.7,6221.1
PF008158,CROP011,Soybean,Uttar Pradesh,2023,12,6221.1,5944.0,5906.7,23.7,57.1,6326.2
PF008191,CROP011,Soybean,Uttar Pradesh,2021,4,7068.6,7117.1,6991.8,-7.5,36.2,6632.2
PF008192,CROP011,Soybean,Uttar Pradesh,2021,5,6632.2,7068.6,7117.1,7.0,46.8,6610.2
PF008193,CROP011,Soybean,Uttar Pradesh,2021,6,6610.2,6632.2,7068.6,16.3,20.7,6405.4
PF008194,CROP011,Soybean,Uttar Pradesh,2021,7,6405.4,6610.2,6632.2,6.3,57.0,6090.1
PF008195,CROP011,Soybean,Uttar Pradesh,2021,8,6090.1,6405.4,6610.2,-0.7,26.7,5410.9
PF008196,CROP011,Soybean,Uttar Pradesh,2021,9,5410.9,6090.1,6405.4,0.4,51.4,5712.1
PF008197,CROP011,Soybean,Uttar Pradesh,2021,10,5712.1,5410.9,6090.1,-15.7,52.8,5648.8
PF008198,CROP011,Soybean,Uttar Pradesh,2021,11,5648.8,5712.1,5410.9,19.6,66.5,5689.2
PF008199,CROP011,Soybean,Uttar Pradesh,2021,12,5689.2,5648.8,5712.1,21.7,43.3,6277.2
PF008200,CROP011,Soybean,Uttar Pradesh,2022,1,6277.2,5689.2,5648.8,15.3,69.4,6679.5
PF008201,CROP011,Soybean,Uttar Pradesh,2022,2,6679.5,6277.2,5689.2,21.5,45.7,6599.8
PF008202,CROP011,Soybean,Uttar Pradesh,2022,3,6599.8,6679.5,6277.2,-23.3,39.6,6971.5
PF008203,CROP011,Soybean,Uttar Pradesh,2022,4,6971.5,6599.8,6679.5,0.0,64.4,7286.5
PF008204,CROP011,Soybean,Uttar Pradesh,2022,5,7286.5,6971.5,6599.8,-30.7,38.8,6961.2
PF008205,CROP011,Soybean,Uttar Pradesh,2022,6,6961.2,7286.5,6971.5,19.7,49.0,6588.0
PF008206,CROP011,Soybean,Uttar Pradesh,2022,7,6588.0,6961.2,7286.5,11.8,64.7,6188.6
PF008207,CROP011,Soybean,Uttar Pradesh,2022,8,6188.6,6588.0,6961.2,-12.8,43.3,5517.8
PF008208,CROP011,Soybean,Uttar Pradesh,2022,9,5517.8,6188.6,6588.0,8.7,50.2,5797.6
PF008209,CROP011,Soybean,Uttar Pradesh,2022,10,5797.6,5517.8,6188.6,18.8,55.8,6119.1
PF008210,CROP011,Soybean,Uttar Pradesh,2022,11,6119.1,5797.6,5517.8,18.1,94.7,6144.7
PF008211,CROP011,Soybean,Uttar Pradesh,2022,12,6144.7,6119.1,5797.6,-13.0,79.2,6092.6
PF008212,CROP011,Soybean,Uttar Pradesh,2023,1,6092.6,6144.7,6119.1,4.5,55.7,7336.5
PF008213,CROP011,Soybean,Uttar Pradesh,2023,2,7336.5,6092.6,6144.7,6.1,42.4,7688.9
PF008214,CROP011,Soybean,Uttar Pradesh,2023,3,7688.9,7336.5,6092.6,-14.3,46.6,6511.1
PF008215,CROP011,Soybean,Uttar Pradesh,2023,4,6511.1,7688.9,7336.5,-9.3,64.5,6853.8
PF008216,CROP011,Soybean,Uttar Pradesh,2023,5,6853.8,6511.1,7688.9,6.1,53.5,6818.0
PF008217,CROP011,Soybean,Uttar Pradesh,2023,6,6818.0,6853.8,6511.1,19.2,69.5,6953.3
PF008218,CROP011,Soybean,Uttar Pradesh,2023,7,6953.3,6818.0,6853.8,-15.3,53.3,6406.6
PF008219,CROP011,Soybean,Uttar Pradesh,2023,8,6406.6,6953.3,6818.0,-2.3,49.3,5631.6
PF008220,CROP011,Soybean,Uttar Pradesh,2023,9,5631.6,6406.6,6953.3,19.2,21.7,5991.1
PF008221,CROP011,Soybean,Uttar Pradesh,2023,10,5991.1,5631.6,6406.6,16.3,77.7,6135.6
PF008222,CROP011,Soybean,Uttar Pradesh,2023,11,6135.6,5991.1,5631.6,-1.8,48.4,6027.8
PF008223,CROP011,Soybean,Uttar Pradesh,2023,12,6027.8,6135.6,5991.1,-15.3,61.6,6607.5
PF008256,CROP011,Soybean,Uttar Pradesh,2021,4,6232.5,6879.1,7147.7,7.9,39.0,6677.9
PF008257,CROP011,Soybean,Uttar Pradesh,2021,5,6677.9,6232.5,6879.1,-20.8,43.3,6796.0
PF008258,CROP011,Soybean,Uttar Pradesh,2021,6,6796.0,6677.9,6232.5,12.7,40.2,6445.3
PF008259,CROP011,Soybean,Uttar Pradesh,2021,7,6445.3,6796.0,6677.9,-17.3,59.1,6085.3
PF008260,CROP011,Soybean,Uttar Pradesh,2021,8,6085.3,6445.3,6796.0,-4.8,59.0,5819.9
PF008261,CROP011,Soybean,Uttar Pradesh,2021,9,5819.9,6085.3,6445.3,-8.0,36.0,5550.2
PF008262,CROP011,Soybean,Uttar Pradesh,2021,10,5550.2,5819.9,6085.3,-1.4,60.2,5706.3
PF008263,CROP011,Soybean,Uttar Pradesh,2021,11,5706.3,5550.2,5819.9,-16.5,58.2,6150.7
PF008264,CROP011,Soybean,Uttar Pradesh,2021,12,6150.7,5706.3,5550.2,-29.1,64.4,6288.9
PF008265,CROP011,Soybean,Uttar Pradesh,2022,1,6288.9,6150.7,5706.3,15.7,56.9,7032.3
PF008266,CROP011,Soybean,Uttar Pradesh,2022,2,7032.3,6288.9,6150.7,-9.2,34.3,6757.5
PF008267,CROP011,Soybean,Uttar Pradesh,2022,3,6757.5,7032.3,6288.9,-2.2,71.1,6796.7
PF008268,CROP011,Soybean,Uttar Pradesh,2022,4,6796.7,6757.5,7032.3,-17.9,34.5,6979.0
PF008269,CROP011,Soybean,Uttar Pradesh,2022,5,6979.0,6796.7,6757.5,-22.3,52.6,6930.6
PF008270,CROP011,Soybean,Uttar Pradesh,2022,6,6930.6,6979.0,6796.7,5.1,71.2,6742.0
PF008271,CROP011,Soybean,Uttar Pradesh,2022,7,6742.0,6930.6,6979.0,-3.6,64.3,6001.6
PF008272,CROP011,Soybean,Uttar Pradesh,2022,8,6001.6,6742.0,6930.6,5.3,52.9,5709.0
PF008273,CROP011,Soybean,Uttar Pradesh,2022,9,5709.0,6001.6,6742.0,-16.0,48.8,5602.6
PF008274,CROP011,Soybean,Uttar Pradesh,2022,10,5602.6,5709.0,6001.6,-4.8,41.2,5938.4
PF008275,CROP011,Soybean,Uttar Pradesh,2022,11,5938.4,5602.6,5709.0,19.1,36.4,6004.4
PF008276,CROP011,Soybean,Uttar Pradesh,2022,12,6004.4,5938.4,5602.6,16.6,71.4,5903.7
PF008277,CROP011,Soybean,Uttar Pradesh,2023,1,5903.7,6004.4,5938.4,21.7,33.4,6950.2
PF008278,CROP011,Soybean,Uttar Pradesh,2023,2,6950.2,5903.7,6004.4,-5.0,76.1,7000.9
PF008279,CROP011,Soybean,Uttar Pradesh,2023,3,7000.9,6950.2,5903.7,-18.9,38.7,7119.0
PF008280,CROP011,Soybean,Uttar Pradesh,2023,4,7119.0,7000.9,6950.2,-7.5,65.2,7044.3
PF008281,CROP011,Soybean,Uttar Pradesh,2023,5,7044.3,7119.0,7000.9,-19.4,71.0,6954.0
PF008282,CROP011,Soybean,Uttar Pradesh,2023,6,6954.0,7044.3,7119.0,19.2,53.7,6602.4
PF008283,CROP011,Soybean,Uttar Pradesh,2023,7,6602.4,6954.0,7044.3,15.7,54.3,6397.9
PF008284,CROP011,Soybean,Uttar Pradesh,2023,8,6397.9,6602.4,6954.0,-0.0,34.5,5895.2
PF008285,CROP011,Soybean,Uttar Pradesh,2023,9,5895.2,6397.9,6602.4,17.3,47.1,6045.3
PF008286,CROP011,Soybean,Uttar Pradesh,2023,10,6045.3,5895.2,6397.9,-7.3,50.6,5476.3
PF008287,CROP011,Soybean,Uttar Pradesh,2023,11,5476.3,6045.3,5895.2,-1.7,62.5,5938.8
PF008288,CROP011,Soybean,Uttar Pradesh,2023,12,5938.8,5476.3,6045.3,17.6,43.6,6537.3
PF008321,CROP011,Soybean,Bihar,2021,4,6265.2,6166.4,5986.8,10.4,72.7,6596.9
PF008322,CROP011,Soybean,Bihar,2021,5,6596.9,6265.2,6166.4,-22.9,39.1,5973.1
PF008323,CROP011,Soybean,Bihar,2021,6,5973.1,6596.9,6265.2,-21.9,77.0,5745.1
PF008324,CROP011,Soybean,Bihar,2021,7,5745.1,5973.1,6596.9,12.4,51.7,5770.8
PF008325,CROP011,Soybean,Bihar,2021,8,5770.8,5745.1,5973.1,-15.7,34.5,5576.8
PF008326,CROP011,Soybean,Bihar,2021,9,5576.8,5770.8,5745.1,10.0,58.7,5139.4
PF008327,CROP011,Soybean,Bihar,2021,10,5139.4,5576.8,5770.8,24.1,68.2,5156.3
PF008328,CROP011,Soybean,Bihar,2021,11,5156.3,5139.4,5576.8,-26.4,60.0,5419.8
PF008329,CROP011,Soybean,Bihar,2021,12,5419.8,5156.3,5139.4,21.3,45.6,5824.4
PF008330,CROP011,Soybean,Bihar,2022,1,5824.4,5419.8,5156.3,-8.5,72.1,6513.1
PF008331,CROP011,Soybean,Bihar,2022,2,6513.1,5824.4,5419.8,-2.5,42.2,6379.8
PF008332,CROP011,Soybean,Bihar,2022,3,6379.8,6513.1,5824.4,-8.2,67.0,6754.7
PF008333,CROP011,Soybean,Bihar,2022,4,6754.7,6379.8,6513.1,-9.2,50.1,6544.2
PF008334,CROP011,Soybean,Bihar,2022,5,6544.2,6754.7,6379.8,-2.6,44.3,6537.9
PF008335,CROP011,Soybean,Bihar,2022,6,6537.9,6544.2,6754.7,-11.0,64.5,5930.3
PF008336,CROP011,Soybean,Bihar,2022,7,5930.3,6537.9,6544.2,3.5,49.2,5635.2
PF008337,CROP011,Soybean,Bihar,2022,8,5635.2,5930.3,6537.9,-7.5,53.2,5131.6
PF008338,CROP011,Soybean,Bihar,2022,9,5131.6,5635.2,5930.3,-20.6,38.7,5078.7
PF008339,CROP011,Soybean,Bihar,2022,10,5078.7,5131.6,5635.2,10.0,49.7,6307.9
PF008340,CROP011,Soybean,Bihar,2022,11,6307.9,5078.7,5131.6,7.1,54.7,5318.7
PF008341,CROP011,Soybean,Bihar,2022,12,5318.7,6307.9,5078.7,-5.6,46.4,5865.2
PF008342,CROP011,Soybean,Bihar,2023,1,5865.2,5318.7,6307.9,-4.7,62.3,6587.1
PF008343,CROP011,Soybean,Bihar,2023,2,6587.1,5865.2,5318.7,-12.2,44.5,6575.2
PF008344,CROP011,Soybean,Bihar,2023,3,6575.2,6587.1,5865.2,21.5,41.8,6731.9
PF008345,CROP011,Soybean,Bihar,2023,4,6731.9,6575.2,6587.1,-0.9,63.0,7301.0
PF008346,CROP011,Soybean,Bihar,2023,5,7301.0,6731.9,6575.2,4.5,41.8,6586.6
PF008347,CROP011,Soybean,Bihar,2023,6,6586.6,7301.0,6731.9,-17.1,51.9,6071.4
PF008348,CROP011,Soybean,Bihar,2023,7,6071.4,6586.6,7301.0,6.1,36.5,6093.9
PF008349,CROP011,Soybean,Bihar,2023,8,6093.9,6071.4,6586.6,-16.7,60.7,5346.1
PF008350,CROP011,Soybean,Bihar,2023,9,5346.1,6093.9,6071.4,-12.1,54.0,5831.9
PF008351,CROP011,Soybean,Bihar,2023,10,5831.9,5346.1,6093.9,-19.2,22.2,5704.4
PF008352,CROP011,Soybean,Bihar,2023,11,5704.4,5831.9,5346.1,-8.9,51.4,5789.5
PF008353,CROP011,Soybean,Bihar,2023,12,5789.5,5704.4,5831.9,-3.5,44.9,6111.8
PF008386,CROP011,Soybean,Bihar,2021,4,5468.3,5419.9,5054.9,0.6,41.4,5939.1
PF008387,CROP011,Soybean,Bihar,2021,5,5939.1,5468.3,5419.9,12.0,57.0,5381.7
PF008388,CROP011,Soybean,Bihar,2021,6,5381.7,5939.1,5468.3,-22.3,63.3,5282.7
PF008389,CROP011,Soybean,Bihar,2021,7,5282.7,5381.7,5939.1,10.6,60.7,4472.5
PF008390,CROP011,Soybean,Bihar,2021,8,4472.5,5282.7,5381.7,-7.3,68.2,4824.1
PF008391,CROP011,Soybean,Bihar,2021,9,4824.1,4472.5,5282.7,11.8,34.9,4516.1
PF008392,CROP011,Soybean,Bihar,2021,10,4516.1,4824.1,4472.5,1.5,56.2,4671.3
PF008393,CROP011,Soybean,Bihar,2021,11,4671.3,4516.1,4824.1,7.5,44.1,4962.1
PF008394,CROP011,Soybean,Bihar,2021,12,4962.1,4671.3,4516.1,-19.5,48.7,5141.2
PF008395,CROP011,Soybean,Bihar,2022,1,5141.2,4962.1,4671.3,4.8,52.1,5158.1
PF008396,CROP011,Soybean,Bihar,2022,2,5158.1,5141.2,4962.1,8.3,38.7,5629.0
PF008397,CROP011,Soybean,Bihar,2022,3,5629.0,5158.1,5141.2,-9.8,33.7,5464.5
PF008398,CROP011,Soybean,Bihar,2022,4,5464.5,5629.0,5158.1,-4.8,48.4,5255.5
PF008399,CROP011,Soybean,Bihar,2022,5,5255.5,5464.5,5629.0,4.4,70.4,5211.1
PF008400,CROP011,Soybean,Bihar,2022,6,5211.1,5255.5,5464.5,19.3,48.9,5028.3
PF008401,CROP011,Soybean,Bihar,2022,7,5028.3,5211.1,5255.5,-13.1,70.6,4933.4
PF008402,CROP011,Soybean,Bihar,2022,8,4933.4,5028.3,5211.1,-10.0,58.0,4631.9
PF008403,CROP011,Soybean,Bihar,2022,9,4631.9,4933.4,5028.3,-19.4,38.0,4671.7
PF008404,CROP011,Soybean,Bihar,2022,10,4671.7,4631.9,4933.4,11.4,27.8,4756.9
PF008405,CROP011,Soybean,Bihar,2022,11,4756.9,4671.7,4631.9,8.1,37.4,4620.2
PF008406,CROP011,Soybean,Bihar,2022,12,4620.2,4756.9,4671.7,-2.2,76.1,5072.5
PF008407,CROP011,Soybean,Bihar,2023,1,5072.5,4620.2,4756.9,14.8,38.5,5452.8
PF008408,CROP011,Soybean,Bihar,2023,2,5452.8,5072.5,4620.2,11.5,54.0,5731.2
PF008409,CROP011,Soybean,Bihar,2023,3,5731.2,5452.8,5072.5,-21.2,50.3,5693.2
PF008410,CROP011,Soybean,Bihar,2023,4,5693.2,5731.2,5452.8,-16.0,54.6,5809.3
PF008411,CROP011,Soybean,Bihar,2023,5,5809.3,5693.2,5731.2,3.1,49.3,5050.9
PF008412,CROP011,Soybean,Bihar,2023,6,5050.9,5809.3,5693.2,13.4,48.8,5059.1
PF008413,CROP011,Soybean,Bihar,2023,7,5059.1,5050.9,5809.3,-17.1,48.5,5141.0
PF008414,CROP011,Soybean,Bihar,2023,8,5141.0,5059.1,5050.9,6.8,52.5,4499.0
PF008415,CROP011,Soybean,Bihar,2023,9,4499.0,5141.0,5059.1,5.4,56.2,4441.4
PF008416,CROP011,Soybean,Bihar,2023,10,4441.4,4499.0,5141.0,2.1,38.4,4958.7
PF008417,CROP011,Soybean,Bihar,2023,11,4958.7,4441.4,4499.0,0.9,36.1,4894.7
PF008418,CROP011,Soybean,Bihar,2023,12,4894.7,4958.7,4441.4,22.7,73.3,5513.0
PF008451,CROP011,Soybean,West Bengal,2021,4,5843.1,6145.2,5063.1,3.4,50.5,5483.0
PF008452,CROP011,Soybean,West Bengal,2021,5,5483.0,5843.1,6145.2,-1.8,33.6,5472.0
PF008453,CROP011,Soybean,West Bengal,2021,6,5472.0,5483.0,5843.1,-0.5,40.5,5314.4
PF008454,CROP011,Soybean,West Bengal,2021,7,5314.4,5472.0,5483.0,-4.1,61.6,5031.7
PF008455,CROP011,Soybean,West Bengal,2021,8,5031.7,5314.4,5472.0,-1.3,33.9,4769.9
PF008456,CROP011,Soybean,West Bengal,2021,9,4769.9,5031.7,5314.4,-25.2,64.3,4953.0
PF008457,CROP011,Soybean,West Bengal,2021,10,4953.0,4769.9,5031.7,26.0,41.1,4529.6
PF008458,CROP011,Soybean,West Bengal,2021,11,4529.6,4953.0,4769.9,-10.6,53.9,5402.1
PF008459,CROP011,Soybean,West Bengal,2021,12,5402.1,4529.6,4953.0,-11.1,31.2,5459.5
PF008460,CROP011,Soybean,West Bengal,2022,1,5459.5,5402.1,4529.6,-7.7,37.2,5803.1
PF008461,CROP011,Soybean,West Bengal,2022,2,5803.1,5459.5,5402.1,12.3,63.8,5707.8
PF008462,CROP011,Soybean,West Bengal,2022,3,5707.8,5803.1,5459.5,-24.2,43.7,5408.0
PF008463,CROP011,Soybean,West Bengal,2022,4,5408.0,5707.8,5803.1,31.6,56.4,5952.9
PF008464,CROP011,Soybean,West Bengal,2022,5,5952.9,5408.0,5707.8,-14.2,52.7,5571.4
PF008465,CROP011,Soybean,West Bengal,2022,6,5571.4,5952.9,5408.0,-15.0,47.3,5461.9
PF008466,CROP011,Soybean,West Bengal,2022,7,5461.9,5571.4,5952.9,19.6,55.8,4759.9
PF008467,CROP011,Soybean,West Bengal,2022,8,4759.9,5461.9,5571.4,4.8,77.6,4884.5
PF008468,CROP011,Soybean,West Bengal,2022,9,4884.5,4759.9,5461.9,23.5,29.6,5012.9
PF008469,CROP011,Soybean,West Bengal,2022,10,5012.9,4884.5,4759.9,6.0,49.2,5159.9
PF008470,CROP011,Soybean,West Bengal,2022,11,5159.9,5012.9,4884.5,9.9,45.4,4728.3
PF008471,CROP011,Soybean,West Bengal,2022,12,4728.3,5159.9,5012.9,7.3,32.8,5426.6
PF008472,CROP011,Soybean,West Bengal,2023,1,5426.6,4728.3,5159.9,8.3,42.8,5385.7
PF008473,CROP011,Soybean,West Bengal,2023,2,5385.7,5426.6,4728.3,-29.5,50.3,6160.1
PF008474,CROP011,Soybean,West Bengal,2023,3,6160.1,5385.7,5426.6,24.8,45.5,6092.9
PF008475,CROP011,Soybean,West Bengal,2023,4,6092.9,6160.1,5385.7,-6.1,40.3,5628.5
PF008476,CROP011,Soybean,West Bengal,2023,5,5628.5,6092.9,6160.1,-22.4,64.0,5591.5
PF008477,CROP011,Soybean,West Bengal,2023,6,5591.5,5628.5,6092.9,-20.2,37.7,5080.7
PF008478,CROP011,Soybean,West Bengal,2023,7,5080.7,5591.5,5628.5,1.4,66.7,5078.2
PF008479,CROP011,Soybean,West Bengal,2023,8,5078.2,5080.7,5591.5,14.3,45.5,5136.6
PF008480,CROP011,Soybean,West Bengal,2023,9,5136.6,5078.2,5080.7,6.7,55.2,4847.3
PF008481,CROP011,Soybean,West Bengal,2023,10,4847.3,5136.6,5078.2,6.5,31.5,4785.6
PF008482,CROP011,Soybean,West Bengal,2023,11,4785.6,4847.3,5136.6,-23.8,63.1,5067.1
PF008483,CROP011,Soybean,West Bengal,2023,12,5067.1,4785.6,4847.3,13.4,61.1,4997.6
PF008516,CROP011,Soybean,West Bengal,2021,4,6394.6,6158.1,5998.1,2.7,46.1,6247.8
PF008517,CROP011,Soybean,West Bengal,2021,5,6247.8,6394.6,6158.1,9.6,44.6,5747.0
PF008518,CROP011,Soybean,West Bengal,2021,6,5747.0,6247.8,6394.6,-33.2,37.9,5480.0
PF008519,CROP011,Soybean,West Bengal,2021,7,5480.0,5747.0,6247.8,12.7,34.9,5338.0
PF008520,CROP011,Soybean,West Bengal,2021,8,5338.0,5480.0,5747.0,-3.9,49.9,5056.7
PF008521,CROP011,Soybean,West Bengal,2021,9,5056.7,5338.0,5480.0,-0.8,46.8,5045.3
PF008522,CROP011,Soybean,West Bengal,2021,10,5045.3,5056.7,5338.0,-9.0,42.7,4828.9
PF008523,CROP011,Soybean,West Bengal,2021,11,4828.9,5045.3,5056.7,-1.1,48.5,5117.1
PF008524,CROP011,Soybean,West Bengal,2021,12,5117.1,4828.9,5045.3,-4.3,37.3,5220.8
PF008525,CROP011,Soybean,West Bengal,2022,1,5220.8,5117.1,4828.9,3.8,49.5,6338.0
PF008526,CROP011,Soybean,West Bengal,2022,2,6338.0,5220.8,5117.1,15.3,41.7,6022.8
PF008527,CROP011,Soybean,West Bengal,2022,3,6022.8,6338.0,5220.8,-2.5,60.0,6034.1
PF008528,CROP011,Soybean,West Bengal,2022,4,6034.1,6022.8,6338.0,2.1,43.7,6357.0
PF008529,CROP011,Soybean,West Bengal,2022,5,6357.0,6034.1,6022.8,7.5,59.7,5823.4
PF008530,CROP011,Soybean,West Bengal,2022,6,5823.4,6357.0,6034.1,-5.7,58.1,5343.2
PF008531,CROP011,Soybean,West Bengal,2022,7,5343.2,5823.4,6357.0,-0.6,40.4,5454.1
PF008532,CROP011,Soybean,West Bengal,2022,8,5454.1,5343.2,5823.4,3.6,53.9,5124.4
PF008533,CROP011,Soybean,West Bengal,2022,9,5124.4,5454.1,5343.2,-9.4,52.6,5163.1
PF008534,CROP011,Soybean,West Bengal,2022,10,5163.1,5124.4,5454.1,-10.8,37.7,5074.0
PF008535,CROP011,Soybean,West Bengal,2022,11,5074.0,5163.1,5124.4,8.1,39.7,5251.7
PF008536,CROP011,Soybean,West Bengal,2022,12,5251.7,5074.0,5163.1,0.9,40.2,5185.9
PF008537,CROP011,Soybean,West Bengal,2023,1,5185.9,5251.7,5074.0,8.1,46.8,6281.9
PF008538,CROP011,Soybean,West Bengal,2023,2,6281.9,5185.9,5251.7,-19.9,22.3,5906.1
PF008539,CROP011,Soybean,West Bengal,2023,3,5906.1,6281.9,5185.9,-2.5,51.6,6183.7
PF008540,CROP011,Soybean,West Bengal,2023,4,6183.7,5906.1,6281.9,-11.9,60.7,5971.2
PF008541,CROP011,Soybean,West Bengal,2023,5,5971.2,6183.7,5906.1,-23.9,62.3,5911.2
PF008542,CROP011,Soybean,West Bengal,2023,6,5911.2,5971.2,6183.7,-28.8,41.2,6153.7
PF008543,CROP011,Soybean,West Bengal,2023,7,6153.7,5911.2,5971.2,-7.1,52.9,5456.6
PF008544,CROP011,Soybean,West Bengal,2023,8,5456.6,6153.7,5911.2,-6.8,69.0,4745.9
PF008545,CROP011,Soybean,West Bengal,2023,9,4745.9,5456.6,6153.7,8.7,57.1,5190.2
PF008546,CROP011,Soybean,West Bengal,2023,10,5190.2,4745.9,5456.6,-25.7,30.8,5212.8
PF008547,CROP011,Soybean,West Bengal,2023,11,5212.8,5190.2,4745.9,16.1,43.0,5063.9
PF008548,CROP011,Soybean,West Bengal,2023,12,5063.9,5212.8,5190.2,-13.7,44.8,5716.4
PF008581,CROP012,Groundnut,Punjab,2021,4,5579.2,5696.6,5970.4,-2.4,35.0,6031.1
PF008582,CROP012,Groundnut,Punjab,2021,5,6031.1,5579.2,5696.6,-32.1,57.6,5533.1
PF008583,CROP012,Groundnut,Punjab,2021,6,5533.1,6031.1,5579.2,5.8,51.2,5603.3
PF008584,CROP012,Groundnut,Punjab,2021,7,5603.3,5533.1,6031.1,-4.2,48.3,4896.0
PF008585,CROP012,Groundnut,Punjab,2021,8,4896.0,5603.3,5533.1,13.2,69.1,5088.4
PF008586,CROP012,Groundnut,Punjab,2021,9,5088.4,4896.0,5603.3,3.5,50.4,4882.9
PF008587,CROP012,Groundnut,Punjab,2021,10,4882.9,5088.4,4896.0,-0.7,31.8,4898.2
PF008588,CROP012,Groundnut,Punjab,2021,11,4898.2,4882.9,5088.4,-23.0,55.3,5313.5
PF008589,CROP012,Groundnut,Punjab,2021,12,5313.5,4898.2,4882.9,21.7,75.2,5126.1
PF008590,CROP012,Groundnut,Punjab,2022,1,5126.1,5313.5,4898.2,25.2,49.0,5751.2
PF008591,CROP012,Groundnut,Punjab,2022,2,5751.2,5126.1,5313.5,9.4,51.2,5854.2
PF008592,CROP012,Groundnut,Punjab,2022,3,5854.2,5751.2,5126.1,38.0,40.0,6319.2
PF008593,CROP012,Groundnut,Punjab,2022,4,6319.2,5854.2,5751.2,12.5,48.7,5891.0
PF008594,CROP012,Groundnut,Punjab,2022,5,5891.0,6319.2,5854.2,-0.0,46.2,5826.1
PF008595,CROP012,Groundnut,Punjab,2022,6,5826.1,5891.0,6319.2,-12.5,64.6,5441.1
PF008596,CROP012,Groundnut,Punjab,2022,7,5441.1,5826.1,5891.0,-11.4,87.5,5160.0
PF008597,CROP012,Groundnut,Punjab,2022,8,5160.0,5441.1,5826.1,19.2,38.3,5000.5
PF008598,CROP012,Groundnut,Punjab,2022,9,5000.5,5160.0,5441.1,-5.9,53.2,4978.6
PF008599,CROP012,Groundnut,Punjab,2022,10,4978.6,5000.5,5160.0,-32.7,68.1,5007.6
PF008600,CROP012,Groundnut,Punjab,2022,11,5007.6,4978.6,5000.5,-5.0,43.3,5050.5
PF008601,CROP012,Groundnut,Punjab,2022,12,5050.5,5007.6,4978.6,-6.2,33.2,5014.2
PF008602,CROP012,Groundnut,Punjab,2023,1,5014.2,5050.5,5007.6,-9.2,51.9,5958.3
PF008603,CROP012,Groundnut,Punjab,2023,2,5958.3,5014.2,5050.5,-7.6,55.6,5910.3
PF008604,CROP012,Groundnut,Punjab,2023,3,5910.3,5958.3,5014.2,13.5,55.6,6085.1
PF008605,CROP012,Groundnut,Punjab,2023,4,6085.1,5910.3,5958.3,7.6,51.0,5585.9
PF008606,CROP012,Groundnut,Punjab,2023,5,5585.9,6085.1,5910.3,-11.2,55.9,6032.5
PF008607,CROP012,Groundnut,Punjab,2023,6,6032.5,5585.9,6085.1,3.8,53.4,5553.2
PF008608,CROP012,Groundnut,Punjab,2023,7,5553.2,6032.5,5585.9,-18.6,48.1,5316.9
PF008609,CROP012,Groundnut,Punjab,2023,8,5316.9,5553.2,6032.5,-23.4,42.1,5262.0
PF008610,CROP012,Groundnut,Punjab,2023,9,5262.0,5316.9,5553.2,10.1,62.5,4875.8
PF008611,CROP012,Groundnut,Punjab,2023,10,4875.8,5262.0,5316.9,-0.2,65.4,5071.8
PF008612,CROP012,Groundnut,Punjab,2023,11,5071.8,4875.8,5262.0,25.0,81.4,5045.0
PF008613,CROP012,Groundnut,Punjab,2023,12,5045.0,5071.8,4875.8,-7.2,58.4,5565.4
PF008646,CROP012,Groundnut,Punjab,2021,4,4857.9,4941.6,4556.9,27.4,53.4,4913.8
PF008647,CROP012,Groundnut,Punjab,2021,5,4913.8,4857.9,4941.6,10.7,66.7,4648.5
PF008648,CROP012,Groundnut,Punjab,2021,6,4648.5,4913.8,4857.9,9.5,45.7,4784.5
PF008649,CROP012,Groundnut,Punjab,2021,7,4784.5,4648.5,4913.8,2.1,62.2,3855.7
PF008650,CROP012,Groundnut,Punjab,2021,8,3855.7,4784.5,4648.5,-2.5,55.9,4070.4
PF008651,CROP012,Groundnut,Punjab,2021,9,4070.4,3855.7,4784.5,10.5,54.1,3926.3
PF008652,CROP012,Groundnut,Punjab,2021,10,3926.3,4070.4,3855.7,-6.1,51.6,4615.7
PF008653,CROP012,Groundnut,Punjab,2021,11,4615.7,3926.3,4070.4,9.7,49.8,4033.9
PF008654,CROP012,Groundnut,Punjab,2021,12,4033.9,4615.7,3926.3,-5.8,49.9,4832.5
PF008655,CROP012,Groundnut,Punjab,2022,1,4832.5,4033.9,4615.7,8.4,38.6,4894.3
PF008656,CROP012,Groundnut,Punjab,2022,2,4894.3,4832.5,4033.9,-3.5,38.1,4792.5
PF008657,CROP012,Groundnut,Punjab,2022,3,4792.5,4894.3,4832.5,53.0,43.7,5269.5
PF008658,CROP012,Groundnut,Punjab,2022,4,5269.5,4792.5,4894.3,0.9,54.2,4681.1
PF008659,CROP012,Groundnut,Punjab,2022,5,4681.1,5269.5,4792.5,8.7,44.8,4617.2
PF008660,CROP012,Groundnut,Punjab,2022,6,4617.2,4681.1,5269.5,5.5,44.4,4489.0
PF008661,CROP012,Groundnut,Punjab,2022,7,4489.0,4617.2,4681.1,13.1,58.7,4240.6
PF008662,CROP012,Groundnut,Punjab,2022,8,4240.6,4489.0,4617.2,19.1,48.1,3915.2
PF008663,CROP012,Groundnut,Punjab,2022,9,3915.2,4240.6,4489.0,3.7,58.3,4294.8
PF008664,CROP012,Groundnut,Punjab,2022,10,4294.8,3915.2,4240.6,-12.5,84.5,4394.4
PF008665,CROP012,Groundnut,Punjab,2022,11,4394.4,4294.8,3915.2,9.4,46.7,4245.4
PF008666,CROP012,Groundnut,Punjab,2022,12,4245.4,4394.4,4294.8,-3.0,43.6,4496.5
PF008667,CROP012,Groundnut,Punjab,2023,1,4496.5,4245.4,4394.4,5.5,50.7,4395.7
PF008668,CROP012,Groundnut,Punjab,2023,2,4395.7,4496.5,4245.4,19.1,65.2,5212.1
PF008669,CROP012,Groundnut,Punjab,2023,3,5212.1,4395.7,4496.5,-25.5,47.8,4797.1
PF008670,CROP012,Groundnut,Punjab,2023,4,4797.1,5212.1,4395.7,-20.8,46.4,4940.7
PF008671,CROP012,Groundnut,Punjab,2023,5,4940.7,4797.1,5212.1,15.1,51.0,4756.9
PF008672,CROP012,Groundnut,Punjab,2023,6,4756.9,4940.7,4797.1,6.2,47.2,4562.7
PF008673,CROP012,Groundnut,Punjab,2023,7,4562.7,4756.9,4940.7,-16.2,67.0,4786.1
PF008674,CROP012,Groundnut,Punjab,2023,8,4786.1,4562.7,4756.9,18.3,41.9,4177.4
PF008675,CROP012,Groundnut,Punjab,2023,9,4177.4,4786.1,4562.7,-25.6,57.3,4336.9
PF008676,CROP012,Groundnut,Punjab,2023,10,4336.9,4177.4,4786.1,-17.4,51.5,4464.9
PF008677,CROP012,Groundnut,Punjab,2023,11,4464.9,4336.9,4177.4,16.1,48.1,4467.4
PF008678,CROP012,Groundnut,Punjab,2023,12,4467.4,4464.9,4336.9,-5.7,59.2,4717.4
PF008711,CROP012,Groundnut,Punjab,2021,4,6095.1,5818.9,5610.4,-4.2,34.7,5556.8
PF008712,CROP012,Groundnut,Punjab,2021,5,5556.8,6095.1,5818.9,4.7,63.4,5471.1
PF008713,CROP012,Groundnut,Punjab,2021,6,5471.1,5556.8,6095.1,-9.9,66.1,5274.4
PF008714,CROP012,Groundnut,Punjab,2021,7,5274.4,5471.1,5556.8,-15.5,56.6,4885.5
PF008715,CROP012,Groundnut,Punjab,2021,8,4885.5,5274.4,5471.1,15.4,64.5,4839.0
PF008716,CROP012,Groundnut,Punjab,2021,9,4839.0,4885.5,5274.4,-11.4,36.4,4637.8
PF008717,CROP012,Groundnut,Punjab,2021,10,4637.8,4839.0,4885.5,-10.4,57.4,4613.1
PF008718,CROP012,Groundnut,Punjab,2021,11,4613.1,4637.8,4839.0,-3.4,42.6,4965.0
PF008719,CROP012,Groundnut,Punjab,2021,12,4965.0,4613.1,4637.8,-1.4,30.2,5249.8
PF008720,CROP012,Groundnut,Punjab,2022,1,5249.8,4965.0,4613.1,25.4,38.1,5478.1
PF008721,CROP012,Groundnut,Punjab,2022,2,5478.1,5249.8,4965.0,8.4,54.1,5602.1
PF008722,CROP012,Groundnut,Punjab,2022,3,5602.1,5478.1,5249.8,-13.6,54.5,6032.3
PF008723,CROP012,Groundnut,Punjab,2022,4,6032.3,5602.1,5478.1,5.8,54.8,5703.6
PF008724,CROP012,Groundnut,Punjab,2022,5,5703.6,6032.3,5602.1,-1.2,46.8,5660.0
PF008725,CROP012,Groundnut,Punjab,2022,6,5660.0,5703.6,6032.3,-32.4,35.5,5648.2
PF008726,CROP012,Groundnut,Punjab,2022,7,5648.2,5660.0,5703.6,15.5,44.7,5030.5
PF008727,CROP012,Groundnut,Punjab,2022,8,5030.5,5648.2,5660.0,-9.4,45.8,4707.9
PF008728,CROP012,Groundnut,Punjab,2022,9,4707.9,5030.5,5648.2,-20.5,60.8,4567.8
PF008729,CROP012,Groundnut,Punjab,2022,10,4567.8,4707.9,5030.5,-1.0,32.6,4769.8
PF008730,CROP012,Groundnut,Punjab,2022,11,4769.8,4567.8,4707.9,10.4,45.4,5275.3
PF008731,CROP012,Groundnut,Punjab,2022,12,5275.3,4769.8,4567.8,1.2,40.8,5262.5
PF008732,CROP012,Groundnut,Punjab,2023,1,5262.5,5275.3,4769.8,-8.0,31.7,5706.8
PF008733,CROP012,Groundnut,Punjab,2023,2,5706.8,5262.5,5275.3,-6.7,54.2,5467.8
PF008734,CROP012,Groundnut,Punjab,2023,3,5467.8,5706.8,5262.5,16.9,47.8,5696.9
PF008735,CROP012,Groundnut,Punjab,2023,4,5696.9,5467.8,5706.8,-3.9,42.3,5547.5
PF008736,CROP012,Groundnut,Punjab,2023,5,5547.5,5696.9,5467.8,8.5,39.4,5544.9
PF008737,CROP012,Groundnut,Punjab,2023,6,5544.9,5547.5,5696.9,5.4,33.1,5277.0
PF008738,CROP012,Groundnut,Punjab,2023,7,5277.0,5544.9,5547.5,11.5,54.7,5446.3
PF008739,CROP012,Groundnut,Punjab,2023,8,5446.3,5277.0,5544.9,-11.4,49.5,5044.4
PF008740,CROP012,Groundnut,Punjab,2023,9,5044.4,5446.3,5277.0,12.6,47.3,4807.5
PF008741,CROP012,Groundnut,Punjab,2023,10,4807.5,5044.4,5446.3,-11.4,53.5,4690.7
PF008742,CROP012,Groundnut,Punjab,2023,11,4690.7,4807.5,5044.4,3.6,70.9,4668.6
PF008743,CROP012,Groundnut,Punjab,2023,12,4668.6,4690.7,4807.5,16.7,66.9,5326.6
PF008776,CROP012,Groundnut,Haryana,2021,4,5906.7,5541.1,5024.0,18.0,44.7,5761.5
PF008777,CROP012,Groundnut,Haryana,2021,5,5761.5,5906.7,5541.1,-13.9,62.5,5298.3
PF008778,CROP012,Groundnut,Haryana,2021,6,5298.3,5761.5,5906.7,-4.9,55.8,5203.8
PF008779,CROP012,Groundnut,Haryana,2021,7,5203.8,5298.3,5761.5,-10.0,50.7,4759.2
PF008780,CROP012,Groundnut,Haryana,2021,8,4759.2,5203.8,5298.3,24.7,66.7,4582.8
PF008781,CROP012,Groundnut,Haryana,2021,9,4582.8,4759.2,5203.8,16.2,34.6,4436.9
PF008782,CROP012,Groundnut,Haryana,2021,10,4436.9,4582.8,4759.2,-5.4,47.6,4641.0
PF008783,CROP012,Groundnut,Haryana,2021,11,4641.0,4436.9,4582.8,7.6,49.9,4905.9
PF008784,CROP012,Groundnut,Haryana,2021,12,4905.9,4641.0,4436.9,-16.0,47.2,5125.3
PF008785,CROP012,Groundnut,Haryana,2022,1,5125.3,4905.9,4641.0,-3.9,44.3,5539.2
PF008786,CROP012,Groundnut,Haryana,2022,2,5539.2,5125.3,4905.9,-4.2,63.0,5384.3
PF008787,CROP012,Groundnut,Haryana,2022,3,5384.3,5539.2,5125.3,8.2,44.5,5618.8
PF008788,CROP012,Groundnut,Haryana,2022,4,5618.8,5384.3,5539.2,-13.3,51.7,5529.5
PF008789,CROP012,Groundnut,Haryana,2022,5,5529.5,5618.8,5384.3,0.4,58.5,5046.8
PF008790,CROP012,Groundnut,Haryana,2022,6,5046.8,5529.5,5618.8,-25.6,49.9,5320.5
PF008791,CROP012,Groundnut,Haryana,2022,7,5320.5,5046.8,5529.5,-3.1,56.9,4585.5
PF008792,CROP012,Groundnut,Haryana,2022,8,4585.5,5320.5,5046.8,16.3,49.0,4886.3
PF008793,CROP012,Groundnut,Haryana,2022,9,4886.3,4585.5,5320.5,-24.1,61.2,4475.4
PF008794,CROP012,Groundnut,Haryana,2022,10,4475.4,4886.3,4585.5,-9.2,27.2,4872.1
PF008795,CROP012,Groundnut,Haryana,2022,11,4872.1,4475.4,4886.3,-19.3,35.4,4633.4
PF008796,CROP012,Groundnut,Haryana,2022,12,4633.4,4872.1,4475.4,-3.6,51.4,5025.8
PF008797,CROP012,Groundnut,Haryana,2023,1,5025.8,4633.4,4872.1,38.1,34.9,5762.3
PF008798,CROP012,Groundnut,Haryana,2023,2,5762.3,5025.8,4633.4,-11.1,44.1,5500.2
PF008799,CROP012,Groundnut,Haryana,2023,3,5500.2,5762.3,5025.8,27.7,55.7,6203.8
PF008800,CROP012,Groundnut,Haryana,2023,4,6203.8,5500.2,5762.3,22.1,71.5,5328.6
PF008801,CROP012,Groundnut,Haryana,2023,5,5328.6,6203.8,5500.2,9.0,61.6,5858.2
PF008802,CROP012,Groundnut,Haryana,2023,6,5858.2,5328.6,6203.8,17.1,51.2,5272.9
PF008803,CROP012,Groundnut,Haryana,2023,7,5272.9,5858.2,5328.6,-3.0,50.6,5006.0
PF008804,CROP012,Groundnut,Haryana,2023,8,5006.0,5272.9,5858.2,-5.0,37.2,5133.3
PF008805,CROP012,Groundnut,Haryana,2023,9,5133.3,5006.0,5272.9,-23.0,21.3,4923.6
PF008806,CROP012,Groundnut,Haryana,2023,10,4923.6,5133.3,5006.0,3.9,65.7,4655.6
PF008807,CROP012,Groundnut,Haryana,2023,11,4655.6,4923.6,5133.3,-6.5,58.5,5267.3
PF008808,CROP012,Groundnut,Haryana,2023,12,5267.3,4655.6,4923.6,9.8,33.1,4924.2
PF008841,CROP012,Groundnut,Haryana,2021,4,5730.5,5800.0,5481.0,17.1,58.9,5819.0
PF008842,CROP012,Groundnut,Haryana,2021,5,5819.0,5730.5,5800.0,21.2,46.4,5666.8
PF008843,CROP012,Groundnut,Haryana,2021,6,5666.8,5819.0,5730.5,-7.4,66.5,5136.5
PF008844,CROP012,Groundnut,Haryana,2021,7,5136.5,5666.8,5819.0,-24.0,34.3,5150.0
PF008845,CROP012,Groundnut,Haryana,2021,8,5150.0,5136.5,5666.8,7.1,57.3,4953.5
PF008846,CROP012,Groundnut,Haryana,2021,9,4953.5,5150.0,5136.5,9.7,47.0,4925.5
PF008847,CROP012,Groundnut,Haryana,2021,10,4925.5,4953.5,5150.0,-6.0,55.1,4669.9
PF008848,CROP012,Groundnut,Haryana,2021,11,4669.9,4925.5,4953.5,20.8,30.4,5118.4
PF008849,CROP012,Groundnut,Haryana,2021,12,5118.4,4669.9,4925.5,-8.2,35.6,5161.0
PF008850,CROP012,Groundnut,Haryana,2022,1,5161.0,5118.4,4669.9,7.7,55.6,5700.8
PF008851,CROP012,Groundnut,Haryana,2022,2,5700.8,5161.0,5118.4,2.2,39.2,6016.1
PF008852,CROP012,Groundnut,Haryana,2022,3,6016.1,5700.8,5161.0,13.5,61.6,5908.3
PF008853,CROP012,Groundnut,Haryana,2022,4,5908.3,6016.1,5700.8,25.4,40.1,6232.3
PF008854,CROP012,Groundnut,Haryana,2022,5,6232.3,5908.3,6016.1,14.9,64.3,5711.7
PF008855,CROP012,Groundnut,Haryana,2022,6,5711.7,6232.3,5908.3,-6.8,58.7,5356.7
PF008856,CROP012,Groundnut,Haryana,2022,7,5356.7,5711.7,6232.3,2.8,42.3,4791.2
PF008857,CROP012,Groundnut,Haryana,2022,8,4791.2,5356.7,5711.7,-2.7,60.6,5159.9
PF008858,CROP012,Groundnut,Haryana,2022,9,5159.9,4791.2,5356.7,-13.6,46.8,5272.0
PF008859,CROP012,Groundnut,Haryana,2022,10,5272.0,5159.9,4791.2,28.0,38.5,5253.5
PF008860,CROP012,Groundnut,Haryana,2022,11,5253.5,5272.0,5159.9,-15.1,29.2,5234.9
PF008861,CROP012,Groundnut,Haryana,2022,12,5234.9,5253.5,5272.0,-9.3,54.9,5739.4
PF008862,CROP012,Groundnut,Haryana,2023,1,5739.4,5234.9,5253.5,9.3,45.4,6159.1
PF008863,CROP012,Groundnut,Haryana,2023,2,6159.1,5739.4,5234.9,52.2,69.4,5842.6
PF008864,CROP012,Groundnut,Haryana,2023,3,5842.6,6159.1,5739.4,17.7,62.2,6109.2
PF008865,CROP012,Groundnut,Haryana,2023,4,6109.2,5842.6,6159.1,-5.1,51.8,6252.1
PF008866,CROP012,Groundnut,Haryana,2023,5,6252.1,6109.2,5842.6,11.7,37.9,5567.9
PF008867,CROP012,Groundnut,Haryana,2023,6,5567.9,6252.1,6109.2,7.2,63.1,5324.4
PF008868,CROP012,Groundnut,Haryana,2023,7,5324.4,5567.9,6252.1,-16.8,55.9,5351.4
PF008869,CROP012,Groundnut,Haryana,2023,8,5351.4,5324.4,5567.9,-6.7,41.7,5306.6
PF008870,CROP012,Groundnut,Haryana,2023,9,5306.6,5351.4,5324.4,-4.7,73.3,4833.7
PF008871,CROP012,Groundnut,Haryana,2023,10,4833.7,5306.6,5351.4,29.9,47.1,5060.6
PF008872,CROP012,Groundnut,Haryana,2023,11,5060.6,4833.7,5306.6,-6.1,61.0,4985.0
PF008873,CROP012,Groundnut,Haryana,2023,12,4985.0,5060.6,4833.7,-2.1,71.0,5378.2
PF008906,CROP012,Groundnut,Uttar Pradesh,2021,4,4536.9,4376.9,3921.7,8.4,56.1,4450.9
PF008907,CROP012,Groundnut,Uttar Pradesh,2021,5,4450.9,4536.9,4376.9,12.2,44.3,4405.2
PF008908,CROP012,Groundnut,Uttar Pradesh,2021,6,4405.2,4450.9,4536.9,13.3,61.4,4262.9
PF008909,CROP012,Groundnut,Uttar Pradesh,2021,7,4262.9,4405.2,4450.9,11.6,49.8,3891.5
PF008910,CROP012,Groundnut,Uttar Pradesh,2021,8,3891.5,4262.9,4405.2,13.6,56.7,3950.7
PF008911,CROP012,Groundnut,Uttar Pradesh,2021,9,3950.7,3891.5,4262.9,16.5,59.9,3585.2
PF008912,CROP012,Groundnut,Uttar Pradesh,2021,10,3585.2,3950.7,3891.5,-14.8,61.4,4168.1
PF008913,CROP012,Groundnut,Uttar Pradesh,2021,11,4168.1,3585.2,3950.7,1.1,52.0,3682.6
PF008914,CROP012,Groundnut,Uttar Pradesh,2021,12,3682.6,4168.1,3585.2,-14.3,50.3,3885.5
PF008915,CROP012,Groundnut,Uttar Pradesh,2022,1,3885.5,3682.6,4168.1,-10.6,48.1,4503.5
PF008916,CROP012,Groundnut,Uttar Pradesh,2022,2,4503.5,3885.5,3682.6,0.6,40.7,4639.9
PF008917,CROP012,Groundnut,Uttar Pradesh,2022,3,4639.9,4503.5,3885.5,-1.0,44.9,4562.4
PF008918,CROP012,Groundnut,Uttar Pradesh,2022,4,4562.4,4639.9,4503.5,9.9,40.5,4615.1
PF008919,CROP012,Groundnut,Uttar Pradesh,2022,5,4615.1,4562.4,4639.9,16.2,50.2,4514.3
PF008920,CROP012,Groundnut,Uttar Pradesh,2022,6,4514.3,4615.1,4562.4,-4.2,55.9,4360.9
PF008921,CROP012,Groundnut,Uttar Pradesh,2022,7,4360.9,4514.3,4615.1,13.2,48.9,3818.3
PF008922,CROP012,Groundnut,Uttar Pradesh,2022,8,3818.3,4360.9,4514.3,-6.2,69.4,3862.5
PF008923,CROP012,Groundnut,Uttar Pradesh,2022,9,3862.5,3818.3,4360.9,-12.2,48.6,3757.9
PF008924,CROP012,Groundnut,Uttar Pradesh,2022,10,3757.9,3862.5,3818.3,-19.9,62.0,3949.7
PF008925,CROP012,Groundnut,Uttar Pradesh,2022,11,3949.7,3757.9,3862.5,3.0,18.8,3921.2
PF008926,CROP012,Groundnut,Uttar Pradesh,2022,12,3921.2,3949.7,3757.9,6.3,36.0,4273.8
PF008927,CROP012,Groundnut,Uttar Pradesh,2023,1,4273.8,3921.2,3949.7,3.7,33.7,4214.3
PF008928,CROP012,Groundnut,Uttar Pradesh,2023,2,4214.3,4273.8,3921.2,-6.1,61.9,4731.0
PF008929,CROP012,Groundnut,Uttar Pradesh,2023,3,4731.0,4214.3,4273.8,-6.0,41.7,4580.5
PF008930,CROP012,Groundnut,Uttar Pradesh,2023,4,4580.5,4731.0,4214.3,-8.8,33.8,4576.3
PF008931,CROP012,Groundnut,Uttar Pradesh,2023,5,4576.3,4580.5,4731.0,-27.6,69.1,4044.2
PF008932,CROP012,Groundnut,Uttar Pradesh,2023,6,4044.2,4576.3,4580.5,-3.6,44.0,4265.9
PF008933,CROP012,Groundnut,Uttar Pradesh,2023,7,4265.9,4044.2,4576.3,-22.7,76.5,3984.0
PF008934,CROP012,Groundnut,Uttar Pradesh,2023,8,3984.0,4265.9,4044.2,-7.9,37.8,3823.4
PF008935,CROP012,Groundnut,Uttar Pradesh,2023,9,3823.4,3984.0,4265.9,-42.5,36.9,3870.1
PF008936,CROP012,Groundnut,Uttar Pradesh,2023,10,3870.1,3823.4,3984.0,3.9,46.8,3801.0
PF008937,CROP012,Groundnut,Uttar Pradesh,2023,11,3801.0,3870.1,3823.4,-2.1,67.7,4005.0
PF008938,CROP012,Groundnut,Uttar Pradesh,2023,12,4005.0,3801.0,3870.1,-21.7,25.5,4266.1
PF008971,CROP012,Groundnut,Uttar Pradesh,2021,4,6222.1,5976.2,5655.1,-29.6,45.5,5723.6
PF008972,CROP012,Groundnut,Uttar Pradesh,2021,5,5723.6,6222.1,5976.2,-1.1,45.5,5895.8
PF008973,CROP012,Groundnut,Uttar Pradesh,2021,6,5895.8,5723.6,6222.1,-12.0,30.1,5253.0
PF008974,CROP012,Groundnut,Uttar Pradesh,2021,7,5253.0,5895.8,5723.6,14.5,39.3,4921.9
PF008975,CROP012,Groundnut,Uttar Pradesh,2021,8,4921.9,5253.0,5895.8,-5.2,55.6,4782.3
PF008976,CROP012,Groundnut,Uttar Pradesh,2021,9,4782.3,4921.9,5253.0,-21.1,48.8,4897.6
PF008977,CROP012,Groundnut,Uttar Pradesh,2021,10,4897.6,4782.3,4921.9,-5.0,60.0,5111.6
PF008978,CROP012,Groundnut,Uttar Pradesh,2021,11,5111.6,4897.6,4782.3,7.1,30.2,5257.7
PF008979,CROP012,Groundnut,Uttar Pradesh,2021,12,5257.7,5111.6,4897.6,16.8,54.9,5873.7
PF008980,CROP012,Groundnut,Uttar Pradesh,2022,1,5873.7,5257.7,5111.6,7.2,26.6,5602.9
PF008981,CROP012,Groundnut,Uttar Pradesh,2022,2,5602.9,5873.7,5257.7,-9.6,38.1,5668.6
PF008982,CROP012,Groundnut,Uttar Pradesh,2022,3,5668.6,5602.9,5873.7,25.1,70.4,6291.1
PF008983,CROP012,Groundnut,Uttar Pradesh,2022,4,6291.1,5668.6,5602.9,-23.0,49.2,5961.2
PF008984,CROP012,Groundnut,Uttar Pradesh,2022,5,5961.2,6291.1,5668.6,-32.6,70.8,5999.3
PF008985,CROP012,Groundnut,Uttar Pradesh,2022,6,5999.3,5961.2,6291.1,-14.2,60.3,5686.6
PF008986,CROP012,Groundnut,Uttar Pradesh,2022,7,5686.6,5999.3,5961.2,23.3,46.6,5319.4
PF008987,CROP012,Groundnut,Uttar Pradesh,2022,8,5319.4,5686.6,5999.3,9.2,35.4,4742.1
PF008988,CROP012,Groundnut,Uttar Pradesh,2022,9,4742.1,5319.4,5686.6,4.6,54.7,5030.2
PF008989,CROP012,Groundnut,Uttar Pradesh,2022,10,5030.2,4742.1,5319.4,1.3,45.3,5036.4
PF008990,CROP012,Groundnut,Uttar Pradesh,2022,11,5036.4,5030.2,4742.1,8.0,49.7,5738.9
PF008991,CROP012,Groundnut,Uttar Pradesh,2022,12,5738.9,5036.4,5030.2,18.2,38.7,5892.7
PF008992,CROP012,Groundnut,Uttar Pradesh,2023,1,5892.7,5738.9,5036.4,-16.6,26.6,5529.3
PF008993,CROP012,Groundnut,Uttar Pradesh,2023,2,5529.3,5892.7,5738.9,5.0,55.0,6152.8
PF008994,CROP012,Groundnut,Uttar Pradesh,2023,3,6152.8,5529.3,5892.7,-4.7,43.5,5713.0
PF008995,CROP012,Groundnut,Uttar Pradesh,2023,4,5713.0,6152.8,5529.3,1.7,35.3,6105.7
PF008996,CROP012,Groundnut,Uttar Pradesh,2023,5,6105.7,5713.0,6152.8,-2.9,78.0,6062.5
PF008997,CROP012,Groundnut,Uttar Pradesh,2023,6,6062.5,6105.7,5713.0,-3.8,50.7,5733.7
PF008998,CROP012,Groundnut,Uttar Pradesh,2023,7,5733.7,6062.5,6105.7,41.2,44.1,5429.1
PF008999,CROP012,Groundnut,Uttar Pradesh,2023,8,5429.1,5733.7,6062.5,40.4,43.2,4766.0
PF009000,CROP012,Groundnut,Uttar Pradesh,2023,9,4766.0,5429.1,5733.7,-11.7,53.9,5157.0
PF009001,CROP012,Groundnut,Uttar Pradesh,2023,10,5157.0,4766.0,5429.1,-1.0,57.3,5222.1
PF009002,CROP012,Groundnut,Uttar Pradesh,2023,11,5222.1,5157.0,4766.0,-24.4,55.2,5368.1
PF009003,CROP012,Groundnut,Uttar Pradesh,2023,12,5368.1,5222.1,5157.0,13.1,76.4,5545.9
PF009036,CROP012,Groundnut,Uttar Pradesh,2021,4,5648.9,5439.2,5415.8,-14.4,57.1,6027.6
PF009037,CROP012,Groundnut,Uttar Pradesh,2021,5,6027.6,5648.9,5439.2,-16.4,62.3,5224.5
PF009038,CROP012,Groundnut,Uttar Pradesh,2021,6,5224.5,6027.6,5648.9,-15.4,69.3,5097.7
PF009039,CROP012,Groundnut,Uttar Pradesh,2021,7,5097.7,5224.5,6027.6,-4.7,37.1,5055.6
PF009040,CROP012,Groundnut,Uttar Pradesh,2021,8,5055.6,5097.7,5224.5,-6.6,37.4,4627.0
PF009041,CROP012,Groundnut,Uttar Pradesh,2021,9,4627.0,5055.6,5097.7,-26.4,47.9,4668.1
PF009042,CROP012,Groundnut,Uttar Pradesh,2021,10,4668.1,4627.0,5055.6,-12.4,50.3,4667.7
PF009043,CROP012,Groundnut,Uttar Pradesh,2021,11,4667.7,4668.1,4627.0,-6.0,42.5,4829.3
PF009044,CROP012,Groundnut,Uttar Pradesh,2021,12,4829.3,4667.7,4668.1,5.9,55.8,4924.0
PF009045,CROP012,Groundnut,Uttar Pradesh,2022,1,4924.0,4829.3,4667.7,-10.5,62.8,5801.2
PF009046,CROP012,Groundnut,Uttar Pradesh,2022,2,5801.2,4924.0,4829.3,-37.9,53.6,5396.0
PF009047,CROP012,Groundnut,Uttar Pradesh,2022,3,5396.0,5801.2,4924.0,15.0,30.9,5834.6
PF009048,CROP012,Groundnut,Uttar Pradesh,2022,4,5834.6,5396.0,5801.2,-9.0,37.4,5782.8
PF009049,CROP012,Groundnut,Uttar Pradesh,2022,5,5782.8,5834.6,5396.0,9.3,43.0,5777.9
PF009050,CROP012,Groundnut,Uttar Pradesh,2022,6,5777.9,5782.8,5834.6,-30.1,39.0,4924.1
PF009051,CROP012,Groundnut,Uttar Pradesh,2022,7,4924.1,5777.9,5782.8,5.7,67.6,4642.6
PF009052,CROP012,Groundnut,Uttar Pradesh,2022,8,4642.6,4924.1,5777.9,-3.5,26.8,5071.8
PF009053,CROP012,Groundnut,Uttar Pradesh,2022,9,5071.8,4642.6,4924.1,27.2,57.5,4540.2
PF009054,CROP012,Groundnut,Uttar Pradesh,2022,10,4540.2,5071.8,4642.6,24.5,51.2,5100.1
PF009055,CROP012,Groundnut,Uttar Pradesh,2022,11,5100.1,4540.2,5071.8,13.6,48.8,5189.3
PF009056,CROP012,Groundnut,Uttar Pradesh,2022,12,5189.3,5100.1,4540.2,3.9,40.8,5227.8
PF009057,CROP012,Groundnut,Uttar Pradesh,2023,1,5227.8,5189.3,5100.1,28.1,50.6,5498.0
PF009058,CROP012,Groundnut,Uttar Pradesh,2023,2,5498.0,5227.8,5189.3,6.4,80.4,5641.2
PF009059,CROP012,Groundnut,Uttar Pradesh,2023,3,5641.2,5498.0,5227.8,19.2,62.8,5495.1
PF009060,CROP012,Groundnut,Uttar Pradesh,2023,4,5495.1,5641.2,5498.0,29.7,42.6,5206.9
PF009061,CROP012,Groundnut,Uttar Pradesh,2023,5,5206.9,5495.1,5641.2,-13.7,31.9,5315.9
PF009062,CROP012,Groundnut,Uttar Pradesh,2023,6,5315.9,5206.9,5495.1,0.2,47.7,5056.2
PF009063,CROP012,Groundnut,Uttar Pradesh,2023,7,5056.2,5315.9,5206.9,-14.4,73.7,5044.0
PF009064,CROP012,Groundnut,Uttar Pradesh,2023,8,5044.0,5056.2,5315.9,2.8,30.8,5010.6
PF009065,CROP012,Groundnut,Uttar Pradesh,2023,9,5010.6,5044.0,5056.2,3.5,40.0,4721.9
PF009066,CROP012,Groundnut,Uttar Pradesh,2023,10,4721.9,5010.6,5044.0,-4.4,49.3,4584.1
PF009067,CROP012,Groundnut,Uttar Pradesh,2023,11,4584.1,4721.9,5010.6,-11.0,40.4,4922.6
PF009068,CROP012,Groundnut,Uttar Pradesh,2023,12,4922.6,4584.1,4721.9,-0.5,61.5,5257.7
PF009101,CROP012,Groundnut,Bihar,2021,4,5816.8,5877.5,5906.1,-4.3,61.4,6259.9
PF009102,CROP012,Groundnut,Bihar,2021,5,6259.9,5816.8,5877.5,-5.0,50.4,5957.7
PF009103,CROP012,Groundnut,Bihar,2021,6,5957.7,6259.9,5816.8,-31.0,37.8,5746.9
PF009104,CROP012,Groundnut,Bihar,2021,7,5746.9,5957.7,6259.9,17.9,54.8,4932.0
PF009105,CROP012,Groundnut,Bihar,2021,8,4932.0,5746.9,5957.7,-3.1,60.1,5369.4
PF009106,CROP012,Groundnut,Bihar,2021,9,5369.4,4932.0,5746.9,30.4,65.7,5038.3
PF009107,CROP012,Groundnut,Bihar,2021,10,5038.3,5369.4,4932.0,22.3,79.5,4965.6
PF009108,CROP012,Groundnut,Bihar,2021,11,4965.6,5038.3,5369.4,-11.5,54.6,5148.2
PF009109,CROP012,Groundnut,Bihar,2021,12,5148.2,4965.6,5038.3,3.9,33.5,5616.6
PF009110,CROP012,Groundnut,Bihar,2022,1,5616.6,5148.2,4965.6,26.9,30.4,6266.1
PF009111,CROP012,Groundnut,Bihar,2022,2,6266.1,5616.6,5148.2,-4.7,54.4,6169.7
PF009112,CROP012,Groundnut,Bihar,2022,3,6169.7,6266.1,5616.6,9.5,32.3,5807.2
PF009113,CROP012,Groundnut,Bihar,2022,4,5807.2,6169.7,6266.1,-9.7,78.9,5823.8
PF009114,CROP012,Groundnut,Bihar,2022,5,5823.8,5807.2,6169.7,8.1,48.0,5839.8
PF009115,CROP012,Groundnut,Bihar,2022,6,5839.8,5823.8,5807.2,-4.3,59.9,5704.1
PF009116,CROP012,Groundnut,Bihar,2022,7,5704.1,5839.8,5823.8,6.9,41.4,5377.2
PF009117,CROP012,Groundnut,Bihar,2022,8,5377.2,5704.1,5839.8,-17.2,43.1,5283.7
PF009118,CROP012,Groundnut,Bihar,2022,9,5283.7,5377.2,5704.1,-12.3,52.1,4751.2
PF009119,CROP012,Groundnut,Bihar,2022,10,4751.2,5283.7,5377.2,3.7,38.0,5247.8
PF009120,CROP012,Groundnut,Bihar,2022,11,5247.8,4751.2,5283.7,3.0,63.7,5285.3
PF009121,CROP012,Groundnut,Bihar,2022,12,5285.3,5247.8,4751.2,21.6,48.8,5908.1
PF009122,CROP012,Groundnut,Bihar,2023,1,5908.1,5285.3,5247.8,-4.4,44.3,5939.3
PF009123,CROP012,Groundnut,Bihar,2023,2,5939.3,5908.1,5285.3,9.4,45.3,6547.3
PF009124,CROP012,Groundnut,Bihar,2023,3,6547.3,5939.3,5908.1,25.6,35.3,6348.0
PF009125,CROP012,Groundnut,Bihar,2023,4,6348.0,6547.3,5939.3,4.5,53.8,6105.7
PF009126,CROP012,Groundnut,Bihar,2023,5,6105.7,6348.0,6547.3,8.0,67.8,5571.0
PF009127,CROP012,Groundnut,Bihar,2023,6,5571.0,6105.7,6348.0,10.0,57.9,5609.2
PF009128,CROP012,Groundnut,Bihar,2023,7,5609.2,5571.0,6105.7,-4.0,47.9,5335.8
PF009129,CROP012,Groundnut,Bihar,2023,8,5335.8,5609.2,5571.0,13.5,38.5,4627.4
PF009130,CROP012,Groundnut,Bihar,2023,9,4627.4,5335.8,5609.2,-19.4,47.3,5130.5
PF009131,CROP012,Groundnut,Bihar,2023,10,5130.5,4627.4,5335.8,3.4,40.0,5162.7
PF009132,CROP012,Groundnut,Bihar,2023,11,5162.7,5130.5,4627.4,7.8,63.7,5335.3
PF009133,CROP012,Groundnut,Bihar,2023,12,5335.3,5162.7,5130.5,-6.6,51.7,5441.6
PF009166,CROP012,Groundnut,Bihar,2021,4,5314.4,5278.0,5111.9,-16.4,55.1,4899.0
PF009167,CROP012,Groundnut,Bihar,2021,5,4899.0,5314.4,5278.0,-1.5,67.6,5169.8
PF009168,CROP012,Groundnut,Bihar,2021,6,5169.8,4899.0,5314.4,-13.9,23.8,5058.0
PF009169,CROP012,Groundnut,Bihar,2021,7,5058.0,5169.8,4899.0,-5.2,57.9,4367.3
PF009170,CROP012,Groundnut,Bihar,2021,8,4367.3,5058.0,5169.8,10.0,55.3,4190.0
PF009171,CROP012,Groundnut,Bihar,2021,9,4190.0,4367.3,5058.0,-4.6,52.8,4470.0
PF009172,CROP012,Groundnut,Bihar,2021,10,4470.0,4190.0,4367.3,1.3,53.3,4381.8
PF009173,CROP012,Groundnut,Bihar,2021,11,4381.8,4470.0,4190.0,8.6,45.4,4516.2
PF009174,CROP012,Groundnut,Bihar,2021,12,4516.2,4381.8,4470.0,19.3,51.7,5093.4
PF009175,CROP012,Groundnut,Bihar,2022,1,5093.4,4516.2,4381.8,-11.0,30.1,4985.7
PF009176,CROP012,Groundnut,Bihar,2022,2,4985.7,5093.4,4516.2,11.4,58.3,5240.7
PF009177,CROP012,Groundnut,Bihar,2022,3,5240.7,4985.7,5093.4,-7.3,28.7,5130.1
PF009178,CROP012,Groundnut,Bihar,2022,4,5130.1,5240.7,4985.7,-5.2,50.6,5082.6
PF009179,CROP012,Groundnut,Bihar,2022,5,5082.6,5130.1,5240.7,-3.1,50.1,4875.4
PF009180,CROP012,Groundnut,Bihar,2022,6,4875.4,5082.6,5130.1,27.0,33.8,4450.9
PF009181,CROP012,Groundnut,Bihar,2022,7,4450.9,4875.4,5082.6,6.5,67.8,4664.8
PF009182,CROP012,Groundnut,Bihar,2022,8,4664.8,4450.9,4875.4,-2.8,44.6,4469.3
PF009183,CROP012,Groundnut,Bihar,2022,9,4469.3,4664.8,4450.9,-17.6,53.4,4598.6
PF009184,CROP012,Groundnut,Bihar,2022,10,4598.6,4469.3,4664.8,3.6,56.3,4397.7
PF009185,CROP012,Groundnut,Bihar,2022,11,4397.7,4598.6,4469.3,-6.0,61.3,4595.1
PF009186,CROP012,Groundnut,Bihar,2022,12,4595.1,4397.7,4598.6,8.6,48.6,5077.2
PF009187,CROP012,Groundnut,Bihar,2023,1,5077.2,4595.1,4397.7,-9.9,24.5,5129.7
PF009188,CROP012,Groundnut,Bihar,2023,2,5129.7,5077.2,4595.1,-12.3,68.6,5717.7
PF009189,CROP012,Groundnut,Bihar,2023,3,5717.7,5129.7,5077.2,1.0,52.3,5317.2
PF009190,CROP012,Groundnut,Bihar,2023,4,5317.2,5717.7,5129.7,19.5,48.0,5597.9
PF009191,CROP012,Groundnut,Bihar,2023,5,5597.9,5317.2,5717.7,-10.2,36.1,5057.0
PF009192,CROP012,Groundnut,Bihar,2023,6,5057.0,5597.9,5317.2,13.1,42.0,4896.7
PF009193,CROP012,Groundnut,Bihar,2023,7,4896.7,5057.0,5597.9,18.2,48.4,4709.1
PF009194,CROP012,Groundnut,Bihar,2023,8,4709.1,4896.7,5057.0,-19.4,58.9,4321.4
PF009195,CROP012,Groundnut,Bihar,2023,9,4321.4,4709.1,4896.7,-11.2,53.1,4617.9
PF009196,CROP012,Groundnut,Bihar,2023,10,4617.9,4321.4,4709.1,-4.7,43.4,4324.6
PF009197,CROP012,Groundnut,Bihar,2023,11,4324.6,4617.9,4321.4,14.9,54.3,4548.6
PF009198,CROP012,Groundnut,Bihar,2023,12,4548.6,4324.6,4617.9,8.2,49.3,5013.4
PF009231,CROP012,Groundnut,West Bengal,2021,4,4931.1,4621.4,4945.6,-2.1,62.3,4790.2
PF009232,CROP012,Groundnut,West Bengal,2021,5,4790.2,4931.1,4621.4,-10.5,42.1,4676.6
PF009233,CROP012,Groundnut,West Bengal,2021,6,4676.6,4790.2,4931.1,1.6,55.4,4832.7
PF009234,CROP012,Groundnut,West Bengal,2021,7,4832.7,4676.6,4790.2,-27.4,68.2,4342.5
PF009235,CROP012,Groundnut,West Bengal,2021,8,4342.5,4832.7,4676.6,-12.9,55.9,4061.6
PF009236,CROP012,Groundnut,West Bengal,2021,9,4061.6,4342.5,4832.7,17.9,55.5,4419.2
PF009237,CROP012,Groundnut,West Bengal,2021,10,4419.2,4061.6,4342.5,-1.9,34.8,3876.5
PF009238,CROP012,Groundnut,West Bengal,2021,11,3876.5,4419.2,4061.6,-20.4,66.8,4400.6
PF009239,CROP012,Groundnut,West Bengal,2021,12,4400.6,3876.5,4419.2,9.3,38.5,4140.0
PF009240,CROP012,Groundnut,West Bengal,2022,1,4140.0,4400.6,3876.5,4.7,50.8,4815.2
PF009241,CROP012,Groundnut,West Bengal,2022,2,4815.2,4140.0,4400.6,15.8,47.5,4959.6
PF009242,CROP012,Groundnut,West Bengal,2022,3,4959.6,4815.2,4140.0,16.1,68.4,5022.6
PF009243,CROP012,Groundnut,West Bengal,2022,4,5022.6,4959.6,4815.2,-7.8,53.8,5156.4
PF009244,CROP012,Groundnut,West Bengal,2022,5,5156.4,5022.6,4959.6,-1.1,51.9,4775.4
PF009245,CROP012,Groundnut,West Bengal,2022,6,4775.4,5156.4,5022.6,9.0,45.4,4917.6
PF009246,CROP012,Groundnut,West Bengal,2022,7,4917.6,4775.4,5156.4,1.2,48.4,4349.6
PF009247,CROP012,Groundnut,West Bengal,2022,8,4349.6,4917.6,4775.4,-10.6,62.3,4184.7
PF009248,CROP012,Groundnut,West Bengal,2022,9,4184.7,4349.6,4917.6,1.9,50.2,4219.9
PF009249,CROP012,Groundnut,West Bengal,2022,10,4219.9,4184.7,4349.6,5.5,39.6,4330.6
PF009250,CROP012,Groundnut,West Bengal,2022,11,4330.6,4219.9,4184.7,-10.9,58.8,4501.7
PF009251,CROP012,Groundnut,West Bengal,2022,12,4501.7,4330.6,4219.9,-10.5,54.2,4776.1
PF009252,CROP012,Groundnut,West Bengal,2023,1,4776.1,4501.7,4330.6,2.5,67.7,4725.6
PF009253,CROP012,Groundnut,West Bengal,2023,2,4725.6,4776.1,4501.7,-13.6,41.4,5091.2
PF009254,CROP012,Groundnut,West Bengal,2023,3,5091.2,4725.6,4776.1,-12.4,64.3,5120.9
PF009255,CROP012,Groundnut,West Bengal,2023,4,5120.9,5091.2,4725.6,8.6,29.8,5316.9
PF009256,CROP012,Groundnut,West Bengal,2023,5,5316.9,5120.9,5091.2,7.0,63.5,4867.7
PF009257,CROP012,Groundnut,West Bengal,2023,6,4867.7,5316.9,5120.9,13.9,49.0,4917.5
PF009258,CROP012,Groundnut,West Bengal,2023,7,4917.5,4867.7,5316.9,3.7,68.8,4467.0
PF009259,CROP012,Groundnut,West Bengal,2023,8,4467.0,4917.5,4867.7,2.5,37.7,4210.4
PF009260,CROP012,Groundnut,West Bengal,2023,9,4210.4,4467.0,4917.5,14.1,43.7,4194.7
PF009261,CROP012,Groundnut,West Bengal,2023,10,4194.7,4210.4,4467.0,23.4,59.4,4230.3
PF009262,CROP012,Groundnut,West Bengal,2023,11,4230.3,4194.7,4210.4,-17.7,65.2,4407.7
PF009263,CROP012,Groundnut,West Bengal,2023,12,4407.7,4230.3,4194.7,-1.3,42.6,4411.5
PF009296,CROP012,Groundnut,West Bengal,2021,4,5847.3,5342.1,4883.5,-8.7,51.1,5384.4
PF009297,CROP012,Groundnut,West Bengal,2021,5,5384.4,5847.3,5342.1,-10.6,53.0,5706.8
PF009298,CROP012,Groundnut,West Bengal,2021,6,5706.8,5384.4,5847.3,30.8,83.7,5092.1
PF009299,CROP012,Groundnut,West Bengal,2021,7,5092.1,5706.8,5384.4,-12.5,57.3,4986.8
PF009300,CROP012,Groundnut,West Bengal,2021,8,4986.8,5092.1,5706.8,-18.6,44.0,4775.9
PF009301,CROP012,Groundnut,West Bengal,2021,9,4775.9,4986.8,5092.1,-18.1,60.0,4692.8
PF009302,CROP012,Groundnut,West Bengal,2021,10,4692.8,4775.9,4986.8,31.7,46.0,4397.8
PF009303,CROP012,Groundnut,West Bengal,2021,11,4397.8,4692.8,4775.9,-34.3,67.1,4674.7
PF009304,CROP012,Groundnut,West Bengal,2021,12,4674.7,4397.8,4692.8,19.3,53.6,5190.5
PF009305,CROP012,Groundnut,West Bengal,2022,1,5190.5,4674.7,4397.8,-8.9,48.7,5794.2
PF009306,CROP012,Groundnut,West Bengal,2022,2,5794.2,5190.5,4674.7,-37.8,30.1,5448.6
PF009307,CROP012,Groundnut,West Bengal,2022,3,5448.6,5794.2,5190.5,-15.9,45.2,5694.2
PF009308,CROP012,Groundnut,West Bengal,2022,4,5694.2,5448.6,5794.2,11.5,49.0,5542.5
PF009309,CROP012,Groundnut,West Bengal,2022,5,5542.5,5694.2,5448.6,-9.4,49.7,5567.3
PF009310,CROP012,Groundnut,West Bengal,2022,6,5567.3,5542.5,5694.2,-11.3,46.7,4786.8
PF009311,CROP012,Groundnut,West Bengal,2022,7,4786.8,5567.3,5542.5,-19.2,71.7,4935.9
PF009312,CROP012,Groundnut,West Bengal,2022,8,4935.9,4786.8,5567.3,18.5,39.1,4636.4
PF009313,CROP012,Groundnut,West Bengal,2022,9,4636.4,4935.9,4786.8,4.7,45.0,4763.3
PF009314,CROP012,Groundnut,West Bengal,2022,10,4763.3,4636.4,4935.9,12.5,50.7,4331.3
PF009315,CROP012,Groundnut,West Bengal,2022,11,4331.3,4763.3,4636.4,-21.1,56.9,4840.7
PF009316,CROP012,Groundnut,West Bengal,2022,12,4840.7,4331.3,4763.3,8.7,46.8,4864.0
PF009317,CROP012,Groundnut,West Bengal,2023,1,4864.0,4840.7,4331.3,-6.5,62.9,5159.6
PF009318,CROP012,Groundnut,West Bengal,2023,2,5159.6,4864.0,4840.7,11.2,43.9,5608.9
PF009319,CROP012,Groundnut,West Bengal,2023,3,5608.9,5159.6,4864.0,-5.7,51.4,5482.6
PF009320,CROP012,Groundnut,West Bengal,2023,4,5482.6,5608.9,5159.6,-14.4,54.1,5886.5
PF009321,CROP012,Groundnut,West Bengal,2023,5,5886.5,5482.6,5608.9,2.9,39.4,5476.3
PF009322,CROP012,Groundnut,West Bengal,2023,6,5476.3,5886.5,5482.6,14.9,55.7,5354.7
PF009323,CROP012,Groundnut,West Bengal,2023,7,5354.7,5476.3,5886.5,-10.6,53.6,4817.2
PF009324,CROP012,Groundnut,West Bengal,2023,8,4817.2,5354.7,5476.3,7.3,45.8,4697.5
PF009325,CROP012,Groundnut,West Bengal,2023,9,4697.5,4817.2,5354.7,10.0,55.0,4477.5
PF009326,CROP012,Groundnut,West Bengal,2023,10,4477.5,4697.5,4817.2,4.2,39.6,5024.7
PF009327,CROP012,Groundnut,West Bengal,2023,11,5024.7,4477.5,4697.5,-5.5,41.8,5214.9
PF009328,CROP012,Groundnut,West Bengal,2023,12,5214.9,5024.7,4477.5,26.1,54.4,5430.2
PF009361,CROP013,Mustard,Punjab,2021,4,5934.3,5951.1,5734.7,31.3,32.8,5822.5
PF009362,CROP013,Mustard,Punjab,2021,5,5822.5,5934.3,5951.1,19.0,45.3,5512.0
PF009363,CROP013,Mustard,Punjab,2021,6,5512.0,5822.5,5934.3,0.2,70.0,5547.9
PF009364,CROP013,Mustard,Punjab,2021,7,5547.9,5512.0,5822.5,-1.6,56.8,5277.3
PF009365,CROP013,Mustard,Punjab,2021,8,5277.3,5547.9,5512.0,40.1,56.0,4984.3
PF009366,CROP013,Mustard,Punjab,2021,9,4984.3,5277.3,5547.9,-8.3,58.9,5001.5
PF009367,CROP013,Mustard,Punjab,2021,10,5001.5,4984.3,5277.3,-5.7,51.8,4903.9
PF009368,CROP013,Mustard,Punjab,2021,11,4903.9,5001.5,4984.3,-3.2,16.0,4870.7
PF009369,CROP013,Mustard,Punjab,2021,12,4870.7,4903.9,5001.5,5.5,52.3,5545.5
PF009370,CROP013,Mustard,Punjab,2022,1,5545.5,4870.7,4903.9,-3.2,52.3,5643.9
PF009371,CROP013,Mustard,Punjab,2022,2,5643.9,5545.5,4870.7,-23.7,55.2,6191.2
PF009372,CROP013,Mustard,Punjab,2022,3,6191.2,5643.9,5545.5,17.5,41.7,5876.2
PF009373,CROP013,Mustard,Punjab,2022,4,5876.2,6191.2,5643.9,26.9,57.3,5952.4
PF009374,CROP013,Mustard,Punjab,2022,5,5952.4,5876.2,6191.2,-39.7,51.7,6010.7
PF009375,CROP013,Mustard,Punjab,2022,6,6010.7,5952.4,5876.2,-7.0,50.7,5500.8
PF009376,CROP013,Mustard,Punjab,2022,7,5500.8,6010.7,5952.4,-7.0,38.9,5363.8
PF009377,CROP013,Mustard,Punjab,2022,8,5363.8,5500.8,6010.7,4.3,47.6,4569.3
PF009378,CROP013,Mustard,Punjab,2022,9,4569.3,5363.8,5500.8,35.8,50.1,5069.1
PF009379,CROP013,Mustard,Punjab,2022,10,5069.1,4569.3,5363.8,-9.6,36.3,5206.0
PF009380,CROP013,Mustard,Punjab,2022,11,5206.0,5069.1,4569.3,-13.7,60.0,5281.1
PF009381,CROP013,Mustard,Punjab,2022,12,5281.1,5206.0,5069.1,11.1,55.5,5728.3
PF009382,CROP013,Mustard,Punjab,2023,1,5728.3,5281.1,5206.0,-21.8,45.2,5726.9
PF009383,CROP013,Mustard,Punjab,2023,2,5726.9,5728.3,5281.1,-28.5,66.7,5922.2
PF009384,CROP013,Mustard,Punjab,2023,3,5922.2,5726.9,5728.3,-21.4,38.3,5984.9
PF009385,CROP013,Mustard,Punjab,2023,4,5984.9,5922.2,5726.9,4.3,54.0,5803.3
PF009386,CROP013,Mustard,Punjab,2023,5,5803.3,5984.9,5922.2,-21.4,46.5,5815.5
PF009387,CROP013,Mustard,Punjab,2023,6,5815.5,5803.3,5984.9,-13.3,49.4,5454.4
PF009388,CROP013,Mustard,Punjab,2023,7,5454.4,5815.5,5803.3,18.0,57.0,5391.4
PF009389,CROP013,Mustard,Punjab,2023,8,5391.4,5454.4,5815.5,-7.4,38.2,5197.3
PF009390,CROP013,Mustard,Punjab,2023,9,5197.3,5391.4,5454.4,-19.1,44.1,4879.9
PF009391,CROP013,Mustard,Punjab,2023,10,4879.9,5197.3,5391.4,5.2,53.6,4815.6
PF009392,CROP013,Mustard,Punjab,2023,11,4815.6,4879.9,5197.3,16.6,50.9,5207.7
PF009393,CROP013,Mustard,Punjab,2023,12,5207.7,4815.6,4879.9,-5.0,33.6,5348.0
PF009426,CROP013,Mustard,Punjab,2021,4,6385.2,5556.1,6037.3,2.4,41.4,6769.0
PF009427,CROP013,Mustard,Punjab,2021,5,6769.0,6385.2,5556.1,19.5,56.8,5728.3
PF009428,CROP013,Mustard,Punjab,2021,6,5728.3,6769.0,6385.2,-18.9,63.2,6023.3
PF009429,CROP013,Mustard,Punjab,2021,7,6023.3,5728.3,6769.0,19.2,58.5,5505.7
PF009430,CROP013,Mustard,Punjab,2021,8,5505.7,6023.3,5728.3,-27.4,47.0,5795.4
PF009431,CROP013,Mustard,Punjab,2021,9,5795.4,5505.7,6023.3,13.0,50.0,5267.2
PF009432,CROP013,Mustard,Punjab,2021,10,5267.2,5795.4,5505.7,-9.0,70.8,5242.4
PF009433,CROP013,Mustard,Punjab,2021,11,5242.4,5267.2,5795.4,-2.0,38.9,5370.2
PF009434,CROP013,Mustard,Punjab,2021,12,5370.2,5242.4,5267.2,24.4,61.1,5767.9
PF009435,CROP013,Mustard,Punjab,2022,1,5767.9,5370.2,5242.4,-1.1,46.2,6317.7
PF009436,CROP013,Mustard,Punjab,2022,2,6317.7,5767.9,5370.2,-15.2,44.8,5875.3
PF009437,CROP013,Mustard,Punjab,2022,3,5875.3,6317.7,5767.9,-11.4,68.9,6324.4
PF009438,CROP013,Mustard,Punjab,2022,4,6324.4,5875.3,6317.7,7.7,56.3,6076.0
PF009439,CROP013,Mustard,Punjab,2022,5,6076.0,6324.4,5875.3,-27.8,22.1,6251.3
PF009440,CROP013,Mustard,Punjab,2022,6,6251.3,6076.0,6324.4,17.3,50.7,5712.7
PF009441,CROP013,Mustard,Punjab,2022,7,5712.7,6251.3,6076.0,-28.9,62.3,5074.4
PF009442,CROP013,Mustard,Punjab,2022,8,5074.4,5712.7,6251.3,-23.0,48.3,5335.3
PF009443,CROP013,Mustard,Punjab,2022,9,5335.3,5074.4,5712.7,-7.8,61.9,5539.4
PF009444,CROP013,Mustard,Punjab,2022,10,5539.4,5335.3,5074.4,14.0,52.0,5656.4
PF009445,CROP013,Mustard,Punjab,2022,11,5656.4,5539.4,5335.3,19.1,40.3,5411.0
PF009446,CROP013,Mustard,Punjab,2022,12,5411.0,5656.4,5539.4,-27.0,60.9,5341.0
PF009447,CROP013,Mustard,Punjab,2023,1,5341.0,5411.0,5656.4,5.4,62.7,6448.4
PF009448,CROP013,Mustard,Punjab,2023,2,6448.4,5341.0,5411.0,42.3,53.2,6001.5
PF009449,CROP013,Mustard,Punjab,2023,3,6001.5,6448.4,5341.0,-9.9,48.7,6788.7
PF009450,CROP013,Mustard,Punjab,2023,4,6788.7,6001.5,6448.4,-15.4,59.2,6581.4
PF009451,CROP013,Mustard,Punjab,2023,5,6581.4,6788.7,6001.5,-21.1,27.0,6259.1
PF009452,CROP013,Mustard,Punjab,2023,6,6259.1,6581.4,6788.7,-7.8,54.9,5506.9
PF009453,CROP013,Mustard,Punjab,2023,7,5506.9,6259.1,6581.4,-0.6,57.1,5301.5
PF009454,CROP013,Mustard,Punjab,2023,8,5301.5,5506.9,6259.1,14.0,47.6,5563.9
PF009455,CROP013,Mustard,Punjab,2023,9,5563.9,5301.5,5506.9,2.0,69.3,5689.0
PF009456,CROP013,Mustard,Punjab,2023,10,5689.0,5563.9,5301.5,23.4,54.4,5274.3
PF009457,CROP013,Mustard,Punjab,2023,11,5274.3,5689.0,5563.9,-9.9,64.1,5563.9
PF009458,CROP013,Mustard,Punjab,2023,12,5563.9,5274.3,5689.0,-10.7,56.1,5865.7
PF009491,CROP013,Mustard,Punjab,2021,4,5602.0,5707.7,5396.2,6.2,36.0,5835.8
PF009492,CROP013,Mustard,Punjab,2021,5,5835.8,5602.0,5707.7,-6.5,60.9,5214.4
PF009493,CROP013,Mustard,Punjab,2021,6,5214.4,5835.8,5602.0,-11.3,52.0,5284.3
PF009494,CROP013,Mustard,Punjab,2021,7,5284.3,5214.4,5835.8,21.1,53.2,4903.4
PF009495,CROP013,Mustard,Punjab,2021,8,4903.4,5284.3,5214.4,-0.4,68.5,4965.4
PF009496,CROP013,Mustard,Punjab,2021,9,4965.4,4903.4,5284.3,-11.6,51.0,4734.9
PF009497,CROP013,Mustard,Punjab,2021,10,4734.9,4965.4,4903.4,-2.8,53.4,4792.5
PF009498,CROP013,Mustard,Punjab,2021,11,4792.5,4734.9,4965.4,-33.8,32.3,4888.9
PF009499,CROP013,Mustard,Punjab,2021,12,4888.9,4792.5,4734.9,7.8,53.8,5483.8
PF009500,CROP013,Mustard,Punjab,2022,1,5483.8,4888.9,4792.5,20.0,38.5,5882.5
PF009501,CROP013,Mustard,Punjab,2022,2,5882.5,5483.8,4888.9,-1.2,55.5,5221.5
PF009502,CROP013,Mustard,Punjab,2022,3,5221.5,5882.5,5483.8,-14.3,36.1,6098.7
PF009503,CROP013,Mustard,Punjab,2022,4,6098.7,5221.5,5882.5,15.1,56.7,5592.2
PF009504,CROP013,Mustard,Punjab,2022,5,5592.2,6098.7,5221.5,7.9,38.4,5399.1
PF009505,CROP013,Mustard,Punjab,2022,6,5399.1,5592.2,6098.7,12.2,46.3,5408.6
PF009506,CROP013,Mustard,Punjab,2022,7,5408.6,5399.1,5592.2,-8.8,57.5,5254.4
PF009507,CROP013,Mustard,Punjab,2022,8,5254.4,5408.6,5399.1,23.8,49.5,5337.2
PF009508,CROP013,Mustard,Punjab,2022,9,5337.2,5254.4,5408.6,26.6,36.2,4672.0
PF009509,CROP013,Mustard,Punjab,2022,10,4672.0,5337.2,5254.4,-9.6,64.3,4932.3
PF009510,CROP013,Mustard,Punjab,2022,11,4932.3,4672.0,5337.2,30.2,28.0,5503.6
PF009511,CROP013,Mustard,Punjab,2022,12,5503.6,4932.3,4672.0,11.8,39.6,5623.1
PF009512,CROP013,Mustard,Punjab,2023,1,5623.1,5503.6,4932.3,8.3,39.1,5704.7
PF009513,CROP013,Mustard,Punjab,2023,2,5704.7,5623.1,5503.6,-13.1,56.5,5880.9
PF009514,CROP013,Mustard,Punjab,2023,3,5880.9,5704.7,5623.1,-12.8,60.1,5667.4
PF009515,CROP013,Mustard,Punjab,2023,4,5667.4,5880.9,5704.7,-2.5,43.2,5861.3
PF009516,CROP013,Mustard,Punjab,2023,5,5861.3,5667.4,5880.9,35.3,47.7,5724.1
PF009517,CROP013,Mustard,Punjab,2023,6,5724.1,5861.3,5667.4,2.3,53.1,5405.4
PF009518,CROP013,Mustard,Punjab,2023,7,5405.4,5724.1,5861.3,16.9,48.5,5179.7
PF009519,CROP013,Mustard,Punjab,2023,8,5179.7,5405.4,5724.1,-19.1,47.3,4909.5
PF009520,CROP013,Mustard,Punjab,2023,9,4909.5,5179.7,5405.4,-5.6,44.0,4642.8
PF009521,CROP013,Mustard,Punjab,2023,10,4642.8,4909.5,5179.7,4.4,36.0,5202.7
PF009522,CROP013,Mustard,Punjab,2023,11,5202.7,4642.8,4909.5,4.2,34.9,4998.6
PF009523,CROP013,Mustard,Punjab,2023,12,4998.6,5202.7,4642.8,5.1,41.6,5296.6
PF009556,CROP013,Mustard,Haryana,2021,4,7179.6,7506.6,6805.6,13.5,44.4,7362.4
PF009557,CROP013,Mustard,Haryana,2021,5,7362.4,7179.6,7506.6,-20.1,47.4,6821.3
PF009558,CROP013,Mustard,Haryana,2021,6,6821.3,7362.4,7179.6,10.6,56.7,6183.6
PF009559,CROP013,Mustard,Haryana,2021,7,6183.6,6821.3,7362.4,7.9,45.5,6261.2
PF009560,CROP013,Mustard,Haryana,2021,8,6261.2,6183.6,6821.3,-5.1,58.7,5860.1
PF009561,CROP013,Mustard,Haryana,2021,9,5860.1,6261.2,6183.6,-24.5,52.6,5766.5
PF009562,CROP013,Mustard,Haryana,2021,10,5766.5,5860.1,6261.2,6.6,49.3,5949.5
PF009563,CROP013,Mustard,Haryana,2021,11,5949.5,5766.5,5860.1,12.7,67.5,5945.3
PF009564,CROP013,Mustard,Haryana,2021,12,5945.3,5949.5,5766.5,-2.1,55.7,6356.4
PF009565,CROP013,Mustard,Haryana,2022,1,6356.4,5945.3,5949.5,-22.5,65.4,7119.7
PF009566,CROP013,Mustard,Haryana,2022,2,7119.7,6356.4,5945.3,34.3,58.7,7350.4
PF009567,CROP013,Mustard,Haryana,2022,3,7350.4,7119.7,6356.4,10.8,55.9,7679.3
PF009568,CROP013,Mustard,Haryana,2022,4,7679.3,7350.4,7119.7,-27.3,74.8,7870.9
PF009569,CROP013,Mustard,Haryana,2022,5,7870.9,7679.3,7350.4,-6.8,34.5,6764.8
PF009570,CROP013,Mustard,Haryana,2022,6,6764.8,7870.9,7679.3,39.8,55.7,6216.5
PF009571,CROP013,Mustard,Haryana,2022,7,6216.5,6764.8,7870.9,-12.2,45.9,6121.9
PF009572,CROP013,Mustard,Haryana,2022,8,6121.9,6216.5,6764.8,-23.5,29.3,6246.8
PF009573,CROP013,Mustard,Haryana,2022,9,6246.8,6121.9,6216.5,5.5,45.4,5893.5
PF009574,CROP013,Mustard,Haryana,2022,10,5893.5,6246.8,6121.9,-16.2,62.6,6187.0
PF009575,CROP013,Mustard,Haryana,2022,11,6187.0,5893.5,6246.8,7.7,43.9,6326.3
PF009576,CROP013,Mustard,Haryana,2022,12,6326.3,6187.0,5893.5,-4.1,47.2,6869.6
PF009577,CROP013,Mustard,Haryana,2023,1,6869.6,6326.3,6187.0,7.3,46.8,6942.7
PF009578,CROP013,Mustard,Haryana,2023,2,6942.7,6869.6,6326.3,-4.3,42.6,7086.8
PF009579,CROP013,Mustard,Haryana,2023,3,7086.8,6942.7,6869.6,-6.3,59.4,6909.2
PF009580,CROP013,Mustard,Haryana,2023,4,6909.2,7086.8,6942.7,16.5,49.5,7711.8
PF009581,CROP013,Mustard,Haryana,2023,5,7711.8,6909.2,7086.8,-26.7,45.0,6964.7
PF009582,CROP013,Mustard,Haryana,2023,6,6964.7,7711.8,6909.2,-3.2,46.4,6955.6
PF009583,CROP013,Mustard,Haryana,2023,7,6955.6,6964.7,7711.8,8.7,66.3,7073.8
PF009584,CROP013,Mustard,Haryana,2023,8,7073.8,6955.6,6964.7,-6.2,56.8,6742.8
PF009585,CROP013,Mustard,Haryana,2023,9,6742.8,7073.8,6955.6,-10.8,33.6,6185.6
PF009586,CROP013,Mustard,Haryana,2023,10,6185.6,6742.8,7073.8,15.3,27.9,6175.6
PF009587,CROP013,Mustard,Haryana,2023,11,6175.6,6185.6,6742.8,10.0,45.0,6180.6
PF009588,CROP013,Mustard,Haryana,2023,12,6180.6,6175.6,6185.6,-16.3,58.4,6621.2
PF009621,CROP013,Mustard,Haryana,2021,4,5425.6,5336.2,5487.7,21.7,40.2,5552.3
PF009622,CROP013,Mustard,Haryana,2021,5,5552.3,5425.6,5336.2,3.4,55.4,5249.8
PF009623,CROP013,Mustard,Haryana,2021,6,5249.8,5552.3,5425.6,20.8,43.1,5309.5
PF009624,CROP013,Mustard,Haryana,2021,7,5309.5,5249.8,5552.3,0.3,42.9,5201.0
PF009625,CROP013,Mustard,Haryana,2021,8,5201.0,5309.5,5249.8,-10.1,64.1,4796.3
PF009626,CROP013,Mustard,Haryana,2021,9,4796.3,5201.0,5309.5,10.3,47.4,4477.6
PF009627,CROP013,Mustard,Haryana,2021,10,4477.6,4796.3,5201.0,-8.9,42.1,4536.8
PF009628,CROP013,Mustard,Haryana,2021,11,4536.8,4477.6,4796.3,12.7,44.7,4991.6
PF009629,CROP013,Mustard,Haryana,2021,12,4991.6,4536.8,4477.6,18.8,59.8,4866.8
PF009630,CROP013,Mustard,Haryana,2022,1,4866.8,4991.6,4536.8,-17.0,52.1,5157.4
PF009631,CROP013,Mustard,Haryana,2022,2,5157.4,4866.8,4991.6,-29.1,61.7,5566.2
PF009632,CROP013,Mustard,Haryana,2022,3,5566.2,5157.4,4866.8,2.6,58.4,5405.5
PF009633,CROP013,Mustard,Haryana,2022,4,5405.5,5566.2,5157.4,9.8,50.4,5362.0
PF009634,CROP013,Mustard,Haryana,2022,5,5362.0,5405.5,5566.2,-23.0,56.5,5291.8
PF009635,CROP013,Mustard,Haryana,2022,6,5291.8,5362.0,5405.5,16.4,34.7,5308.1
PF009636,CROP013,Mustard,Haryana,2022,7,5308.1,5291.8,5362.0,19.7,56.1,4947.5
PF009637,CROP013,Mustard,Haryana,2022,8,4947.5,5308.1,5291.8,-2.1,48.1,4864.0
PF009638,CROP013,Mustard,Haryana,2022,9,4864.0,4947.5,5308.1,-9.8,67.5,4398.8
PF009639,CROP013,Mustard,Haryana,2022,10,4398.8,4864.0,4947.5,8.9,57.8,4897.7
PF009640,CROP013,Mustard,Haryana,2022,11,4897.7,4398.8,4864.0,18.8,52.0,4941.1
PF009641,CROP013,Mustard,Haryana,2022,12,4941.1,4897.7,4398.8,-15.9,59.0,5261.4
PF009642,CROP013,Mustard,Haryana,2023,1,5261.4,4941.1,4897.7,-4.3,64.5,5393.7
PF009643,CROP013,Mustard,Haryana,2023,2,5393.7,5261.4,4941.1,-1.3,71.2,5550.3
PF009644,CROP013,Mustard,Haryana,2023,3,5550.3,5393.7,5261.4,-14.0,55.4,5776.2
PF009645,CROP013,Mustard,Haryana,2023,4,5776.2,5550.3,5393.7,-8.4,25.4,5092.3
PF009646,CROP013,Mustard,Haryana,2023,5,5092.3,5776.2,5550.3,-1.1,51.5,5980.3
PF009647,CROP013,Mustard,Haryana,2023,6,5980.3,5092.3,5776.2,-18.9,38.5,5545.4
PF009648,CROP013,Mustard,Haryana,2023,7,5545.4,5980.3,5092.3,-10.3,39.2,4577.6
PF009649,CROP013,Mustard,Haryana,2023,8,4577.6,5545.4,5980.3,16.6,47.0,4743.3
PF009650,CROP013,Mustard,Haryana,2023,9,4743.3,4577.6,5545.4,-17.3,38.7,4479.8
PF009651,CROP013,Mustard,Haryana,2023,10,4479.8,4743.3,4577.6,-9.9,56.9,4687.2
PF009652,CROP013,Mustard,Haryana,2023,11,4687.2,4479.8,4743.3,-9.8,52.0,4735.4
PF009653,CROP013,Mustard,Haryana,2023,12,4735.4,4687.2,4479.8,-12.7,53.3,5345.5
PF009686,CROP013,Mustard,Uttar Pradesh,2021,4,6261.1,5880.6,6395.8,2.4,62.6,6119.5
PF009687,CROP013,Mustard,Uttar Pradesh,2021,5,6119.5,6261.1,5880.6,8.4,39.5,6178.7
PF009688,CROP013,Mustard,Uttar Pradesh,2021,6,6178.7,6119.5,6261.1,10.4,37.9,5799.2
PF009689,CROP013,Mustard,Uttar Pradesh,2021,7,5799.2,6178.7,6119.5,4.5,63.2,5735.4
PF009690,CROP013,Mustard,Uttar Pradesh,2021,8,5735.4,5799.2,6178.7,-3.3,50.6,5185.2
PF009691,CROP013,Mustard,Uttar Pradesh,2021,9,5185.2,5735.4,5799.2,5.8,30.0,5108.2
PF009692,CROP013,Mustard,Uttar Pradesh,2021,10,5108.2,5185.2,5735.4,-15.1,59.9,5368.9
PF009693,CROP013,Mustard,Uttar Pradesh,2021,11,5368.9,5108.2,5185.2,26.6,19.6,4939.1
PF009694,CROP013,Mustard,Uttar Pradesh,2021,12,4939.1,5368.9,5108.2,6.2,51.0,5805.4
PF009695,CROP013,Mustard,Uttar Pradesh,2022,1,5805.4,4939.1,5368.9,23.9,57.1,6564.1
PF009696,CROP013,Mustard,Uttar Pradesh,2022,2,6564.1,5805.4,4939.1,6.2,52.2,6231.1
PF009697,CROP013,Mustard,Uttar Pradesh,2022,3,6231.1,6564.1,5805.4,-4.6,39.2,6374.1
PF009698,CROP013,Mustard,Uttar Pradesh,2022,4,6374.1,6231.1,6564.1,3.3,61.1,6359.8
PF009699,CROP013,Mustard,Uttar Pradesh,2022,5,6359.8,6374.1,6231.1,7.4,59.0,5846.7
PF009700,CROP013,Mustard,Uttar Pradesh,2022,6,5846.7,6359.8,6374.1,-27.5,40.6,5839.5
PF009701,CROP013,Mustard,Uttar Pradesh,2022,7,5839.5,5846.7,6359.8,-2.7,57.3,5248.8
PF009702,CROP013,Mustard,Uttar Pradesh,2022,8,5248.8,5839.5,5846.7,0.2,46.3,5183.3
PF009703,CROP013,Mustard,Uttar Pradesh,2022,9,5183.3,5248.8,5839.5,1.9,47.1,5085.0
PF009704,CROP013,Mustard,Uttar Pradesh,2022,10,5085.0,5183.3,5248.8,0.6,42.3,5018.9
PF009705,CROP013,Mustard,Uttar Pradesh,2022,11,5018.9,5085.0,5183.3,15.5,50.7,5056.3
PF009706,CROP013,Mustard,Uttar Pradesh,2022,12,5056.3,5018.9,5085.0,-20.6,16.6,5721.6
PF009707,CROP013,Mustard,Uttar Pradesh,2023,1,5721.6,5056.3,5018.9,-0.7,81.3,6040.9
PF009708,CROP013,Mustard,Uttar Pradesh,2023,2,6040.9,5721.6,5056.3,4.3,70.9,6291.2
PF009709,CROP013,Mustard,Uttar Pradesh,2023,3,6291.2,6040.9,5721.6,-14.6,70.6,6870.4
PF009710,CROP013,Mustard,Uttar Pradesh,2023,4,6870.4,6291.2,6040.9,11.3,40.7,6180.4
PF009711,CROP013,Mustard,Uttar Pradesh,2023,5,6180.4,6870.4,6291.2,-20.6,29.2,5678.3
PF009712,CROP013,Mustard,Uttar Pradesh,2023,6,5678.3,6180.4,6870.4,-16.3,47.5,5446.5
PF009713,CROP013,Mustard,Uttar Pradesh,2023,7,5446.5,5678.3,6180.4,14.8,54.2,5558.9
PF009714,CROP013,Mustard,Uttar Pradesh,2023,8,5558.9,5446.5,5678.3,20.9,22.0,5068.7
PF009715,CROP013,Mustard,Uttar Pradesh,2023,9,5068.7,5558.9,5446.5,-13.0,39.9,5207.0
PF009716,CROP013,Mustard,Uttar Pradesh,2023,10,5207.0,5068.7,5558.9,12.2,60.2,5199.8
PF009717,CROP013,Mustard,Uttar Pradesh,2023,11,5199.8,5207.0,5068.7,4.5,24.3,5305.0
PF009718,CROP013,Mustard,Uttar Pradesh,2023,12,5305.0,5199.8,5207.0,-0.4,56.4,5869.5
PF009751,CROP013,Mustard,Uttar Pradesh,2021,4,7190.6,6354.4,6949.6,-5.1,59.0,7170.8
PF009752,CROP013,Mustard,Uttar Pradesh,2021,5,7170.8,7190.6,6354.4,1.9,52.4,7113.0
PF009753,CROP013,Mustard,Uttar Pradesh,2021,6,7113.0,7170.8,7190.6,-25.7,69.0,6631.9
PF009754,CROP013,Mustard,Uttar Pradesh,2021,7,6631.9,7113.0,7170.8,-13.5,52.3,6637.5
PF009755,CROP013,Mustard,Uttar Pradesh,2021,8,6637.5,6631.9,7113.0,-20.2,46.7,6050.1
PF009756,CROP013,Mustard,Uttar Pradesh,2021,9,6050.1,6637.5,6631.9,3.8,47.7,5826.7
PF009757,CROP013,Mustard,Uttar Pradesh,2021,10,5826.7,6050.1,6637.5,-1.2,49.2,6046.6
PF009758,CROP013,Mustard,Uttar Pradesh,2021,11,6046.6,5826.7,6050.1,5.8,25.6,6256.0
PF009759,CROP013,Mustard,Uttar Pradesh,2021,12,6256.0,6046.6,5826.7,-2.0,48.3,6956.5
PF009760,CROP013,Mustard,Uttar Pradesh,2022,1,6956.5,6256.0,6046.6,-6.8,39.1,7161.7
PF009761,CROP013,Mustard,Uttar Pradesh,2022,2,7161.7,6956.5,6256.0,-2.8,52.3,7192.6
PF009762,CROP013,Mustard,Uttar Pradesh,2022,3,7192.6,7161.7,6956.5,-22.2,57.1,7477.2
PF009763,CROP013,Mustard,Uttar Pradesh,2022,4,7477.2,7192.6,7161.7,-1.9,48.2,7107.2
PF009764,CROP013,Mustard,Uttar Pradesh,2022,5,7107.2,7477.2,7192.6,8.4,70.1,6885.1
PF009765,CROP013,Mustard,Uttar Pradesh,2022,6,6885.1,7107.2,7477.2,-23.9,70.2,6556.4
PF009766,CROP013,Mustard,Uttar Pradesh,2022,7,6556.4,6885.1,7107.2,-3.6,63.3,6846.8
PF009767,CROP013,Mustard,Uttar Pradesh,2022,8,6846.8,6556.4,6885.1,6.5,46.7,5820.3
PF009768,CROP013,Mustard,Uttar Pradesh,2022,9,5820.3,6846.8,6556.4,-15.5,21.2,6589.7
PF009769,CROP013,Mustard,Uttar Pradesh,2022,10,6589.7,5820.3,6846.8,-1.2,39.5,6454.7
PF009770,CROP013,Mustard,Uttar Pradesh,2022,11,6454.7,6589.7,5820.3,-8.1,64.5,6688.8
PF009771,CROP013,Mustard,Uttar Pradesh,2022,12,6688.8,6454.7,6589.7,-1.5,63.9,6556.4
PF009772,CROP013,Mustard,Uttar Pradesh,2023,1,6556.4,6688.8,6454.7,0.4,55.9,7290.3
PF009773,CROP013,Mustard,Uttar Pradesh,2023,2,7290.3,6556.4,6688.8,13.5,53.6,7714.5
PF009774,CROP013,Mustard,Uttar Pradesh,2023,3,7714.5,7290.3,6556.4,10.6,55.6,7051.0
PF009775,CROP013,Mustard,Uttar Pradesh,2023,4,7051.0,7714.5,7290.3,14.5,48.2,7416.1
PF009776,CROP013,Mustard,Uttar Pradesh,2023,5,7416.1,7051.0,7714.5,3.2,45.0,6983.2
PF009777,CROP013,Mustard,Uttar Pradesh,2023,6,6983.2,7416.1,7051.0,-7.2,40.1,7204.7
PF009778,CROP013,Mustard,Uttar Pradesh,2023,7,7204.7,6983.2,7416.1,-8.6,36.7,7083.0
PF009779,CROP013,Mustard,Uttar Pradesh,2023,8,7083.0,7204.7,6983.2,24.7,24.2,6323.7
PF009780,CROP013,Mustard,Uttar Pradesh,2023,9,6323.7,7083.0,7204.7,17.1,41.8,5909.9
PF009781,CROP013,Mustard,Uttar Pradesh,2023,10,5909.9,6323.7,7083.0,-6.9,52.8,6290.3
PF009782,CROP013,Mustard,Uttar Pradesh,2023,11,6290.3,5909.9,6323.7,-20.4,23.4,6372.3
PF009783,CROP013,Mustard,Uttar Pradesh,2023,12,6372.3,6290.3,5909.9,-9.4,68.5,6620.1
PF009816,CROP013,Mustard,Uttar Pradesh,2021,4,7206.7,7133.8,6998.5,11.1,50.1,7764.1
PF009817,CROP013,Mustard,Uttar Pradesh,2021,5,7764.1,7206.7,7133.8,16.4,47.0,7289.8
PF009818,CROP013,Mustard,Uttar Pradesh,2021,6,7289.8,7764.1,7206.7,-0.9,64.4,6411.8
PF009819,CROP013,Mustard,Uttar Pradesh,2021,7,6411.8,7289.8,7764.1,14.6,48.2,6084.9
PF009820,CROP013,Mustard,Uttar Pradesh,2021,8,6084.9,6411.8,7289.8,2.8,42.0,6224.7
PF009821,CROP013,Mustard,Uttar Pradesh,2021,9,6224.7,6084.9,6411.8,-14.9,46.3,6602.1
PF009822,CROP013,Mustard,Uttar Pradesh,2021,10,6602.1,6224.7,6084.9,12.4,43.6,6488.3
PF009823,CROP013,Mustard,Uttar Pradesh,2021,11,6488.3,6602.1,6224.7,-7.7,59.7,5921.4
PF009824,CROP013,Mustard,Uttar Pradesh,2021,12,5921.4,6488.3,6602.1,-12.4,47.9,6513.8
PF009825,CROP013,Mustard,Uttar Pradesh,2022,1,6513.8,5921.4,6488.3,6.4,39.1,7395.5
PF009826,CROP013,Mustard,Uttar Pradesh,2022,2,7395.5,6513.8,5921.4,21.2,64.2,7218.1
PF009827,CROP013,Mustard,Uttar Pradesh,2022,3,7218.1,7395.5,6513.8,-1.4,52.0,7210.0
PF009828,CROP013,Mustard,Uttar Pradesh,2022,4,7210.0,7218.1,7395.5,12.9,51.1,7582.4
PF009829,CROP013,Mustard,Uttar Pradesh,2022,5,7582.4,7210.0,7218.1,0.5,42.0,7052.4
PF009830,CROP013,Mustard,Uttar Pradesh,2022,6,7052.4,7582.4,7210.0,-27.7,44.5,6630.6
PF009831,CROP013,Mustard,Uttar Pradesh,2022,7,6630.6,7052.4,7582.4,19.6,64.5,6075.1
PF009832,CROP013,Mustard,Uttar Pradesh,2022,8,6075.1,6630.6,7052.4,32.0,63.1,6491.2
PF009833,CROP013,Mustard,Uttar Pradesh,2022,9,6491.2,6075.1,6630.6,2.4,75.5,5820.4
PF009834,CROP013,Mustard,Uttar Pradesh,2022,10,5820.4,6491.2,6075.1,16.4,37.9,6305.3
PF009835,CROP013,Mustard,Uttar Pradesh,2022,11,6305.3,5820.4,6491.2,-4.4,69.8,6424.3
PF009836,CROP013,Mustard,Uttar Pradesh,2022,12,6424.3,6305.3,5820.4,11.2,32.6,6524.0
PF009837,CROP013,Mustard,Uttar Pradesh,2023,1,6524.0,6424.3,6305.3,-20.4,71.0,7152.5
PF009838,CROP013,Mustard,Uttar Pradesh,2023,2,7152.5,6524.0,6424.3,4.3,56.2,7342.7
PF009839,CROP013,Mustard,Uttar Pradesh,2023,3,7342.7,7152.5,6524.0,2.9,29.5,7613.5
PF009840,CROP013,Mustard,Uttar Pradesh,2023,4,7613.5,7342.7,7152.5,-13.9,66.7,7623.9
PF009841,CROP013,Mustard,Uttar Pradesh,2023,5,7623.9,7613.5,7342.7,-7.1,41.9,7033.5
PF009842,CROP013,Mustard,Uttar Pradesh,2023,6,7033.5,7623.9,7613.5,-14.1,40.4,6769.5
PF009843,CROP013,Mustard,Uttar Pradesh,2023,7,6769.5,7033.5,7623.9,-0.6,63.0,6871.2
PF009844,CROP013,Mustard,Uttar Pradesh,2023,8,6871.2,6769.5,7033.5,10.2,56.7,6364.1
PF009845,CROP013,Mustard,Uttar Pradesh,2023,9,6364.1,6871.2,6769.5,0.3,52.4,6292.2
PF009846,CROP013,Mustard,Uttar Pradesh,2023,10,6292.2,6364.1,6871.2,18.5,61.2,6983.1
PF009847,CROP013,Mustard,Uttar Pradesh,2023,11,6983.1,6292.2,6364.1,1.7,50.0,6294.2
PF009848,CROP013,Mustard,Uttar Pradesh,2023,12,6294.2,6983.1,6292.2,-0.1,40.3,7393.8
PF009881,CROP013,Mustard,Bihar,2021,4,6018.7,5673.6,5566.5,-0.2,44.8,5583.4
PF009882,CROP013,Mustard,Bihar,2021,5,5583.4,6018.7,5673.6,4.9,66.7,5906.2
PF009883,CROP013,Mustard,Bihar,2021,6,5906.2,5583.4,6018.7,-17.3,40.4,5306.1
PF009884,CROP013,Mustard,Bihar,2021,7,5306.1,5906.2,5583.4,10.0,49.3,5132.0
PF009885,CROP013,Mustard,Bihar,2021,8,5132.0,5306.1,5906.2,0.0,50.7,5101.5
PF009886,CROP013,Mustard,Bihar,2021,9,5101.5,5132.0,5306.1,1.2,71.9,4975.2
PF009887,CROP013,Mustard,Bihar,2021,10,4975.2,5101.5,5132.0,-8.8,45.1,4883.2
PF009888,CROP013,Mustard,Bihar,2021,11,4883.2,4975.2,5101.5,-11.0,53.5,4962.4
PF009889,CROP013,Mustard,Bihar,2021,12,4962.4,4883.2,4975.2,-4.0,42.4,5061.5
PF009890,CROP013,Mustard,Bihar,2022,1,5061.5,4962.4,4883.2,-7.0,48.9,5343.0
PF009891,CROP013,Mustard,Bihar,2022,2,5343.0,5061.5,4962.4,-11.7,54.0,6055.9
PF009892,CROP013,Mustard,Bihar,2022,3,6055.9,5343.0,5061.5,-16.6,31.7,5847.0
PF009893,CROP013,Mustard,Bihar,2022,4,5847.0,6055.9,5343.0,27.3,48.2,5854.0
PF009894,CROP013,Mustard,Bihar,2022,5,5854.0,5847.0,6055.9,-1.9,62.5,5814.8
PF009895,CROP013,Mustard,Bihar,2022,6,5814.8,5854.0,5847.0,38.7,43.6,5017.0
PF009896,CROP013,Mustard,Bihar,2022,7,5017.0,5814.8,5854.0,15.9,49.3,5021.1
PF009897,CROP013,Mustard,Bihar,2022,8,5021.1,5017.0,5814.8,-0.7,49.9,5301.1
PF009898,CROP013,Mustard,Bihar,2022,9,5301.1,5021.1,5017.0,13.2,31.4,4667.1
PF009899,CROP013,Mustard,Bihar,2022,10,4667.1,5301.1,5021.1,1.6,43.3,4576.9
PF009900,CROP013,Mustard,Bihar,2022,11,4576.9,4667.1,5301.1,23.2,44.5,4933.3
PF009901,CROP013,Mustard,Bihar,2022,12,4933.3,4576.9,4667.1,-30.1,64.6,5010.7
PF009902,CROP013,Mustard,Bihar,2023,1,5010.7,4933.3,4576.9,9.1,32.9,5567.6
PF009903,CROP013,Mustard,Bihar,2023,2,5567.6,5010.7,4933.3,-6.1,66.2,5920.0
PF009904,CROP013,Mustard,Bihar,2023,3,5920.0,5567.6,5010.7,-8.5,64.9,5856.4
PF009905,CROP013,Mustard,Bihar,2023,4,5856.4,5920.0,5567.6,11.9,42.6,6074.4
PF009906,CROP013,Mustard,Bihar,2023,5,6074.4,5856.4,5920.0,-12.0,71.3,5525.4
PF009907,CROP013,Mustard,Bihar,2023,6,5525.4,6074.4,5856.4,12.7,57.4,5587.9
PF009908,CROP013,Mustard,Bihar,2023,7,5587.9,5525.4,6074.4,-4.5,42.7,4734.9
PF009909,CROP013,Mustard,Bihar,2023,8,4734.9,5587.9,5525.4,4.2,60.2,5036.8
PF009910,CROP013,Mustard,Bihar,2023,9,5036.8,4734.9,5587.9,-16.7,58.2,5170.6
PF009911,CROP013,Mustard,Bihar,2023,10,5170.6,5036.8,4734.9,20.5,48.8,5068.7
PF009912,CROP013,Mustard,Bihar,2023,11,5068.7,5170.6,5036.8,1.2,65.4,5356.6
PF009913,CROP013,Mustard,Bihar,2023,12,5356.6,5068.7,5170.6,-24.4,54.2,5585.2
PF009946,CROP013,Mustard,Bihar,2021,4,6832.9,6681.8,6110.8,-7.7,47.3,6690.3
PF009947,CROP013,Mustard,Bihar,2021,5,6690.3,6832.9,6681.8,1.4,49.3,6128.9
PF009948,CROP013,Mustard,Bihar,2021,6,6128.9,6690.3,6832.9,-10.5,59.5,5591.2
PF009949,CROP013,Mustard,Bihar,2021,7,5591.2,6128.9,6690.3,12.8,53.8,5907.7
PF009950,CROP013,Mustard,Bihar,2021,8,5907.7,5591.2,6128.9,23.5,35.9,5274.0
PF009951,CROP013,Mustard,Bihar,2021,9,5274.0,5907.7,5591.2,-37.9,51.1,5595.4
PF009952,CROP013,Mustard,Bihar,2021,10,5595.4,5274.0,5907.7,9.0,35.9,5468.9
PF009953,CROP013,Mustard,Bihar,2021,11,5468.9,5595.4,5274.0,-6.8,47.1,5475.4
PF009954,CROP013,Mustard,Bihar,2021,12,5475.4,5468.9,5595.4,-7.6,37.1,6249.0
PF009955,CROP013,Mustard,Bihar,2022,1,6249.0,5475.4,5468.9,-6.0,49.1,6088.7
PF009956,CROP013,Mustard,Bihar,2022,2,6088.7,6249.0,5475.4,-10.8,50.8,6897.3
PF009957,CROP013,Mustard,Bihar,2022,3,6897.3,6088.7,6249.0,20.7,42.0,6977.0
PF009958,CROP013,Mustard,Bihar,2022,4,6977.0,6897.3,6088.7,-6.0,42.4,6378.1
PF009959,CROP013,Mustard,Bihar,2022,5,6378.1,6977.0,6897.3,12.2,71.5,6543.2
PF009960,CROP013,Mustard,Bihar,2022,6,6543.2,6378.1,6977.0,-24.5,49.9,6123.0
PF009961,CROP013,Mustard,Bihar,2022,7,6123.0,6543.2,6378.1,-11.2,44.1,5674.9
PF009962,CROP013,Mustard,Bihar,2022,8,5674.9,6123.0,6543.2,-2.0,52.6,5843.0
PF009963,CROP013,Mustard,Bihar,2022,9,5843.0,5674.9,6123.0,-15.9,47.7,4841.1
PF009964,CROP013,Mustard,Bihar,2022,10,4841.1,5843.0,5674.9,0.5,41.2,5758.8
PF009965,CROP013,Mustard,Bihar,2022,11,5758.8,4841.1,5843.0,-1.6,37.5,5696.6
PF009966,CROP013,Mustard,Bihar,2022,12,5696.6,5758.8,4841.1,2.6,21.6,5865.6
PF009967,CROP013,Mustard,Bihar,2023,1,5865.6,5696.6,5758.8,0.7,47.4,6350.3
PF009968,CROP013,Mustard,Bihar,2023,2,6350.3,5865.6,5696.6,-22.6,54.5,6044.2
PF009969,CROP013,Mustard,Bihar,2023,3,6044.2,6350.3,5865.6,-12.2,42.7,6445.8
PF009970,CROP013,Mustard,Bihar,2023,4,6445.8,6044.2,6350.3,-2.9,38.4,6610.0
PF009971,CROP013,Mustard,Bihar,2023,5,6610.0,6445.8,6044.2,-6.9,64.8,6387.1
PF009972,CROP013,Mustard,Bihar,2023,6,6387.1,6610.0,6445.8,-12.9,56.6,6235.9
PF009973,CROP013,Mustard,Bihar,2023,7,6235.9,6387.1,6610.0,-2.6,28.5,5261.1
PF009974,CROP013,Mustard,Bihar,2023,8,5261.1,6235.9,6387.1,-0.2,35.4,5661.7
PF009975,CROP013,Mustard,Bihar,2023,9,5661.7,5261.1,6235.9,-13.7,35.7,5484.5
PF009976,CROP013,Mustard,Bihar,2023,10,5484.5,5661.7,5261.1,-8.5,65.0,5622.7
PF009977,CROP013,Mustard,Bihar,2023,11,5622.7,5484.5,5661.7,0.3,72.2,6018.2
PF009978,CROP013,Mustard,Bihar,2023,12,6018.2,5622.7,5484.5,8.5,71.1,5684.1
PF010011,CROP013,Mustard,West Bengal,2021,4,6457.6,7247.5,6349.8,-14.9,48.6,6954.9
PF010012,CROP013,Mustard,West Bengal,2021,5,6954.9,6457.6,7247.5,-12.2,29.2,6704.1
PF010013,CROP013,Mustard,West Bengal,2021,6,6704.1,6954.9,6457.6,35.2,53.5,6034.4
PF010014,CROP013,Mustard,West Bengal,2021,7,6034.4,6704.1,6954.9,7.8,59.6,6257.8
PF010015,CROP013,Mustard,West Bengal,2021,8,6257.8,6034.4,6704.1,23.6,35.0,5251.7
PF010016,CROP013,Mustard,West Bengal,2021,9,5251.7,6257.8,6034.4,-13.2,62.1,5321.6
PF010017,CROP013,Mustard,West Bengal,2021,10,5321.6,5251.7,6257.8,-15.8,39.9,6064.8
PF010018,CROP013,Mustard,West Bengal,2021,11,6064.8,5321.6,5251.7,1.3,46.3,6279.5
PF010019,CROP013,Mustard,West Bengal,2021,12,6279.5,6064.8,5321.6,19.7,49.4,6485.5
PF010020,CROP013,Mustard,West Bengal,2022,1,6485.5,6279.5,6064.8,2.4,61.2,6897.0
PF010021,CROP013,Mustard,West Bengal,2022,2,6897.0,6485.5,6279.5,-32.0,62.5,6848.8
PF010022,CROP013,Mustard,West Bengal,2022,3,6848.8,6897.0,6485.5,14.5,41.9,7610.8
PF010023,CROP013,Mustard,West Bengal,2022,4,7610.8,6848.8,6897.0,-17.1,48.4,7003.4
PF010024,CROP013,Mustard,West Bengal,2022,5,7003.4,7610.8,6848.8,9.2,37.0,6874.6
PF010025,CROP013,Mustard,West Bengal,2022,6,6874.6,7003.4,7610.8,8.9,51.3,6213.4
PF010026,CROP013,Mustard,West Bengal,2022,7,6213.4,6874.6,7003.4,-11.7,37.7,6115.6
PF010027,CROP013,Mustard,West Bengal,2022,8,6115.6,6213.4,6874.6,6.3,54.7,6113.9
PF010028,CROP013,Mustard,West Bengal,2022,9,6113.9,6115.6,6213.4,-1.3,32.1,5994.8
PF010029,CROP013,Mustard,West Bengal,2022,10,5994.8,6113.9,6115.6,35.6,40.1,5753.1
PF010030,CROP013,Mustard,West Bengal,2022,11,5753.1,5994.8,6113.9,10.5,49.5,5891.3
PF010031,CROP013,Mustard,West Bengal,2022,12,5891.3,5753.1,5994.8,-9.7,56.9,6251.0
PF010032,CROP013,Mustard,West Bengal,2023,1,6251.0,5891.3,5753.1,-10.6,48.0,6622.2
PF010033,CROP013,Mustard,West Bengal,2023,2,6622.2,6251.0,5891.3,-11.8,51.9,6859.7
PF010034,CROP013,Mustard,West Bengal,2023,3,6859.7,6622.2,6251.0,-40.5,41.4,7362.2
PF010035,CROP013,Mustard,West Bengal,2023,4,7362.2,6859.7,6622.2,-14.8,58.7,6585.5
PF010036,CROP013,Mustard,West Bengal,2023,5,6585.5,7362.2,6859.7,28.9,50.6,6672.2
PF010037,CROP013,Mustard,West Bengal,2023,6,6672.2,6585.5,7362.2,14.6,44.5,6683.4
PF010038,CROP013,Mustard,West Bengal,2023,7,6683.4,6672.2,6585.5,18.9,50.7,5957.9
PF010039,CROP013,Mustard,West Bengal,2023,8,5957.9,6683.4,6672.2,-22.0,55.3,5821.6
PF010040,CROP013,Mustard,West Bengal,2023,9,5821.6,5957.9,6683.4,-4.4,35.3,5712.1
PF010041,CROP013,Mustard,West Bengal,2023,10,5712.1,5821.6,5957.9,10.9,41.7,6015.9
PF010042,CROP013,Mustard,West Bengal,2023,11,6015.9,5712.1,5821.6,10.5,44.2,6459.1
PF010043,CROP013,Mustard,West Bengal,2023,12,6459.1,6015.9,5712.1,-21.2,32.4,6119.9
PF010076,CROP013,Mustard,West Bengal,2021,4,6897.0,7471.9,6920.2,23.1,43.0,7425.7
PF010077,CROP013,Mustard,West Bengal,2021,5,7425.7,6897.0,7471.9,4.7,55.2,6669.2
PF010078,CROP013,Mustard,West Bengal,2021,6,6669.2,7425.7,6897.0,-8.0,48.6,6521.5
PF010079,CROP013,Mustard,West Bengal,2021,7,6521.5,6669.2,7425.7,15.1,56.1,6152.3
PF010080,CROP013,Mustard,West Bengal,2021,8,6152.3,6521.5,6669.2,7.5,42.2,5539.8
PF010081,CROP013,Mustard,West Bengal,2021,9,5539.8,6152.3,6521.5,-3.3,43.6,5926.3
PF010082,CROP013,Mustard,West Bengal,2021,10,5926.3,5539.8,6152.3,-1.7,47.1,6561.8
PF010083,CROP013,Mustard,West Bengal,2021,11,6561.8,5926.3,5539.8,1.2,43.8,5838.8
PF010084,CROP013,Mustard,West Bengal,2021,12,5838.8,6561.8,5926.3,-3.7,38.8,6697.0
PF010085,CROP013,Mustard,West Bengal,2022,1,6697.0,5838.8,6561.8,-4.2,57.4,6868.3
PF010086,CROP013,Mustard,West Bengal,2022,2,6868.3,6697.0,5838.8,16.8,26.7,7196.9
PF010087,CROP013,Mustard,West Bengal,2022,3,7196.9,6868.3,6697.0,-12.4,63.3,7177.5
PF010088,CROP013,Mustard,West Bengal,2022,4,7177.5,7196.9,6868.3,-10.4,39.2,7095.2
PF010089,CROP013,Mustard,West Bengal,2022,5,7095.2,7177.5,7196.9,10.8,35.9,6746.3
PF010090,CROP013,Mustard,West Bengal,2022,6,6746.3,7095.2,7177.5,8.4,49.4,6515.5
PF010091,CROP013,Mustard,West Bengal,2022,7,6515.5,6746.3,7095.2,3.1,44.1,6508.9
PF010092,CROP013,Mustard,West Bengal,2022,8,6508.9,6515.5,6746.3,-10.3,45.6,6553.0
PF010093,CROP013,Mustard,West Bengal,2022,9,6553.0,6508.9,6515.5,10.7,56.4,5839.9
PF010094,CROP013,Mustard,West Bengal,2022,10,5839.9,6553.0,6508.9,28.9,43.3,5971.4
PF010095,CROP013,Mustard,West Bengal,2022,11,5971.4,5839.9,6553.0,13.0,68.7,6192.7
PF010096,CROP013,Mustard,West Bengal,2022,12,6192.7,5971.4,5839.9,-14.7,54.3,6077.3
PF010097,CROP013,Mustard,West Bengal,2023,1,6077.3,6192.7,5971.4,25.9,59.9,7220.0
PF010098,CROP013,Mustard,West Bengal,2023,2,7220.0,6077.3,6192.7,-3.3,51.9,7410.9
PF010099,CROP013,Mustard,West Bengal,2023,3,7410.9,7220.0,6077.3,9.2,62.0,7468.8
PF010100,CROP013,Mustard,West Bengal,2023,4,7468.8,7410.9,7220.0,-9.2,61.0,7056.0
PF010101,CROP013,Mustard,West Bengal,2023,5,7056.0,7468.8,7410.9,-10.5,54.5,7112.1
PF010102,CROP013,Mustard,West Bengal,2023,6,7112.1,7056.0,7468.8,-7.6,55.8,6560.1
PF010103,CROP013,Mustard,West Bengal,2023,7,6560.1,7112.1,7056.0,-12.8,57.1,6246.4
PF010104,CROP013,Mustard,West Bengal,2023,8,6246.4,6560.1,7112.1,-14.7,44.7,6343.2
PF010105,CROP013,Mustard,West Bengal,2023,9,6343.2,6246.4,6560.1,-8.4,43.6,6352.2
PF010106,CROP013,Mustard,West Bengal,2023,10,6352.2,6343.2,6246.4,-1.1,48.8,5875.0
PF010107,CROP013,Mustard,West Bengal,2023,11,5875.0,6352.2,6343.2,7.9,47.3,6607.7
PF010108,CROP013,Mustard,West Bengal,2023,12,6607.7,5875.0,6352.2,-9.2,33.0,6801.7
PF010141,CROP014,Sunflower,Punjab,2021,4,5143.7,5227.9,4755.5,-19.0,69.1,5497.4
PF010142,CROP014,Sunflower,Punjab,2021,5,5497.4,5143.7,5227.9,1.8,49.4,5048.5
PF010143,CROP014,Sunflower,Punjab,2021,6,5048.5,5497.4,5143.7,4.1,8.9,4760.3
PF010144,CROP014,Sunflower,Punjab,2021,7,4760.3,5048.5,5497.4,-20.3,31.3,4525.3
PF010145,CROP014,Sunflower,Punjab,2021,8,4525.3,4760.3,5048.5,-10.3,56.7,4232.5
PF010146,CROP014,Sunflower,Punjab,2021,9,4232.5,4525.3,4760.3,-22.4,46.0,4564.1
PF010147,CROP014,Sunflower,Punjab,2021,10,4564.1,4232.5,4525.3,8.8,68.6,4342.4
PF010148,CROP014,Sunflower,Punjab,2021,11,4342.4,4564.1,4232.5,11.7,55.6,4221.1
PF010149,CROP014,Sunflower,Punjab,2021,12,4221.1,4342.4,4564.1,-24.6,52.9,4640.0
PF010150,CROP014,Sunflower,Punjab,2022,1,4640.0,4221.1,4342.4,13.1,58.7,4380.8
PF010151,CROP014,Sunflower,Punjab,2022,2,4380.8,4640.0,4221.1,-24.7,55.9,5328.0
PF010152,CROP014,Sunflower,Punjab,2022,3,5328.0,4380.8,4640.0,-5.4,54.2,5458.6
PF010153,CROP014,Sunflower,Punjab,2022,4,5458.6,5328.0,4380.8,24.9,55.5,5088.6
PF010154,CROP014,Sunflower,Punjab,2022,5,5088.6,5458.6,5328.0,0.8,56.2,5221.7
PF010155,CROP014,Sunflower,Punjab,2022,6,5221.7,5088.6,5458.6,-19.3,51.0,4416.1
PF010156,CROP014,Sunflower,Punjab,2022,7,4416.1,5221.7,5088.6,-25.9,57.3,4305.2
PF010157,CROP014,Sunflower,Punjab,2022,8,4305.2,4416.1,5221.7,6.8,64.2,4273.7
PF010158,CROP014,Sunflower,Punjab,2022,9,4273.7,4305.2,4416.1,10.6,67.8,4221.8
PF010159,CROP014,Sunflower,Punjab,2022,10,4221.8,4273.7,4305.2,12.0,57.6,3723.7
PF010160,CROP014,Sunflower,Punjab,2022,11,3723.7,4221.8,4273.7,5.5,63.5,4193.0
PF010161,CROP014,Sunflower,Punjab,2022,12,4193.0,3723.7,4221.8,-19.8,53.3,4796.7
PF010162,CROP014,Sunflower,Punjab,2023,1,4796.7,4193.0,3723.7,-35.5,52.0,5316.6
PF010163,CROP014,Sunflower,Punjab,2023,2,5316.6,4796.7,4193.0,-2.4,60.6,5244.3
PF010164,CROP014,Sunflower,Punjab,2023,3,5244.3,5316.6,4796.7,-18.2,53.7,5320.1
PF010165,CROP014,Sunflower,Punjab,2023,4,5320.1,5244.3,5316.6,21.5,57.9,5187.6
PF010166,CROP014,Sunflower,Punjab,2023,5,5187.6,5320.1,5244.3,-21.8,58.4,5008.1
PF010167,CROP014,Sunflower,Punjab,2023,6,5008.1,5187.6,5320.1,24.2,63.5,5043.2
PF010168,CROP014,Sunflower,Punjab,2023,7,5043.2,5008.1,5187.6,22.2,69.3,4722.5
PF010169,CROP014,Sunflower,Punjab,2023,8,4722.5,5043.2,5008.1,-0.7,58.7,4287.9
PF010170,CROP014,Sunflower,Punjab,2023,9,4287.9,4722.5,5043.2,-16.4,48.3,4193.7
PF010171,CROP014,Sunflower,Punjab,2023,10,4193.7,4287.9,4722.5,-2.1,39.3,4324.1
PF010172,CROP014,Sunflower,Punjab,2023,11,4324.1,4193.7,4287.9,-11.7,41.0,4469.4
PF010173,CROP014,Sunflower,Punjab,2023,12,4469.4,4324.1,4193.7,-2.2,43.7,4959.3
PF010206,CROP014,Sunflower,Punjab,2021,4,4507.3,4407.3,4098.3,-6.6,51.0,4406.8
PF010207,CROP014,Sunflower,Punjab,2021,5,4406.8,4507.3,4407.3,9.4,20.9,4541.5
PF010208,CROP014,Sunflower,Punjab,2021,6,4541.5,4406.8,4507.3,6.7,67.1,4254.4
PF010209,CROP014,Sunflower,Punjab,2021,7,4254.4,4541.5,4406.8,-1.4,41.0,3687.9
PF010210,CROP014,Sunflower,Punjab,2021,8,3687.9,4254.4,4541.5,-6.5,73.7,3574.4
PF010211,CROP014,Sunflower,Punjab,2021,9,3574.4,3687.9,4254.4,15.4,35.7,3679.6
PF010212,CROP014,Sunflower,Punjab,2021,10,3679.6,3574.4,3687.9,-22.2,65.9,3989.4
PF010213,CROP014,Sunflower,Punjab,2021,11,3989.4,3679.6,3574.4,12.6,55.7,3745.0
PF010214,CROP014,Sunflower,Punjab,2021,12,3745.0,3989.4,3679.6,13.9,63.2,3961.7
PF010215,CROP014,Sunflower,Punjab,2022,1,3961.7,3745.0,3989.4,18.7,40.8,4178.6
PF010216,CROP014,Sunflower,Punjab,2022,2,4178.6,3961.7,3745.0,13.1,54.5,4459.6
PF010217,CROP014,Sunflower,Punjab,2022,3,4459.6,4178.6,3961.7,-3.1,39.7,4788.6
PF010218,CROP014,Sunflower,Punjab,2022,4,4788.6,4459.6,4178.6,3.8,43.4,4293.8
PF010219,CROP014,Sunflower,Punjab,2022,5,4293.8,4788.6,4459.6,-8.6,62.4,4482.4
PF010220,CROP014,Sunflower,Punjab,2022,6,4482.4,4293.8,4788.6,3.0,45.8,4222.6
PF010221,CROP014,Sunflower,Punjab,2022,7,4222.6,4482.4,4293.8,8.9,49.0,3844.4
PF010222,CROP014,Sunflower,Punjab,2022,8,3844.4,4222.6,4482.4,-9.0,34.5,3663.5
PF010223,CROP014,Sunflower,Punjab,2022,9,3663.5,3844.4,4222.6,5.8,61.8,3703.3
PF010224,CROP014,Sunflower,Punjab,2022,10,3703.3,3663.5,3844.4,10.8,53.8,3676.1
PF010225,CROP014,Sunflower,Punjab,2022,11,3676.1,3703.3,3663.5,15.4,51.7,3814.6
PF010226,CROP014,Sunflower,Punjab,2022,12,3814.6,3676.1,3703.3,-24.5,43.7,4096.0
PF010227,CROP014,Sunflower,Punjab,2023,1,4096.0,3814.6,3676.1,-9.8,63.3,4320.2
PF010228,CROP014,Sunflower,Punjab,2023,2,4320.2,4096.0,3814.6,4.3,68.8,4654.8
PF010229,CROP014,Sunflower,Punjab,2023,3,4654.8,4320.2,4096.0,10.2,53.8,4427.0
PF010230,CROP014,Sunflower,Punjab,2023,4,4427.0,4654.8,4320.2,-16.7,44.6,4768.1
PF010231,CROP014,Sunflower,Punjab,2023,5,4768.1,4427.0,4654.8,-4.1,34.5,4345.5
PF010232,CROP014,Sunflower,Punjab,2023,6,4345.5,4768.1,4427.0,-5.5,56.4,4034.0
PF010233,CROP014,Sunflower,Punjab,2023,7,4034.0,4345.5,4768.1,16.0,57.6,3638.9
PF010234,CROP014,Sunflower,Punjab,2023,8,3638.9,4034.0,4345.5,-12.7,48.6,3774.0
PF010235,CROP014,Sunflower,Punjab,2023,9,3774.0,3638.9,4034.0,-21.6,38.4,3785.1
PF010236,CROP014,Sunflower,Punjab,2023,10,3785.1,3774.0,3638.9,14.5,45.1,3847.2
PF010237,CROP014,Sunflower,Punjab,2023,11,3847.2,3785.1,3774.0,-2.8,50.0,3607.3
PF010238,CROP014,Sunflower,Punjab,2023,12,3607.3,3847.2,3785.1,7.6,45.9,4224.4
PF010271,CROP014,Sunflower,Punjab,2021,4,4990.0,4337.1,4897.8,-39.9,44.4,4842.5
PF010272,CROP014,Sunflower,Punjab,2021,5,4842.5,4990.0,4337.1,-11.6,41.9,4779.0
PF010273,CROP014,Sunflower,Punjab,2021,6,4779.0,4842.5,4990.0,-2.3,55.1,4298.9
PF010274,CROP014,Sunflower,Punjab,2021,7,4298.9,4779.0,4842.5,-8.1,51.0,4182.6
PF010275,CROP014,Sunflower,Punjab,2021,8,4182.6,4298.9,4779.0,17.5,45.0,3704.0
PF010276,CROP014,Sunflower,Punjab,2021,9,3704.0,4182.6,4298.9,20.8,53.2,3903.2
PF010277,CROP014,Sunflower,Punjab,2021,10,3903.2,3704.0,4182.6,21.1,57.3,4207.8
PF010278,CROP014,Sunflower,Punjab,2021,11,4207.8,3903.2,3704.0,3.4,40.8,4182.7
PF010279,CROP014,Sunflower,Punjab,2021,12,4182.7,4207.8,3903.2,7.7,46.2,4280.5
PF010280,CROP014,Sunflower,Punjab,2022,1,4280.5,4182.7,4207.8,13.0,71.3,4368.6
PF010281,CROP014,Sunflower,Punjab,2022,2,4368.6,4280.5,4182.7,0.5,27.7,4953.4
PF010282,CROP014,Sunflower,Punjab,2022,3,4953.4,4368.6,4280.5,4.8,58.9,4717.1
PF010283,CROP014,Sunflower,Punjab,2022,4,4717.1,4953.4,4368.6,-21.7,34.6,4848.5
PF010284,CROP014,Sunflower,Punjab,2022,5,4848.5,4717.1,4953.4,11.0,39.7,4501.4
PF010285,CROP014,Sunflower,Punjab,2022,6,4501.4,4848.5,4717.1,-9.1,35.2,4270.5
PF010286,CROP014,Sunflower,Punjab,2022,7,4270.5,4501.4,4848.5,-25.8,59.9,3949.4
PF010287,CROP014,Sunflower,Punjab,2022,8,3949.4,4270.5,4501.4,4.7,35.3,4015.9
PF010288,CROP014,Sunflower,Punjab,2022,9,4015.9,3949.4,4270.5,-17.8,43.5,4105.6
PF010289,CROP014,Sunflower,Punjab,2022,10,4105.6,4015.9,3949.4,-20.7,56.8,4086.6
PF010290,CROP014,Sunflower,Punjab,2022,11,4086.6,4105.6,4015.9,-3.2,40.6,4317.3
PF010291,CROP014,Sunflower,Punjab,2022,12,4317.3,4086.6,4105.6,-1.6,41.2,4285.4
PF010292,CROP014,Sunflower,Punjab,2023,1,4285.4,4317.3,4086.6,-18.3,45.8,4756.3
PF010293,CROP014,Sunflower,Punjab,2023,2,4756.3,4285.4,4317.3,-3.9,50.9,4893.1
PF010294,CROP014,Sunflower,Punjab,2023,3,4893.1,4756.3,4285.4,-12.3,42.7,5030.2
PF010295,CROP014,Sunflower,Punjab,2023,4,5030.2,4893.1,4756.3,-21.0,62.1,4943.1
PF010296,CROP014,Sunflower,Punjab,2023,5,4943.1,5030.2,4893.1,-0.1,55.6,4480.9
PF010297,CROP014,Sunflower,Punjab,2023,6,4480.9,4943.1,5030.2,7.4,66.0,4359.0
PF010298,CROP014,Sunflower,Punjab,2023,7,4359.0,4480.9,4943.1,-14.6,31.4,4642.9
PF010299,CROP014,Sunflower,Punjab,2023,8,4642.9,4359.0,4480.9,-2.2,39.9,4117.0
PF010300,CROP014,Sunflower,Punjab,2023,9,4117.0,4642.9,4359.0,41.8,46.2,4132.7
PF010301,CROP014,Sunflower,Punjab,2023,10,4132.7,4117.0,4642.9,-4.9,59.5,4285.0
PF010302,CROP014,Sunflower,Punjab,2023,11,4285.0,4132.7,4117.0,-13.1,50.7,4196.1
PF010303,CROP014,Sunflower,Punjab,2023,12,4196.1,4285.0,4132.7,21.3,48.1,4196.5
PF010336,CROP014,Sunflower,Haryana,2021,4,4523.0,4759.5,4346.1,11.7,76.9,4429.8
PF010337,CROP014,Sunflower,Haryana,2021,5,4429.8,4523.0,4759.5,-6.3,44.8,4461.8
PF010338,CROP014,Sunflower,Haryana,2021,6,4461.8,4429.8,4523.0,23.3,34.3,4228.8
PF010339,CROP014,Sunflower,Haryana,2021,7,4228.8,4461.8,4429.8,-27.6,65.7,4202.4
PF010340,CROP014,Sunflower,Haryana,2021,8,4202.4,4228.8,4461.8,-19.5,64.3,3831.6
PF010341,CROP014,Sunflower,Haryana,2021,9,3831.6,4202.4,4228.8,-1.5,42.9,4011.3
PF010342,CROP014,Sunflower,Haryana,2021,10,4011.3,3831.6,4202.4,0.7,53.1,3884.4
PF010343,CROP014,Sunflower,Haryana,2021,11,3884.4,4011.3,3831.6,-32.7,55.6,3925.2
PF010344,CROP014,Sunflower,Haryana,2021,12,3925.2,3884.4,4011.3,30.6,29.5,4065.2
PF010345,CROP014,Sunflower,Haryana,2022,1,4065.2,3925.2,3884.4,-16.4,45.5,4326.9
PF010346,CROP014,Sunflower,Haryana,2022,2,4326.9,4065.2,3925.2,14.0,46.2,4538.7
PF010347,CROP014,Sunflower,Haryana,2022,3,4538.7,4326.9,4065.2,-7.6,58.6,4742.6
PF010348,CROP014,Sunflower,Haryana,2022,4,4742.6,4538.7,4326.9,22.2,45.2,4340.6
PF010349,CROP014,Sunflower,Haryana,2022,5,4340.6,4742.6,4538.7,3.5,41.0,4656.5
PF010350,CROP014,Sunflower,Haryana,2022,6,4656.5,4340.6,4742.6,-7.1,51.2,4400.0
PF010351,CROP014,Sunflower,Haryana,2022,7,4400.0,4656.5,4340.6,38.5,40.2,3915.4
PF010352,CROP014,Sunflower,Haryana,2022,8,3915.4,4400.0,4656.5,11.3,39.2,4036.0
PF010353,CROP014,Sunflower,Haryana,2022,9,4036.0,3915.4,4400.0,-7.6,34.1,3691.3
PF010354,CROP014,Sunflower,Haryana,2022,10,3691.3,4036.0,3915.4,-14.0,41.9,4010.4
PF010355,CROP014,Sunflower,Haryana,2022,11,4010.4,3691.3,4036.0,19.4,50.9,4206.9
PF010356,CROP014,Sunflower,Haryana,2022,12,4206.9,4010.4,3691.3,-22.4,28.5,4375.3
PF010357,CROP014,Sunflower,Haryana,2023,1,4375.3,4206.9,4010.4,-11.4,69.0,4766.7
PF010358,CROP014,Sunflower,Haryana,2023,2,4766.7,4375.3,4206.9,-14.4,50.5,4531.0
PF010359,CROP014,Sunflower,Haryana,2023,3,4531.0,4766.7,4375.3,28.3,64.2,4847.7
PF010360,CROP014,Sunflower,Haryana,2023,4,4847.7,4531.0,4766.7,5.7,71.8,4802.9
PF010361,CROP014,Sunflower,Haryana,2023,5,4802.9,4847.7,4531.0,-12.2,59.9,4575.7
PF010362,CROP014,Sunflower,Haryana,2023,6,4575.7,4802.9,4847.7,16.2,52.2,4628.7
PF010363,CROP014,Sunflower,Haryana,2023,7,4628.7,4575.7,4802.9,-1.1,53.2,4148.6
PF010364,CROP014,Sunflower,Haryana,2023,8,4148.6,4628.7,4575.7,-10.2,35.7,4022.6
PF010365,CROP014,Sunflower,Haryana,2023,9,4022.6,4148.6,4628.7,3.3,44.1,4216.5
PF010366,CROP014,Sunflower,Haryana,2023,10,4216.5,4022.6,4148.6,4.2,59.1,4093.0
PF010367,CROP014,Sunflower,Haryana,2023,11,4093.0,4216.5,4022.6,-31.3,31.1,4416.8
PF010368,CROP014,Sunflower,Haryana,2023,12,4416.8,4093.0,4216.5,7.4,46.9,4567.9
PF010401,CROP014,Sunflower,Haryana,2021,4,4111.3,4405.4,4031.4,-14.2,56.0,4229.3
PF010402,CROP014,Sunflower,Haryana,2021,5,4229.3,4111.3,4405.4,-1.7,59.0,4283.1
PF010403,CROP014,Sunflower,Haryana,2021,6,4283.1,4229.3,4111.3,2.0,46.0,3661.2
PF010404,CROP014,Sunflower,Haryana,2021,7,3661.2,4283.1,4229.3,-1.6,42.4,3588.3
PF010405,CROP014,Sunflower,Haryana,2021,8,3588.3,3661.2,4283.1,-6.0,35.3,3479.0
PF010406,CROP014,Sunflower,Haryana,2021,9,3479.0,3588.3,3661.2,-1.5,40.7,3774.3
PF010407,CROP014,Sunflower,Haryana,2021,10,3774.3,3479.0,3588.3,-8.1,54.5,3770.3
PF010408,CROP014,Sunflower,Haryana,2021,11,3770.3,3774.3,3479.0,6.5,45.6,3629.5
PF010409,CROP014,Sunflower,Haryana,2021,12,3629.5,3770.3,3774.3,-5.2,73.7,3779.4
PF010410,CROP014,Sunflower,Haryana,2022,1,3779.4,3629.5,3770.3,-5.7,29.8,4315.3
PF010411,CROP014,Sunflower,Haryana,2022,2,4315.3,3779.4,3629.5,5.6,39.3,4140.4
PF010412,CROP014,Sunflower,Haryana,2022,3,4140.4,4315.3,3779.4,-21.7,52.1,3994.4
PF010413,CROP014,Sunflower,Haryana,2022,4,3994.4,4140.4,4315.3,-6.2,46.8,4090.0
PF010414,CROP014,Sunflower,Haryana,2022,5,4090.0,3994.4,4140.4,-14.5,46.4,4453.1
PF010415,CROP014,Sunflower,Haryana,2022,6,4453.1,4090.0,3994.4,-11.1,71.3,3679.8
PF010416,CROP014,Sunflower,Haryana,2022,7,3679.8,4453.1,4090.0,8.2,55.3,3720.0
PF010417,CROP014,Sunflower,Haryana,2022,8,3720.0,3679.8,4453.1,18.2,28.9,3256.0
PF010418,CROP014,Sunflower,Haryana,2022,9,3256.0,3720.0,3679.8,14.3,58.3,3489.7
PF010419,CROP014,Sunflower,Haryana,2022,10,3489.7,3256.0,3720.0,-6.6,48.2,3682.4
PF010420,CROP014,Sunflower,Haryana,2022,11,3682.4,3489.7,3256.0,-2.8,39.5,3955.3
PF010421,CROP014,Sunflower,Haryana,2022,12,3955.3,3682.4,3489.7,2.8,26.3,3941.3
PF010422,CROP014,Sunflower,Haryana,2023,1,3941.3,3955.3,3682.4,7.2,36.2,3752.1
PF010423,CROP014,Sunflower,Haryana,2023,2,3752.1,3941.3,3955.3,18.1,32.5,4087.9
PF010424,CROP014,Sunflower,Haryana,2023,3,4087.9,3752.1,3941.3,8.8,57.6,4580.1
PF010425,CROP014,Sunflower,Haryana,2023,4,4580.1,4087.9,3752.1,-27.1,69.9,4399.9
PF010426,CROP014,Sunflower,Haryana,2023,5,4399.9,4580.1,4087.9,-13.7,46.2,4003.8
PF010427,CROP014,Sunflower,Haryana,2023,6,4003.8,4399.9,4580.1,0.6,54.0,3875.3
PF010428,CROP014,Sunflower,Haryana,2023,7,3875.3,4003.8,4399.9,1.3,48.9,3983.9
PF010429,CROP014,Sunflower,Haryana,2023,8,3983.9,3875.3,4003.8,23.9,56.9,3409.9
PF010430,CROP014,Sunflower,Haryana,2023,9,3409.9,3983.9,3875.3,13.7,42.0,3631.2
PF010431,CROP014,Sunflower,Haryana,2023,10,3631.2,3409.9,3983.9,7.4,90.0,3269.1
PF010432,CROP014,Sunflower,Haryana,2023,11,3269.1,3631.2,3409.9,-8.5,58.3,3685.0
PF010433,CROP014,Sunflower,Haryana,2023,12,3685.0,3269.1,3631.2,12.9,46.0,3954.6
PF010466,CROP014,Sunflower,Uttar Pradesh,2021,4,4620.1,5004.1,4301.5,19.4,31.7,5100.4
PF010467,CROP014,Sunflower,Uttar Pradesh,2021,5,5100.4,4620.1,5004.1,-4.6,50.6,4598.8
PF010468,CROP014,Sunflower,Uttar Pradesh,2021,6,4598.8,5100.4,4620.1,6.2,48.5,4509.1
PF010469,CROP014,Sunflower,Uttar Pradesh,2021,7,4509.1,4598.8,5100.4,11.5,55.3,4028.0
PF010470,CROP014,Sunflower,Uttar Pradesh,2021,8,4028.0,4509.1,4598.8,22.9,51.0,3547.7
PF010471,CROP014,Sunflower,Uttar Pradesh,2021,9,3547.7,4028.0,4509.1,8.0,41.0,3811.0
PF010472,CROP014,Sunflower,Uttar Pradesh,2021,10,3811.0,3547.7,4028.0,-6.7,54.0,3989.9
PF010473,CROP014,Sunflower,Uttar Pradesh,2021,11,3989.9,3811.0,3547.7,-8.6,43.8,4141.2
PF010474,CROP014,Sunflower,Uttar Pradesh,2021,12,4141.2,3989.9,3811.0,-2.3,56.4,4468.9
PF010475,CROP014,Sunflower,Uttar Pradesh,2022,1,4468.9,4141.2,3989.9,-7.0,39.5,4779.2
PF010476,CROP014,Sunflower,Uttar Pradesh,2022,2,4779.2,4468.9,4141.2,-21.1,45.4,4336.6
PF010477,CROP014,Sunflower,Uttar Pradesh,2022,3,4336.6,4779.2,4468.9,-16.8,52.3,5149.3
PF010478,CROP014,Sunflower,Uttar Pradesh,2022,4,5149.3,4336.6,4779.2,-24.1,40.4,4798.1
PF010479,CROP014,Sunflower,Uttar Pradesh,2022,5,4798.1,5149.3,4336.6,21.8,52.9,4505.5
PF010480,CROP014,Sunflower,Uttar Pradesh,2022,6,4505.5,4798.1,5149.3,-2.5,59.6,4596.4
PF010481,CROP014,Sunflower,Uttar Pradesh,2022,7,4596.4,4505.5,4798.1,15.5,36.1,4020.9
PF010482,CROP014,Sunflower,Uttar Pradesh,2022,8,4020.9,4596.4,4505.5,14.8,30.3,3838.1
PF010483,CROP014,Sunflower,Uttar Pradesh,2022,9,3838.1,4020.9,4596.4,-23.3,41.7,4079.0
PF010484,CROP014,Sunflower,Uttar Pradesh,2022,10,4079.0,3838.1,4020.9,1.1,47.1,3727.0
PF010485,CROP014,Sunflower,Uttar Pradesh,2022,11,3727.0,4079.0,3838.1,14.2,33.0,4140.9
PF010486,CROP014,Sunflower,Uttar Pradesh,2022,12,4140.9,3727.0,4079.0,1.0,57.2,4290.7
PF010487,CROP014,Sunflower,Uttar Pradesh,2023,1,4290.7,4140.9,3727.0,-24.6,34.2,4569.5
PF010488,CROP014,Sunflower,Uttar Pradesh,2023,2,4569.5,4290.7,4140.9,13.9,40.8,4708.1
PF010489,CROP014,Sunflower,Uttar Pradesh,2023,3,4708.1,4569.5,4290.7,-0.1,46.1,4921.6
PF010490,CROP014,Sunflower,Uttar Pradesh,2023,4,4921.6,4708.1,4569.5,3.1,57.5,4762.5
PF010491,CROP014,Sunflower,Uttar Pradesh,2023,5,4762.5,4921.6,4708.1,12.3,49.7,4685.0
PF010492,CROP014,Sunflower,Uttar Pradesh,2023,6,4685.0,4762.5,4921.6,-9.4,46.2,4103.2
PF010493,CROP014,Sunflower,Uttar Pradesh,2023,7,4103.2,4685.0,4762.5,17.7,34.4,4107.1
PF010494,CROP014,Sunflower,Uttar Pradesh,2023,8,4107.1,4103.2,4685.0,3.2,48.9,3868.2
PF010495,CROP014,Sunflower,Uttar Pradesh,2023,9,3868.2,4107.1,4103.2,20.9,50.0,4058.0
PF010496,CROP014,Sunflower,Uttar Pradesh,2023,10,4058.0,3868.2,4107.1,15.1,46.5,4257.3
PF010497,CROP014,Sunflower,Uttar Pradesh,2023,11,4257.3,4058.0,3868.2,-3.5,38.0,4168.9
PF010498,CROP014,Sunflower,Uttar Pradesh,2023,12,4168.9,4257.3,4058.0,6.5,54.5,4101.6
PF010531,CROP014,Sunflower,Uttar Pradesh,2021,4,4851.3,4151.8,4579.7,8.5,51.9,4510.6
PF010532,CROP014,Sunflower,Uttar Pradesh,2021,5,4510.6,4851.3,4151.8,-23.3,46.6,4443.5
PF010533,CROP014,Sunflower,Uttar Pradesh,2021,6,4443.5,4510.6,4851.3,11.3,54.9,4195.9
PF010534,CROP014,Sunflower,Uttar Pradesh,2021,7,4195.9,4443.5,4510.6,-4.0,39.5,3632.2
PF010535,CROP014,Sunflower,Uttar Pradesh,2021,8,3632.2,4195.9,4443.5,-11.7,44.4,3886.5
PF010536,CROP014,Sunflower,Uttar Pradesh,2021,9,3886.5,3632.2,4195.9,18.9,53.4,3745.2
PF010537,CROP014,Sunflower,Uttar Pradesh,2021,10,3745.2,3886.5,3632.2,-29.3,45.1,3935.1
PF010538,CROP014,Sunflower,Uttar Pradesh,2021,11,3935.1,3745.2,3886.5,-18.1,72.4,4082.0
PF010539,CROP014,Sunflower,Uttar Pradesh,2021,12,4082.0,3935.1,3745.2,-5.8,48.5,4058.2
PF010540,CROP014,Sunflower,Uttar Pradesh,2022,1,4058.2,4082.0,3935.1,-25.3,33.1,4467.7
PF010541,CROP014,Sunflower,Uttar Pradesh,2022,2,4467.7,4058.2,4082.0,-4.8,20.7,4522.8
PF010542,CROP014,Sunflower,Uttar Pradesh,2022,3,4522.8,4467.7,4058.2,-2.5,49.8,4694.1
PF010543,CROP014,Sunflower,Uttar Pradesh,2022,4,4694.1,4522.8,4467.7,22.1,55.2,4312.9
PF010544,CROP014,Sunflower,Uttar Pradesh,2022,5,4312.9,4694.1,4522.8,-2.3,49.5,4635.6
PF010545,CROP014,Sunflower,Uttar Pradesh,2022,6,4635.6,4312.9,4694.1,29.5,67.7,4051.0
PF010546,CROP014,Sunflower,Uttar Pradesh,2022,7,4051.0,4635.6,4312.9,-3.4,33.0,4143.2
PF010547,CROP014,Sunflower,Uttar Pradesh,2022,8,4143.2,4051.0,4635.6,2.5,66.1,3917.8
PF010548,CROP014,Sunflower,Uttar Pradesh,2022,9,3917.8,4143.2,4051.0,-7.9,40.7,4199.6
PF010549,CROP014,Sunflower,Uttar Pradesh,2022,10,4199.6,3917.8,4143.2,22.2,58.3,3761.0
PF010550,CROP014,Sunflower,Uttar Pradesh,2022,11,3761.0,4199.6,3917.8,17.6,51.2,3987.7
PF010551,CROP014,Sunflower,Uttar Pradesh,2022,12,3987.7,3761.0,4199.6,0.7,52.3,4288.1
PF010552,CROP014,Sunflower,Uttar Pradesh,2023,1,4288.1,3987.7,3761.0,13.8,57.7,4622.5
PF010553,CROP014,Sunflower,Uttar Pradesh,2023,2,4622.5,4288.1,3987.7,-4.1,56.9,4775.5
PF010554,CROP014,Sunflower,Uttar Pradesh,2023,3,4775.5,4622.5,4288.1,14.5,39.4,4539.9
PF010555,CROP014,Sunflower,Uttar Pradesh,2023,4,4539.9,4775.5,4622.5,1.8,48.6,4815.2
PF010556,CROP014,Sunflower,Uttar Pradesh,2023,5,4815.2,4539.9,4775.5,9.8,49.3,4217.0
PF010557,CROP014,Sunflower,Uttar Pradesh,2023,6,4217.0,4815.2,4539.9,-7.0,57.6,4402.0
PF010558,CROP014,Sunflower,Uttar Pradesh,2023,7,4402.0,4217.0,4815.2,19.8,60.7,3848.3
PF010559,CROP014,Sunflower,Uttar Pradesh,2023,8,3848.3,4402.0,4217.0,-10.1,37.6,3839.3
PF010560,CROP014,Sunflower,Uttar Pradesh,2023,9,3839.3,3848.3,4402.0,2.1,33.8,3770.3
PF010561,CROP014,Sunflower,Uttar Pradesh,2023,10,3770.3,3839.3,3848.3,-18.5,58.5,3688.4
PF010562,CROP014,Sunflower,Uttar Pradesh,2023,11,3688.4,3770.3,3839.3,22.3,65.7,4405.2
PF010563,CROP014,Sunflower,Uttar Pradesh,2023,12,4405.2,3688.4,3770.3,-17.7,42.9,4006.5
PF010596,CROP014,Sunflower,Uttar Pradesh,2021,4,4603.2,5097.8,4729.5,-3.8,41.2,5064.1
PF010597,CROP014,Sunflower,Uttar Pradesh,2021,5,5064.1,4603.2,5097.8,-17.8,62.7,4561.9
PF010598,CROP014,Sunflower,Uttar Pradesh,2021,6,4561.9,5064.1,4603.2,-4.6,58.7,4329.1
PF010599,CROP014,Sunflower,Uttar Pradesh,2021,7,4329.1,4561.9,5064.1,9.1,65.3,4588.8
PF010600,CROP014,Sunflower,Uttar Pradesh,2021,8,4588.8,4329.1,4561.9,-27.3,58.1,3652.9
PF010601,CROP014,Sunflower,Uttar Pradesh,2021,9,3652.9,4588.8,4329.1,0.9,46.4,4019.6
PF010602,CROP014,Sunflower,Uttar Pradesh,2021,10,4019.6,3652.9,4588.8,-3.8,41.9,4617.0
PF010603,CROP014,Sunflower,Uttar Pradesh,2021,11,4617.0,4019.6,3652.9,-5.1,48.2,4549.9
PF010604,CROP014,Sunflower,Uttar Pradesh,2021,12,4549.9,4617.0,4019.6,1.5,40.9,4397.6
PF010605,CROP014,Sunflower,Uttar Pradesh,2022,1,4397.6,4549.9,4617.0,-1.2,41.7,4456.1
PF010606,CROP014,Sunflower,Uttar Pradesh,2022,2,4456.1,4397.6,4549.9,18.1,41.6,4748.6
PF010607,CROP014,Sunflower,Uttar Pradesh,2022,3,4748.6,4456.1,4397.6,-7.7,35.7,5163.8
PF010608,CROP014,Sunflower,Uttar Pradesh,2022,4,5163.8,4748.6,4456.1,26.1,50.8,4660.5
PF010609,CROP014,Sunflower,Uttar Pradesh,2022,5,4660.5,5163.8,4748.6,-12.5,54.5,5152.9
PF010610,CROP014,Sunflower,Uttar Pradesh,2022,6,5152.9,4660.5,5163.8,-24.7,54.5,4515.1
PF010611,CROP014,Sunflower,Uttar Pradesh,2022,7,4515.1,5152.9,4660.5,18.8,53.7,4332.3
PF010612,CROP014,Sunflower,Uttar Pradesh,2022,8,4332.3,4515.1,5152.9,-2.6,50.0,4366.3
PF010613,CROP014,Sunflower,Uttar Pradesh,2022,9,4366.3,4332.3,4515.1,-18.7,58.4,3914.2
PF010614,CROP014,Sunflower,Uttar Pradesh,2022,10,3914.2,4366.3,4332.3,28.1,20.3,4278.2
PF010615,CROP014,Sunflower,Uttar Pradesh,2022,11,4278.2,3914.2,4366.3,1.1,64.6,4453.1
PF010616,CROP014,Sunflower,Uttar Pradesh,2022,12,4453.1,4278.2,3914.2,10.0,40.9,4810.9
PF010617,CROP014,Sunflower,Uttar Pradesh,2023,1,4810.9,4453.1,4278.2,-21.0,32.0,4742.1
PF010618,CROP014,Sunflower,Uttar Pradesh,2023,2,4742.1,4810.9,4453.1,-18.7,41.6,4975.3
PF010619,CROP014,Sunflower,Uttar Pradesh,2023,3,4975.3,4742.1,4810.9,14.6,58.8,5003.4
PF010620,CROP014,Sunflower,Uttar Pradesh,2023,4,5003.4,4975.3,4742.1,-1.3,45.5,4949.0
PF010621,CROP014,Sunflower,Uttar Pradesh,2023,5,4949.0,5003.4,4975.3,0.7,35.8,4645.1
PF010622,CROP014,Sunflower,Uttar Pradesh,2023,6,4645.1,4949.0,5003.4,26.6,57.2,4468.6
PF010623,CROP014,Sunflower,Uttar Pradesh,2023,7,4468.6,4645.1,4949.0,-3.6,52.8,4680.7
PF010624,CROP014,Sunflower,Uttar Pradesh,2023,8,4680.7,4468.6,4645.1,-25.5,49.4,4020.3
PF010625,CROP014,Sunflower,Uttar Pradesh,2023,9,4020.3,4680.7,4468.6,20.7,52.4,4061.6
PF010626,CROP014,Sunflower,Uttar Pradesh,2023,10,4061.6,4020.3,4680.7,-28.9,78.1,4372.3
PF010627,CROP014,Sunflower,Uttar Pradesh,2023,11,4372.3,4061.6,4020.3,-0.9,62.3,4120.8
PF010628,CROP014,Sunflower,Uttar Pradesh,2023,12,4120.8,4372.3,4061.6,-23.2,47.0,4340.1
PF010661,CROP014,Sunflower,Bihar,2021,4,4823.0,4983.2,4318.0,-29.1,24.7,4759.7
PF010662,CROP014,Sunflower,Bihar,2021,5,4759.7,4823.0,4983.2,-2.3,61.4,4294.6
PF010663,CROP014,Sunflower,Bihar,2021,6,4294.6,4759.7,4823.0,-2.9,41.2,4090.9
PF010664,CROP014,Sunflower,Bihar,2021,7,4090.9,4294.6,4759.7,-28.3,46.5,4109.4
PF010665,CROP014,Sunflower,Bihar,2021,8,4109.4,4090.9,4294.6,-0.3,53.2,4013.1
PF010666,CROP014,Sunflower,Bihar,2021,9,4013.1,4109.4,4090.9,9.5,60.5,3635.0
PF010667,CROP014,Sunflower,Bihar,2021,10,3635.0,4013.1,4109.4,-22.0,38.8,3894.2
PF010668,CROP014,Sunflower,Bihar,2021,11,3894.2,3635.0,4013.1,-36.2,49.5,4006.6
PF010669,CROP014,Sunflower,Bihar,2021,12,4006.6,3894.2,3635.0,2.7,78.0,4432.0
PF010670,CROP014,Sunflower,Bihar,2022,1,4432.0,4006.6,3894.2,-14.0,57.7,4461.7
PF010671,CROP014,Sunflower,Bihar,2022,2,4461.7,4432.0,4006.6,-6.3,46.8,4448.1
PF010672,CROP014,Sunflower,Bihar,2022,3,4448.1,4461.7,4432.0,-1.6,39.2,5026.4
PF010673,CROP014,Sunflower,Bihar,2022,4,5026.4,4448.1,4461.7,-24.5,62.1,4628.0
PF010674,CROP014,Sunflower,Bihar,2022,5,4628.0,5026.4,4448.1,-3.9,38.5,4636.8
PF010675,CROP014,Sunflower,Bihar,2022,6,4636.8,4628.0,5026.4,-10.0,35.0,4880.1
PF010676,CROP014,Sunflower,Bihar,2022,7,4880.1,4636.8,4628.0,-3.7,52.3,4119.0
PF010677,CROP014,Sunflower,Bihar,2022,8,4119.0,4880.1,4636.8,6.8,53.3,4248.5
PF010678,CROP014,Sunflower,Bihar,2022,9,4248.5,4119.0,4880.1,22.9,45.9,3822.3
PF010679,CROP014,Sunflower,Bihar,2022,10,3822.3,4248.5,4119.0,10.3,47.9,4078.6
PF010680,CROP014,Sunflower,Bihar,2022,11,4078.6,3822.3,4248.5,10.9,53.3,3790.8
PF010681,CROP014,Sunflower,Bihar,2022,12,3790.8,4078.6,3822.3,-29.9,52.1,4590.6
PF010682,CROP014,Sunflower,Bihar,2023,1,4590.6,3790.8,4078.6,16.9,43.8,4306.2
PF010683,CROP014,Sunflower,Bihar,2023,2,4306.2,4590.6,3790.8,-0.5,36.2,4440.2
PF010684,CROP014,Sunflower,Bihar,2023,3,4440.2,4306.2,4590.6,3.4,35.9,4525.6
PF010685,CROP014,Sunflower,Bihar,2023,4,4525.6,4440.2,4306.2,-7.3,46.3,4922.4
PF010686,CROP014,Sunflower,Bihar,2023,5,4922.4,4525.6,4440.2,-3.5,62.7,4499.5
PF010687,CROP014,Sunflower,Bihar,2023,6,4499.5,4922.4,4525.6,25.9,59.5,4013.6
PF010688,CROP014,Sunflower,Bihar,2023,7,4013.6,4499.5,4922.4,-18.7,50.2,4215.8
PF010689,CROP014,Sunflower,Bihar,2023,8,4215.8,4013.6,4499.5,-12.5,23.0,4442.8
PF010690,CROP014,Sunflower,Bihar,2023,9,4442.8,4215.8,4013.6,2.5,45.9,4168.8
PF010691,CROP014,Sunflower,Bihar,2023,10,4168.8,4442.8,4215.8,-12.0,42.7,3874.6
PF010692,CROP014,Sunflower,Bihar,2023,11,3874.6,4168.8,4442.8,27.6,55.0,4063.1
PF010693,CROP014,Sunflower,Bihar,2023,12,4063.1,3874.6,4168.8,5.1,42.1,4129.1
PF010726,CROP014,Sunflower,Bihar,2021,4,4671.9,4787.5,4399.9,-22.2,68.0,4409.9
PF010727,CROP014,Sunflower,Bihar,2021,5,4409.9,4671.9,4787.5,21.7,49.5,4417.2
PF010728,CROP014,Sunflower,Bihar,2021,6,4417.2,4409.9,4671.9,28.6,52.3,4536.4
PF010729,CROP014,Sunflower,Bihar,2021,7,4536.4,4417.2,4409.9,5.3,39.7,4239.8
PF010730,CROP014,Sunflower,Bihar,2021,8,4239.8,4536.4,4417.2,13.8,42.9,4087.1
PF010731,CROP014,Sunflower,Bihar,2021,9,4087.1,4239.8,4536.4,-15.6,56.1,3702.1
PF010732,CROP014,Sunflower,Bihar,2021,10,3702.1,4087.1,4239.8,11.2,35.1,4021.4
PF010733,CROP014,Sunflower,Bihar,2021,11,4021.4,3702.1,4087.1,-2.0,40.0,3970.2
PF010734,CROP014,Sunflower,Bihar,2021,12,3970.2,4021.4,3702.1,7.2,40.7,4526.0
PF010735,CROP014,Sunflower,Bihar,2022,1,4526.0,3970.2,4021.4,-11.1,28.7,4141.2
PF010736,CROP014,Sunflower,Bihar,2022,2,4141.2,4526.0,3970.2,23.8,32.2,4904.7
PF010737,CROP014,Sunflower,Bihar,2022,3,4904.7,4141.2,4526.0,13.8,24.8,4912.2
PF010738,CROP014,Sunflower,Bihar,2022,4,4912.2,4904.7,4141.2,0.8,43.0,4536.0
PF010739,CROP014,Sunflower,Bihar,2022,5,4536.0,4912.2,4904.7,8.9,57.9,4672.8
PF010740,CROP014,Sunflower,Bihar,2022,6,4672.8,4536.0,4912.2,13.7,49.1,4165.9
PF010741,CROP014,Sunflower,Bihar,2022,7,4165.9,4672.8,4536.0,-13.0,72.1,3976.5
PF010742,CROP014,Sunflower,Bihar,2022,8,3976.5,4165.9,4672.8,-18.4,44.5,3914.5
PF010743,CROP014,Sunflower,Bihar,2022,9,3914.5,3976.5,4165.9,-26.2,50.2,4024.9
PF010744,CROP014,Sunflower,Bihar,2022,10,4024.9,3914.5,3976.5,8.7,41.0,4442.0
PF010745,CROP014,Sunflower,Bihar,2022,11,4442.0,4024.9,3914.5,-18.2,51.1,4199.8
PF010746,CROP014,Sunflower,Bihar,2022,12,4199.8,4442.0,4024.9,-7.5,68.0,4436.9
PF010747,CROP014,Sunflower,Bihar,2023,1,4436.9,4199.8,4442.0,17.5,43.5,4805.2
PF010748,CROP014,Sunflower,Bihar,2023,2,4805.2,4436.9,4199.8,-19.3,26.1,4928.6
PF010749,CROP014,Sunflower,Bihar,2023,3,4928.6,4805.2,4436.9,-16.5,56.0,4766.8
PF010750,CROP014,Sunflower,Bihar,2023,4,4766.8,4928.6,4805.2,1.9,48.2,4751.0
PF010751,CROP014,Sunflower,Bihar,2023,5,4751.0,4766.8,4928.6,1.3,57.7,4721.6
PF010752,CROP014,Sunflower,Bihar,2023,6,4721.6,4751.0,4766.8,2.0,55.5,4563.1
PF010753,CROP014,Sunflower,Bihar,2023,7,4563.1,4721.6,4751.0,-17.5,55.4,3783.2
PF010754,CROP014,Sunflower,Bihar,2023,8,3783.2,4563.1,4721.6,-2.9,71.7,4266.8
PF010755,CROP014,Sunflower,Bihar,2023,9,4266.8,3783.2,4563.1,13.5,42.2,4087.9
PF010756,CROP014,Sunflower,Bihar,2023,10,4087.9,4266.8,3783.2,1.1,36.2,4225.5
PF010757,CROP014,Sunflower,Bihar,2023,11,4225.5,4087.9,4266.8,11.7,58.8,4176.7
PF010758,CROP014,Sunflower,Bihar,2023,12,4176.7,4225.5,4087.9,7.4,82.0,4387.7
PF010791,CROP014,Sunflower,West Bengal,2021,4,3993.9,4544.0,4203.1,-3.7,55.1,4222.9
PF010792,CROP014,Sunflower,West Bengal,2021,5,4222.9,3993.9,4544.0,6.2,61.7,3828.0
PF010793,CROP014,Sunflower,West Bengal,2021,6,3828.0,4222.9,3993.9,-26.9,57.3,3770.3
PF010794,CROP014,Sunflower,West Bengal,2021,7,3770.3,3828.0,4222.9,6.2,49.5,3683.3
PF010795,CROP014,Sunflower,West Bengal,2021,8,3683.3,3770.3,3828.0,-25.2,61.7,3537.3
PF010796,CROP014,Sunflower,West Bengal,2021,9,3537.3,3683.3,3770.3,10.1,53.0,3306.5
PF010797,CROP014,Sunflower,West Bengal,2021,10,3306.5,3537.3,3683.3,4.7,61.6,3734.7
PF010798,CROP014,Sunflower,West Bengal,2021,11,3734.7,3306.5,3537.3,8.2,52.0,3650.8
PF010799,CROP014,Sunflower,West Bengal,2021,12,3650.8,3734.7,3306.5,18.3,44.8,4020.6
PF010800,CROP014,Sunflower,West Bengal,2022,1,4020.6,3650.8,3734.7,26.9,57.1,4178.5
PF010801,CROP014,Sunflower,West Bengal,2022,2,4178.5,4020.6,3650.8,-27.9,67.6,4373.9
PF010802,CROP014,Sunflower,West Bengal,2022,3,4373.9,4178.5,4020.6,-10.2,17.5,4068.6
PF010803,CROP014,Sunflower,West Bengal,2022,4,4068.6,4373.9,4178.5,13.5,66.7,4163.9
PF010804,CROP014,Sunflower,West Bengal,2022,5,4163.9,4068.6,4373.9,-3.5,48.1,4012.5
PF010805,CROP014,Sunflower,West Bengal,2022,6,4012.5,4163.9,4068.6,4.2,49.1,3982.6
PF010806,CROP014,Sunflower,West Bengal,2022,7,3982.6,4012.5,4163.9,-13.2,58.9,3741.6
PF010807,CROP014,Sunflower,West Bengal,2022,8,3741.6,3982.6,4012.5,-2.3,64.7,3605.5
PF010808,CROP014,Sunflower,West Bengal,2022,9,3605.5,3741.6,3982.6,11.8,63.1,3469.9
PF010809,CROP014,Sunflower,West Bengal,2022,10,3469.9,3605.5,3741.6,11.3,39.7,3591.1
PF010810,CROP014,Sunflower,West Bengal,2022,11,3591.1,3469.9,3605.5,13.2,54.3,3751.3
PF010811,CROP014,Sunflower,West Bengal,2022,12,3751.3,3591.1,3469.9,26.0,54.7,3968.1
PF010812,CROP014,Sunflower,West Bengal,2023,1,3968.1,3751.3,3591.1,9.6,29.5,4335.5
PF010813,CROP014,Sunflower,West Bengal,2023,2,4335.5,3968.1,3751.3,11.9,56.8,4432.0
PF010814,CROP014,Sunflower,West Bengal,2023,3,4432.0,4335.5,3968.1,-6.3,55.7,4129.6
PF010815,CROP014,Sunflower,West Bengal,2023,4,4129.6,4432.0,4335.5,7.6,65.6,4226.0
PF010816,CROP014,Sunflower,West Bengal,2023,5,4226.0,4129.6,4432.0,15.0,53.2,3891.4
PF010817,CROP014,Sunflower,West Bengal,2023,6,3891.4,4226.0,4129.6,-20.1,42.3,3695.0
PF010818,CROP014,Sunflower,West Bengal,2023,7,3695.0,3891.4,4226.0,-22.7,45.8,3693.8
PF010819,CROP014,Sunflower,West Bengal,2023,8,3693.8,3695.0,3891.4,6.6,48.6,3609.6
PF010820,CROP014,Sunflower,West Bengal,2023,9,3609.6,3693.8,3695.0,-12.5,25.0,3591.7
PF010821,CROP014,Sunflower,West Bengal,2023,10,3591.7,3609.6,3693.8,12.5,55.9,3689.6
PF010822,CROP014,Sunflower,West Bengal,2023,11,3689.6,3591.7,3609.6,26.3,58.8,3676.6
PF010823,CROP014,Sunflower,West Bengal,2023,12,3676.6,3689.6,3591.7,-4.6,43.5,3898.8
PF010856,CROP014,Sunflower,West Bengal,2021,4,4496.7,4142.4,4218.5,4.7,30.5,4293.9
PF010857,CROP014,Sunflower,West Bengal,2021,5,4293.9,4496.7,4142.4,13.0,64.9,4555.2
PF010858,CROP014,Sunflower,West Bengal,2021,6,4555.2,4293.9,4496.7,-13.7,49.3,4201.3
PF010859,CROP014,Sunflower,West Bengal,2021,7,4201.3,4555.2,4293.9,13.5,49.0,3843.4
PF010860,CROP014,Sunflower,West Bengal,2021,8,3843.4,4201.3,4555.2,-1.8,49.4,3531.3
PF010861,CROP014,Sunflower,West Bengal,2021,9,3531.3,3843.4,4201.3,-15.5,32.2,3816.0
PF010862,CROP014,Sunflower,West Bengal,2021,10,3816.0,3531.3,3843.4,-22.8,51.8,3511.5
PF010863,CROP014,Sunflower,West Bengal,2021,11,3511.5,3816.0,3531.3,-4.1,81.5,3861.9
PF010864,CROP014,Sunflower,West Bengal,2021,12,3861.9,3511.5,3816.0,-23.1,42.3,3830.3
PF010865,CROP014,Sunflower,West Bengal,2022,1,3830.3,3861.9,3511.5,1.7,66.9,4305.4
PF010866,CROP014,Sunflower,West Bengal,2022,2,4305.4,3830.3,3861.9,0.8,61.0,4274.6
PF010867,CROP014,Sunflower,West Bengal,2022,3,4274.6,4305.4,3830.3,-3.0,51.1,4496.3
PF010868,CROP014,Sunflower,West Bengal,2022,4,4496.3,4274.6,4305.4,-3.1,55.1,4764.5
PF010869,CROP014,Sunflower,West Bengal,2022,5,4764.5,4496.3,4274.6,17.2,39.4,4493.7
PF010870,CROP014,Sunflower,West Bengal,2022,6,4493.7,4764.5,4496.3,-25.6,45.0,3815.4
PF010871,CROP014,Sunflower,West Bengal,2022,7,3815.4,4493.7,4764.5,-10.6,43.8,3885.8
PF010872,CROP014,Sunflower,West Bengal,2022,8,3885.8,3815.4,4493.7,-10.4,62.2,4025.8
PF010873,CROP014,Sunflower,West Bengal,2022,9,4025.8,3885.8,3815.4,-12.1,52.3,3711.4
PF010874,CROP014,Sunflower,West Bengal,2022,10,3711.4,4025.8,3885.8,-13.4,60.4,3821.2
PF010875,CROP014,Sunflower,West Bengal,2022,11,3821.2,3711.4,4025.8,0.5,42.5,3960.2
PF010876,CROP014,Sunflower,West Bengal,2022,12,3960.2,3821.2,3711.4,2.6,55.3,4325.2
PF010877,CROP014,Sunflower,West Bengal,2023,1,4325.2,3960.2,3821.2,1.9,32.5,4359.1
PF010878,CROP014,Sunflower,West Bengal,2023,2,4359.1,4325.2,3960.2,6.9,36.1,4468.5
PF010879,CROP014,Sunflower,West Bengal,2023,3,4468.5,4359.1,4325.2,-1.9,46.8,4651.0
PF010880,CROP014,Sunflower,West Bengal,2023,4,4651.0,4468.5,4359.1,5.4,57.5,4799.2
PF010881,CROP014,Sunflower,West Bengal,2023,5,4799.2,4651.0,4468.5,-8.6,59.3,4296.8
PF010882,CROP014,Sunflower,West Bengal,2023,6,4296.8,4799.2,4651.0,2.2,41.2,4215.1
PF010883,CROP014,Sunflower,West Bengal,2023,7,4215.1,4296.8,4799.2,14.7,61.8,4107.8
PF010884,CROP014,Sunflower,West Bengal,2023,8,4107.8,4215.1,4296.8,7.0,47.9,3994.5
PF010885,CROP014,Sunflower,West Bengal,2023,9,3994.5,4107.8,4215.1,-3.8,38.4,3874.3
PF010886,CROP014,Sunflower,West Bengal,2023,10,3874.3,3994.5,4107.8,6.9,43.5,3704.4
PF010887,CROP014,Sunflower,West Bengal,2023,11,3704.4,3874.3,3994.5,5.8,55.4,3994.7
PF010888,CROP014,Sunflower,West Bengal,2023,12,3994.7,3704.4,3874.3,-7.7,64.6,4030.8
PF010921,CROP015,Sesame,Punjab,2021,4,5335.8,5690.1,5096.7,-18.7,53.6,5643.4
PF010922,CROP015,Sesame,Punjab,2021,5,5643.4,5335.8,5690.1,25.3,61.9,5627.1
PF010923,CROP015,Sesame,Punjab,2021,6,5627.1,5643.4,5335.8,10.6,51.6,5305.9
PF010924,CROP015,Sesame,Punjab,2021,7,5305.9,5627.1,5643.4,6.0,37.8,4985.7
PF010925,CROP015,Sesame,Punjab,2021,8,4985.7,5305.9,5627.1,7.1,42.8,4781.0
PF010926,CROP015,Sesame,Punjab,2021,9,4781.0,4985.7,5305.9,7.6,70.4,4618.4
PF010927,CROP015,Sesame,Punjab,2021,10,4618.4,4781.0,4985.7,-11.7,63.2,4602.3
PF010928,CROP015,Sesame,Punjab,2021,11,4602.3,4618.4,4781.0,-18.4,49.9,5016.1
PF010929,CROP015,Sesame,Punjab,2021,12,5016.1,4602.3,4618.4,-20.1,52.1,4937.9
PF010930,CROP015,Sesame,Punjab,2022,1,4937.9,5016.1,4602.3,-5.2,40.5,5461.8
PF010931,CROP015,Sesame,Punjab,2022,2,5461.8,4937.9,5016.1,-15.5,50.9,5478.5
PF010932,CROP015,Sesame,Punjab,2022,3,5478.5,5461.8,4937.9,29.1,43.1,5719.9
PF010933,CROP015,Sesame,Punjab,2022,4,5719.9,5478.5,5461.8,9.1,34.2,6101.5
PF010934,CROP015,Sesame,Punjab,2022,5,6101.5,5719.9,5478.5,-22.4,65.7,6070.6
PF010935,CROP015,Sesame,Punjab,2022,6,6070.6,6101.5,5719.9,10.8,58.7,5385.3
PF010936,CROP015,Sesame,Punjab,2022,7,5385.3,6070.6,6101.5,-9.6,57.3,4680.9
PF010937,CROP015,Sesame,Punjab,2022,8,4680.9,5385.3,6070.6,0.4,64.8,4724.1
PF010938,CROP015,Sesame,Punjab,2022,9,4724.1,4680.9,5385.3,3.2,49.3,4521.1
PF010939,CROP015,Sesame,Punjab,2022,10,4521.1,4724.1,4680.9,-14.1,54.2,4725.1
PF010940,CROP015,Sesame,Punjab,2022,11,4725.1,4521.1,4724.1,-17.6,69.7,4984.3
PF010941,CROP015,Sesame,Punjab,2022,12,4984.3,4725.1,4521.1,-13.0,69.2,5030.4
PF010942,CROP015,Sesame,Punjab,2023,1,5030.4,4984.3,4725.1,20.0,56.0,5149.2
PF010943,CROP015,Sesame,Punjab,2023,2,5149.2,5030.4,4984.3,-18.1,60.3,5649.0
PF010944,CROP015,Sesame,Punjab,2023,3,5649.0,5149.2,5030.4,2.9,51.8,6048.1
PF010945,CROP015,Sesame,Punjab,2023,4,6048.1,5649.0,5149.2,15.9,29.4,5877.3
PF010946,CROP015,Sesame,Punjab,2023,5,5877.3,6048.1,5649.0,10.3,34.0,5382.6
PF010947,CROP015,Sesame,Punjab,2023,6,5382.6,5877.3,6048.1,-21.8,56.3,4877.9
PF010948,CROP015,Sesame,Punjab,2023,7,4877.9,5382.6,5877.3,23.2,63.9,5013.8
PF010949,CROP015,Sesame,Punjab,2023,8,5013.8,4877.9,5382.6,6.2,53.9,4514.9
PF010950,CROP015,Sesame,Punjab,2023,9,4514.9,5013.8,4877.9,1.6,46.4,5029.3
PF010951,CROP015,Sesame,Punjab,2023,10,5029.3,4514.9,5013.8,-23.1,40.3,4954.1
PF010952,CROP015,Sesame,Punjab,2023,11,4954.1,5029.3,4514.9,-1.9,47.2,4957.7
PF010953,CROP015,Sesame,Punjab,2023,12,4957.7,4954.1,5029.3,-0.3,81.3,5298.3
PF010986,CROP015,Sesame,Punjab,2021,4,5124.6,5340.7,4768.2,-21.5,40.5,5082.4
PF010987,CROP015,Sesame,Punjab,2021,5,5082.4,5124.6,5340.7,-28.7,46.7,5207.2
PF010988,CROP015,Sesame,Punjab,2021,6,5207.2,5082.4,5124.6,-18.1,47.7,4681.0
PF010989,CROP015,Sesame,Punjab,2021,7,4681.0,5207.2,5082.4,8.9,56.8,4833.2
PF010990,CROP015,Sesame,Punjab,2021,8,4833.2,4681.0,5207.2,3.9,26.6,4480.1
PF010991,CROP015,Sesame,Punjab,2021,9,4480.1,4833.2,4681.0,44.2,46.7,4476.8
PF010992,CROP015,Sesame,Punjab,2021,10,4476.8,4480.1,4833.2,13.2,53.5,4493.2
PF010993,CROP015,Sesame,Punjab,2021,11,4493.2,4476.8,4480.1,7.1,32.3,4624.7
PF010994,CROP015,Sesame,Punjab,2021,12,4624.7,4493.2,4476.8,-17.0,49.8,4766.1
PF010995,CROP015,Sesame,Punjab,2022,1,4766.1,4624.7,4493.2,-1.1,51.5,5047.6
PF010996,CROP015,Sesame,Punjab,2022,2,5047.6,4766.1,4624.7,-13.2,27.0,5274.7
PF010997,CROP015,Sesame,Punjab,2022,3,5274.7,5047.6,4766.1,1.1,51.1,5221.7
PF010998,CROP015,Sesame,Punjab,2022,4,5221.7,5274.7,5047.6,-2.2,57.4,5153.0
PF010999,CROP015,Sesame,Punjab,2022,5,5153.0,5221.7,5274.7,-25.1,30.7,5106.7
PF011000,CROP015,Sesame,Punjab,2022,6,5106.7,5153.0,5221.7,3.3,30.9,5086.5
PF011001,CROP015,Sesame,Punjab,2022,7,5086.5,5106.7,5153.0,-0.1,69.8,4642.4
PF011002,CROP015,Sesame,Punjab,2022,8,4642.4,5086.5,5106.7,-9.0,40.4,4178.5
PF011003,CROP015,Sesame,Punjab,2022,9,4178.5,4642.4,5086.5,-15.4,19.6,4320.9
PF011004,CROP015,Sesame,Punjab,2022,10,4320.9,4178.5,4642.4,47.7,69.9,4461.2
PF011005,CROP015,Sesame,Punjab,2022,11,4461.2,4320.9,4178.5,3.6,38.5,4241.8
PF011006,CROP015,Sesame,Punjab,2022,12,4241.8,4461.2,4320.9,0.4,49.1,4334.7
PF011007,CROP015,Sesame,Punjab,2023,1,4334.7,4241.8,4461.2,-14.7,41.3,4893.8
PF011008,CROP015,Sesame,Punjab,2023,2,4893.8,4334.7,4241.8,25.7,56.9,5277.6
PF011009,CROP015,Sesame,Punjab,2023,3,5277.6,4893.8,4334.7,-14.4,57.5,5771.7
PF011010,CROP015,Sesame,Punjab,2023,4,5771.7,5277.6,4893.8,10.0,67.5,5166.7
PF011011,CROP015,Sesame,Punjab,2023,5,5166.7,5771.7,5277.6,7.2,38.5,4980.6
PF011012,CROP015,Sesame,Punjab,2023,6,4980.6,5166.7,5771.7,-0.6,77.3,4671.4
PF011013,CROP015,Sesame,Punjab,2023,7,4671.4,4980.6,5166.7,-3.5,52.0,4303.6
PF011014,CROP015,Sesame,Punjab,2023,8,4303.6,4671.4,4980.6,-9.6,65.6,4161.8
PF011015,CROP015,Sesame,Punjab,2023,9,4161.8,4303.6,4671.4,19.0,53.9,4508.5
PF011016,CROP015,Sesame,Punjab,2023,10,4508.5,4161.8,4303.6,-12.4,45.8,4481.2
PF011017,CROP015,Sesame,Punjab,2023,11,4481.2,4508.5,4161.8,-5.0,51.2,4639.8
PF011018,CROP015,Sesame,Punjab,2023,12,4639.8,4481.2,4508.5,-24.7,32.4,4901.6
PF011051,CROP015,Sesame,Punjab,2021,4,5690.8,5353.6,5488.2,8.5,34.5,5376.2
PF011052,CROP015,Sesame,Punjab,2021,5,5376.2,5690.8,5353.6,-7.0,52.7,5069.8
PF011053,CROP015,Sesame,Punjab,2021,6,5069.8,5376.2,5690.8,17.8,47.5,5072.9
PF011054,CROP015,Sesame,Punjab,2021,7,5072.9,5069.8,5376.2,-11.2,44.0,5253.0
PF011055,CROP015,Sesame,Punjab,2021,8,5253.0,5072.9,5069.8,7.3,52.7,4554.4
PF011056,CROP015,Sesame,Punjab,2021,9,4554.4,5253.0,5072.9,-20.0,52.8,4361.6
PF011057,CROP015,Sesame,Punjab,2021,10,4361.6,4554.4,5253.0,-9.9,50.0,4409.6
PF011058,CROP015,Sesame,Punjab,2021,11,4409.6,4361.6,4554.4,-6.8,73.9,4960.7
PF011059,CROP015,Sesame,Punjab,2021,12,4960.7,4409.6,4361.6,11.5,46.2,5098.0
PF011060,CROP015,Sesame,Punjab,2022,1,5098.0,4960.7,4409.6,-3.8,60.9,5078.7
PF011061,CROP015,Sesame,Punjab,2022,2,5078.7,5098.0,4960.7,15.1,35.4,5499.3
PF011062,CROP015,Sesame,Punjab,2022,3,5499.3,5078.7,5098.0,-3.1,32.0,5333.6
PF011063,CROP015,Sesame,Punjab,2022,4,5333.6,5499.3,5078.7,10.6,53.8,5619.7
PF011064,CROP015,Sesame,Punjab,2022,5,5619.7,5333.6,5499.3,-0.7,42.8,5184.6
PF011065,CROP015,Sesame,Punjab,2022,6,5184.6,5619.7,5333.6,-10.9,68.7,5418.3
PF011066,CROP015,Sesame,Punjab,2022,7,5418.3,5184.6,5619.7,-1.3,55.4,4702.5
PF011067,CROP015,Sesame,Punjab,2022,8,4702.5,5418.3,5184.6,4.1,41.2,4834.1
PF011068,CROP015,Sesame,Punjab,2022,9,4834.1,4702.5,5418.3,13.3,38.1,4678.2
PF011069,CROP015,Sesame,Punjab,2022,10,4678.2,4834.1,4702.5,-1.0,49.5,4601.5
PF011070,CROP015,Sesame,Punjab,2022,11,4601.5,4678.2,4834.1,-14.2,62.8,4825.9
PF011071,CROP015,Sesame,Punjab,2022,12,4825.9,4601.5,4678.2,-12.0,33.1,5195.7
PF011072,CROP015,Sesame,Punjab,2023,1,5195.7,4825.9,4601.5,-25.1,36.9,5042.8
PF011073,CROP015,Sesame,Punjab,2023,2,5042.8,5195.7,4825.9,14.1,25.7,5451.3
PF011074,CROP015,Sesame,Punjab,2023,3,5451.3,5042.8,5195.7,-13.4,56.4,5626.0
PF011075,CROP015,Sesame,Punjab,2023,4,5626.0,5451.3,5042.8,1.4,55.5,5852.4
PF011076,CROP015,Sesame,Punjab,2023,5,5852.4,5626.0,5451.3,24.5,53.6,5518.7
PF011077,CROP015,Sesame,Punjab,2023,6,5518.7,5852.4,5626.0,-9.0,59.0,5011.0
PF011078,CROP015,Sesame,Punjab,2023,7,5011.0,5518.7,5852.4,-4.5,42.4,4817.8
PF011079,CROP015,Sesame,Punjab,2023,8,4817.8,5011.0,5518.7,-13.6,43.5,4695.6
PF011080,CROP015,Sesame,Punjab,2023,9,4695.6,4817.8,5011.0,-8.2,52.7,4622.2
PF011081,CROP015,Sesame,Punjab,2023,10,4622.2,4695.6,4817.8,28.3,59.2,4879.0
PF011082,CROP015,Sesame,Punjab,2023,11,4879.0,4622.2,4695.6,5.9,72.0,4846.5
PF011083,CROP015,Sesame,Punjab,2023,12,4846.5,4879.0,4622.2,-8.3,40.9,5203.4
PF011116,CROP015,Sesame,Haryana,2021,4,4720.3,4993.3,5155.4,-5.5,33.9,5156.2
PF011117,CROP015,Sesame,Haryana,2021,5,5156.2,4720.3,4993.3,5.4,52.4,4908.3
PF011118,CROP015,Sesame,Haryana,2021,6,4908.3,5156.2,4720.3,1.4,49.1,4611.1
PF011119,CROP015,Sesame,Haryana,2021,7,4611.1,4908.3,5156.2,-14.1,35.0,4259.1
PF011120,CROP015,Sesame,Haryana,2021,8,4259.1,4611.1,4908.3,12.8,48.9,4193.1
PF011121,CROP015,Sesame,Haryana,2021,9,4193.1,4259.1,4611.1,1.5,48.8,4228.0
PF011122,CROP015,Sesame,Haryana,2021,10,4228.0,4193.1,4259.1,-29.7,47.4,4153.4
PF011123,CROP015,Sesame,Haryana,2021,11,4153.4,4228.0,4193.1,33.3,42.5,4113.6
PF011124,CROP015,Sesame,Haryana,2021,12,4113.6,4153.4,4228.0,22.1,62.8,4546.2
PF011125,CROP015,Sesame,Haryana,2022,1,4546.2,4113.6,4153.4,-2.2,60.4,5276.4
PF011126,CROP015,Sesame,Haryana,2022,2,5276.4,4546.2,4113.6,-7.6,25.2,5098.3
PF011127,CROP015,Sesame,Haryana,2022,3,5098.3,5276.4,4546.2,-1.3,50.4,5001.1
PF011128,CROP015,Sesame,Haryana,2022,4,5001.1,5098.3,5276.4,-4.9,62.9,5238.5
PF011129,CROP015,Sesame,Haryana,2022,5,5238.5,5001.1,5098.3,-24.2,54.8,5086.4
PF011130,CROP015,Sesame,Haryana,2022,6,5086.4,5238.5,5001.1,19.6,49.3,4538.0
PF011131,CROP015,Sesame,Haryana,2022,7,4538.0,5086.4,5238.5,21.2,31.5,4286.9
PF011132,CROP015,Sesame,Haryana,2022,8,4286.9,4538.0,5086.4,0.7,44.6,4330.7
PF011133,CROP015,Sesame,Haryana,2022,9,4330.7,4286.9,4538.0,1.3,54.9,4054.6
PF011134,CROP015,Sesame,Haryana,2022,10,4054.6,4330.7,4286.9,-17.7,53.5,4595.4
PF011135,CROP015,Sesame,Haryana,2022,11,4595.4,4054.6,4330.7,-21.1,41.8,4400.0
PF011136,CROP015,Sesame,Haryana,2022,12,4400.0,4595.4,4054.6,7.9,66.8,4808.1
PF011137,CROP015,Sesame,Haryana,2023,1,4808.1,4400.0,4595.4,-17.5,52.4,4846.3
PF011138,CROP015,Sesame,Haryana,2023,2,4846.3,4808.1,4400.0,-8.8,38.9,5304.3
PF011139,CROP015,Sesame,Haryana,2023,3,5304.3,4846.3,4808.1,-10.4,31.3,5234.5
PF011140,CROP015,Sesame,Haryana,2023,4,5234.5,5304.3,4846.3,4.6,46.1,5239.9
PF011141,CROP015,Sesame,Haryana,2023,5,5239.9,5234.5,5304.3,15.9,49.2,4965.2
PF011142,CROP015,Sesame,Haryana,2023,6,4965.2,5239.9,5234.5,-2.9,35.0,4832.8
PF011143,CROP015,Sesame,Haryana,2023,7,4832.8,4965.2,5239.9,0.9,49.5,4414.2
PF011144,CROP015,Sesame,Haryana,2023,8,4414.2,4832.8,4965.2,-10.0,56.5,4291.4
PF011145,CROP015,Sesame,Haryana,2023,9,4291.4,4414.2,4832.8,-4.2,52.0,4030.0
PF011146,CROP015,Sesame,Haryana,2023,10,4030.0,4291.4,4414.2,18.9,53.8,4502.4
PF011147,CROP015,Sesame,Haryana,2023,11,4502.4,4030.0,4291.4,-13.1,36.8,4545.7
PF011148,CROP015,Sesame,Haryana,2023,12,4545.7,4502.4,4030.0,-6.1,37.8,5186.1
PF011181,CROP015,Sesame,Haryana,2021,4,5287.3,5295.9,5463.6,-20.2,68.0,5423.4
PF011182,CROP015,Sesame,Haryana,2021,5,5423.4,5287.3,5295.9,-11.8,47.3,5508.0
PF011183,CROP015,Sesame,Haryana,2021,6,5508.0,5423.4,5287.3,-7.2,47.7,5276.3
PF011184,CROP015,Sesame,Haryana,2021,7,5276.3,5508.0,5423.4,2.7,63.4,4819.1
PF011185,CROP015,Sesame,Haryana,2021,8,4819.1,5276.3,5508.0,2.2,45.9,4676.8
PF011186,CROP015,Sesame,Haryana,2021,9,4676.8,4819.1,5276.3,-18.1,58.9,4681.5
PF011187,CROP015,Sesame,Haryana,2021,10,4681.5,4676.8,4819.1,-13.3,40.3,4845.4
PF011188,CROP015,Sesame,Haryana,2021,11,4845.4,4681.5,4676.8,29.0,29.3,5224.0
PF011189,CROP015,Sesame,Haryana,2021,12,5224.0,4845.4,4681.5,3.6,27.1,4885.5
PF011190,CROP015,Sesame,Haryana,2022,1,4885.5,5224.0,4845.4,-1.8,58.2,5259.5
PF011191,CROP015,Sesame,Haryana,2022,2,5259.5,4885.5,5224.0,-13.4,65.9,5723.7
PF011192,CROP015,Sesame,Haryana,2022,3,5723.7,5259.5,4885.5,-21.9,40.9,5537.3
PF011193,CROP015,Sesame,Haryana,2022,4,5537.3,5723.7,5259.5,-7.8,60.6,5684.2
PF011194,CROP015,Sesame,Haryana,2022,5,5684.2,5537.3,5723.7,0.5,46.0,5501.3
PF011195,CROP015,Sesame,Haryana,2022,6,5501.3,5684.2,5537.3,-14.8,45.4,4664.7
PF011196,CROP015,Sesame,Haryana,2022,7,4664.7,5501.3,5684.2,-7.8,46.2,5012.8
PF011197,CROP015,Sesame,Haryana,2022,8,5012.8,4664.7,5501.3,25.3,42.3,4807.6
PF011198,CROP015,Sesame,Haryana,2022,9,4807.6,5012.8,4664.7,-1.1,57.3,4546.6
PF011199,CROP015,Sesame,Haryana,2022,10,4546.6,4807.6,5012.8,22.9,51.9,4621.5
PF011200,CROP015,Sesame,Haryana,2022,11,4621.5,4546.6,4807.6,21.9,52.7,4707.0
PF011201,CROP015,Sesame,Haryana,2022,12,4707.0,4621.5,4546.6,17.4,59.0,5172.5
PF011202,CROP015,Sesame,Haryana,2023,1,5172.5,4707.0,4621.5,19.0,45.8,5437.4
PF011203,CROP015,Sesame,Haryana,2023,2,5437.4,5172.5,4707.0,-2.8,53.1,5667.2
PF011204,CROP015,Sesame,Haryana,2023,3,5667.2,5437.4,5172.5,18.8,35.0,6013.9
PF011205,CROP015,Sesame,Haryana,2023,4,6013.9,5667.2,5437.4,-17.2,43.6,6032.3
PF011206,CROP015,Sesame,Haryana,2023,5,6032.3,6013.9,5667.2,-4.9,35.5,5663.0
PF011207,CROP015,Sesame,Haryana,2023,6,5663.0,6032.3,6013.9,-24.3,40.9,5168.3
PF011208,CROP015,Sesame,Haryana,2023,7,5168.3,5663.0,6032.3,-3.3,45.4,5456.6
PF011209,CROP015,Sesame,Haryana,2023,8,5456.6,5168.3,5663.0,-7.2,69.3,4527.0
PF011210,CROP015,Sesame,Haryana,2023,9,4527.0,5456.6,5168.3,24.9,43.3,4550.2
PF011211,CROP015,Sesame,Haryana,2023,10,4550.2,4527.0,5456.6,27.0,28.0,4759.1
PF011212,CROP015,Sesame,Haryana,2023,11,4759.1,4550.2,4527.0,-2.8,47.2,5199.4
PF011213,CROP015,Sesame,Haryana,2023,12,5199.4,4759.1,4550.2,-1.5,44.8,5012.3
PF011246,CROP015,Sesame,Uttar Pradesh,2021,4,6321.4,5558.8,5865.1,-6.7,62.6,5767.6
PF011247,CROP015,Sesame,Uttar Pradesh,2021,5,5767.6,6321.4,5558.8,21.4,78.1,5783.3
PF011248,CROP015,Sesame,Uttar Pradesh,2021,6,5783.3,5767.6,6321.4,31.2,34.5,5256.9
PF011249,CROP015,Sesame,Uttar Pradesh,2021,7,5256.9,5783.3,5767.6,-3.8,40.4,5013.2
PF011250,CROP015,Sesame,Uttar Pradesh,2021,8,5013.2,5256.9,5783.3,17.8,50.1,4969.3
PF011251,CROP015,Sesame,Uttar Pradesh,2021,9,4969.3,5013.2,5256.9,-14.9,43.4,4565.1
PF011252,CROP015,Sesame,Uttar Pradesh,2021,10,4565.1,4969.3,5013.2,10.7,48.4,4566.7
PF011253,CROP015,Sesame,Uttar Pradesh,2021,11,4566.7,4565.1,4969.3,10.4,71.6,5123.9
PF011254,CROP015,Sesame,Uttar Pradesh,2021,12,5123.9,4566.7,4565.1,9.2,60.7,5198.0
PF011255,CROP015,Sesame,Uttar Pradesh,2022,1,5198.0,5123.9,4566.7,-2.4,55.5,5522.8
PF011256,CROP015,Sesame,Uttar Pradesh,2022,2,5522.8,5198.0,5123.9,-5.7,45.0,5997.2
PF011257,CROP015,Sesame,Uttar Pradesh,2022,3,5997.2,5522.8,5198.0,8.6,67.7,5961.2
PF011258,CROP015,Sesame,Uttar Pradesh,2022,4,5961.2,5997.2,5522.8,-26.8,44.1,5921.4
PF011259,CROP015,Sesame,Uttar Pradesh,2022,5,5921.4,5961.2,5997.2,11.4,54.2,5378.1
PF011260,CROP015,Sesame,Uttar Pradesh,2022,6,5378.1,5921.4,5961.2,45.5,47.9,5545.4
PF011261,CROP015,Sesame,Uttar Pradesh,2022,7,5545.4,5378.1,5921.4,-15.0,27.5,5133.8
PF011262,CROP015,Sesame,Uttar Pradesh,2022,8,5133.8,5545.4,5378.1,9.2,58.9,4844.3
PF011263,CROP015,Sesame,Uttar Pradesh,2022,9,4844.3,5133.8,5545.4,10.2,50.1,4894.0
PF011264,CROP015,Sesame,Uttar Pradesh,2022,10,4894.0,4844.3,5133.8,7.5,59.0,5209.3
PF011265,CROP015,Sesame,Uttar Pradesh,2022,11,5209.3,4894.0,4844.3,15.7,43.9,4972.6
PF011266,CROP015,Sesame,Uttar Pradesh,2022,12,4972.6,5209.3,4894.0,-3.7,79.2,5151.2
PF011267,CROP015,Sesame,Uttar Pradesh,2023,1,5151.2,4972.6,5209.3,2.4,54.8,5802.6
PF011268,CROP015,Sesame,Uttar Pradesh,2023,2,5802.6,5151.2,4972.6,19.6,44.0,6151.6
PF011269,CROP015,Sesame,Uttar Pradesh,2023,3,6151.6,5802.6,5151.2,-20.2,46.6,6118.3
PF011270,CROP015,Sesame,Uttar Pradesh,2023,4,6118.3,6151.6,5802.6,-24.6,60.8,5807.1
PF011271,CROP015,Sesame,Uttar Pradesh,2023,5,5807.1,6118.3,6151.6,-13.1,40.0,5377.3
PF011272,CROP015,Sesame,Uttar Pradesh,2023,6,5377.3,5807.1,6118.3,-9.2,75.5,5542.6
PF011273,CROP015,Sesame,Uttar Pradesh,2023,7,5542.6,5377.3,5807.1,1.9,48.6,5440.8
PF011274,CROP015,Sesame,Uttar Pradesh,2023,8,5440.8,5542.6,5377.3,-20.2,72.7,4993.5
PF011275,CROP015,Sesame,Uttar Pradesh,2023,9,4993.5,5440.8,5542.6,16.0,55.6,4809.9
PF011276,CROP015,Sesame,Uttar Pradesh,2023,10,4809.9,4993.5,5440.8,-14.2,51.6,4890.9
PF011277,CROP015,Sesame,Uttar Pradesh,2023,11,4890.9,4809.9,4993.5,19.3,44.2,5456.4
PF011278,CROP015,Sesame,Uttar Pradesh,2023,12,5456.4,4890.9,4809.9,20.8,63.3,5604.9
PF011311,CROP015,Sesame,Uttar Pradesh,2021,4,6969.8,6412.2,6019.2,-30.0,30.7,6309.1
PF011312,CROP015,Sesame,Uttar Pradesh,2021,5,6309.1,6969.8,6412.2,18.8,41.3,6404.6
PF011313,CROP015,Sesame,Uttar Pradesh,2021,6,6404.6,6309.1,6969.8,15.4,53.5,6041.6
PF011314,CROP015,Sesame,Uttar Pradesh,2021,7,6041.6,6404.6,6309.1,25.9,63.5,5736.6
PF011315,CROP015,Sesame,Uttar Pradesh,2021,8,5736.6,6041.6,6404.6,-16.7,60.7,5118.8
PF011316,CROP015,Sesame,Uttar Pradesh,2021,9,5118.8,5736.6,6041.6,25.0,29.4,5274.0
PF011317,CROP015,Sesame,Uttar Pradesh,2021,10,5274.0,5118.8,5736.6,14.6,51.0,5216.9
PF011318,CROP015,Sesame,Uttar Pradesh,2021,11,5216.9,5274.0,5118.8,-4.5,61.0,5090.3
PF011319,CROP015,Sesame,Uttar Pradesh,2021,12,5090.3,5216.9,5274.0,-2.3,43.9,5851.9
PF011320,CROP015,Sesame,Uttar Pradesh,2022,1,5851.9,5090.3,5216.9,-17.5,51.8,6604.0
PF011321,CROP015,Sesame,Uttar Pradesh,2022,2,6604.0,5851.9,5090.3,28.4,82.4,6169.3
PF011322,CROP015,Sesame,Uttar Pradesh,2022,3,6169.3,6604.0,5851.9,11.6,68.9,6781.6
PF011323,CROP015,Sesame,Uttar Pradesh,2022,4,6781.6,6169.3,6604.0,36.9,59.2,6240.7
PF011324,CROP015,Sesame,Uttar Pradesh,2022,5,6240.7,6781.6,6169.3,-24.1,28.4,5893.6
PF011325,CROP015,Sesame,Uttar Pradesh,2022,6,5893.6,6240.7,6781.6,23.4,58.9,6054.4
PF011326,CROP015,Sesame,Uttar Pradesh,2022,7,6054.4,5893.6,6240.7,-9.3,51.9,5374.8
PF011327,CROP015,Sesame,Uttar Pradesh,2022,8,5374.8,6054.4,5893.6,19.7,67.9,5303.4
PF011328,CROP015,Sesame,Uttar Pradesh,2022,9,5303.4,5374.8,6054.4,-25.4,42.8,5375.8
PF011329,CROP015,Sesame,Uttar Pradesh,2022,10,5375.8,5303.4,5374.8,2.1,52.6,5448.7
PF011330,CROP015,Sesame,Uttar Pradesh,2022,11,5448.7,5375.8,5303.4,11.7,18.6,5822.0
PF011331,CROP015,Sesame,Uttar Pradesh,2022,12,5822.0,5448.7,5375.8,46.0,42.5,5994.4
PF011332,CROP015,Sesame,Uttar Pradesh,2023,1,5994.4,5822.0,5448.7,-17.7,48.1,6169.6
PF011333,CROP015,Sesame,Uttar Pradesh,2023,2,6169.6,5994.4,5822.0,-28.0,86.2,6597.2
PF011334,CROP015,Sesame,Uttar Pradesh,2023,3,6597.2,6169.6,5994.4,3.4,43.6,6425.5
PF011335,CROP015,Sesame,Uttar Pradesh,2023,4,6425.5,6597.2,6169.6,-30.0,42.1,6888.1
PF011336,CROP015,Sesame,Uttar Pradesh,2023,5,6888.1,6425.5,6597.2,-9.4,54.7,6426.7
PF011337,CROP015,Sesame,Uttar Pradesh,2023,6,6426.7,6888.1,6425.5,25.3,61.8,6231.5
PF011338,CROP015,Sesame,Uttar Pradesh,2023,7,6231.5,6426.7,6888.1,19.7,30.7,6166.3
PF011339,CROP015,Sesame,Uttar Pradesh,2023,8,6166.3,6231.5,6426.7,4.4,42.8,5417.5
PF011340,CROP015,Sesame,Uttar Pradesh,2023,9,5417.5,6166.3,6231.5,19.1,46.4,5394.4
PF011341,CROP015,Sesame,Uttar Pradesh,2023,10,5394.4,5417.5,6166.3,-22.6,57.9,5404.5
PF011342,CROP015,Sesame,Uttar Pradesh,2023,11,5404.5,5394.4,5417.5,6.1,61.0,5732.3
PF011343,CROP015,Sesame,Uttar Pradesh,2023,12,5732.3,5404.5,5394.4,8.0,43.9,6121.1
PF011376,CROP015,Sesame,Uttar Pradesh,2021,4,6506.6,6263.9,6036.5,-6.6,55.6,6292.7
PF011377,CROP015,Sesame,Uttar Pradesh,2021,5,6292.7,6506.6,6263.9,-7.4,51.2,5940.6
PF011378,CROP015,Sesame,Uttar Pradesh,2021,6,5940.6,6292.7,6506.6,-22.0,59.4,5620.6
PF011379,CROP015,Sesame,Uttar Pradesh,2021,7,5620.6,5940.6,6292.7,23.6,58.4,5269.2
PF011380,CROP015,Sesame,Uttar Pradesh,2021,8,5269.2,5620.6,5940.6,-9.4,52.2,5100.8
PF011381,CROP015,Sesame,Uttar Pradesh,2021,9,5100.8,5269.2,5620.6,22.7,24.1,4952.6
PF011382,CROP015,Sesame,Uttar Pradesh,2021,10,4952.6,5100.8,5269.2,-10.4,50.6,5167.8
PF011383,CROP015,Sesame,Uttar Pradesh,2021,11,5167.8,4952.6,5100.8,-14.3,61.1,5320.3
PF011384,CROP015,Sesame,Uttar Pradesh,2021,12,5320.3,5167.8,4952.6,7.5,50.8,5866.5
PF011385,CROP015,Sesame,Uttar Pradesh,2022,1,5866.5,5320.3,5167.8,-0.5,69.5,5720.8
PF011386,CROP015,Sesame,Uttar Pradesh,2022,2,5720.8,5866.5,5320.3,2.5,49.4,5982.7
PF011387,CROP015,Sesame,Uttar Pradesh,2022,3,5982.7,5720.8,5866.5,-7.7,38.7,6346.5
PF011388,CROP015,Sesame,Uttar Pradesh,2022,4,6346.5,5982.7,5720.8,-13.3,66.0,6088.0
PF011389,CROP015,Sesame,Uttar Pradesh,2022,5,6088.0,6346.5,5982.7,-4.7,38.1,5926.6
PF011390,CROP015,Sesame,Uttar Pradesh,2022,6,5926.6,6088.0,6346.5,-5.8,40.4,5414.2
PF011391,CROP015,Sesame,Uttar Pradesh,2022,7,5414.2,5926.6,6088.0,22.5,46.6,5068.4
PF011392,CROP015,Sesame,Uttar Pradesh,2022,8,5068.4,5414.2,5926.6,-28.3,57.5,4845.4
PF011393,CROP015,Sesame,Uttar Pradesh,2022,9,4845.4,5068.4,5414.2,9.4,59.9,5046.8
PF011394,CROP015,Sesame,Uttar Pradesh,2022,10,5046.8,4845.4,5068.4,14.8,50.6,5344.8
PF011395,CROP015,Sesame,Uttar Pradesh,2022,11,5344.8,5046.8,4845.4,-14.4,38.4,5467.4
PF011396,CROP015,Sesame,Uttar Pradesh,2022,12,5467.4,5344.8,5046.8,5.5,46.8,5320.8
PF011397,CROP015,Sesame,Uttar Pradesh,2023,1,5320.8,5467.4,5344.8,-6.0,67.7,5860.9
PF011398,CROP015,Sesame,Uttar Pradesh,2023,2,5860.9,5320.8,5467.4,-3.3,55.8,6250.9
PF011399,CROP015,Sesame,Uttar Pradesh,2023,3,6250.9,5860.9,5320.8,-9.8,49.9,6195.3
PF011400,CROP015,Sesame,Uttar Pradesh,2023,4,6195.3,6250.9,5860.9,-1.0,52.5,6220.4
PF011401,CROP015,Sesame,Uttar Pradesh,2023,5,6220.4,6195.3,6250.9,3.2,48.1,5904.2
PF011402,CROP015,Sesame,Uttar Pradesh,2023,6,5904.2,6220.4,6195.3,-10.9,45.0,5911.6
PF011403,CROP015,Sesame,Uttar Pradesh,2023,7,5911.6,5904.2,6220.4,-6.2,66.0,5488.6
PF011404,CROP015,Sesame,Uttar Pradesh,2023,8,5488.6,5911.6,5904.2,19.5,50.5,5365.5
PF011405,CROP015,Sesame,Uttar Pradesh,2023,9,5365.5,5488.6,5911.6,15.1,46.8,5434.2
PF011406,CROP015,Sesame,Uttar Pradesh,2023,10,5434.2,5365.5,5488.6,-12.1,45.2,4901.3
PF011407,CROP015,Sesame,Uttar Pradesh,2023,11,4901.3,5434.2,5365.5,-12.5,54.1,5834.8
PF011408,CROP015,Sesame,Uttar Pradesh,2023,12,5834.8,4901.3,5434.2,7.7,69.0,5709.9
PF011441,CROP015,Sesame,Bihar,2021,4,5085.5,4868.6,4637.6,28.1,63.2,4649.9
PF011442,CROP015,Sesame,Bihar,2021,5,4649.9,5085.5,4868.6,-13.9,46.9,4503.3
PF011443,CROP015,Sesame,Bihar,2021,6,4503.3,4649.9,5085.5,24.7,54.5,4403.0
PF011444,CROP015,Sesame,Bihar,2021,7,4403.0,4503.3,4649.9,-14.3,61.4,4131.1
PF011445,CROP015,Sesame,Bihar,2021,8,4131.1,4403.0,4503.3,-10.1,47.7,4043.2
PF011446,CROP015,Sesame,Bihar,2021,9,4043.2,4131.1,4403.0,-0.5,60.4,4042.1
PF011447,CROP015,Sesame,Bihar,2021,10,4042.1,4043.2,4131.1,15.5,55.0,4189.4
PF011448,CROP015,Sesame,Bihar,2021,11,4189.4,4042.1,4043.2,22.3,49.1,4172.6
PF011449,CROP015,Sesame,Bihar,2021,12,4172.6,4189.4,4042.1,14.8,53.3,4316.8
PF011450,CROP015,Sesame,Bihar,2022,1,4316.8,4172.6,4189.4,-46.6,60.4,4672.2
PF011451,CROP015,Sesame,Bihar,2022,2,4672.2,4316.8,4172.6,-12.2,63.9,5029.9
PF011452,CROP015,Sesame,Bihar,2022,3,5029.9,4672.2,4316.8,14.1,60.0,4797.4
PF011453,CROP015,Sesame,Bihar,2022,4,4797.4,5029.9,4672.2,9.1,50.4,5212.1
PF011454,CROP015,Sesame,Bihar,2022,5,5212.1,4797.4,5029.9,19.6,43.2,4479.4
PF011455,CROP015,Sesame,Bihar,2022,6,4479.4,5212.1,4797.4,4.5,46.9,4696.3
PF011456,CROP015,Sesame,Bihar,2022,7,4696.3,4479.4,5212.1,12.7,32.4,4565.6
PF011457,CROP015,Sesame,Bihar,2022,8,4565.6,4696.3,4479.4,-3.5,29.4,4264.8
PF011458,CROP015,Sesame,Bihar,2022,9,4264.8,4565.6,4696.3,-14.9,43.4,4064.4
PF011459,CROP015,Sesame,Bihar,2022,10,4064.4,4264.8,4565.6,-5.8,49.6,4300.3
PF011460,CROP015,Sesame,Bihar,2022,11,4300.3,4064.4,4264.8,33.0,59.1,4132.1
PF011461,CROP015,Sesame,Bihar,2022,12,4132.1,4300.3,4064.4,2.6,59.6,4432.9
PF011462,CROP015,Sesame,Bihar,2023,1,4432.9,4132.1,4300.3,2.3,44.8,4809.2
PF011463,CROP015,Sesame,Bihar,2023,2,4809.2,4432.9,4132.1,4.4,61.4,5096.0
PF011464,CROP015,Sesame,Bihar,2023,3,5096.0,4809.2,4432.9,-16.7,34.5,4871.2
PF011465,CROP015,Sesame,Bihar,2023,4,4871.2,5096.0,4809.2,9.3,36.7,4924.7
PF011466,CROP015,Sesame,Bihar,2023,5,4924.7,4871.2,5096.0,11.9,43.3,4830.8
PF011467,CROP015,Sesame,Bihar,2023,6,4830.8,4924.7,4871.2,-8.4,50.4,4542.5
PF011468,CROP015,Sesame,Bihar,2023,7,4542.5,4830.8,4924.7,20.6,48.5,4376.3
PF011469,CROP015,Sesame,Bihar,2023,8,4376.3,4542.5,4830.8,-7.6,37.6,4226.9
PF011470,CROP015,Sesame,Bihar,2023,9,4226.9,4376.3,4542.5,7.8,79.5,3927.7
PF011471,CROP015,Sesame,Bihar,2023,10,3927.7,4226.9,4376.3,-13.5,54.4,4220.3
PF011472,CROP015,Sesame,Bihar,2023,11,4220.3,3927.7,4226.9,40.1,66.1,4246.1
PF011473,CROP015,Sesame,Bihar,2023,12,4246.1,4220.3,3927.7,-22.3,30.0,4928.2
PF011506,CROP015,Sesame,Bihar,2021,4,6532.7,6208.0,6323.7,-13.1,67.6,6043.8
PF011507,CROP015,Sesame,Bihar,2021,5,6043.8,6532.7,6208.0,31.9,61.6,6187.7
PF011508,CROP015,Sesame,Bihar,2021,6,6187.7,6043.8,6532.7,-2.9,61.3,5711.7
PF011509,CROP015,Sesame,Bihar,2021,7,5711.7,6187.7,6043.8,-12.4,37.1,5469.4
PF011510,CROP015,Sesame,Bihar,2021,8,5469.4,5711.7,6187.7,-21.0,49.6,5306.1
PF011511,CROP015,Sesame,Bihar,2021,9,5306.1,5469.4,5711.7,10.0,40.9,4892.1
PF011512,CROP015,Sesame,Bihar,2021,10,4892.1,5306.1,5469.4,0.1,39.2,5186.0
PF011513,CROP015,Sesame,Bihar,2021,11,5186.0,4892.1,5306.1,-2.9,63.0,5453.6
PF011514,CROP015,Sesame,Bihar,2021,12,5453.6,5186.0,4892.1,-2.3,26.9,5792.6
PF011515,CROP015,Sesame,Bihar,2022,1,5792.6,5453.6,5186.0,8.0,47.3,5706.8
PF011516,CROP015,Sesame,Bihar,2022,2,5706.8,5792.6,5453.6,-5.1,63.9,6091.5
PF011517,CROP015,Sesame,Bihar,2022,3,6091.5,5706.8,5792.6,0.6,74.4,6076.8
PF011518,CROP015,Sesame,Bihar,2022,4,6076.8,6091.5,5706.8,1.5,42.1,6172.2
PF011519,CROP015,Sesame,Bihar,2022,5,6172.2,6076.8,6091.5,-7.9,47.2,5951.2
PF011520,CROP015,Sesame,Bihar,2022,6,5951.2,6172.2,6076.8,-12.3,14.3,5768.9
PF011521,CROP015,Sesame,Bihar,2022,7,5768.9,5951.2,6172.2,-12.0,46.4,5581.3
PF011522,CROP015,Sesame,Bihar,2022,8,5581.3,5768.9,5951.2,14.5,47.2,5081.8
PF011523,CROP015,Sesame,Bihar,2022,9,5081.8,5581.3,5768.9,-6.3,31.9,5236.8
PF011524,CROP015,Sesame,Bihar,2022,10,5236.8,5081.8,5581.3,-21.2,43.6,5015.5
PF011525,CROP015,Sesame,Bihar,2022,11,5015.5,5236.8,5081.8,-8.8,44.0,5740.4
PF011526,CROP015,Sesame,Bihar,2022,12,5740.4,5015.5,5236.8,-0.0,44.3,6118.8
PF011527,CROP015,Sesame,Bihar,2023,1,6118.8,5740.4,5015.5,-18.1,56.0,6079.8
PF011528,CROP015,Sesame,Bihar,2023,2,6079.8,6118.8,5740.4,-0.1,42.2,6322.3
PF011529,CROP015,Sesame,Bihar,2023,3,6322.3,6079.8,6118.8,-17.4,50.3,6309.5
PF011530,CROP015,Sesame,Bihar,2023,4,6309.5,6322.3,6079.8,5.0,60.2,6737.8
PF011531,CROP015,Sesame,Bihar,2023,5,6737.8,6309.5,6322.3,-15.6,52.0,5929.0
PF011532,CROP015,Sesame,Bihar,2023,6,5929.0,6737.8,6309.5,0.4,68.9,6105.4
PF011533,CROP015,Sesame,Bihar,2023,7,6105.4,5929.0,6737.8,10.7,57.3,5436.4
PF011534,CROP015,Sesame,Bihar,2023,8,5436.4,6105.4,5929.0,-4.6,44.1,5519.3
PF011535,CROP015,Sesame,Bihar,2023,9,5519.3,5436.4,6105.4,-26.1,49.9,4941.7
PF011536,CROP015,Sesame,Bihar,2023,10,4941.7,5519.3,5436.4,-24.7,59.0,5148.1
PF011537,CROP015,Sesame,Bihar,2023,11,5148.1,4941.7,5519.3,-2.4,42.5,5665.5
PF011538,CROP015,Sesame,Bihar,2023,12,5665.5,5148.1,4941.7,7.9,62.5,5488.9
PF011571,CROP015,Sesame,West Bengal,2021,4,5282.0,5188.1,4874.1,9.1,65.3,5223.2
PF011572,CROP015,Sesame,West Bengal,2021,5,5223.2,5282.0,5188.1,-2.5,55.4,5033.6
PF011573,CROP015,Sesame,West Bengal,2021,6,5033.6,5223.2,5282.0,-16.2,24.5,5113.9
PF011574,CROP015,Sesame,West Bengal,2021,7,5113.9,5033.6,5223.2,-2.8,55.1,4586.5
PF011575,CROP015,Sesame,West Bengal,2021,8,4586.5,5113.9,5033.6,20.0,49.9,4640.6
PF011576,CROP015,Sesame,West Bengal,2021,9,4640.6,4586.5,5113.9,-37.6,39.3,4495.2
PF011577,CROP015,Sesame,West Bengal,2021,10,4495.2,4640.6,4586.5,0.6,39.2,4482.0
PF011578,CROP015,Sesame,West Bengal,2021,11,4482.0,4495.2,4640.6,-20.0,47.9,4807.7
PF011579,CROP015,Sesame,West Bengal,2021,12,4807.7,4482.0,4495.2,12.5,54.0,5123.5
PF011580,CROP015,Sesame,West Bengal,2022,1,5123.5,4807.7,4482.0,7.5,48.9,5457.2
PF011581,CROP015,Sesame,West Bengal,2022,2,5457.2,5123.5,4807.7,-13.1,46.0,5304.0
PF011582,CROP015,Sesame,West Bengal,2022,3,5304.0,5457.2,5123.5,-0.8,36.8,5796.4
PF011583,CROP015,Sesame,West Bengal,2022,4,5796.4,5304.0,5457.2,-11.9,63.6,5735.6
PF011584,CROP015,Sesame,West Bengal,2022,5,5735.6,5796.4,5304.0,-9.9,65.5,5627.9
PF011585,CROP015,Sesame,West Bengal,2022,6,5627.9,5735.6,5796.4,-23.1,55.8,5109.3
PF011586,CROP015,Sesame,West Bengal,2022,7,5109.3,5627.9,5735.6,-12.4,52.0,4786.1
PF011587,CROP015,Sesame,West Bengal,2022,8,4786.1,5109.3,5627.9,-11.7,35.1,4526.7
PF011588,CROP015,Sesame,West Bengal,2022,9,4526.7,4786.1,5109.3,6.8,36.7,4609.0
PF011589,CROP015,Sesame,West Bengal,2022,10,4609.0,4526.7,4786.1,-10.8,41.4,4435.1
PF011590,CROP015,Sesame,West Bengal,2022,11,4435.1,4609.0,4526.7,16.1,67.6,4898.6
PF011591,CROP015,Sesame,West Bengal,2022,12,4898.6,4435.1,4609.0,13.8,70.5,5070.5
PF011592,CROP015,Sesame,West Bengal,2023,1,5070.5,4898.6,4435.1,-7.2,28.3,5248.7
PF011593,CROP015,Sesame,West Bengal,2023,2,5248.7,5070.5,4898.6,10.0,53.2,5544.5
PF011594,CROP015,Sesame,West Bengal,2023,3,5544.5,5248.7,5070.5,14.0,44.5,5381.7
PF011595,CROP015,Sesame,West Bengal,2023,4,5381.7,5544.5,5248.7,-3.0,58.0,5460.7
PF011596,CROP015,Sesame,West Bengal,2023,5,5460.7,5381.7,5544.5,-3.7,72.5,5098.7
PF011597,CROP015,Sesame,West Bengal,2023,6,5098.7,5460.7,5381.7,-9.6,39.9,5040.4
PF011598,CROP015,Sesame,West Bengal,2023,7,5040.4,5098.7,5460.7,0.3,48.9,4715.1
PF011599,CROP015,Sesame,West Bengal,2023,8,4715.1,5040.4,5098.7,2.3,35.3,4437.8
PF011600,CROP015,Sesame,West Bengal,2023,9,4437.8,4715.1,5040.4,17.6,46.0,4699.0
PF011601,CROP015,Sesame,West Bengal,2023,10,4699.0,4437.8,4715.1,24.0,75.6,4777.4
PF011602,CROP015,Sesame,West Bengal,2023,11,4777.4,4699.0,4437.8,5.2,65.6,4586.1
PF011603,CROP015,Sesame,West Bengal,2023,12,4586.1,4777.4,4699.0,12.0,57.7,4983.0
PF011636,CROP015,Sesame,West Bengal,2021,4,5166.0,4964.7,4938.0,-13.4,48.6,4687.5
PF011637,CROP015,Sesame,West Bengal,2021,5,4687.5,5166.0,4964.7,-11.0,41.4,4579.7
PF011638,CROP015,Sesame,West Bengal,2021,6,4579.7,4687.5,5166.0,-18.8,64.7,4594.0
PF011639,CROP015,Sesame,West Bengal,2021,7,4594.0,4579.7,4687.5,-9.9,27.7,4223.4
PF011640,CROP015,Sesame,West Bengal,2021,8,4223.4,4594.0,4579.7,-2.3,53.0,4260.2
PF011641,CROP015,Sesame,West Bengal,2021,9,4260.2,4223.4,4594.0,-1.0,34.1,4299.7
PF011642,CROP015,Sesame,West Bengal,2021,10,4299.7,4260.2,4223.4,-5.8,33.3,4404.5
PF011643,CROP015,Sesame,West Bengal,2021,11,4404.5,4299.7,4260.2,-12.3,42.8,4365.5
PF011644,CROP015,Sesame,West Bengal,2021,12,4365.5,4404.5,4299.7,-1.6,51.9,4467.2
PF011645,CROP015,Sesame,West Bengal,2022,1,4467.2,4365.5,4404.5,-33.3,48.7,4819.5
PF011646,CROP015,Sesame,West Bengal,2022,2,4819.5,4467.2,4365.5,13.3,41.3,4960.9
PF011647,CROP015,Sesame,West Bengal,2022,3,4960.9,4819.5,4467.2,2.3,47.5,5058.5
PF011648,CROP015,Sesame,West Bengal,2022,4,5058.5,4960.9,4819.5,14.3,55.0,5292.8
PF011649,CROP015,Sesame,West Bengal,2022,5,5292.8,5058.5,4960.9,-14.2,61.4,4403.7
PF011650,CROP015,Sesame,West Bengal,2022,6,4403.7,5292.8,5058.5,-23.0,52.5,4511.4
PF011651,CROP015,Sesame,West Bengal,2022,7,4511.4,4403.7,5292.8,2.5,52.9,4396.6
PF011652,CROP015,Sesame,West Bengal,2022,8,4396.6,4511.4,4403.7,46.8,44.3,4456.8
PF011653,CROP015,Sesame,West Bengal,2022,9,4456.8,4396.6,4511.4,3.1,61.0,4167.6
PF011654,CROP015,Sesame,West Bengal,2022,10,4167.6,4456.8,4396.6,-36.7,30.9,4270.6
PF011655,CROP015,Sesame,West Bengal,2022,11,4270.6,4167.6,4456.8,-7.9,54.6,4332.2
PF011656,CROP015,Sesame,West Bengal,2022,12,4332.2,4270.6,4167.6,-20.9,49.4,4667.0
PF011657,CROP015,Sesame,West Bengal,2023,1,4667.0,4332.2,4270.6,0.1,50.3,4983.2
PF011658,CROP015,Sesame,West Bengal,2023,2,4983.2,4667.0,4332.2,-3.5,50.4,5189.0
PF011659,CROP015,Sesame,West Bengal,2023,3,5189.0,4983.2,4667.0,23.1,50.4,4915.2
PF011660,CROP015,Sesame,West Bengal,2023,4,4915.2,5189.0,4983.2,-7.3,61.6,4649.1
PF011661,CROP015,Sesame,West Bengal,2023,5,4649.1,4915.2,5189.0,11.9,75.6,4630.1
PF011662,CROP015,Sesame,West Bengal,2023,6,4630.1,4649.1,4915.2,0.9,35.1,4514.5
PF011663,CROP015,Sesame,West Bengal,2023,7,4514.5,4630.1,4649.1,-2.4,35.3,4145.2
PF011664,CROP015,Sesame,West Bengal,2023,8,4145.2,4514.5,4630.1,20.5,49.1,4120.9
PF011665,CROP015,Sesame,West Bengal,2023,9,4120.9,4145.2,4514.5,22.3,49.9,4133.8
PF011666,CROP015,Sesame,West Bengal,2023,10,4133.8,4120.9,4145.2,-11.5,42.9,4257.5
PF011667,CROP015,Sesame,West Bengal,2023,11,4257.5,4133.8,4120.9,-17.9,39.0,4652.2
PF011668,CROP015,Sesame,West Bengal,2023,12,4652.2,4257.5,4133.8,-4.4,49.2,4874.4
PF011701,CROP016,Cotton,Punjab,2021,4,6006.1,5743.1,5074.0,2.9,40.8,5825.2
PF011702,CROP016,Cotton,Punjab,2021,5,5825.2,6006.1,5743.1,-12.8,55.3,5552.7
PF011703,CROP016,Cotton,Punjab,2021,6,5552.7,5825.2,6006.1,20.5,54.8,5524.0
PF011704,CROP016,Cotton,Punjab,2021,7,5524.0,5552.7,5825.2,-35.9,70.7,5214.6
PF011705,CROP016,Cotton,Punjab,2021,8,5214.6,5524.0,5552.7,-18.4,38.2,5044.6
PF011706,CROP016,Cotton,Punjab,2021,9,5044.6,5214.6,5524.0,-32.0,43.4,4950.4
PF011707,CROP016,Cotton,Punjab,2021,10,4950.4,5044.6,5214.6,5.7,37.0,4915.0
PF011708,CROP016,Cotton,Punjab,2021,11,4915.0,4950.4,5044.6,6.6,24.2,4969.7
PF011709,CROP016,Cotton,Punjab,2021,12,4969.7,4915.0,4950.4,17.2,50.2,5299.6
PF011710,CROP016,Cotton,Punjab,2022,1,5299.6,4969.7,4915.0,-6.0,34.6,5542.8
PF011711,CROP016,Cotton,Punjab,2022,2,5542.8,5299.6,4969.7,6.3,57.2,5622.0
PF011712,CROP016,Cotton,Punjab,2022,3,5622.0,5542.8,5299.6,13.2,62.0,5939.7
PF011713,CROP016,Cotton,Punjab,2022,4,5939.7,5622.0,5542.8,-12.5,53.1,5595.0
PF011714,CROP016,Cotton,Punjab,2022,5,5595.0,5939.7,5622.0,-13.9,56.6,5647.8
PF011715,CROP016,Cotton,Punjab,2022,6,5647.8,5595.0,5939.7,8.4,35.8,5568.6
PF011716,CROP016,Cotton,Punjab,2022,7,5568.6,5647.8,5595.0,-14.0,76.1,4914.2
PF011717,CROP016,Cotton,Punjab,2022,8,4914.2,5568.6,5647.8,31.8,38.6,4780.3
PF011718,CROP016,Cotton,Punjab,2022,9,4780.3,4914.2,5568.6,21.2,43.7,4150.6
PF011719,CROP016,Cotton,Punjab,2022,10,4150.6,4780.3,4914.2,-22.5,52.5,4971.2
PF011720,CROP016,Cotton,Punjab,2022,11,4971.2,4150.6,4780.3,-37.6,45.7,4815.9
PF011721,CROP016,Cotton,Punjab,2022,12,4815.9,4971.2,4150.6,-25.0,52.1,5260.9
PF011722,CROP016,Cotton,Punjab,2023,1,5260.9,4815.9,4971.2,-7.5,70.9,5530.9
PF011723,CROP016,Cotton,Punjab,2023,2,5530.9,5260.9,4815.9,36.1,72.0,5434.9
PF011724,CROP016,Cotton,Punjab,2023,3,5434.9,5530.9,5260.9,-10.6,59.9,5810.3
PF011725,CROP016,Cotton,Punjab,2023,4,5810.3,5434.9,5530.9,-27.2,60.6,5721.3
PF011726,CROP016,Cotton,Punjab,2023,5,5721.3,5810.3,5434.9,-2.7,69.7,5628.2
PF011727,CROP016,Cotton,Punjab,2023,6,5628.2,5721.3,5810.3,2.6,28.1,5288.9
PF011728,CROP016,Cotton,Punjab,2023,7,5288.9,5628.2,5721.3,-4.5,57.4,4708.9
PF011729,CROP016,Cotton,Punjab,2023,8,4708.9,5288.9,5628.2,19.2,44.7,4685.3
PF011730,CROP016,Cotton,Punjab,2023,9,4685.3,4708.9,5288.9,-20.3,56.6,4471.1
PF011731,CROP016,Cotton,Punjab,2023,10,4471.1,4685.3,4708.9,-6.1,19.5,4760.0
PF011732,CROP016,Cotton,Punjab,2023,11,4760.0,4471.1,4685.3,-45.4,33.1,4999.8
PF011733,CROP016,Cotton,Punjab,2023,12,4999.8,4760.0,4471.1,-1.2,47.0,5976.4
PF011766,CROP016,Cotton,Punjab,2021,4,5824.3,6190.6,5323.6,2.2,48.6,5942.0
PF011767,CROP016,Cotton,Punjab,2021,5,5942.0,5824.3,6190.6,-20.7,67.6,5391.0
PF011768,CROP016,Cotton,Punjab,2021,6,5391.0,5942.0,5824.3,20.0,51.5,5154.0
PF011769,CROP016,Cotton,Punjab,2021,7,5154.0,5391.0,5942.0,0.3,30.9,5148.3
PF011770,CROP016,Cotton,Punjab,2021,8,5148.3,5154.0,5391.0,-12.6,50.5,4999.9
PF011771,CROP016,Cotton,Punjab,2021,9,4999.9,5148.3,5154.0,-0.7,35.2,4733.7
PF011772,CROP016,Cotton,Punjab,2021,10,4733.7,4999.9,5148.3,10.7,59.4,4782.8
PF011773,CROP016,Cotton,Punjab,2021,11,4782.8,4733.7,4999.9,17.6,62.1,4942.4
PF011774,CROP016,Cotton,Punjab,2021,12,4942.4,4782.8,4733.7,1.9,66.3,5112.2
PF011775,CROP016,Cotton,Punjab,2022,1,5112.2,4942.4,4782.8,-40.2,59.9,5615.5
PF011776,CROP016,Cotton,Punjab,2022,2,5615.5,5112.2,4942.4,-7.0,68.7,5736.4
PF011777,CROP016,Cotton,Punjab,2022,3,5736.4,5615.5,5112.2,-3.2,47.2,5813.9
PF011778,CROP016,Cotton,Punjab,2022,4,5813.9,5736.4,5615.5,33.0,53.2,6026.4
PF011779,CROP016,Cotton,Punjab,2022,5,6026.4,5813.9,5736.4,-31.3,51.5,5436.6
PF011780,CROP016,Cotton,Punjab,2022,6,5436.6,6026.4,5813.9,-0.4,53.0,5204.4
PF011781,CROP016,Cotton,Punjab,2022,7,5204.4,5436.6,6026.4,7.8,52.9,5075.6
PF011782,CROP016,Cotton,Punjab,2022,8,5075.6,5204.4,5436.6,-5.8,34.4,5029.8
PF011783,CROP016,Cotton,Punjab,2022,9,5029.8,5075.6,5204.4,16.3,48.8,5043.1
PF011784,CROP016,Cotton,Punjab,2022,10,5043.1,5029.8,5075.6,-11.7,83.9,4491.9
PF011785,CROP016,Cotton,Punjab,2022,11,4491.9,5043.1,5029.8,21.8,39.1,5056.6
PF011786,CROP016,Cotton,Punjab,2022,12,5056.6,4491.9,5043.1,7.4,49.8,5503.1
PF011787,CROP016,Cotton,Punjab,2023,1,5503.1,5056.6,4491.9,12.2,42.4,5608.2
PF011788,CROP016,Cotton,Punjab,2023,2,5608.2,5503.1,5056.6,-0.8,49.8,5612.8
PF011789,CROP016,Cotton,Punjab,2023,3,5612.8,5608.2,5503.1,-8.6,46.6,6041.8
PF011790,CROP016,Cotton,Punjab,2023,4,6041.8,5612.8,5608.2,21.5,56.8,5949.5
PF011791,CROP016,Cotton,Punjab,2023,5,5949.5,6041.8,5612.8,22.9,53.8,5676.4
PF011792,CROP016,Cotton,Punjab,2023,6,5676.4,5949.5,6041.8,11.5,40.2,5155.3
PF011793,CROP016,Cotton,Punjab,2023,7,5155.3,5676.4,5949.5,-8.0,61.8,5163.0
PF011794,CROP016,Cotton,Punjab,2023,8,5163.0,5155.3,5676.4,-4.6,38.0,4804.3
PF011795,CROP016,Cotton,Punjab,2023,9,4804.3,5163.0,5155.3,-2.6,52.2,4737.3
PF011796,CROP016,Cotton,Punjab,2023,10,4737.3,4804.3,5163.0,22.6,59.0,4997.5
PF011797,CROP016,Cotton,Punjab,2023,11,4997.5,4737.3,4804.3,-23.6,56.9,4721.4
PF011798,CROP016,Cotton,Punjab,2023,12,4721.4,4997.5,4737.3,11.0,48.2,5459.2
PF011831,CROP016,Cotton,Punjab,2021,4,7178.1,6847.6,6849.2,-22.2,54.5,7243.1
PF011832,CROP016,Cotton,Punjab,2021,5,7243.1,7178.1,6847.6,-1.7,58.0,7767.2
PF011833,CROP016,Cotton,Punjab,2021,6,7767.2,7243.1,7178.1,10.5,58.1,6524.1
PF011834,CROP016,Cotton,Punjab,2021,7,6524.1,7767.2,7243.1,11.2,45.8,6222.3
PF011835,CROP016,Cotton,Punjab,2021,8,6222.3,6524.1,7767.2,2.9,46.2,5917.1
PF011836,CROP016,Cotton,Punjab,2021,9,5917.1,6222.3,6524.1,-5.7,55.3,5770.4
PF011837,CROP016,Cotton,Punjab,2021,10,5770.4,5917.1,6222.3,3.2,64.6,6508.0
PF011838,CROP016,Cotton,Punjab,2021,11,6508.0,5770.4,5917.1,-21.2,33.9,5773.1
PF011839,CROP016,Cotton,Punjab,2021,12,5773.1,6508.0,5770.4,0.5,60.4,6804.9
PF011840,CROP016,Cotton,Punjab,2022,1,6804.9,5773.1,6508.0,-19.2,60.3,6884.4
PF011841,CROP016,Cotton,Punjab,2022,2,6884.4,6804.9,5773.1,18.7,10.8,7424.9
PF011842,CROP016,Cotton,Punjab,2022,3,7424.9,6884.4,6804.9,23.1,44.1,7247.0
PF011843,CROP016,Cotton,Punjab,2022,4,7247.0,7424.9,6884.4,-10.8,35.4,6621.8
PF011844,CROP016,Cotton,Punjab,2022,5,6621.8,7247.0,7424.9,-2.0,50.9,7160.6
PF011845,CROP016,Cotton,Punjab,2022,6,7160.6,6621.8,7247.0,-3.5,52.3,6483.1
PF011846,CROP016,Cotton,Punjab,2022,7,6483.1,7160.6,6621.8,10.8,44.5,6457.3
PF011847,CROP016,Cotton,Punjab,2022,8,6457.3,6483.1,7160.6,-8.1,41.2,6331.3
PF011848,CROP016,Cotton,Punjab,2022,9,6331.3,6457.3,6483.1,-13.4,53.8,5766.0
PF011849,CROP016,Cotton,Punjab,2022,10,5766.0,6331.3,6457.3,11.6,54.1,5517.4
PF011850,CROP016,Cotton,Punjab,2022,11,5517.4,5766.0,6331.3,16.3,56.9,6082.6
PF011851,CROP016,Cotton,Punjab,2022,12,6082.6,5517.4,5766.0,-6.2,44.6,6440.8
PF011852,CROP016,Cotton,Punjab,2023,1,6440.8,6082.6,5517.4,18.1,57.4,7347.1
PF011853,CROP016,Cotton,Punjab,2023,2,7347.1,6440.8,6082.6,19.4,68.3,6997.0
PF011854,CROP016,Cotton,Punjab,2023,3,6997.0,7347.1,6440.8,22.3,67.5,7832.7
PF011855,CROP016,Cotton,Punjab,2023,4,7832.7,6997.0,7347.1,1.6,49.8,7093.6
PF011856,CROP016,Cotton,Punjab,2023,5,7093.6,7832.7,6997.0,14.9,63.3,6876.4
PF011857,CROP016,Cotton,Punjab,2023,6,6876.4,7093.6,7832.7,19.7,56.2,6735.2
PF011858,CROP016,Cotton,Punjab,2023,7,6735.2,6876.4,7093.6,3.7,41.8,6483.8
PF011859,CROP016,Cotton,Punjab,2023,8,6483.8,6735.2,6876.4,1.3,52.9,6151.4
PF011860,CROP016,Cotton,Punjab,2023,9,6151.4,6483.8,6735.2,-2.9,33.7,5784.1
PF011861,CROP016,Cotton,Punjab,2023,10,5784.1,6151.4,6483.8,-15.5,53.2,6190.0
PF011862,CROP016,Cotton,Punjab,2023,11,6190.0,5784.1,6151.4,14.3,39.9,6280.7
PF011863,CROP016,Cotton,Punjab,2023,12,6280.7,6190.0,5784.1,-17.6,43.1,6782.8
PF011896,CROP016,Cotton,Haryana,2021,4,6073.4,5856.8,5712.7,15.5,54.7,5584.3
PF011897,CROP016,Cotton,Haryana,2021,5,5584.3,6073.4,5856.8,2.9,70.1,6045.3
PF011898,CROP016,Cotton,Haryana,2021,6,6045.3,5584.3,6073.4,1.9,54.7,5403.3
PF011899,CROP016,Cotton,Haryana,2021,7,5403.3,6045.3,5584.3,-11.8,55.5,5345.4
PF011900,CROP016,Cotton,Haryana,2021,8,5345.4,5403.3,6045.3,17.1,51.6,4791.5
PF011901,CROP016,Cotton,Haryana,2021,9,4791.5,5345.4,5403.3,5.8,47.8,4974.7
PF011902,CROP016,Cotton,Haryana,2021,10,4974.7,4791.5,5345.4,14.1,37.9,5001.4
PF011903,CROP016,Cotton,Haryana,2021,11,5001.4,4974.7,4791.5,0.5,38.7,5387.3
PF011904,CROP016,Cotton,Haryana,2021,12,5387.3,5001.4,4974.7,11.4,44.9,5195.7
PF011905,CROP016,Cotton,Haryana,2022,1,5195.7,5387.3,5001.4,-11.5,32.2,5628.4
PF011906,CROP016,Cotton,Haryana,2022,2,5628.4,5195.7,5387.3,-3.4,59.8,5832.5
PF011907,CROP016,Cotton,Haryana,2022,3,5832.5,5628.4,5195.7,0.9,46.6,6092.9
PF011908,CROP016,Cotton,Haryana,2022,4,6092.9,5832.5,5628.4,27.3,57.0,6054.6
PF011909,CROP016,Cotton,Haryana,2022,5,6054.6,6092.9,5832.5,2.2,59.6,5910.8
PF011910,CROP016,Cotton,Haryana,2022,6,5910.8,6054.6,6092.9,-5.2,53.2,5166.0
PF011911,CROP016,Cotton,Haryana,2022,7,5166.0,5910.8,6054.6,37.9,67.8,5153.5
PF011912,CROP016,Cotton,Haryana,2022,8,5153.5,5166.0,5910.8,-2.2,63.3,5221.4
PF011913,CROP016,Cotton,Haryana,2022,9,5221.4,5153.5,5166.0,10.7,36.8,4880.2
PF011914,CROP016,Cotton,Haryana,2022,10,4880.2,5221.4,5153.5,-8.7,43.2,4967.2
PF011915,CROP016,Cotton,Haryana,2022,11,4967.2,4880.2,5221.4,22.8,34.7,4962.1
PF011916,CROP016,Cotton,Haryana,2022,12,4962.1,4967.2,4880.2,-19.5,53.9,5738.8
PF011917,CROP016,Cotton,Haryana,2023,1,5738.8,4962.1,4967.2,-4.8,39.5,6001.4
PF011918,CROP016,Cotton,Haryana,2023,2,6001.4,5738.8,4962.1,4.3,67.2,5635.1
PF011919,CROP016,Cotton,Haryana,2023,3,5635.1,6001.4,5738.8,-8.1,37.5,6059.6
PF011920,CROP016,Cotton,Haryana,2023,4,6059.6,5635.1,6001.4,1.3,57.0,5956.9
PF011921,CROP016,Cotton,Haryana,2023,5,5956.9,6059.6,5635.1,-5.8,52.3,6068.5
PF011922,CROP016,Cotton,Haryana,2023,6,6068.5,5956.9,6059.6,18.7,56.0,5589.2
PF011923,CROP016,Cotton,Haryana,2023,7,5589.2,6068.5,5956.9,3.9,58.0,5356.4
PF011924,CROP016,Cotton,Haryana,2023,8,5356.4,5589.2,6068.5,2.7,43.8,5293.1
PF011925,CROP016,Cotton,Haryana,2023,9,5293.1,5356.4,5589.2,-13.5,48.1,4999.4
PF011926,CROP016,Cotton,Haryana,2023,10,4999.4,5293.1,5356.4,1.1,44.6,5067.4
PF011927,CROP016,Cotton,Haryana,2023,11,5067.4,4999.4,5293.1,2.3,47.2,5032.4
PF011928,CROP016,Cotton,Haryana,2023,12,5032.4,5067.4,4999.4,5.0,65.4,5640.2
PF011961,CROP016,Cotton,Haryana,2021,4,6600.1,7043.9,6673.3,-28.0,39.8,7546.2
PF011962,CROP016,Cotton,Haryana,2021,5,7546.2,6600.1,7043.9,-6.5,51.4,7261.4
PF011963,CROP016,Cotton,Haryana,2021,6,7261.4,7546.2,6600.1,33.4,42.9,6425.2
PF011964,CROP016,Cotton,Haryana,2021,7,6425.2,7261.4,7546.2,-2.6,50.0,6166.3
PF011965,CROP016,Cotton,Haryana,2021,8,6166.3,6425.2,7261.4,-11.0,44.0,5732.6
PF011966,CROP016,Cotton,Haryana,2021,9,5732.6,6166.3,6425.2,8.6,62.2,6026.9
PF011967,CROP016,Cotton,Haryana,2021,10,6026.9,5732.6,6166.3,-23.5,62.4,6167.3
PF011968,CROP016,Cotton,Haryana,2021,11,6167.3,6026.9,5732.6,-7.3,50.0,6342.0
PF011969,CROP016,Cotton,Haryana,2021,12,6342.0,6167.3,6026.9,4.6,73.4,6743.4
PF011970,CROP016,Cotton,Haryana,2022,1,6743.4,6342.0,6167.3,15.9,62.4,6591.2
PF011971,CROP016,Cotton,Haryana,2022,2,6591.2,6743.4,6342.0,-38.6,57.8,7412.9
PF011972,CROP016,Cotton,Haryana,2022,3,7412.9,6591.2,6743.4,8.0,59.4,7410.7
PF011973,CROP016,Cotton,Haryana,2022,4,7410.7,7412.9,6591.2,-6.5,41.2,7354.6
PF011974,CROP016,Cotton,Haryana,2022,5,7354.6,7410.7,7412.9,40.1,65.9,7045.8
PF011975,CROP016,Cotton,Haryana,2022,6,7045.8,7354.6,7410.7,-23.3,51.9,6773.7
PF011976,CROP016,Cotton,Haryana,2022,7,6773.7,7045.8,7354.6,-7.8,46.9,6216.6
PF011977,CROP016,Cotton,Haryana,2022,8,6216.6,6773.7,7045.8,8.7,35.3,5890.6
PF011978,CROP016,Cotton,Haryana,2022,9,5890.6,6216.6,6773.7,-6.8,59.5,6015.4
PF011979,CROP016,Cotton,Haryana,2022,10,6015.4,5890.6,6216.6,-20.4,49.5,5482.5
PF011980,CROP016,Cotton,Haryana,2022,11,5482.5,6015.4,5890.6,-12.3,41.4,6234.1
PF011981,CROP016,Cotton,Haryana,2022,12,6234.1,5482.5,6015.4,-1.5,91.5,6644.5
PF011982,CROP016,Cotton,Haryana,2023,1,6644.5,6234.1,5482.5,-23.6,32.8,6861.3
PF011983,CROP016,Cotton,Haryana,2023,2,6861.3,6644.5,6234.1,-4.0,70.2,7441.7
PF011984,CROP016,Cotton,Haryana,2023,3,7441.7,6861.3,6644.5,-6.9,46.5,7813.8
PF011985,CROP016,Cotton,Haryana,2023,4,7813.8,7441.7,6861.3,-6.2,33.0,6750.1
PF011986,CROP016,Cotton,Haryana,2023,5,6750.1,7813.8,7441.7,-22.3,67.4,6179.8
PF011987,CROP016,Cotton,Haryana,2023,6,6179.8,6750.1,7813.8,-8.0,59.2,6234.8
PF011988,CROP016,Cotton,Haryana,2023,7,6234.8,6179.8,6750.1,22.0,53.9,6148.9
PF011989,CROP016,Cotton,Haryana,2023,8,6148.9,6234.8,6179.8,-2.0,51.9,5942.4
PF011990,CROP016,Cotton,Haryana,2023,9,5942.4,6148.9,6234.8,17.0,27.2,6419.9
PF011991,CROP016,Cotton,Haryana,2023,10,6419.9,5942.4,6148.9,9.1,48.3,6034.0
PF011992,CROP016,Cotton,Haryana,2023,11,6034.0,6419.9,5942.4,-1.7,63.3,6409.7
PF011993,CROP016,Cotton,Haryana,2023,12,6409.7,6034.0,6419.9,-25.6,20.5,6860.8
PF012026,CROP016,Cotton,Uttar Pradesh,2021,4,6137.6,6135.4,5606.4,16.5,61.1,6244.6
PF012027,CROP016,Cotton,Uttar Pradesh,2021,5,6244.6,6137.6,6135.4,-3.4,51.0,5514.0
PF012028,CROP016,Cotton,Uttar Pradesh,2021,6,5514.0,6244.6,6137.6,7.6,53.4,5317.4
PF012029,CROP016,Cotton,Uttar Pradesh,2021,7,5317.4,5514.0,6244.6,-12.8,53.1,4924.5
PF012030,CROP016,Cotton,Uttar Pradesh,2021,8,4924.5,5317.4,5514.0,-36.7,34.8,5126.7
PF012031,CROP016,Cotton,Uttar Pradesh,2021,9,5126.7,4924.5,5317.4,3.5,57.2,4735.8
PF012032,CROP016,Cotton,Uttar Pradesh,2021,10,4735.8,5126.7,4924.5,-12.1,57.6,5197.0
PF012033,CROP016,Cotton,Uttar Pradesh,2021,11,5197.0,4735.8,5126.7,-34.5,47.2,4992.0
PF012034,CROP016,Cotton,Uttar Pradesh,2021,12,4992.0,5197.0,4735.8,-25.7,69.0,5462.9
PF012035,CROP016,Cotton,Uttar Pradesh,2022,1,5462.9,4992.0,5197.0,-4.4,71.8,5939.3
PF012036,CROP016,Cotton,Uttar Pradesh,2022,2,5939.3,5462.9,4992.0,5.9,34.0,5355.3
PF012037,CROP016,Cotton,Uttar Pradesh,2022,3,5355.3,5939.3,5462.9,-6.1,74.1,6192.2
PF012038,CROP016,Cotton,Uttar Pradesh,2022,4,6192.2,5355.3,5939.3,10.3,72.8,5936.2
PF012039,CROP016,Cotton,Uttar Pradesh,2022,5,5936.2,6192.2,5355.3,-12.1,35.1,5524.7
PF012040,CROP016,Cotton,Uttar Pradesh,2022,6,5524.7,5936.2,6192.2,19.5,46.9,5279.8
PF012041,CROP016,Cotton,Uttar Pradesh,2022,7,5279.8,5524.7,5936.2,-12.5,48.5,5340.5
PF012042,CROP016,Cotton,Uttar Pradesh,2022,8,5340.5,5279.8,5524.7,4.6,44.6,5407.2
PF012043,CROP016,Cotton,Uttar Pradesh,2022,9,5407.2,5340.5,5279.8,-3.1,53.9,4969.2
PF012044,CROP016,Cotton,Uttar Pradesh,2022,10,4969.2,5407.2,5340.5,-0.8,64.5,5108.5
PF012045,CROP016,Cotton,Uttar Pradesh,2022,11,5108.5,4969.2,5407.2,10.9,61.4,5149.1
PF012046,CROP016,Cotton,Uttar Pradesh,2022,12,5149.1,5108.5,4969.2,-5.0,74.9,5331.7
PF012047,CROP016,Cotton,Uttar Pradesh,2023,1,5331.7,5149.1,5108.5,8.7,61.4,5698.2
PF012048,CROP016,Cotton,Uttar Pradesh,2023,2,5698.2,5331.7,5149.1,-8.4,29.9,6047.4
PF012049,CROP016,Cotton,Uttar Pradesh,2023,3,6047.4,5698.2,5331.7,-3.4,48.0,5900.8
PF012050,CROP016,Cotton,Uttar Pradesh,2023,4,5900.8,6047.4,5698.2,22.3,58.3,6081.8
PF012051,CROP016,Cotton,Uttar Pradesh,2023,5,6081.8,5900.8,6047.4,-7.9,48.5,5847.4
PF012052,CROP016,Cotton,Uttar Pradesh,2023,6,5847.4,6081.8,5900.8,10.3,58.5,5741.0
PF012053,CROP016,Cotton,Uttar Pradesh,2023,7,5741.0,5847.4,6081.8,-5.2,30.2,5433.7
PF012054,CROP016,Cotton,Uttar Pradesh,2023,8,5433.7,5741.0,5847.4,6.8,48.1,5264.8
PF012055,CROP016,Cotton,Uttar Pradesh,2023,9,5264.8,5433.7,5741.0,5.5,41.1,5031.9
PF012056,CROP016,Cotton,Uttar Pradesh,2023,10,5031.9,5264.8,5433.7,0.8,76.3,4867.8
PF012057,CROP016,Cotton,Uttar Pradesh,2023,11,4867.8,5031.9,5264.8,16.8,61.3,5452.8
PF012058,CROP016,Cotton,Uttar Pradesh,2023,12,5452.8,4867.8,5031.9,5.4,51.3,5407.2
PF012091,CROP016,Cotton,Uttar Pradesh,2021,4,5290.6,5720.4,5690.7,9.4,51.2,5796.0
PF012092,CROP016,Cotton,Uttar Pradesh,2021,5,5796.0,5290.6,5720.4,9.9,50.3,5450.5
PF012093,CROP016,Cotton,Uttar Pradesh,2021,6,5450.5,5796.0,5290.6,2.7,34.5,5539.3
PF012094,CROP016,Cotton,Uttar Pradesh,2021,7,5539.3,5450.5,5796.0,-3.2,53.1,4694.7
PF012095,CROP016,Cotton,Uttar Pradesh,2021,8,4694.7,5539.3,5450.5,11.4,26.8,4638.0
PF012096,CROP016,Cotton,Uttar Pradesh,2021,9,4638.0,4694.7,5539.3,-5.4,42.4,4858.9
PF012097,CROP016,Cotton,Uttar Pradesh,2021,10,4858.9,4638.0,4694.7,27.0,36.6,4785.7
PF012098,CROP016,Cotton,Uttar Pradesh,2021,11,4785.7,4858.9,4638.0,1.7,42.5,4926.7
PF012099,CROP016,Cotton,Uttar Pradesh,2021,12,4926.7,4785.7,4858.9,11.6,49.5,5010.0
PF012100,CROP016,Cotton,Uttar Pradesh,2022,1,5010.0,4926.7,4785.7,10.8,55.2,5297.7
PF012101,CROP016,Cotton,Uttar Pradesh,2022,2,5297.7,5010.0,4926.7,12.8,56.0,5712.4
PF012102,CROP016,Cotton,Uttar Pradesh,2022,3,5712.4,5297.7,5010.0,24.2,24.5,5741.3
PF012103,CROP016,Cotton,Uttar Pradesh,2022,4,5741.3,5712.4,5297.7,-27.8,40.4,5556.6
PF012104,CROP016,Cotton,Uttar Pradesh,2022,5,5556.6,5741.3,5712.4,-8.7,62.0,5194.2
PF012105,CROP016,Cotton,Uttar Pradesh,2022,6,5194.2,5556.6,5741.3,0.9,33.9,4955.7
PF012106,CROP016,Cotton,Uttar Pradesh,2022,7,4955.7,5194.2,5556.6,-15.5,65.7,5232.9
PF012107,CROP016,Cotton,Uttar Pradesh,2022,8,5232.9,4955.7,5194.2,7.6,47.6,4947.9
PF012108,CROP016,Cotton,Uttar Pradesh,2022,9,4947.9,5232.9,4955.7,-8.8,49.0,4531.0
PF012109,CROP016,Cotton,Uttar Pradesh,2022,10,4531.0,4947.9,5232.9,20.4,45.4,5127.9
PF012110,CROP016,Cotton,Uttar Pradesh,2022,11,5127.9,4531.0,4947.9,-5.9,48.1,5091.5
PF012111,CROP016,Cotton,Uttar Pradesh,2022,12,5091.5,5127.9,4531.0,-6.5,52.0,5115.3
PF012112,CROP016,Cotton,Uttar Pradesh,2023,1,5115.3,5091.5,5127.9,-23.0,41.9,5226.3
PF012113,CROP016,Cotton,Uttar Pradesh,2023,2,5226.3,5115.3,5091.5,-19.0,62.3,5923.0
PF012114,CROP016,Cotton,Uttar Pradesh,2023,3,5923.0,5226.3,5115.3,-14.8,53.8,5873.7
PF012115,CROP016,Cotton,Uttar Pradesh,2023,4,5873.7,5923.0,5226.3,-31.2,54.6,6132.8
PF012116,CROP016,Cotton,Uttar Pradesh,2023,5,6132.8,5873.7,5923.0,-4.0,60.1,5542.8
PF012117,CROP016,Cotton,Uttar Pradesh,2023,6,5542.8,6132.8,5873.7,-8.2,56.9,5514.8
PF012118,CROP016,Cotton,Uttar Pradesh,2023,7,5514.8,5542.8,6132.8,-6.0,52.4,4813.4
PF012119,CROP016,Cotton,Uttar Pradesh,2023,8,4813.4,5514.8,5542.8,15.1,26.8,4868.0
PF012120,CROP016,Cotton,Uttar Pradesh,2023,9,4868.0,4813.4,5514.8,-9.3,33.7,4574.0
PF012121,CROP016,Cotton,Uttar Pradesh,2023,10,4574.0,4868.0,4813.4,24.0,34.8,4629.6
PF012122,CROP016,Cotton,Uttar Pradesh,2023,11,4629.6,4574.0,4868.0,1.4,29.9,5256.9
PF012123,CROP016,Cotton,Uttar Pradesh,2023,12,5256.9,4629.6,4574.0,0.4,55.5,5802.0
PF012156,CROP016,Cotton,Uttar Pradesh,2021,4,6904.7,6154.2,6854.7,6.3,34.0,6553.1
PF012157,CROP016,Cotton,Uttar Pradesh,2021,5,6553.1,6904.7,6154.2,13.5,56.4,6322.5
PF012158,CROP016,Cotton,Uttar Pradesh,2021,6,6322.5,6553.1,6904.7,-6.6,43.7,5803.2
PF012159,CROP016,Cotton,Uttar Pradesh,2021,7,5803.2,6322.5,6553.1,6.2,33.0,5919.5
PF012160,CROP016,Cotton,Uttar Pradesh,2021,8,5919.5,5803.2,6322.5,8.0,55.2,5414.2
PF012161,CROP016,Cotton,Uttar Pradesh,2021,9,5414.2,5919.5,5803.2,30.1,43.7,5289.6
PF012162,CROP016,Cotton,Uttar Pradesh,2021,10,5289.6,5414.2,5919.5,23.0,48.1,5465.6
PF012163,CROP016,Cotton,Uttar Pradesh,2021,11,5465.6,5289.6,5414.2,16.7,51.7,5628.1
PF012164,CROP016,Cotton,Uttar Pradesh,2021,12,5628.1,5465.6,5289.6,-19.6,41.2,6278.8
PF012165,CROP016,Cotton,Uttar Pradesh,2022,1,6278.8,5628.1,5465.6,-22.2,59.0,6485.0
PF012166,CROP016,Cotton,Uttar Pradesh,2022,2,6485.0,6278.8,5628.1,2.0,35.9,6998.1
PF012167,CROP016,Cotton,Uttar Pradesh,2022,3,6998.1,6485.0,6278.8,-4.3,70.3,6867.7
PF012168,CROP016,Cotton,Uttar Pradesh,2022,4,6867.7,6998.1,6485.0,-8.6,47.1,6598.4
PF012169,CROP016,Cotton,Uttar Pradesh,2022,5,6598.4,6867.7,6998.1,9.0,57.8,6132.7
PF012170,CROP016,Cotton,Uttar Pradesh,2022,6,6132.7,6598.4,6867.7,-23.3,59.3,6357.2
PF012171,CROP016,Cotton,Uttar Pradesh,2022,7,6357.2,6132.7,6598.4,-7.4,41.3,6029.7
PF012172,CROP016,Cotton,Uttar Pradesh,2022,8,6029.7,6357.2,6132.7,9.3,57.6,5506.1
PF012173,CROP016,Cotton,Uttar Pradesh,2022,9,5506.1,6029.7,6357.2,32.4,60.8,5511.3
PF012174,CROP016,Cotton,Uttar Pradesh,2022,10,5511.3,5506.1,6029.7,-1.3,51.5,5713.0
PF012175,CROP016,Cotton,Uttar Pradesh,2022,11,5713.0,5511.3,5506.1,-23.8,51.2,6176.4
PF012176,CROP016,Cotton,Uttar Pradesh,2022,12,6176.4,5713.0,5511.3,-1.0,68.2,6767.5
PF012177,CROP016,Cotton,Uttar Pradesh,2023,1,6767.5,6176.4,5713.0,1.6,47.3,6487.0
PF012178,CROP016,Cotton,Uttar Pradesh,2023,2,6487.0,6767.5,6176.4,-1.5,44.1,6984.6
PF012179,CROP016,Cotton,Uttar Pradesh,2023,3,6984.6,6487.0,6767.5,7.6,46.9,6831.0
PF012180,CROP016,Cotton,Uttar Pradesh,2023,4,6831.0,6984.6,6487.0,-4.0,43.3,6670.7
PF012181,CROP016,Cotton,Uttar Pradesh,2023,5,6670.7,6831.0,6984.6,4.0,66.1,6660.0
PF012182,CROP016,Cotton,Uttar Pradesh,2023,6,6660.0,6670.7,6831.0,6.1,32.8,5729.2
PF012183,CROP016,Cotton,Uttar Pradesh,2023,7,5729.2,6660.0,6670.7,-5.8,26.0,6152.5
PF012184,CROP016,Cotton,Uttar Pradesh,2023,8,6152.5,5729.2,6660.0,-11.0,61.5,5557.2
PF012185,CROP016,Cotton,Uttar Pradesh,2023,9,5557.2,6152.5,5729.2,18.7,45.2,5206.8
PF012186,CROP016,Cotton,Uttar Pradesh,2023,10,5206.8,5557.2,6152.5,-5.3,38.2,5751.8
PF012187,CROP016,Cotton,Uttar Pradesh,2023,11,5751.8,5206.8,5557.2,-3.2,44.9,5505.5
PF012188,CROP016,Cotton,Uttar Pradesh,2023,12,5505.5,5751.8,5206.8,-12.0,57.0,6576.2
PF012221,CROP016,Cotton,Bihar,2021,4,6365.8,6208.5,6074.3,-4.7,47.7,6316.3
PF012222,CROP016,Cotton,Bihar,2021,5,6316.3,6365.8,6208.5,-10.2,36.0,6467.7
PF012223,CROP016,Cotton,Bihar,2021,6,6467.7,6316.3,6365.8,15.2,45.7,5756.7
PF012224,CROP016,Cotton,Bihar,2021,7,5756.7,6467.7,6316.3,27.9,53.2,5690.2
PF012225,CROP016,Cotton,Bihar,2021,8,5690.2,5756.7,6467.7,4.8,52.0,5216.2
PF012226,CROP016,Cotton,Bihar,2021,9,5216.2,5690.2,5756.7,-8.9,44.0,4941.2
PF012227,CROP016,Cotton,Bihar,2021,10,4941.2,5216.2,5690.2,-7.8,34.9,5338.2
PF012228,CROP016,Cotton,Bihar,2021,11,5338.2,4941.2,5216.2,-9.7,52.9,5310.6
PF012229,CROP016,Cotton,Bihar,2021,12,5310.6,5338.2,4941.2,13.2,56.6,5666.3
PF012230,CROP016,Cotton,Bihar,2022,1,5666.3,5310.6,5338.2,-5.4,56.0,6406.6
PF012231,CROP016,Cotton,Bihar,2022,2,6406.6,5666.3,5310.6,-30.3,65.9,6463.5
PF012232,CROP016,Cotton,Bihar,2022,3,6463.5,6406.6,5666.3,2.1,38.9,6592.0
PF012233,CROP016,Cotton,Bihar,2022,4,6592.0,6463.5,6406.6,-24.3,45.1,6348.4
PF012234,CROP016,Cotton,Bihar,2022,5,6348.4,6592.0,6463.5,-4.6,53.0,6514.4
PF012235,CROP016,Cotton,Bihar,2022,6,6514.4,6348.4,6592.0,-2.3,55.5,5807.7
PF012236,CROP016,Cotton,Bihar,2022,7,5807.7,6514.4,6348.4,-7.2,48.5,5581.4
PF012237,CROP016,Cotton,Bihar,2022,8,5581.4,5807.7,6514.4,-13.7,46.5,5344.9
PF012238,CROP016,Cotton,Bihar,2022,9,5344.9,5581.4,5807.7,-38.2,50.3,5546.3
PF012239,CROP016,Cotton,Bihar,2022,10,5546.3,5344.9,5581.4,5.4,54.9,5498.6
PF012240,CROP016,Cotton,Bihar,2022,11,5498.6,5546.3,5344.9,-15.9,29.2,5510.3
PF012241,CROP016,Cotton,Bihar,2022,12,5510.3,5498.6,5546.3,-18.4,45.4,4984.3
PF012242,CROP016,Cotton,Bihar,2023,1,4984.3,5510.3,5498.6,-17.7,61.4,6357.7
PF012243,CROP016,Cotton,Bihar,2023,2,6357.7,4984.3,5510.3,-4.8,34.1,6213.3
PF012244,CROP016,Cotton,Bihar,2023,3,6213.3,6357.7,4984.3,-9.1,48.1,6323.5
PF012245,CROP016,Cotton,Bihar,2023,4,6323.5,6213.3,6357.7,3.1,27.0,6319.1
PF012246,CROP016,Cotton,Bihar,2023,5,6319.1,6323.5,6213.3,-0.8,33.3,6192.2
PF012247,CROP016,Cotton,Bihar,2023,6,6192.2,6319.1,6323.5,0.8,31.2,6039.6
PF012248,CROP016,Cotton,Bihar,2023,7,6039.6,6192.2,6319.1,10.0,66.4,5550.8
PF012249,CROP016,Cotton,Bihar,2023,8,5550.8,6039.6,6192.2,0.5,37.1,5345.5
PF012250,CROP016,Cotton,Bihar,2023,9,5345.5,5550.8,6039.6,11.6,71.3,4899.3
PF012251,CROP016,Cotton,Bihar,2023,10,4899.3,5345.5,5550.8,14.2,53.7,5412.9
PF012252,CROP016,Cotton,Bihar,2023,11,5412.9,4899.3,5345.5,8.4,38.6,5540.6
PF012253,CROP016,Cotton,Bihar,2023,12,5540.6,5412.9,4899.3,-3.2,30.9,5923.6
PF012286,CROP016,Cotton,Bihar,2021,4,5643.2,5545.3,5302.0,-6.4,38.7,5714.9
PF012287,CROP016,Cotton,Bihar,2021,5,5714.9,5643.2,5545.3,44.6,57.1,5613.1
PF012288,CROP016,Cotton,Bihar,2021,6,5613.1,5714.9,5643.2,11.8,57.6,4960.3
PF012289,CROP016,Cotton,Bihar,2021,7,4960.3,5613.1,5714.9,-19.5,45.0,4913.2
PF012290,CROP016,Cotton,Bihar,2021,8,4913.2,4960.3,5613.1,-13.6,63.1,4644.6
PF012291,CROP016,Cotton,Bihar,2021,9,4644.6,4913.2,4960.3,-14.3,58.2,4712.2
PF012292,CROP016,Cotton,Bihar,2021,10,4712.2,4644.6,4913.2,1.8,69.1,4549.2
PF012293,CROP016,Cotton,Bihar,2021,11,4549.2,4712.2,4644.6,-28.0,23.7,4859.7
PF012294,CROP016,Cotton,Bihar,2021,12,4859.7,4549.2,4712.2,-0.6,35.7,4855.8
PF012295,CROP016,Cotton,Bihar,2022,1,4855.8,4859.7,4549.2,15.2,49.9,5468.1
PF012296,CROP016,Cotton,Bihar,2022,2,5468.1,4855.8,4859.7,4.7,33.8,5803.3
PF012297,CROP016,Cotton,Bihar,2022,3,5803.3,5468.1,4855.8,9.6,56.5,5543.7
PF012298,CROP016,Cotton,Bihar,2022,4,5543.7,5803.3,5468.1,0.0,49.6,6180.3
PF012299,CROP016,Cotton,Bihar,2022,5,6180.3,5543.7,5803.3,-3.7,53.5,5598.7
PF012300,CROP016,Cotton,Bihar,2022,6,5598.7,6180.3,5543.7,-12.9,69.4,5490.2
PF012301,CROP016,Cotton,Bihar,2022,7,5490.2,5598.7,6180.3,-0.6,56.7,4598.0
PF012302,CROP016,Cotton,Bihar,2022,8,4598.0,5490.2,5598.7,-4.5,35.6,5222.9
PF012303,CROP016,Cotton,Bihar,2022,9,5222.9,4598.0,5490.2,-15.1,61.1,4304.6
PF012304,CROP016,Cotton,Bihar,2022,10,4304.6,5222.9,4598.0,23.8,66.2,5006.0
PF012305,CROP016,Cotton,Bihar,2022,11,5006.0,4304.6,5222.9,-3.7,46.0,5261.2
PF012306,CROP016,Cotton,Bihar,2022,12,5261.2,5006.0,4304.6,-18.2,46.0,5118.5
PF012307,CROP016,Cotton,Bihar,2023,1,5118.5,5261.2,5006.0,-7.4,73.2,5513.2
PF012308,CROP016,Cotton,Bihar,2023,2,5513.2,5118.5,5261.2,-6.2,21.7,5824.4
PF012309,CROP016,Cotton,Bihar,2023,3,5824.4,5513.2,5118.5,-19.1,42.5,5420.9
PF012310,CROP016,Cotton,Bihar,2023,4,5420.9,5824.4,5513.2,-0.9,45.9,5365.5
PF012311,CROP016,Cotton,Bihar,2023,5,5365.5,5420.9,5824.4,-8.8,25.4,5410.6
PF012312,CROP016,Cotton,Bihar,2023,6,5410.6,5365.5,5420.9,-7.2,49.5,4919.8
PF012313,CROP016,Cotton,Bihar,2023,7,4919.8,5410.6,5365.5,16.3,46.3,4970.2
PF012314,CROP016,Cotton,Bihar,2023,8,4970.2,4919.8,5410.6,-9.0,46.7,4747.7
PF012315,CROP016,Cotton,Bihar,2023,9,4747.7,4970.2,4919.8,-2.7,57.0,4871.0
PF012316,CROP016,Cotton,Bihar,2023,10,4871.0,4747.7,4970.2,12.9,41.8,4850.0
PF012317,CROP016,Cotton,Bihar,2023,11,4850.0,4871.0,4747.7,-27.5,44.2,5076.5
PF012318,CROP016,Cotton,Bihar,2023,12,5076.5,4850.0,4871.0,-2.6,63.9,5137.9
PF012351,CROP016,Cotton,West Bengal,2021,4,6585.3,6142.1,6352.8,-4.4,52.4,6721.7
PF012352,CROP016,Cotton,West Bengal,2021,5,6721.7,6585.3,6142.1,-41.3,25.0,6562.6
PF012353,CROP016,Cotton,West Bengal,2021,6,6562.6,6721.7,6585.3,23.3,43.8,6065.8
PF012354,CROP016,Cotton,West Bengal,2021,7,6065.8,6562.6,6721.7,-32.2,41.9,5467.2
PF012355,CROP016,Cotton,West Bengal,2021,8,5467.2,6065.8,6562.6,-1.5,51.1,5564.6
PF012356,CROP016,Cotton,West Bengal,2021,9,5564.6,5467.2,6065.8,16.4,29.2,5533.1
PF012357,CROP016,Cotton,West Bengal,2021,10,5533.1,5564.6,5467.2,21.8,45.2,5408.3
PF012358,CROP016,Cotton,West Bengal,2021,11,5408.3,5533.1,5564.6,-6.4,42.2,5604.5
PF012359,CROP016,Cotton,West Bengal,2021,12,5604.5,5408.3,5533.1,-22.7,50.2,6128.4
PF012360,CROP016,Cotton,West Bengal,2022,1,6128.4,5604.5,5408.3,4.7,22.8,6429.7
PF012361,CROP016,Cotton,West Bengal,2022,2,6429.7,6128.4,5604.5,25.9,48.5,6314.4
PF012362,CROP016,Cotton,West Bengal,2022,3,6314.4,6429.7,6128.4,-36.2,60.4,6799.8
PF012363,CROP016,Cotton,West Bengal,2022,4,6799.8,6314.4,6429.7,-10.7,47.5,6378.9
PF012364,CROP016,Cotton,West Bengal,2022,5,6378.9,6799.8,6314.4,1.3,39.1,6698.6
PF012365,CROP016,Cotton,West Bengal,2022,6,6698.6,6378.9,6799.8,6.1,54.0,6637.1
PF012366,CROP016,Cotton,West Bengal,2022,7,6637.1,6698.6,6378.9,-3.9,51.1,5523.3
PF012367,CROP016,Cotton,West Bengal,2022,8,5523.3,6637.1,6698.6,-29.3,49.9,5847.0
PF012368,CROP016,Cotton,West Bengal,2022,9,5847.0,5523.3,6637.1,3.1,56.4,5707.0
PF012369,CROP016,Cotton,West Bengal,2022,10,5707.0,5847.0,5523.3,2.2,53.4,5095.5
PF012370,CROP016,Cotton,West Bengal,2022,11,5095.5,5707.0,5847.0,1.6,85.7,5513.5
PF012371,CROP016,Cotton,West Bengal,2022,12,5513.5,5095.5,5707.0,-9.1,68.5,6288.6
PF012372,CROP016,Cotton,West Bengal,2023,1,6288.6,5513.5,5095.5,10.2,60.7,6464.0
PF012373,CROP016,Cotton,West Bengal,2023,2,6464.0,6288.6,5513.5,27.7,42.9,6905.1
PF012374,CROP016,Cotton,West Bengal,2023,3,6905.1,6464.0,6288.6,-21.6,43.4,6988.3
PF012375,CROP016,Cotton,West Bengal,2023,4,6988.3,6905.1,6464.0,12.7,33.0,6485.6
PF012376,CROP016,Cotton,West Bengal,2023,5,6485.6,6988.3,6905.1,-5.6,52.8,6356.8
PF012377,CROP016,Cotton,West Bengal,2023,6,6356.8,6485.6,6988.3,-9.1,48.6,6523.4
PF012378,CROP016,Cotton,West Bengal,2023,7,6523.4,6356.8,6485.6,-6.0,35.6,5624.4
PF012379,CROP016,Cotton,West Bengal,2023,8,5624.4,6523.4,6356.8,-14.4,76.7,5819.8
PF012380,CROP016,Cotton,West Bengal,2023,9,5819.8,5624.4,6523.4,14.2,61.7,5645.5
PF012381,CROP016,Cotton,West Bengal,2023,10,5645.5,5819.8,5624.4,8.7,51.6,5528.9
PF012382,CROP016,Cotton,West Bengal,2023,11,5528.9,5645.5,5819.8,-12.0,44.8,5897.9
PF012383,CROP016,Cotton,West Bengal,2023,12,5897.9,5528.9,5645.5,11.0,43.1,6296.6
PF012416,CROP016,Cotton,West Bengal,2021,4,6596.5,6587.7,6616.7,24.2,45.3,6625.3
PF012417,CROP016,Cotton,West Bengal,2021,5,6625.3,6596.5,6587.7,28.9,64.8,6332.2
PF012418,CROP016,Cotton,West Bengal,2021,6,6332.2,6625.3,6596.5,1.7,37.9,5694.2
PF012419,CROP016,Cotton,West Bengal,2021,7,5694.2,6332.2,6625.3,27.7,49.0,5797.3
PF012420,CROP016,Cotton,West Bengal,2021,8,5797.3,5694.2,6332.2,19.2,60.6,5022.1
PF012421,CROP016,Cotton,West Bengal,2021,9,5022.1,5797.3,5694.2,8.4,51.3,5435.6
PF012422,CROP016,Cotton,West Bengal,2021,10,5435.6,5022.1,5797.3,11.6,47.0,5392.1
PF012423,CROP016,Cotton,West Bengal,2021,11,5392.1,5435.6,5022.1,20.9,35.5,5429.3
PF012424,CROP016,Cotton,West Bengal,2021,12,5429.3,5392.1,5435.6,-33.2,42.2,5815.0
PF012425,CROP016,Cotton,West Bengal,2022,1,5815.0,5429.3,5392.1,5.4,43.3,6156.1
PF012426,CROP016,Cotton,West Bengal,2022,2,6156.1,5815.0,5429.3,5.1,47.8,6392.0
PF012427,CROP016,Cotton,West Bengal,2022,3,6392.0,6156.1,5815.0,-9.4,75.7,6780.7
PF012428,CROP016,Cotton,West Bengal,2022,4,6780.7,6392.0,6156.1,-7.1,43.6,6814.0
PF012429,CROP016,Cotton,West Bengal,2022,5,6814.0,6780.7,6392.0,12.8,41.0,6732.7
PF012430,CROP016,Cotton,West Bengal,2022,6,6732.7,6814.0,6780.7,-2.3,15.9,5774.5
PF012431,CROP016,Cotton,West Bengal,2022,7,5774.5,6732.7,6814.0,-10.3,34.5,5772.1
PF012432,CROP016,Cotton,West Bengal,2022,8,5772.1,5774.5,6732.7,-17.8,53.8,5464.5
PF012433,CROP016,Cotton,West Bengal,2022,9,5464.5,5772.1,5774.5,-11.2,61.3,5145.8
PF012434,CROP016,Cotton,West Bengal,2022,10,5145.8,5464.5,5772.1,6.2,68.8,5592.2
PF012435,CROP016,Cotton,West Bengal,2022,11,5592.2,5145.8,5464.5,2.1,45.5,5575.2
PF012436,CROP016,Cotton,West Bengal,2022,12,5575.2,5592.2,5145.8,0.4,37.3,6122.6
PF012437,CROP016,Cotton,West Bengal,2023,1,6122.6,5575.2,5592.2,7.7,44.2,6456.3
PF012438,CROP016,Cotton,West Bengal,2023,2,6456.3,6122.6,5575.2,-0.4,56.7,6962.0
PF012439,CROP016,Cotton,West Bengal,2023,3,6962.0,6456.3,6122.6,-13.7,60.6,6940.4
PF012440,CROP016,Cotton,West Bengal,2023,4,6940.4,6962.0,6456.3,17.5,65.0,6387.0
PF012441,CROP016,Cotton,West Bengal,2023,5,6387.0,6940.4,6962.0,21.2,35.1,6415.3
PF012442,CROP016,Cotton,West Bengal,2023,6,6415.3,6387.0,6940.4,20.9,68.1,6154.1
PF012443,CROP016,Cotton,West Bengal,2023,7,6154.1,6415.3,6387.0,22.0,50.8,5696.9
PF012444,CROP016,Cotton,West Bengal,2023,8,5696.9,6154.1,6415.3,-12.0,56.2,5705.3
PF012445,CROP016,Cotton,West Bengal,2023,9,5705.3,5696.9,6154.1,-13.2,45.9,5325.3
PF012446,CROP016,Cotton,West Bengal,2023,10,5325.3,5705.3,5696.9,-4.8,38.4,5822.2
PF012447,CROP016,Cotton,West Bengal,2023,11,5822.2,5325.3,5705.3,11.3,34.5,6056.3
PF012448,CROP016,Cotton,West Bengal,2023,12,6056.3,5822.2,5325.3,6.0,72.0,6186.8
PF012481,CROP017,Sugarcane,Punjab,2021,4,4420.3,4977.6,4414.6,12.5,48.5,4261.7
PF012482,CROP017,Sugarcane,Punjab,2021,5,4261.7,4420.3,4977.6,6.0,65.1,4338.3
PF012483,CROP017,Sugarcane,Punjab,2021,6,4338.3,4261.7,4420.3,-19.3,58.4,4135.0
PF012484,CROP017,Sugarcane,Punjab,2021,7,4135.0,4338.3,4261.7,-1.5,27.8,4037.2
PF012485,CROP017,Sugarcane,Punjab,2021,8,4037.2,4135.0,4338.3,3.5,36.4,3901.9
PF012486,CROP017,Sugarcane,Punjab,2021,9,3901.9,4037.2,4135.0,-14.9,43.8,3674.5
PF012487,CROP017,Sugarcane,Punjab,2021,10,3674.5,3901.9,4037.2,7.0,21.5,3730.4
PF012488,CROP017,Sugarcane,Punjab,2021,11,3730.4,3674.5,3901.9,-8.5,56.3,4209.7
PF012489,CROP017,Sugarcane,Punjab,2021,12,4209.7,3730.4,3674.5,11.3,36.7,4299.8
PF012490,CROP017,Sugarcane,Punjab,2022,1,4299.8,4209.7,3730.4,13.4,34.6,4333.7
PF012491,CROP017,Sugarcane,Punjab,2022,2,4333.7,4299.8,4209.7,29.2,36.1,4748.3
PF012492,CROP017,Sugarcane,Punjab,2022,3,4748.3,4333.7,4299.8,-8.1,28.1,4345.6
PF012493,CROP017,Sugarcane,Punjab,2022,4,4345.6,4748.3,4333.7,14.7,53.8,4521.0
PF012494,CROP017,Sugarcane,Punjab,2022,5,4521.0,4345.6,4748.3,-1.6,65.9,4321.5
PF012495,CROP017,Sugarcane,Punjab,2022,6,4321.5,4521.0,4345.6,-7.6,78.5,4298.6
PF012496,CROP017,Sugarcane,Punjab,2022,7,4298.6,4321.5,4521.0,-0.2,81.7,3935.7
PF012497,CROP017,Sugarcane,Punjab,2022,8,3935.7,4298.6,4321.5,6.7,54.4,3693.4
PF012498,CROP017,Sugarcane,Punjab,2022,9,3693.4,3935.7,4298.6,-2.9,74.8,3909.8
PF012499,CROP017,Sugarcane,Punjab,2022,10,3909.8,3693.4,3935.7,19.6,29.9,3809.9
PF012500,CROP017,Sugarcane,Punjab,2022,11,3809.9,3909.8,3693.4,23.2,64.8,4017.1
PF012501,CROP017,Sugarcane,Punjab,2022,12,4017.1,3809.9,3909.8,-5.8,41.8,4141.5
PF012502,CROP017,Sugarcane,Punjab,2023,1,4141.5,4017.1,3809.9,-15.4,49.2,4759.3
PF012503,CROP017,Sugarcane,Punjab,2023,2,4759.3,4141.5,4017.1,7.6,69.0,4720.8
PF012504,CROP017,Sugarcane,Punjab,2023,3,4720.8,4759.3,4141.5,25.0,34.2,5047.9
PF012505,CROP017,Sugarcane,Punjab,2023,4,5047.9,4720.8,4759.3,21.3,38.3,4482.6
PF012506,CROP017,Sugarcane,Punjab,2023,5,4482.6,5047.9,4720.8,17.4,59.0,4522.8
PF012507,CROP017,Sugarcane,Punjab,2023,6,4522.8,4482.6,5047.9,10.0,36.0,4008.9
PF012508,CROP017,Sugarcane,Punjab,2023,7,4008.9,4522.8,4482.6,-16.2,59.3,4037.7
PF012509,CROP017,Sugarcane,Punjab,2023,8,4037.7,4008.9,4522.8,6.0,32.5,3928.7
PF012510,CROP017,Sugarcane,Punjab,2023,9,3928.7,4037.7,4008.9,5.5,57.4,3709.7
PF012511,CROP017,Sugarcane,Punjab,2023,10,3709.7,3928.7,4037.7,-5.1,42.0,3948.1
PF012512,CROP017,Sugarcane,Punjab,2023,11,3948.1,3709.7,3928.7,8.6,43.7,4052.5
PF012513,CROP017,Sugarcane,Punjab,2023,12,4052.5,3948.1,3709.7,4.6,39.1,4401.3
PF012546,CROP017,Sugarcane,Punjab,2021,4,4668.2,4635.8,4466.7,-27.1,63.4,4244.9
PF012547,CROP017,Sugarcane,Punjab,2021,5,4244.9,4668.2,4635.8,-6.8,62.9,4063.0
PF012548,CROP017,Sugarcane,Punjab,2021,6,4063.0,4244.9,4668.2,8.6,46.6,4252.0
PF012549,CROP017,Sugarcane,Punjab,2021,7,4252.0,4063.0,4244.9,9.8,59.9,3951.5
PF012550,CROP017,Sugarcane,Punjab,2021,8,3951.5,4252.0,4063.0,24.1,52.2,3736.4
PF012551,CROP017,Sugarcane,Punjab,2021,9,3736.4,3951.5,4252.0,9.8,48.5,3710.3
PF012552,CROP017,Sugarcane,Punjab,2021,10,3710.3,3736.4,3951.5,-19.3,44.7,3574.0
PF012553,CROP017,Sugarcane,Punjab,2021,11,3574.0,3710.3,3736.4,-8.6,50.4,4012.5
PF012554,CROP017,Sugarcane,Punjab,2021,12,4012.5,3574.0,3710.3,19.5,33.9,4118.9
PF012555,CROP017,Sugarcane,Punjab,2022,1,4118.9,4012.5,3574.0,-8.4,41.8,4322.6
PF012556,CROP017,Sugarcane,Punjab,2022,2,4322.6,4118.9,4012.5,6.0,34.8,3981.1
PF012557,CROP017,Sugarcane,Punjab,2022,3,3981.1,4322.6,4118.9,29.6,47.2,4718.2
PF012558,CROP017,Sugarcane,Punjab,2022,4,4718.2,3981.1,4322.6,4.2,51.1,4490.9
PF012559,CROP017,Sugarcane,Punjab,2022,5,4490.9,4718.2,3981.1,0.9,48.9,4454.6
PF012560,CROP017,Sugarcane,Punjab,2022,6,4454.6,4490.9,4718.2,-1.3,40.9,4455.5
PF012561,CROP017,Sugarcane,Punjab,2022,7,4455.5,4454.6,4490.9,-12.3,45.7,4128.3
PF012562,CROP017,Sugarcane,Punjab,2022,8,4128.3,4455.5,4454.6,-13.7,37.2,4022.6
PF012563,CROP017,Sugarcane,Punjab,2022,9,4022.6,4128.3,4455.5,2.2,35.4,3819.5
PF012564,CROP017,Sugarcane,Punjab,2022,10,3819.5,4022.6,4128.3,-27.1,59.7,4120.0
PF012565,CROP017,Sugarcane,Punjab,2022,11,4120.0,3819.5,4022.6,21.8,38.2,3883.3
PF012566,CROP017,Sugarcane,Punjab,2022,12,3883.3,4120.0,3819.5,15.1,58.3,4256.3
PF012567,CROP017,Sugarcane,Punjab,2023,1,4256.3,3883.3,4120.0,9.8,55.6,4259.8
PF012568,CROP017,Sugarcane,Punjab,2023,2,4259.8,4256.3,3883.3,-21.2,57.0,4542.6
PF012569,CROP017,Sugarcane,Punjab,2023,3,4542.6,4259.8,4256.3,-1.2,47.2,4717.0
PF012570,CROP017,Sugarcane,Punjab,2023,4,4717.0,4542.6,4259.8,-7.6,48.3,4653.2
PF012571,CROP017,Sugarcane,Punjab,2023,5,4653.2,4717.0,4542.6,3.2,55.5,4646.8
PF012572,CROP017,Sugarcane,Punjab,2023,6,4646.8,4653.2,4717.0,-1.1,35.1,4498.4
PF012573,CROP017,Sugarcane,Punjab,2023,7,4498.4,4646.8,4653.2,8.5,68.9,3891.9
PF012574,CROP017,Sugarcane,Punjab,2023,8,3891.9,4498.4,4646.8,-17.0,48.4,3993.4
PF012575,CROP017,Sugarcane,Punjab,2023,9,3993.4,3891.9,4498.4,-1.7,53.6,3527.8
PF012576,CROP017,Sugarcane,Punjab,2023,10,3527.8,3993.4,3891.9,-8.0,36.3,3945.2
PF012577,CROP017,Sugarcane,Punjab,2023,11,3945.2,3527.8,3993.4,-21.6,41.0,4225.1
PF012578,CROP017,Sugarcane,Punjab,2023,12,4225.1,3945.2,3527.8,9.8,51.9,4154.8
PF012611,CROP017,Sugarcane,Punjab,2021,4,5111.6,4806.6,4466.6,2.5,34.9,4500.4
PF012612,CROP017,Sugarcane,Punjab,2021,5,4500.4,5111.6,4806.6,-19.6,71.2,4655.4
PF012613,CROP017,Sugarcane,Punjab,2021,6,4655.4,4500.4,5111.6,9.8,49.2,4381.2
PF012614,CROP017,Sugarcane,Punjab,2021,7,4381.2,4655.4,4500.4,3.0,26.4,4125.3
PF012615,CROP017,Sugarcane,Punjab,2021,8,4125.3,4381.2,4655.4,-3.2,48.3,4045.8
PF012616,CROP017,Sugarcane,Punjab,2021,9,4045.8,4125.3,4381.2,16.3,64.5,3866.5
PF012617,CROP017,Sugarcane,Punjab,2021,10,3866.5,4045.8,4125.3,-34.9,49.9,4109.2
PF012618,CROP017,Sugarcane,Punjab,2021,11,4109.2,3866.5,4045.8,11.2,51.1,4350.3
PF012619,CROP017,Sugarcane,Punjab,2021,12,4350.3,4109.2,3866.5,8.8,30.2,4500.7
PF012620,CROP017,Sugarcane,Punjab,2022,1,4500.7,4350.3,4109.2,33.4,38.7,4475.4
PF012621,CROP017,Sugarcane,Punjab,2022,2,4475.4,4500.7,4350.3,-0.3,30.4,4760.3
PF012622,CROP017,Sugarcane,Punjab,2022,3,4760.3,4475.4,4500.7,-19.7,45.3,5110.7
PF012623,CROP017,Sugarcane,Punjab,2022,4,5110.7,4760.3,4475.4,3.4,36.8,4852.6
PF012624,CROP017,Sugarcane,Punjab,2022,5,4852.6,5110.7,4760.3,-20.9,53.7,4570.4
PF012625,CROP017,Sugarcane,Punjab,2022,6,4570.4,4852.6,5110.7,-9.2,23.8,4078.4
PF012626,CROP017,Sugarcane,Punjab,2022,7,4078.4,4570.4,4852.6,1.6,54.4,4201.5
PF012627,CROP017,Sugarcane,Punjab,2022,8,4201.5,4078.4,4570.4,20.9,50.4,4131.7
PF012628,CROP017,Sugarcane,Punjab,2022,9,4131.7,4201.5,4078.4,-20.4,53.4,4126.1
PF012629,CROP017,Sugarcane,Punjab,2022,10,4126.1,4131.7,4201.5,16.0,24.7,3937.0
PF012630,CROP017,Sugarcane,Punjab,2022,11,3937.0,4126.1,4131.7,12.1,76.2,4276.8
PF012631,CROP017,Sugarcane,Punjab,2022,12,4276.8,3937.0,4126.1,-20.4,68.7,4313.3
PF012632,CROP017,Sugarcane,Punjab,2023,1,4313.3,4276.8,3937.0,7.4,51.9,4658.7
PF012633,CROP017,Sugarcane,Punjab,2023,2,4658.7,4313.3,4276.8,-36.2,65.2,5225.3
PF012634,CROP017,Sugarcane,Punjab,2023,3,5225.3,4658.7,4313.3,1.5,55.6,5211.0
PF012635,CROP017,Sugarcane,Punjab,2023,4,5211.0,5225.3,4658.7,-31.7,44.6,4801.9
PF012636,CROP017,Sugarcane,Punjab,2023,5,4801.9,5211.0,5225.3,-6.3,40.3,4687.9
PF012637,CROP017,Sugarcane,Punjab,2023,6,4687.9,4801.9,5211.0,0.0,37.0,4272.1
PF012638,CROP017,Sugarcane,Punjab,2023,7,4272.1,4687.9,4801.9,-5.3,39.6,4200.7
PF012639,CROP017,Sugarcane,Punjab,2023,8,4200.7,4272.1,4687.9,16.0,50.3,4201.0
PF012640,CROP017,Sugarcane,Punjab,2023,9,4201.0,4200.7,4272.1,-4.8,60.0,4083.4
PF012641,CROP017,Sugarcane,Punjab,2023,10,4083.4,4201.0,4200.7,-3.5,42.6,3943.1
PF012642,CROP017,Sugarcane,Punjab,2023,11,3943.1,4083.4,4201.0,22.0,59.7,4331.4
PF012643,CROP017,Sugarcane,Punjab,2023,12,4331.4,3943.1,4083.4,13.4,56.7,4415.0
PF012676,CROP017,Sugarcane,Haryana,2021,4,3845.3,3834.2,3821.5,-15.7,57.8,3940.7
PF012677,CROP017,Sugarcane,Haryana,2021,5,3940.7,3845.3,3834.2,9.7,49.1,3886.0
PF012678,CROP017,Sugarcane,Haryana,2021,6,3886.0,3940.7,3845.3,28.3,35.1,3773.4
PF012679,CROP017,Sugarcane,Haryana,2021,7,3773.4,3886.0,3940.7,-10.9,55.3,3569.7
PF012680,CROP017,Sugarcane,Haryana,2021,8,3569.7,3773.4,3886.0,-2.1,62.1,3287.9
PF012681,CROP017,Sugarcane,Haryana,2021,9,3287.9,3569.7,3773.4,13.0,33.1,3329.0
PF012682,CROP017,Sugarcane,Haryana,2021,10,3329.0,3287.9,3569.7,7.1,58.1,3485.0
PF012683,CROP017,Sugarcane,Haryana,2021,11,3485.0,3329.0,3287.9,4.2,45.5,3125.7
PF012684,CROP017,Sugarcane,Haryana,2021,12,3125.7,3485.0,3329.0,-5.3,38.9,3536.7
PF012685,CROP017,Sugarcane,Haryana,2022,1,3536.7,3125.7,3485.0,-9.4,37.5,3826.4
PF012686,CROP017,Sugarcane,Haryana,2022,2,3826.4,3536.7,3125.7,-7.1,62.7,4033.5
PF012687,CROP017,Sugarcane,Haryana,2022,3,4033.5,3826.4,3536.7,5.8,39.8,4005.5
PF012688,CROP017,Sugarcane,Haryana,2022,4,4005.5,4033.5,3826.4,8.3,46.7,3818.6
PF012689,CROP017,Sugarcane,Haryana,2022,5,3818.6,4005.5,4033.5,2.2,42.5,3538.1
PF012690,CROP017,Sugarcane,Haryana,2022,6,3538.1,3818.6,4005.5,-6.4,51.3,3658.3
PF012691,CROP017,Sugarcane,Haryana,2022,7,3658.3,3538.1,3818.6,-0.5,56.7,3561.8
PF012692,CROP017,Sugarcane,Haryana,2022,8,3561.8,3658.3,3538.1,-10.2,31.1,3261.8
PF012693,CROP017,Sugarcane,Haryana,2022,9,3261.8,3561.8,3658.3,-7.4,62.1,3175.0
PF012694,CROP017,Sugarcane,Haryana,2022,10,3175.0,3261.8,3561.8,24.3,28.6,3407.0
PF012695,CROP017,Sugarcane,Haryana,2022,11,3407.0,3175.0,3261.8,26.6,63.5,3195.0
PF012696,CROP017,Sugarcane,Haryana,2022,12,3195.0,3407.0,3175.0,1.5,50.9,3616.6
PF012697,CROP017,Sugarcane,Haryana,2023,1,3616.6,3195.0,3407.0,-7.5,53.8,3728.7
PF012698,CROP017,Sugarcane,Haryana,2023,2,3728.7,3616.6,3195.0,30.9,53.2,3797.5
PF012699,CROP017,Sugarcane,Haryana,2023,3,3797.5,3728.7,3616.6,0.3,26.2,4003.1
PF012700,CROP017,Sugarcane,Haryana,2023,4,4003.1,3797.5,3728.7,-21.8,75.8,3977.2
PF012701,CROP017,Sugarcane,Haryana,2023,5,3977.2,4003.1,3797.5,-20.5,34.5,3831.3
PF012702,CROP017,Sugarcane,Haryana,2023,6,3831.3,3977.2,4003.1,-9.9,43.5,3422.0
PF012703,CROP017,Sugarcane,Haryana,2023,7,3422.0,3831.3,3977.2,13.6,36.2,3714.5
PF012704,CROP017,Sugarcane,Haryana,2023,8,3714.5,3422.0,3831.3,-19.9,40.3,3447.6
PF012705,CROP017,Sugarcane,Haryana,2023,9,3447.6,3714.5,3422.0,11.9,74.2,3167.2
PF012706,CROP017,Sugarcane,Haryana,2023,10,3167.2,3447.6,3714.5,-24.9,61.0,3404.8
PF012707,CROP017,Sugarcane,Haryana,2023,11,3404.8,3167.2,3447.6,4.1,58.2,3589.0
PF012708,CROP017,Sugarcane,Haryana,2023,12,3589.0,3404.8,3167.2,-23.1,45.5,3601.3
PF012741,CROP017,Sugarcane,Haryana,2021,4,3807.4,3695.6,3428.9,9.3,35.7,3302.2
PF012742,CROP017,Sugarcane,Haryana,2021,5,3302.2,3807.4,3695.6,23.2,52.7,3843.2
PF012743,CROP017,Sugarcane,Haryana,2021,6,3843.2,3302.2,3807.4,1.2,70.9,3535.3
PF012744,CROP017,Sugarcane,Haryana,2021,7,3535.3,3843.2,3302.2,7.6,60.2,3154.2
PF012745,CROP017,Sugarcane,Haryana,2021,8,3154.2,3535.3,3843.2,-10.6,50.6,3288.9
PF012746,CROP017,Sugarcane,Haryana,2021,9,3288.9,3154.2,3535.3,-33.2,51.8,3020.0
PF012747,CROP017,Sugarcane,Haryana,2021,10,3020.0,3288.9,3154.2,-20.5,45.3,2997.2
PF012748,CROP017,Sugarcane,Haryana,2021,11,2997.2,3020.0,3288.9,15.1,45.7,3173.3
PF012749,CROP017,Sugarcane,Haryana,2021,12,3173.3,2997.2,3020.0,-22.3,53.0,3501.0
PF012750,CROP017,Sugarcane,Haryana,2022,1,3501.0,3173.3,2997.2,-0.8,54.4,3664.3
PF012751,CROP017,Sugarcane,Haryana,2022,2,3664.3,3501.0,3173.3,-1.3,56.6,3786.6
PF012752,CROP017,Sugarcane,Haryana,2022,3,3786.6,3664.3,3501.0,-8.5,31.1,3927.2
PF012753,CROP017,Sugarcane,Haryana,2022,4,3927.2,3786.6,3664.3,3.6,36.3,3925.7
PF012754,CROP017,Sugarcane,Haryana,2022,5,3925.7,3927.2,3786.6,-10.3,48.1,3719.1
PF012755,CROP017,Sugarcane,Haryana,2022,6,3719.1,3925.7,3927.2,12.5,39.0,3575.4
PF012756,CROP017,Sugarcane,Haryana,2022,7,3575.4,3719.1,3925.7,-13.0,62.2,3335.3
PF012757,CROP017,Sugarcane,Haryana,2022,8,3335.3,3575.4,3719.1,-2.2,17.2,3262.4
PF012758,CROP017,Sugarcane,Haryana,2022,9,3262.4,3335.3,3575.4,7.5,32.0,2856.0
PF012759,CROP017,Sugarcane,Haryana,2022,10,2856.0,3262.4,3335.3,2.2,39.0,3168.1
PF012760,CROP017,Sugarcane,Haryana,2022,11,3168.1,2856.0,3262.4,4.8,53.8,3339.3
PF012761,CROP017,Sugarcane,Haryana,2022,12,3339.3,3168.1,2856.0,0.3,45.0,3379.6
PF012762,CROP017,Sugarcane,Haryana,2023,1,3379.6,3339.3,3168.1,10.0,42.0,3361.9
PF012763,CROP017,Sugarcane,Haryana,2023,2,3361.9,3379.6,3339.3,2.7,49.4,3693.3
PF012764,CROP017,Sugarcane,Haryana,2023,3,3693.3,3361.9,3379.6,-32.0,46.0,4031.1
PF012765,CROP017,Sugarcane,Haryana,2023,4,4031.1,3693.3,3361.9,21.4,61.2,3789.1
PF012766,CROP017,Sugarcane,Haryana,2023,5,3789.1,4031.1,3693.3,-3.9,71.2,3530.1
PF012767,CROP017,Sugarcane,Haryana,2023,6,3530.1,3789.1,4031.1,11.9,25.2,3547.8
PF012768,CROP017,Sugarcane,Haryana,2023,7,3547.8,3530.1,3789.1,23.8,46.1,3230.1
PF012769,CROP017,Sugarcane,Haryana,2023,8,3230.1,3547.8,3530.1,4.6,53.0,3283.6
PF012770,CROP017,Sugarcane,Haryana,2023,9,3283.6,3230.1,3547.8,-12.7,45.1,3116.5
PF012771,CROP017,Sugarcane,Haryana,2023,10,3116.5,3283.6,3230.1,11.2,58.7,3409.1
PF012772,CROP017,Sugarcane,Haryana,2023,11,3409.1,3116.5,3283.6,9.2,47.2,3459.5
PF012773,CROP017,Sugarcane,Haryana,2023,12,3459.5,3409.1,3116.5,-0.4,63.2,3390.8
PF012806,CROP017,Sugarcane,Uttar Pradesh,2021,4,3860.0,4132.2,3923.0,12.5,54.2,4374.4
PF012807,CROP017,Sugarcane,Uttar Pradesh,2021,5,4374.4,3860.0,4132.2,21.5,26.3,3878.9
PF012808,CROP017,Sugarcane,Uttar Pradesh,2021,6,3878.9,4374.4,3860.0,-6.7,47.6,3458.0
PF012809,CROP017,Sugarcane,Uttar Pradesh,2021,7,3458.0,3878.9,4374.4,6.9,68.4,3629.2
PF012810,CROP017,Sugarcane,Uttar Pradesh,2021,8,3629.2,3458.0,3878.9,13.8,73.9,3980.7
PF012811,CROP017,Sugarcane,Uttar Pradesh,2021,9,3980.7,3629.2,3458.0,19.0,53.6,3463.5
PF012812,CROP017,Sugarcane,Uttar Pradesh,2021,10,3463.5,3980.7,3629.2,-0.1,18.3,3546.9
PF012813,CROP017,Sugarcane,Uttar Pradesh,2021,11,3546.9,3463.5,3980.7,-22.0,36.8,3555.0
PF012814,CROP017,Sugarcane,Uttar Pradesh,2021,12,3555.0,3546.9,3463.5,-16.2,62.1,3863.2
PF012815,CROP017,Sugarcane,Uttar Pradesh,2022,1,3863.2,3555.0,3546.9,-14.6,49.6,3699.3
PF012816,CROP017,Sugarcane,Uttar Pradesh,2022,2,3699.3,3863.2,3555.0,-7.1,67.5,4237.2
PF012817,CROP017,Sugarcane,Uttar Pradesh,2022,3,4237.2,3699.3,3863.2,-11.5,50.5,4037.2
PF012818,CROP017,Sugarcane,Uttar Pradesh,2022,4,4037.2,4237.2,3699.3,-21.7,55.3,4373.0
PF012819,CROP017,Sugarcane,Uttar Pradesh,2022,5,4373.0,4037.2,4237.2,-1.8,56.2,4405.4
PF012820,CROP017,Sugarcane,Uttar Pradesh,2022,6,4405.4,4373.0,4037.2,-6.4,54.0,3489.4
PF012821,CROP017,Sugarcane,Uttar Pradesh,2022,7,3489.4,4405.4,4373.0,9.5,66.2,3841.6
PF012822,CROP017,Sugarcane,Uttar Pradesh,2022,8,3841.6,3489.4,4405.4,24.1,51.9,3635.4
PF012823,CROP017,Sugarcane,Uttar Pradesh,2022,9,3635.4,3841.6,3489.4,33.2,49.1,3602.4
PF012824,CROP017,Sugarcane,Uttar Pradesh,2022,10,3602.4,3635.4,3841.6,12.4,68.5,3848.2
PF012825,CROP017,Sugarcane,Uttar Pradesh,2022,11,3848.2,3602.4,3635.4,13.0,38.4,3654.6
PF012826,CROP017,Sugarcane,Uttar Pradesh,2022,12,3654.6,3848.2,3602.4,-25.9,37.0,3907.7
PF012827,CROP017,Sugarcane,Uttar Pradesh,2023,1,3907.7,3654.6,3848.2,3.2,42.2,3981.5
PF012828,CROP017,Sugarcane,Uttar Pradesh,2023,2,3981.5,3907.7,3654.6,-2.7,44.4,3896.8
PF012829,CROP017,Sugarcane,Uttar Pradesh,2023,3,3896.8,3981.5,3907.7,1.4,49.8,4053.8
PF012830,CROP017,Sugarcane,Uttar Pradesh,2023,4,4053.8,3896.8,3981.5,23.6,35.2,4499.7
PF012831,CROP017,Sugarcane,Uttar Pradesh,2023,5,4499.7,4053.8,3896.8,-10.4,60.8,4193.1
PF012832,CROP017,Sugarcane,Uttar Pradesh,2023,6,4193.1,4499.7,4053.8,10.2,34.7,3720.9
PF012833,CROP017,Sugarcane,Uttar Pradesh,2023,7,3720.9,4193.1,4499.7,-8.1,56.8,3695.7
PF012834,CROP017,Sugarcane,Uttar Pradesh,2023,8,3695.7,3720.9,4193.1,0.3,63.1,3615.3
PF012835,CROP017,Sugarcane,Uttar Pradesh,2023,9,3615.3,3695.7,3720.9,15.7,60.2,3728.7
PF012836,CROP017,Sugarcane,Uttar Pradesh,2023,10,3728.7,3615.3,3695.7,10.7,44.8,3808.5
PF012837,CROP017,Sugarcane,Uttar Pradesh,2023,11,3808.5,3728.7,3615.3,-30.9,60.1,3556.3
PF012838,CROP017,Sugarcane,Uttar Pradesh,2023,12,3556.3,3808.5,3728.7,3.1,31.1,3812.1
PF012871,CROP017,Sugarcane,Uttar Pradesh,2021,4,4839.6,5266.8,4475.8,-6.5,26.0,4398.3
PF012872,CROP017,Sugarcane,Uttar Pradesh,2021,5,4398.3,4839.6,5266.8,-1.1,73.2,4692.7
PF012873,CROP017,Sugarcane,Uttar Pradesh,2021,6,4692.7,4398.3,4839.6,-12.6,38.1,4402.7
PF012874,CROP017,Sugarcane,Uttar Pradesh,2021,7,4402.7,4692.7,4398.3,7.2,36.4,4175.6
PF012875,CROP017,Sugarcane,Uttar Pradesh,2021,8,4175.6,4402.7,4692.7,-6.8,55.2,3977.5
PF012876,CROP017,Sugarcane,Uttar Pradesh,2021,9,3977.5,4175.6,4402.7,13.4,31.6,3849.3
PF012877,CROP017,Sugarcane,Uttar Pradesh,2021,10,3849.3,3977.5,4175.6,6.2,56.6,3906.4
PF012878,CROP017,Sugarcane,Uttar Pradesh,2021,11,3906.4,3849.3,3977.5,36.0,46.6,4106.1
PF012879,CROP017,Sugarcane,Uttar Pradesh,2021,12,4106.1,3906.4,3849.3,3.8,70.5,4601.9
PF012880,CROP017,Sugarcane,Uttar Pradesh,2022,1,4601.9,4106.1,3906.4,-0.8,44.2,4412.2
PF012881,CROP017,Sugarcane,Uttar Pradesh,2022,2,4412.2,4601.9,4106.1,3.8,38.4,4351.5
PF012882,CROP017,Sugarcane,Uttar Pradesh,2022,3,4351.5,4412.2,4601.9,24.7,68.0,4944.7
PF012883,CROP017,Sugarcane,Uttar Pradesh,2022,4,4944.7,4351.5,4412.2,-2.7,51.3,5035.7
PF012884,CROP017,Sugarcane,Uttar Pradesh,2022,5,5035.7,4944.7,4351.5,-6.1,74.9,4248.3
PF012885,CROP017,Sugarcane,Uttar Pradesh,2022,6,4248.3,5035.7,4944.7,-11.2,63.0,4007.5
PF012886,CROP017,Sugarcane,Uttar Pradesh,2022,7,4007.5,4248.3,5035.7,-14.9,51.3,4113.8
PF012887,CROP017,Sugarcane,Uttar Pradesh,2022,8,4113.8,4007.5,4248.3,21.0,27.0,4101.9
PF012888,CROP017,Sugarcane,Uttar Pradesh,2022,9,4101.9,4113.8,4007.5,-3.2,54.8,4073.6
PF012889,CROP017,Sugarcane,Uttar Pradesh,2022,10,4073.6,4101.9,4113.8,-5.1,30.0,3909.2
PF012890,CROP017,Sugarcane,Uttar Pradesh,2022,11,3909.2,4073.6,4101.9,7.0,48.5,3816.4
PF012891,CROP017,Sugarcane,Uttar Pradesh,2022,12,3816.4,3909.2,4073.6,9.6,72.8,4359.3
PF012892,CROP017,Sugarcane,Uttar Pradesh,2023,1,4359.3,3816.4,3909.2,-10.2,42.6,4398.6
PF012893,CROP017,Sugarcane,Uttar Pradesh,2023,2,4398.6,4359.3,3816.4,11.4,79.4,4713.2
PF012894,CROP017,Sugarcane,Uttar Pradesh,2023,3,4713.2,4398.6,4359.3,-4.1,49.8,4828.6
PF012895,CROP017,Sugarcane,Uttar Pradesh,2023,4,4828.6,4713.2,4398.6,-14.9,54.1,5050.7
PF012896,CROP017,Sugarcane,Uttar Pradesh,2023,5,5050.7,4828.6,4713.2,-18.2,54.5,4333.0
PF012897,CROP017,Sugarcane,Uttar Pradesh,2023,6,4333.0,5050.7,4828.6,-9.7,26.4,4163.9
PF012898,CROP017,Sugarcane,Uttar Pradesh,2023,7,4163.9,4333.0,5050.7,-11.0,67.0,4179.6
PF012899,CROP017,Sugarcane,Uttar Pradesh,2023,8,4179.6,4163.9,4333.0,-4.8,63.2,4116.8
PF012900,CROP017,Sugarcane,Uttar Pradesh,2023,9,4116.8,4179.6,4163.9,-17.0,54.2,4010.2
PF012901,CROP017,Sugarcane,Uttar Pradesh,2023,10,4010.2,4116.8,4179.6,-15.3,42.7,4068.6
PF012902,CROP017,Sugarcane,Uttar Pradesh,2023,11,4068.6,4010.2,4116.8,8.3,44.5,4231.8
PF012903,CROP017,Sugarcane,Uttar Pradesh,2023,12,4231.8,4068.6,4010.2,-18.5,47.5,4505.9
PF012936,CROP017,Sugarcane,Uttar Pradesh,2021,4,4570.9,4429.3,4250.5,20.0,59.2,4958.5
PF012937,CROP017,Sugarcane,Uttar Pradesh,2021,5,4958.5,4570.9,4429.3,4.6,38.6,4246.0
PF012938,CROP017,Sugarcane,Uttar Pradesh,2021,6,4246.0,4958.5,4570.9,9.0,41.6,4239.7
PF012939,CROP017,Sugarcane,Uttar Pradesh,2021,7,4239.7,4246.0,4958.5,-5.3,49.2,3869.1
PF012940,CROP017,Sugarcane,Uttar Pradesh,2021,8,3869.1,4239.7,4246.0,10.9,45.6,3711.8
PF012941,CROP017,Sugarcane,Uttar Pradesh,2021,9,3711.8,3869.1,4239.7,4.7,40.5,3646.6
PF012942,CROP017,Sugarcane,Uttar Pradesh,2021,10,3646.6,3711.8,3869.1,-8.2,47.1,3912.6
PF012943,CROP017,Sugarcane,Uttar Pradesh,2021,11,3912.6,3646.6,3711.8,-19.9,37.6,3916.6
PF012944,CROP017,Sugarcane,Uttar Pradesh,2021,12,3916.6,3912.6,3646.6,5.3,35.8,3973.8
PF012945,CROP017,Sugarcane,Uttar Pradesh,2022,1,3973.8,3916.6,3912.6,4.2,34.1,4086.2
PF012946,CROP017,Sugarcane,Uttar Pradesh,2022,2,4086.2,3973.8,3916.6,29.6,25.3,4442.9
PF012947,CROP017,Sugarcane,Uttar Pradesh,2022,3,4442.9,4086.2,3973.8,22.1,35.7,4595.2
PF012948,CROP017,Sugarcane,Uttar Pradesh,2022,4,4595.2,4442.9,4086.2,12.9,51.8,4076.9
PF012949,CROP017,Sugarcane,Uttar Pradesh,2022,5,4076.9,4595.2,4442.9,6.4,58.4,4241.6
PF012950,CROP017,Sugarcane,Uttar Pradesh,2022,6,4241.6,4076.9,4595.2,-28.3,64.2,4294.2
PF012951,CROP017,Sugarcane,Uttar Pradesh,2022,7,4294.2,4241.6,4076.9,6.8,44.9,3804.7
PF012952,CROP017,Sugarcane,Uttar Pradesh,2022,8,3804.7,4294.2,4241.6,-12.2,53.2,3736.5
PF012953,CROP017,Sugarcane,Uttar Pradesh,2022,9,3736.5,3804.7,4294.2,-22.6,67.9,3563.6
PF012954,CROP017,Sugarcane,Uttar Pradesh,2022,10,3563.6,3736.5,3804.7,3.3,56.9,3758.3
PF012955,CROP017,Sugarcane,Uttar Pradesh,2022,11,3758.3,3563.6,3736.5,-19.4,44.1,3825.8
PF012956,CROP017,Sugarcane,Uttar Pradesh,2022,12,3825.8,3758.3,3563.6,-17.2,46.5,4534.1
PF012957,CROP017,Sugarcane,Uttar Pradesh,2023,1,4534.1,3825.8,3758.3,-16.8,36.7,4280.7
PF012958,CROP017,Sugarcane,Uttar Pradesh,2023,2,4280.7,4534.1,3825.8,-0.7,75.1,4536.1
PF012959,CROP017,Sugarcane,Uttar Pradesh,2023,3,4536.1,4280.7,4534.1,10.9,57.4,4690.0
PF012960,CROP017,Sugarcane,Uttar Pradesh,2023,4,4690.0,4536.1,4280.7,-12.5,53.3,4778.9
PF012961,CROP017,Sugarcane,Uttar Pradesh,2023,5,4778.9,4690.0,4536.1,-5.6,30.4,4582.5
PF012962,CROP017,Sugarcane,Uttar Pradesh,2023,6,4582.5,4778.9,4690.0,12.0,37.9,4259.7
PF012963,CROP017,Sugarcane,Uttar Pradesh,2023,7,4259.7,4582.5,4778.9,34.9,42.9,3860.3
PF012964,CROP017,Sugarcane,Uttar Pradesh,2023,8,3860.3,4259.7,4582.5,37.5,46.9,3983.2
PF012965,CROP017,Sugarcane,Uttar Pradesh,2023,9,3983.2,3860.3,4259.7,-21.1,61.2,3701.3
PF012966,CROP017,Sugarcane,Uttar Pradesh,2023,10,3701.3,3983.2,3860.3,21.9,62.9,3849.4
PF012967,CROP017,Sugarcane,Uttar Pradesh,2023,11,3849.4,3701.3,3983.2,-0.3,44.1,3825.8
PF012968,CROP017,Sugarcane,Uttar Pradesh,2023,12,3825.8,3849.4,3701.3,-16.2,55.6,3720.7
PF013001,CROP017,Sugarcane,Bihar,2021,4,3868.5,3946.9,3735.7,13.6,49.3,3993.2
PF013002,CROP017,Sugarcane,Bihar,2021,5,3993.2,3868.5,3946.9,-6.0,54.0,3706.0
PF013003,CROP017,Sugarcane,Bihar,2021,6,3706.0,3993.2,3868.5,-1.1,54.1,3503.1
PF013004,CROP017,Sugarcane,Bihar,2021,7,3503.1,3706.0,3993.2,14.2,54.4,3365.8
PF013005,CROP017,Sugarcane,Bihar,2021,8,3365.8,3503.1,3706.0,-9.6,64.7,3246.7
PF013006,CROP017,Sugarcane,Bihar,2021,9,3246.7,3365.8,3503.1,22.9,44.9,3344.8
PF013007,CROP017,Sugarcane,Bihar,2021,10,3344.8,3246.7,3365.8,-23.8,64.1,3235.3
PF013008,CROP017,Sugarcane,Bihar,2021,11,3235.3,3344.8,3246.7,5.0,63.2,3375.6
PF013009,CROP017,Sugarcane,Bihar,2021,12,3375.6,3235.3,3344.8,-21.1,54.5,3727.8
PF013010,CROP017,Sugarcane,Bihar,2022,1,3727.8,3375.6,3235.3,0.4,44.6,4076.9
PF013011,CROP017,Sugarcane,Bihar,2022,2,4076.9,3727.8,3375.6,1.8,44.3,4185.8
PF013012,CROP017,Sugarcane,Bihar,2022,3,4185.8,4076.9,3727.8,-4.3,46.2,3826.4
PF013013,CROP017,Sugarcane,Bihar,2022,4,3826.4,4185.8,4076.9,2.1,50.6,4150.5
PF013014,CROP017,Sugarcane,Bihar,2022,5,4150.5,3826.4,4185.8,-1.2,49.5,3881.3
PF013015,CROP017,Sugarcane,Bihar,2022,6,3881.3,4150.5,3826.4,-2.6,56.9,3674.6
PF013016,CROP017,Sugarcane,Bihar,2022,7,3674.6,3881.3,4150.5,-6.3,49.9,3736.8
PF013017,CROP017,Sugarcane,Bihar,2022,8,3736.8,3674.6,3881.3,1.8,41.4,3283.9
PF013018,CROP017,Sugarcane,Bihar,2022,9,3283.9,3736.8,3674.6,-3.2,63.4,3138.0
PF013019,CROP017,Sugarcane,Bihar,2022,10,3138.0,3283.9,3736.8,13.3,47.3,3455.6
PF013020,CROP017,Sugarcane,Bihar,2022,11,3455.6,3138.0,3283.9,3.0,65.4,3470.6
PF013021,CROP017,Sugarcane,Bihar,2022,12,3470.6,3455.6,3138.0,4.6,40.7,3247.5
PF013022,CROP017,Sugarcane,Bihar,2023,1,3247.5,3470.6,3455.6,5.5,42.6,3679.8
PF013023,CROP017,Sugarcane,Bihar,2023,2,3679.8,3247.5,3470.6,-11.3,49.2,4080.9
PF013024,CROP017,Sugarcane,Bihar,2023,3,4080.9,3679.8,3247.5,19.7,45.3,4023.3
PF013025,CROP017,Sugarcane,Bihar,2023,4,4023.3,4080.9,3679.8,5.5,46.8,3953.3
PF013026,CROP017,Sugarcane,Bihar,2023,5,3953.3,4023.3,4080.9,-9.7,61.7,4082.1
PF013027,CROP017,Sugarcane,Bihar,2023,6,4082.1,3953.3,4023.3,24.1,40.2,3671.7
PF013028,CROP017,Sugarcane,Bihar,2023,7,3671.7,4082.1,3953.3,8.0,39.4,3383.0
PF013029,CROP017,Sugarcane,Bihar,2023,8,3383.0,3671.7,4082.1,1.5,34.2,3167.1
PF013030,CROP017,Sugarcane,Bihar,2023,9,3167.1,3383.0,3671.7,23.6,48.3,3224.6
PF013031,CROP017,Sugarcane,Bihar,2023,10,3224.6,3167.1,3383.0,-18.2,58.8,3566.7
PF013032,CROP017,Sugarcane,Bihar,2023,11,3566.7,3224.6,3167.1,-2.7,37.0,3550.7
PF013033,CROP017,Sugarcane,Bihar,2023,12,3550.7,3566.7,3224.6,3.7,38.4,3480.7
PF013066,CROP017,Sugarcane,Bihar,2021,4,4897.1,4359.4,4291.3,-7.9,50.6,4507.1
PF013067,CROP017,Sugarcane,Bihar,2021,5,4507.1,4897.1,4359.4,5.9,58.1,4392.0
PF013068,CROP017,Sugarcane,Bihar,2021,6,4392.0,4507.1,4897.1,25.5,38.6,3991.0
PF013069,CROP017,Sugarcane,Bihar,2021,7,3991.0,4392.0,4507.1,9.5,37.5,3684.2
PF013070,CROP017,Sugarcane,Bihar,2021,8,3684.2,3991.0,4392.0,-38.8,62.2,3705.7
PF013071,CROP017,Sugarcane,Bihar,2021,9,3705.7,3684.2,3991.0,-3.6,47.1,3733.0
PF013072,CROP017,Sugarcane,Bihar,2021,10,3733.0,3705.7,3684.2,4.9,64.2,3479.8
PF013073,CROP017,Sugarcane,Bihar,2021,11,3479.8,3733.0,3705.7,28.8,35.7,3984.2
PF013074,CROP017,Sugarcane,Bihar,2021,12,3984.2,3479.8,3733.0,1.9,71.4,3857.5
PF013075,CROP017,Sugarcane,Bihar,2022,1,3857.5,3984.2,3479.8,-3.7,33.3,4336.6
PF013076,CROP017,Sugarcane,Bihar,2022,2,4336.6,3857.5,3984.2,-16.2,34.3,4260.8
PF013077,CROP017,Sugarcane,Bihar,2022,3,4260.8,4336.6,3857.5,24.8,56.4,4655.7
PF013078,CROP017,Sugarcane,Bihar,2022,4,4655.7,4260.8,4336.6,8.0,60.0,4554.0
PF013079,CROP017,Sugarcane,Bihar,2022,5,4554.0,4655.7,4260.8,23.6,23.1,4434.7
PF013080,CROP017,Sugarcane,Bihar,2022,6,4434.7,4554.0,4655.7,-13.8,34.0,4213.9
PF013081,CROP017,Sugarcane,Bihar,2022,7,4213.9,4434.7,4554.0,27.4,71.3,3835.1
PF013082,CROP017,Sugarcane,Bihar,2022,8,3835.1,4213.9,4434.7,10.4,61.1,3926.1
PF013083,CROP017,Sugarcane,Bihar,2022,9,3926.1,3835.1,4213.9,26.6,52.5,3720.3
PF013084,CROP017,Sugarcane,Bihar,2022,10,3720.3,3926.1,3835.1,15.3,31.2,3424.4
PF013085,CROP017,Sugarcane,Bihar,2022,11,3424.4,3720.3,3926.1,12.0,38.1,3925.8
PF013086,CROP017,Sugarcane,Bihar,2022,12,3925.8,3424.4,3720.3,-40.9,58.7,3925.6
PF013087,CROP017,Sugarcane,Bihar,2023,1,3925.6,3925.8,3424.4,22.2,49.2,4371.0
PF013088,CROP017,Sugarcane,Bihar,2023,2,4371.0,3925.6,3925.8,3.7,41.4,4262.4
PF013089,CROP017,Sugarcane,Bihar,2023,3,4262.4,4371.0,3925.6,17.4,49.4,4634.6
PF013090,CROP017,Sugarcane,Bihar,2023,4,4634.6,4262.4,4371.0,6.9,74.6,4427.4
PF013091,CROP017,Sugarcane,Bihar,2023,5,4427.4,4634.6,4262.4,-2.6,41.0,4329.4
PF013092,CROP017,Sugarcane,Bihar,2023,6,4329.4,4427.4,4634.6,13.4,39.3,4306.2
PF013093,CROP017,Sugarcane,Bihar,2023,7,4306.2,4329.4,4427.4,27.7,59.3,4017.3
PF013094,CROP017,Sugarcane,Bihar,2023,8,4017.3,4306.2,4329.4,2.9,66.0,3642.2
PF013095,CROP017,Sugarcane,Bihar,2023,9,3642.2,4017.3,4306.2,4.7,39.3,3699.4
PF013096,CROP017,Sugarcane,Bihar,2023,10,3699.4,3642.2,4017.3,-10.3,69.7,3727.4
PF013097,CROP017,Sugarcane,Bihar,2023,11,3727.4,3699.4,3642.2,-7.7,53.2,4084.4
PF013098,CROP017,Sugarcane,Bihar,2023,12,4084.4,3727.4,3699.4,-6.6,46.6,4209.2
PF013131,CROP017,Sugarcane,West Bengal,2021,4,3807.5,3884.0,3590.8,-25.7,49.7,3560.5
PF013132,CROP017,Sugarcane,West Bengal,2021,5,3560.5,3807.5,3884.0,4.0,50.2,3795.2
PF013133,CROP017,Sugarcane,West Bengal,2021,6,3795.2,3560.5,3807.5,-13.5,58.1,3524.4
PF013134,CROP017,Sugarcane,West Bengal,2021,7,3524.4,3795.2,3560.5,-10.4,50.7,3167.0
PF013135,CROP017,Sugarcane,West Bengal,2021,8,3167.0,3524.4,3795.2,-22.6,64.9,3204.3
PF013136,CROP017,Sugarcane,West Bengal,2021,9,3204.3,3167.0,3524.4,5.4,61.9,3080.1
PF013137,CROP017,Sugarcane,West Bengal,2021,10,3080.1,3204.3,3167.0,28.8,52.3,2862.8
PF013138,CROP017,Sugarcane,West Bengal,2021,11,2862.8,3080.1,3204.3,19.1,35.9,3309.1
PF013139,CROP017,Sugarcane,West Bengal,2021,12,3309.1,2862.8,3080.1,1.9,47.8,3478.0
PF013140,CROP017,Sugarcane,West Bengal,2022,1,3478.0,3309.1,2862.8,5.2,65.4,3380.0
PF013141,CROP017,Sugarcane,West Bengal,2022,2,3380.0,3478.0,3309.1,7.2,56.5,3815.9
PF013142,CROP017,Sugarcane,West Bengal,2022,3,3815.9,3380.0,3478.0,-14.2,67.7,3936.9
PF013143,CROP017,Sugarcane,West Bengal,2022,4,3936.9,3815.9,3380.0,1.4,55.1,3779.3
PF013144,CROP017,Sugarcane,West Bengal,2022,5,3779.3,3936.9,3815.9,-15.0,46.9,3728.3
PF013145,CROP017,Sugarcane,West Bengal,2022,6,3728.3,3779.3,3936.9,13.8,37.0,3153.8
PF013146,CROP017,Sugarcane,West Bengal,2022,7,3153.8,3728.3,3779.3,10.4,44.2,3077.8
PF013147,CROP017,Sugarcane,West Bengal,2022,8,3077.8,3153.8,3728.3,-6.3,60.3,3294.6
PF013148,CROP017,Sugarcane,West Bengal,2022,9,3294.6,3077.8,3153.8,-18.4,33.4,2875.1
PF013149,CROP017,Sugarcane,West Bengal,2022,10,2875.1,3294.6,3077.8,1.1,52.2,3135.0
PF013150,CROP017,Sugarcane,West Bengal,2022,11,3135.0,2875.1,3294.6,-19.8,53.5,3111.1
PF013151,CROP017,Sugarcane,West Bengal,2022,12,3111.1,3135.0,2875.1,-23.6,47.1,3382.4
PF013152,CROP017,Sugarcane,West Bengal,2023,1,3382.4,3111.1,3135.0,-8.4,62.7,3315.5
PF013153,CROP017,Sugarcane,West Bengal,2023,2,3315.5,3382.4,3111.1,4.6,42.7,3904.2
PF013154,CROP017,Sugarcane,West Bengal,2023,3,3904.2,3315.5,3382.4,5.6,30.4,3632.8
PF013155,CROP017,Sugarcane,West Bengal,2023,4,3632.8,3904.2,3315.5,-11.7,44.0,3997.9
PF013156,CROP017,Sugarcane,West Bengal,2023,5,3997.9,3632.8,3904.2,-18.0,47.3,3646.2
PF013157,CROP017,Sugarcane,West Bengal,2023,6,3646.2,3997.9,3632.8,31.5,37.2,3298.9
PF013158,CROP017,Sugarcane,West Bengal,2023,7,3298.9,3646.2,3997.9,-1.2,31.6,3232.6
PF013159,CROP017,Sugarcane,West Bengal,2023,8,3232.6,3298.9,3646.2,14.3,37.8,3154.9
PF013160,CROP017,Sugarcane,West Bengal,2023,9,3154.9,3232.6,3298.9,-7.8,34.8,3095.8
PF013161,CROP017,Sugarcane,West Bengal,2023,10,3095.8,3154.9,3232.6,-4.6,42.3,3322.5
PF013162,CROP017,Sugarcane,West Bengal,2023,11,3322.5,3095.8,3154.9,-24.9,44.2,3183.2
PF013163,CROP017,Sugarcane,West Bengal,2023,12,3183.2,3322.5,3095.8,37.3,57.6,3400.2
PF013196,CROP017,Sugarcane,West Bengal,2021,4,4226.0,4131.2,4097.0,-18.9,59.4,3850.2
PF013197,CROP017,Sugarcane,West Bengal,2021,5,3850.2,4226.0,4131.2,7.9,48.9,3983.2
PF013198,CROP017,Sugarcane,West Bengal,2021,6,3983.2,3850.2,4226.0,12.7,35.9,3721.2
PF013199,CROP017,Sugarcane,West Bengal,2021,7,3721.2,3983.2,3850.2,8.4,55.2,3578.6
PF013200,CROP017,Sugarcane,West Bengal,2021,8,3578.6,3721.2,3983.2,-11.5,53.5,3269.4
PF013201,CROP017,Sugarcane,West Bengal,2021,9,3269.4,3578.6,3721.2,4.8,34.0,3352.3
PF013202,CROP017,Sugarcane,West Bengal,2021,10,3352.3,3269.4,3578.6,21.1,44.4,3413.5
PF013203,CROP017,Sugarcane,West Bengal,2021,11,3413.5,3352.3,3269.4,-2.4,57.6,3380.3
PF013204,CROP017,Sugarcane,West Bengal,2021,12,3380.3,3413.5,3352.3,10.8,62.2,3800.0
PF013205,CROP017,Sugarcane,West Bengal,2022,1,3800.0,3380.3,3413.5,-14.7,65.4,3907.1
PF013206,CROP017,Sugarcane,West Bengal,2022,2,3907.1,3800.0,3380.3,-9.2,51.8,4259.9
PF013207,CROP017,Sugarcane,West Bengal,2022,3,4259.9,3907.1,3800.0,-8.0,37.0,3850.5
PF013208,CROP017,Sugarcane,West Bengal,2022,4,3850.5,4259.9,3907.1,0.4,49.2,3892.0
PF013209,CROP017,Sugarcane,West Bengal,2022,5,3892.0,3850.5,4259.9,-11.0,54.8,4063.7
PF013210,CROP017,Sugarcane,West Bengal,2022,6,4063.7,3892.0,3850.5,-14.5,69.1,3475.7
PF013211,CROP017,Sugarcane,West Bengal,2022,7,3475.7,4063.7,3892.0,-6.0,49.2,3316.5
PF013212,CROP017,Sugarcane,West Bengal,2022,8,3316.5,3475.7,4063.7,1.0,40.7,3532.3
PF013213,CROP017,Sugarcane,West Bengal,2022,9,3532.3,3316.5,3475.7,13.9,47.7,3247.9
PF013214,CROP017,Sugarcane,West Bengal,2022,10,3247.9,3532.3,3316.5,4.1,39.6,3455.1
PF013215,CROP017,Sugarcane,West Bengal,2022,11,3455.1,3247.9,3532.3,7.7,28.7,3448.1
PF013216,CROP017,Sugarcane,West Bengal,2022,12,3448.1,3455.1,3247.9,-13.5,57.3,3570.0
PF013217,CROP017,Sugarcane,West Bengal,2023,1,3570.0,3448.1,3455.1,-10.9,39.5,3600.8
PF013218,CROP017,Sugarcane,West Bengal,2023,2,3600.8,3570.0,3448.1,-3.6,42.0,4421.1
PF013219,CROP017,Sugarcane,West Bengal,2023,3,4421.1,3600.8,3570.0,24.4,59.2,4163.4
PF013220,CROP017,Sugarcane,West Bengal,2023,4,4163.4,4421.1,3600.8,-3.1,23.6,4214.4
PF013221,CROP017,Sugarcane,West Bengal,2023,5,4214.4,4163.4,4421.1,-17.9,61.9,3763.2
PF013222,CROP017,Sugarcane,West Bengal,2023,6,3763.2,4214.4,4163.4,-11.2,47.4,3713.9
PF013223,CROP017,Sugarcane,West Bengal,2023,7,3713.9,3763.2,4214.4,-8.2,54.6,3547.8
PF013224,CROP017,Sugarcane,West Bengal,2023,8,3547.8,3713.9,3763.2,13.6,53.9,3386.5
PF013225,CROP017,Sugarcane,West Bengal,2023,9,3386.5,3547.8,3713.9,7.1,59.0,3420.8
PF013226,CROP017,Sugarcane,West Bengal,2023,10,3420.8,3386.5,3547.8,11.6,47.2,3266.8
PF013227,CROP017,Sugarcane,West Bengal,2023,11,3266.8,3420.8,3386.5,-10.5,47.4,3454.3
PF013228,CROP017,Sugarcane,West Bengal,2023,12,3454.3,3266.8,3420.8,-9.9,53.8,3813.0
PF013261,CROP018,Jute,Punjab,2021,4,3808.8,3803.2,3661.5,11.1,39.0,3969.0
PF013262,CROP018,Jute,Punjab,2021,5,3969.0,3808.8,3803.2,13.3,29.0,3659.6
PF013263,CROP018,Jute,Punjab,2021,6,3659.6,3969.0,3808.8,8.3,25.2,3537.4
PF013264,CROP018,Jute,Punjab,2021,7,3537.4,3659.6,3969.0,-18.0,58.3,3351.7
PF013265,CROP018,Jute,Punjab,2021,8,3351.7,3537.4,3659.6,4.1,52.8,3164.6
PF013266,CROP018,Jute,Punjab,2021,9,3164.6,3351.7,3537.4,-9.9,44.4,3156.2
PF013267,CROP018,Jute,Punjab,2021,10,3156.2,3164.6,3351.7,7.0,35.5,3291.6
PF013268,CROP018,Jute,Punjab,2021,11,3291.6,3156.2,3164.6,25.4,56.8,3428.8
PF013269,CROP018,Jute,Punjab,2021,12,3428.8,3291.6,3156.2,34.1,39.4,3727.3
PF013270,CROP018,Jute,Punjab,2022,1,3727.3,3428.8,3291.6,19.8,31.1,3701.8
PF013271,CROP018,Jute,Punjab,2022,2,3701.8,3727.3,3428.8,-6.4,45.2,3828.2
PF013272,CROP018,Jute,Punjab,2022,3,3828.2,3701.8,3727.3,-0.7,45.7,4076.4
PF013273,CROP018,Jute,Punjab,2022,4,4076.4,3828.2,3701.8,-18.2,60.5,3792.8
PF013274,CROP018,Jute,Punjab,2022,5,3792.8,4076.4,3828.2,-12.7,50.5,3663.7
PF013275,CROP018,Jute,Punjab,2022,6,3663.7,3792.8,4076.4,41.1,55.9,3342.6
PF013276,CROP018,Jute,Punjab,2022,7,3342.6,3663.7,3792.8,6.5,58.2,3436.3
PF013277,CROP018,Jute,Punjab,2022,8,3436.3,3342.6,3663.7,8.9,27.3,3310.2
PF013278,CROP018,Jute,Punjab,2022,9,3310.2,3436.3,3342.6,-5.5,60.8,3160.3
PF013279,CROP018,Jute,Punjab,2022,10,3160.3,3310.2,3436.3,-10.4,66.9,3353.7
PF013280,CROP018,Jute,Punjab,2022,11,3353.7,3160.3,3310.2,13.0,39.1,3608.4
PF013281,CROP018,Jute,Punjab,2022,12,3608.4,3353.7,3160.3,-1.4,43.3,3652.9
PF013282,CROP018,Jute,Punjab,2023,1,3652.9,3608.4,3353.7,8.4,54.9,3888.7
PF013283,CROP018,Jute,Punjab,2023,2,3888.7,3652.9,3608.4,-17.4,58.1,4205.5
PF013284,CROP018,Jute,Punjab,2023,3,4205.5,3888.7,3652.9,-18.0,38.2,4307.3
PF013285,CROP018,Jute,Punjab,2023,4,4307.3,4205.5,3888.7,6.7,47.8,3773.5
PF013286,CROP018,Jute,Punjab,2023,5,3773.5,4307.3,4205.5,-24.0,42.9,3747.7
PF013287,CROP018,Jute,Punjab,2023,6,3747.7,3773.5,4307.3,-21.8,63.0,3516.8
PF013288,CROP018,Jute,Punjab,2023,7,3516.8,3747.7,3773.5,11.0,63.0,3667.8
PF013289,CROP018,Jute,Punjab,2023,8,3667.8,3516.8,3747.7,1.2,45.3,3413.1
PF013290,CROP018,Jute,Punjab,2023,9,3413.1,3667.8,3516.8,20.9,37.1,3378.0
PF013291,CROP018,Jute,Punjab,2023,10,3378.0,3413.1,3667.8,-34.5,45.2,3159.6
PF013292,CROP018,Jute,Punjab,2023,11,3159.6,3378.0,3413.1,7.8,38.8,3592.6
PF013293,CROP018,Jute,Punjab,2023,12,3592.6,3159.6,3378.0,-39.7,65.7,3735.5
PF013326,CROP018,Jute,Punjab,2021,4,4028.1,4117.0,4193.0,1.3,43.6,4204.7
PF013327,CROP018,Jute,Punjab,2021,5,4204.7,4028.1,4117.0,7.8,51.6,3995.7
PF013328,CROP018,Jute,Punjab,2021,6,3995.7,4204.7,4028.1,23.2,42.6,3741.4
PF013329,CROP018,Jute,Punjab,2021,7,3741.4,3995.7,4204.7,-12.7,59.1,3454.2
PF013330,CROP018,Jute,Punjab,2021,8,3454.2,3741.4,3995.7,-6.6,43.3,3513.4
PF013331,CROP018,Jute,Punjab,2021,9,3513.4,3454.2,3741.4,-19.0,39.1,3427.7
PF013332,CROP018,Jute,Punjab,2021,10,3427.7,3513.4,3454.2,10.5,33.5,3568.4
PF013333,CROP018,Jute,Punjab,2021,11,3568.4,3427.7,3513.4,9.7,58.4,3808.5
PF013334,CROP018,Jute,Punjab,2021,12,3808.5,3568.4,3427.7,-2.2,37.1,3942.1
PF013335,CROP018,Jute,Punjab,2022,1,3942.1,3808.5,3568.4,4.5,37.2,3885.8
PF013336,CROP018,Jute,Punjab,2022,2,3885.8,3942.1,3808.5,9.7,41.4,4341.1
PF013337,CROP018,Jute,Punjab,2022,3,4341.1,3885.8,3942.1,-14.5,59.3,4059.0
PF013338,CROP018,Jute,Punjab,2022,4,4059.0,4341.1,3885.8,24.1,53.4,4358.1
PF013339,CROP018,Jute,Punjab,2022,5,4358.1,4059.0,4341.1,-13.2,44.2,3957.3
PF013340,CROP018,Jute,Punjab,2022,6,3957.3,4358.1,4059.0,10.7,27.9,3745.4
PF013341,CROP018,Jute,Punjab,2022,7,3745.4,3957.3,4358.1,-4.0,42.2,3671.9
PF013342,CROP018,Jute,Punjab,2022,8,3671.9,3745.4,3957.3,-13.5,69.7,3456.8
PF013343,CROP018,Jute,Punjab,2022,9,3456.8,3671.9,3745.4,6.9,68.4,3366.3
PF013344,CROP018,Jute,Punjab,2022,10,3366.3,3456.8,3671.9,5.1,84.4,3821.3
PF013345,CROP018,Jute,Punjab,2022,11,3821.3,3366.3,3456.8,34.0,85.1,3752.8
PF013346,CROP018,Jute,Punjab,2022,12,3752.8,3821.3,3366.3,7.1,45.9,3975.0
PF013347,CROP018,Jute,Punjab,2023,1,3975.0,3752.8,3821.3,-11.3,65.6,3818.6
PF013348,CROP018,Jute,Punjab,2023,2,3818.6,3975.0,3752.8,-25.4,35.5,4712.6
PF013349,CROP018,Jute,Punjab,2023,3,4712.6,3818.6,3975.0,-15.4,45.6,4005.0
PF013350,CROP018,Jute,Punjab,2023,4,4005.0,4712.6,3818.6,28.9,46.1,4362.1
PF013351,CROP018,Jute,Punjab,2023,5,4362.1,4005.0,4712.6,-29.3,65.9,4124.4
PF013352,CROP018,Jute,Punjab,2023,6,4124.4,4362.1,4005.0,-1.9,27.8,4071.4
PF013353,CROP018,Jute,Punjab,2023,7,4071.4,4124.4,4362.1,15.9,47.0,3805.6
PF013354,CROP018,Jute,Punjab,2023,8,3805.6,4071.4,4124.4,-2.2,27.5,3416.2
PF013355,CROP018,Jute,Punjab,2023,9,3416.2,3805.6,4071.4,-9.6,47.4,3427.2
PF013356,CROP018,Jute,Punjab,2023,10,3427.2,3416.2,3805.6,-2.8,53.9,3631.1
PF013357,CROP018,Jute,Punjab,2023,11,3631.1,3427.2,3416.2,-14.7,60.3,3661.8
PF013358,CROP018,Jute,Punjab,2023,12,3661.8,3631.1,3427.2,6.4,39.6,3923.0
PF013391,CROP018,Jute,Punjab,2021,4,4174.6,4334.0,3962.3,4.7,69.4,3837.7
PF013392,CROP018,Jute,Punjab,2021,5,3837.7,4174.6,4334.0,-7.1,40.7,3928.3
PF013393,CROP018,Jute,Punjab,2021,6,3928.3,3837.7,4174.6,-3.7,59.9,3998.2
PF013394,CROP018,Jute,Punjab,2021,7,3998.2,3928.3,3837.7,13.5,61.8,3835.5
PF013395,CROP018,Jute,Punjab,2021,8,3835.5,3998.2,3928.3,12.1,59.2,3329.6
PF013396,CROP018,Jute,Punjab,2021,9,3329.6,3835.5,3998.2,25.6,71.7,3375.7
PF013397,CROP018,Jute,Punjab,2021,10,3375.7,3329.6,3835.5,28.3,36.9,3484.9
PF013398,CROP018,Jute,Punjab,2021,11,3484.9,3375.7,3329.6,-5.5,67.3,3705.5
PF013399,CROP018,Jute,Punjab,2021,12,3705.5,3484.9,3375.7,22.2,48.8,3843.0
PF013400,CROP018,Jute,Punjab,2022,1,3843.0,3705.5,3484.9,1.8,47.5,4135.6
PF013401,CROP018,Jute,Punjab,2022,2,4135.6,3843.0,3705.5,-33.2,61.0,4086.2
PF013402,CROP018,Jute,Punjab,2022,3,4086.2,4135.6,3843.0,6.4,61.9,4221.4
PF013403,CROP018,Jute,Punjab,2022,4,4221.4,4086.2,4135.6,0.7,46.3,4539.9
PF013404,CROP018,Jute,Punjab,2022,5,4539.9,4221.4,4086.2,-12.1,27.5,3816.6
PF013405,CROP018,Jute,Punjab,2022,6,3816.6,4539.9,4221.4,18.4,38.9,4049.7
PF013406,CROP018,Jute,Punjab,2022,7,4049.7,3816.6,4539.9,1.3,35.9,3788.9
PF013407,CROP018,Jute,Punjab,2022,8,3788.9,4049.7,3816.6,-4.7,21.9,3473.2
PF013408,CROP018,Jute,Punjab,2022,9,3473.2,3788.9,4049.7,14.4,53.8,3325.3
PF013409,CROP018,Jute,Punjab,2022,10,3325.3,3473.2,3788.9,9.5,60.2,3359.1
PF013410,CROP018,Jute,Punjab,2022,11,3359.1,3325.3,3473.2,0.6,44.5,3863.2
PF013411,CROP018,Jute,Punjab,2022,12,3863.2,3359.1,3325.3,0.6,50.0,3820.0
PF013412,CROP018,Jute,Punjab,2023,1,3820.0,3863.2,3359.1,-3.1,48.9,4414.4
PF013413,CROP018,Jute,Punjab,2023,2,4414.4,3820.0,3863.2,17.3,66.9,4085.0
PF013414,CROP018,Jute,Punjab,2023,3,4085.0,4414.4,3820.0,8.3,74.1,4197.3
PF013415,CROP018,Jute,Punjab,2023,4,4197.3,4085.0,4414.4,-15.5,53.1,4186.4
PF013416,CROP018,Jute,Punjab,2023,5,4186.4,4197.3,4085.0,15.5,60.1,4314.5
PF013417,CROP018,Jute,Punjab,2023,6,4314.5,4186.4,4197.3,4.6,57.4,3964.8
PF013418,CROP018,Jute,Punjab,2023,7,3964.8,4314.5,4186.4,12.3,57.8,3795.4
PF013419,CROP018,Jute,Punjab,2023,8,3795.4,3964.8,4314.5,13.5,67.3,3636.9
PF013420,CROP018,Jute,Punjab,2023,9,3636.9,3795.4,3964.8,3.6,46.3,3630.1
PF013421,CROP018,Jute,Punjab,2023,10,3630.1,3636.9,3795.4,9.2,67.0,3603.8
PF013422,CROP018,Jute,Punjab,2023,11,3603.8,3630.1,3636.9,1.4,52.4,4026.4
PF013423,CROP018,Jute,Punjab,2023,12,4026.4,3603.8,3630.1,12.9,66.5,4029.9
PF013456,CROP018,Jute,Haryana,2021,4,3699.1,3697.3,3492.0,-16.1,45.9,3756.3
PF013457,CROP018,Jute,Haryana,2021,5,3756.3,3699.1,3697.3,-17.1,62.9,3328.9
PF013458,CROP018,Jute,Haryana,2021,6,3328.9,3756.3,3699.1,-8.2,55.1,3373.3
PF013459,CROP018,Jute,Haryana,2021,7,3373.3,3328.9,3756.3,-28.3,61.5,3422.9
PF013460,CROP018,Jute,Haryana,2021,8,3422.9,3373.3,3328.9,21.2,46.1,2989.3
PF013461,CROP018,Jute,Haryana,2021,9,2989.3,3422.9,3373.3,-3.5,47.5,2899.3
PF013462,CROP018,Jute,Haryana,2021,10,2899.3,2989.3,3422.9,-1.6,62.4,3051.1
PF013463,CROP018,Jute,Haryana,2021,11,3051.1,2899.3,2989.3,8.0,16.6,3355.6
PF013464,CROP018,Jute,Haryana,2021,12,3355.6,3051.1,2899.3,26.7,51.8,3378.2
PF013465,CROP018,Jute,Haryana,2022,1,3378.2,3355.6,3051.1,-0.2,40.8,3677.7
PF013466,CROP018,Jute,Haryana,2022,2,3677.7,3378.2,3355.6,-0.7,51.7,3631.5
PF013467,CROP018,Jute,Haryana,2022,3,3631.5,3677.7,3378.2,3.2,53.8,3762.3
PF013468,CROP018,Jute,Haryana,2022,4,3762.3,3631.5,3677.7,8.8,38.7,4045.7
PF013469,CROP018,Jute,Haryana,2022,5,4045.7,3762.3,3631.5,16.4,27.7,3633.2
PF013470,CROP018,Jute,Haryana,2022,6,3633.2,4045.7,3762.3,5.2,61.4,3260.0
PF013471,CROP018,Jute,Haryana,2022,7,3260.0,3633.2,4045.7,27.7,41.0,3446.9
PF013472,CROP018,Jute,Haryana,2022,8,3446.9,3260.0,3633.2,13.3,61.2,3211.2
PF013473,CROP018,Jute,Haryana,2022,9,3211.2,3446.9,3260.0,3.5,52.0,3238.4
PF013474,CROP018,Jute,Haryana,2022,10,3238.4,3211.2,3446.9,30.4,64.6,3268.8
PF013475,CROP018,Jute,Haryana,2022,11,3268.8,3238.4,3211.2,-11.3,30.3,3350.9
PF013476,CROP018,Jute,Haryana,2022,12,3350.9,3268.8,3238.4,-4.7,53.0,3464.0
PF013477,CROP018,Jute,Haryana,2023,1,3464.0,3350.9,3268.8,6.8,57.4,3876.4
PF013478,CROP018,Jute,Haryana,2023,2,3876.4,3464.0,3350.9,-12.7,41.0,3687.6
PF013479,CROP018,Jute,Haryana,2023,3,3687.6,3876.4,3464.0,-0.7,48.4,3682.6
PF013480,CROP018,Jute,Haryana,2023,4,3682.6,3687.6,3876.4,16.5,54.2,3705.1
PF013481,CROP018,Jute,Haryana,2023,5,3705.1,3682.6,3687.6,2.3,50.7,3417.1
PF013482,CROP018,Jute,Haryana,2023,6,3417.1,3705.1,3682.6,-10.5,76.2,3664.1
PF013483,CROP018,Jute,Haryana,2023,7,3664.1,3417.1,3705.1,-1.3,69.7,3266.9
PF013484,CROP018,Jute,Haryana,2023,8,3266.9,3664.1,3417.1,-17.0,62.7,2976.7
PF013485,CROP018,Jute,Haryana,2023,9,2976.7,3266.9,3664.1,23.8,42.0,3087.0
PF013486,CROP018,Jute,Haryana,2023,10,3087.0,2976.7,3266.9,-1.3,40.5,3046.6
PF013487,CROP018,Jute,Haryana,2023,11,3046.6,3087.0,2976.7,7.6,46.4,3424.8
PF013488,CROP018,Jute,Haryana,2023,12,3424.8,3046.6,3087.0,-30.7,42.9,3518.3
PF013521,CROP018,Jute,Haryana,2021,4,4253.4,3973.5,4572.3,0.7,40.4,4476.0
PF013522,CROP018,Jute,Haryana,2021,5,4476.0,4253.4,3973.5,23.6,43.4,4160.1
PF013523,CROP018,Jute,Haryana,2021,6,4160.1,4476.0,4253.4,12.5,50.6,4038.1
PF013524,CROP018,Jute,Haryana,2021,7,4038.1,4160.1,4476.0,19.2,52.1,3890.0
PF013525,CROP018,Jute,Haryana,2021,8,3890.0,4038.1,4160.1,-25.9,48.6,3721.5
PF013526,CROP018,Jute,Haryana,2021,9,3721.5,3890.0,4038.1,13.0,61.0,3886.3
PF013527,CROP018,Jute,Haryana,2021,10,3886.3,3721.5,3890.0,-10.4,55.3,3792.4
PF013528,CROP018,Jute,Haryana,2021,11,3792.4,3886.3,3721.5,23.5,49.0,3825.3
PF013529,CROP018,Jute,Haryana,2021,12,3825.3,3792.4,3886.3,4.3,60.6,4273.6
PF013530,CROP018,Jute,Haryana,2022,1,4273.6,3825.3,3792.4,20.8,57.4,4339.1
PF013531,CROP018,Jute,Haryana,2022,2,4339.1,4273.6,3825.3,0.6,47.4,4222.1
PF013532,CROP018,Jute,Haryana,2022,3,4222.1,4339.1,4273.6,-18.8,50.1,4447.6
PF013533,CROP018,Jute,Haryana,2022,4,4447.6,4222.1,4339.1,-22.0,42.3,4338.8
PF013534,CROP018,Jute,Haryana,2022,5,4338.8,4447.6,4222.1,4.3,44.4,4516.5
PF013535,CROP018,Jute,Haryana,2022,6,4516.5,4338.8,4447.6,-16.8,76.3,4265.3
PF013536,CROP018,Jute,Haryana,2022,7,4265.3,4516.5,4338.8,11.2,47.1,3714.0
PF013537,CROP018,Jute,Haryana,2022,8,3714.0,4265.3,4516.5,6.0,52.3,3475.0
PF013538,CROP018,Jute,Haryana,2022,9,3475.0,3714.0,4265.3,-20.3,55.7,3730.4
PF013539,CROP018,Jute,Haryana,2022,10,3730.4,3475.0,3714.0,-7.2,65.7,3883.1
PF013540,CROP018,Jute,Haryana,2022,11,3883.1,3730.4,3475.0,-25.8,39.7,3854.6
PF013541,CROP018,Jute,Haryana,2022,12,3854.6,3883.1,3730.4,18.4,40.6,4092.9
PF013542,CROP018,Jute,Haryana,2023,1,4092.9,3854.6,3883.1,22.9,48.8,4393.4
PF013543,CROP018,Jute,Haryana,2023,2,4393.4,4092.9,3854.6,5.2,57.6,4640.4
PF013544,CROP018,Jute,Haryana,2023,3,4640.4,4393.4,4092.9,16.7,45.1,4915.1
PF013545,CROP018,Jute,Haryana,2023,4,4915.1,4640.4,4393.4,14.2,58.7,4537.0
PF013546,CROP018,Jute,Haryana,2023,5,4537.0,4915.1,4640.4,-1.0,36.7,4358.3
PF013547,CROP018,Jute,Haryana,2023,6,4358.3,4537.0,4915.1,-0.1,38.6,4007.6
PF013548,CROP018,Jute,Haryana,2023,7,4007.6,4358.3,4537.0,2.5,45.7,3860.2
PF013549,CROP018,Jute,Haryana,2023,8,3860.2,4007.6,4358.3,-3.9,46.7,3634.0
PF013550,CROP018,Jute,Haryana,2023,9,3634.0,3860.2,4007.6,5.5,51.4,3740.7
PF013551,CROP018,Jute,Haryana,2023,10,3740.7,3634.0,3860.2,-2.6,52.4,3847.0
PF013552,CROP018,Jute,Haryana,2023,11,3847.0,3740.7,3634.0,-22.4,23.6,4133.0
PF013553,CROP018,Jute,Haryana,2023,12,4133.0,3847.0,3740.7,14.2,47.1,4179.8
PF013586,CROP018,Jute,Uttar Pradesh,2021,4,3879.0,3957.6,3707.3,-0.1,48.3,3885.0
PF013587,CROP018,Jute,Uttar Pradesh,2021,5,3885.0,3879.0,3957.6,-2.2,51.7,3868.0
PF013588,CROP018,Jute,Uttar Pradesh,2021,6,3868.0,3885.0,3879.0,-27.4,58.6,3569.8
PF013589,CROP018,Jute,Uttar Pradesh,2021,7,3569.8,3868.0,3885.0,-7.1,63.5,3527.5
PF013590,CROP018,Jute,Uttar Pradesh,2021,8,3527.5,3569.8,3868.0,4.1,49.7,3344.9
PF013591,CROP018,Jute,Uttar Pradesh,2021,9,3344.9,3527.5,3569.8,-9.0,56.0,3093.3
PF013592,CROP018,Jute,Uttar Pradesh,2021,10,3093.3,3344.9,3527.5,-10.7,64.1,3297.9
PF013593,CROP018,Jute,Uttar Pradesh,2021,11,3297.9,3093.3,3344.9,-16.3,33.5,3251.9
PF013594,CROP018,Jute,Uttar Pradesh,2021,12,3251.9,3297.9,3093.3,17.0,51.2,3752.5
PF013595,CROP018,Jute,Uttar Pradesh,2022,1,3752.5,3251.9,3297.9,25.9,36.9,3644.5
PF013596,CROP018,Jute,Uttar Pradesh,2022,2,3644.5,3752.5,3251.9,7.0,63.3,4087.6
PF013597,CROP018,Jute,Uttar Pradesh,2022,3,4087.6,3644.5,3752.5,-19.0,52.1,3713.1
PF013598,CROP018,Jute,Uttar Pradesh,2022,4,3713.1,4087.6,3644.5,-8.8,42.4,4049.6
PF013599,CROP018,Jute,Uttar Pradesh,2022,5,4049.6,3713.1,4087.6,-1.0,59.8,3604.3
PF013600,CROP018,Jute,Uttar Pradesh,2022,6,3604.3,4049.6,3713.1,6.9,56.9,3252.7
PF013601,CROP018,Jute,Uttar Pradesh,2022,7,3252.7,3604.3,4049.6,-26.6,31.2,3468.3
PF013602,CROP018,Jute,Uttar Pradesh,2022,8,3468.3,3252.7,3604.3,19.1,46.2,3141.1
PF013603,CROP018,Jute,Uttar Pradesh,2022,9,3141.1,3468.3,3252.7,-8.3,56.1,3331.2
PF013604,CROP018,Jute,Uttar Pradesh,2022,10,3331.2,3141.1,3468.3,14.9,57.9,3219.2
PF013605,CROP018,Jute,Uttar Pradesh,2022,11,3219.2,3331.2,3141.1,12.4,52.3,3362.8
PF013606,CROP018,Jute,Uttar Pradesh,2022,12,3362.8,3219.2,3331.2,35.6,46.4,3557.7
PF013607,CROP018,Jute,Uttar Pradesh,2023,1,3557.7,3362.8,3219.2,-7.6,52.4,4046.4
PF013608,CROP018,Jute,Uttar Pradesh,2023,2,4046.4,3557.7,3362.8,-7.0,75.3,3778.4
PF013609,CROP018,Jute,Uttar Pradesh,2023,3,3778.4,4046.4,3557.7,26.9,51.0,3764.5
PF013610,CROP018,Jute,Uttar Pradesh,2023,4,3764.5,3778.4,4046.4,-14.7,40.7,3673.3
PF013611,CROP018,Jute,Uttar Pradesh,2023,5,3673.3,3764.5,3778.4,6.6,60.5,4006.8
PF013612,CROP018,Jute,Uttar Pradesh,2023,6,4006.8,3673.3,3764.5,-0.6,74.3,3646.9
PF013613,CROP018,Jute,Uttar Pradesh,2023,7,3646.9,4006.8,3673.3,25.1,42.3,3232.8
PF013614,CROP018,Jute,Uttar Pradesh,2023,8,3232.8,3646.9,4006.8,17.0,57.1,3297.3
PF013615,CROP018,Jute,Uttar Pradesh,2023,9,3297.3,3232.8,3646.9,3.0,34.2,3178.2
PF013616,CROP018,Jute,Uttar Pradesh,2023,10,3178.2,3297.3,3232.8,-15.2,45.1,3394.6
PF013617,CROP018,Jute,Uttar Pradesh,2023,11,3394.6,3178.2,3297.3,14.8,57.9,3429.9
PF013618,CROP018,Jute,Uttar Pradesh,2023,12,3429.9,3394.6,3178.2,-4.1,23.0,3635.8
PF013651,CROP018,Jute,Uttar Pradesh,2021,4,4956.8,4662.2,4539.0,-16.7,39.1,4545.0
PF013652,CROP018,Jute,Uttar Pradesh,2021,5,4545.0,4956.8,4662.2,19.6,57.2,4372.0
PF013653,CROP018,Jute,Uttar Pradesh,2021,6,4372.0,4545.0,4956.8,-26.3,54.1,4659.9
PF013654,CROP018,Jute,Uttar Pradesh,2021,7,4659.9,4372.0,4545.0,-2.0,57.9,4003.1
PF013655,CROP018,Jute,Uttar Pradesh,2021,8,4003.1,4659.9,4372.0,-34.1,71.8,3736.1
PF013656,CROP018,Jute,Uttar Pradesh,2021,9,3736.1,4003.1,4659.9,1.6,67.7,3862.8
PF013657,CROP018,Jute,Uttar Pradesh,2021,10,3862.8,3736.1,4003.1,-5.3,53.1,3860.2
PF013658,CROP018,Jute,Uttar Pradesh,2021,11,3860.2,3862.8,3736.1,2.7,45.1,4087.1
PF013659,CROP018,Jute,Uttar Pradesh,2021,12,4087.1,3860.2,3862.8,-10.5,51.9,4448.8
PF013660,CROP018,Jute,Uttar Pradesh,2022,1,4448.8,4087.1,3860.2,-0.9,64.5,4537.5
PF013661,CROP018,Jute,Uttar Pradesh,2022,2,4537.5,4448.8,4087.1,-16.8,49.2,4899.7
PF013662,CROP018,Jute,Uttar Pradesh,2022,3,4899.7,4537.5,4448.8,-19.9,10.1,4800.8
PF013663,CROP018,Jute,Uttar Pradesh,2022,4,4800.8,4899.7,4537.5,-0.6,40.1,4843.8
PF013664,CROP018,Jute,Uttar Pradesh,2022,5,4843.8,4800.8,4899.7,3.7,77.3,5000.5
PF013665,CROP018,Jute,Uttar Pradesh,2022,6,5000.5,4843.8,4800.8,12.1,66.2,4208.3
PF013666,CROP018,Jute,Uttar Pradesh,2022,7,4208.3,5000.5,4843.8,10.0,49.1,4223.8
PF013667,CROP018,Jute,Uttar Pradesh,2022,8,4223.8,4208.3,5000.5,30.0,45.6,3984.0
PF013668,CROP018,Jute,Uttar Pradesh,2022,9,3984.0,4223.8,4208.3,-16.7,67.4,4049.9
PF013669,CROP018,Jute,Uttar Pradesh,2022,10,4049.9,3984.0,4223.8,-21.3,63.9,4085.9
PF013670,CROP018,Jute,Uttar Pradesh,2022,11,4085.9,4049.9,3984.0,-14.6,47.9,4320.7
PF013671,CROP018,Jute,Uttar Pradesh,2022,12,4320.7,4085.9,4049.9,-35.1,59.6,4457.1
PF013672,CROP018,Jute,Uttar Pradesh,2023,1,4457.1,4320.7,4085.9,-32.3,48.0,4639.2
PF013673,CROP018,Jute,Uttar Pradesh,2023,2,4639.2,4457.1,4320.7,-36.4,50.5,4425.1
PF013674,CROP018,Jute,Uttar Pradesh,2023,3,4425.1,4639.2,4457.1,14.8,30.9,5121.9
PF013675,CROP018,Jute,Uttar Pradesh,2023,4,5121.9,4425.1,4639.2,-33.6,35.9,4539.3
PF013676,CROP018,Jute,Uttar Pradesh,2023,5,4539.3,5121.9,4425.1,-6.4,49.6,4602.9
PF013677,CROP018,Jute,Uttar Pradesh,2023,6,4602.9,4539.3,5121.9,8.9,41.5,4666.8
PF013678,CROP018,Jute,Uttar Pradesh,2023,7,4666.8,4602.9,4539.3,10.6,35.8,4217.9
PF013679,CROP018,Jute,Uttar Pradesh,2023,8,4217.9,4666.8,4602.9,1.0,59.3,3758.4
PF013680,CROP018,Jute,Uttar Pradesh,2023,9,3758.4,4217.9,4666.8,-3.3,47.0,4031.8
PF013681,CROP018,Jute,Uttar Pradesh,2023,10,4031.8,3758.4,4217.9,4.3,34.8,4054.4
PF013682,CROP018,Jute,Uttar Pradesh,2023,11,4054.4,4031.8,3758.4,15.5,65.4,3915.4
PF013683,CROP018,Jute,Uttar Pradesh,2023,12,3915.4,4054.4,4031.8,-27.0,47.8,4296.6
PF013716,CROP018,Jute,Uttar Pradesh,2021,4,4536.8,4612.3,4689.7,-24.4,37.9,4759.8
PF013717,CROP018,Jute,Uttar Pradesh,2021,5,4759.8,4536.8,4612.3,24.0,49.7,4669.8
PF013718,CROP018,Jute,Uttar Pradesh,2021,6,4669.8,4759.8,4536.8,-15.1,52.2,4288.2
PF013719,CROP018,Jute,Uttar Pradesh,2021,7,4288.2,4669.8,4759.8,-6.6,49.0,3822.4
PF013720,CROP018,Jute,Uttar Pradesh,2021,8,3822.4,4288.2,4669.8,15.6,51.1,3595.8
PF013721,CROP018,Jute,Uttar Pradesh,2021,9,3595.8,3822.4,4288.2,14.1,59.5,3838.5
PF013722,CROP018,Jute,Uttar Pradesh,2021,10,3838.5,3595.8,3822.4,-23.8,58.6,4051.6
PF013723,CROP018,Jute,Uttar Pradesh,2021,11,4051.6,3838.5,3595.8,-12.3,35.7,4294.0
PF013724,CROP018,Jute,Uttar Pradesh,2021,12,4294.0,4051.6,3838.5,-35.4,49.4,4332.0
PF013725,CROP018,Jute,Uttar Pradesh,2022,1,4332.0,4294.0,4051.6,7.5,70.6,4374.9
PF013726,CROP018,Jute,Uttar Pradesh,2022,2,4374.9,4332.0,4294.0,-8.2,44.5,4883.7
PF013727,CROP018,Jute,Uttar Pradesh,2022,3,4883.7,4374.9,4332.0,14.1,46.2,4694.9
PF013728,CROP018,Jute,Uttar Pradesh,2022,4,4694.9,4883.7,4374.9,17.3,35.4,4600.7
PF013729,CROP018,Jute,Uttar Pradesh,2022,5,4600.7,4694.9,4883.7,-2.1,55.8,4673.4
PF013730,CROP018,Jute,Uttar Pradesh,2022,6,4673.4,4600.7,4694.9,-26.9,61.7,4187.4
PF013731,CROP018,Jute,Uttar Pradesh,2022,7,4187.4,4673.4,4600.7,-27.9,60.2,4274.1
PF013732,CROP018,Jute,Uttar Pradesh,2022,8,4274.1,4187.4,4673.4,-17.7,58.0,4226.5
PF013733,CROP018,Jute,Uttar Pradesh,2022,9,4226.5,4274.1,4187.4,2.2,63.3,3916.8
PF013734,CROP018,Jute,Uttar Pradesh,2022,10,3916.8,4226.5,4274.1,-11.8,53.4,4203.8
PF013735,CROP018,Jute,Uttar Pradesh,2022,11,4203.8,3916.8,4226.5,1.5,41.7,4237.6
PF013736,CROP018,Jute,Uttar Pradesh,2022,12,4237.6,4203.8,3916.8,14.1,45.6,4303.4
PF013737,CROP018,Jute,Uttar Pradesh,2023,1,4303.4,4237.6,4203.8,21.6,51.6,4657.3
PF013738,CROP018,Jute,Uttar Pradesh,2023,2,4657.3,4303.4,4237.6,9.7,42.9,4846.0
PF013739,CROP018,Jute,Uttar Pradesh,2023,3,4846.0,4657.3,4303.4,9.5,44.4,4650.1
PF013740,CROP018,Jute,Uttar Pradesh,2023,4,4650.1,4846.0,4657.3,3.4,40.6,4490.1
PF013741,CROP018,Jute,Uttar Pradesh,2023,5,4490.1,4650.1,4846.0,2.3,35.9,4586.4
PF013742,CROP018,Jute,Uttar Pradesh,2023,6,4586.4,4490.1,4650.1,-1.0,40.5,4261.8
PF013743,CROP018,Jute,Uttar Pradesh,2023,7,4261.8,4586.4,4490.1,-32.8,29.1,4168.5
PF013744,CROP018,Jute,Uttar Pradesh,2023,8,4168.5,4261.8,4586.4,37.5,71.5,3994.4
PF013745,CROP018,Jute,Uttar Pradesh,2023,9,3994.4,4168.5,4261.8,2.4,48.9,3966.3
PF013746,CROP018,Jute,Uttar Pradesh,2023,10,3966.3,3994.4,4168.5,7.8,42.6,3809.0
PF013747,CROP018,Jute,Uttar Pradesh,2023,11,3809.0,3966.3,3994.4,6.4,66.7,4538.9
PF013748,CROP018,Jute,Uttar Pradesh,2023,12,4538.9,3809.0,3966.3,6.4,38.0,4458.2
PF013781,CROP018,Jute,Bihar,2021,4,4051.0,4045.9,3884.4,-9.9,40.8,3829.0
PF013782,CROP018,Jute,Bihar,2021,5,3829.0,4051.0,4045.9,-29.0,49.3,3983.3
PF013783,CROP018,Jute,Bihar,2021,6,3983.3,3829.0,4051.0,17.9,42.5,3439.6
PF013784,CROP018,Jute,Bihar,2021,7,3439.6,3983.3,3829.0,10.1,36.4,3402.2
PF013785,CROP018,Jute,Bihar,2021,8,3402.2,3439.6,3983.3,0.4,38.6,3180.8
PF013786,CROP018,Jute,Bihar,2021,9,3180.8,3402.2,3439.6,-24.7,40.9,3027.2
PF013787,CROP018,Jute,Bihar,2021,10,3027.2,3180.8,3402.2,7.9,45.1,3218.0
PF013788,CROP018,Jute,Bihar,2021,11,3218.0,3027.2,3180.8,24.6,60.1,3537.8
PF013789,CROP018,Jute,Bihar,2021,12,3537.8,3218.0,3027.2,19.4,51.8,3609.9
PF013790,CROP018,Jute,Bihar,2022,1,3609.9,3537.8,3218.0,31.0,43.1,4016.1
PF013791,CROP018,Jute,Bihar,2022,2,4016.1,3609.9,3537.8,4.3,39.7,3908.1
PF013792,CROP018,Jute,Bihar,2022,3,3908.1,4016.1,3609.9,7.4,33.5,3917.6
PF013793,CROP018,Jute,Bihar,2022,4,3917.6,3908.1,4016.1,0.3,55.4,4138.6
PF013794,CROP018,Jute,Bihar,2022,5,4138.6,3917.6,3908.1,-20.0,35.9,3830.7
PF013795,CROP018,Jute,Bihar,2022,6,3830.7,4138.6,3917.6,2.8,54.7,3381.7
PF013796,CROP018,Jute,Bihar,2022,7,3381.7,3830.7,4138.6,19.2,44.1,3459.2
PF013797,CROP018,Jute,Bihar,2022,8,3459.2,3381.7,3830.7,-16.0,53.3,3260.7
PF013798,CROP018,Jute,Bihar,2022,9,3260.7,3459.2,3381.7,16.5,65.8,3098.9
PF013799,CROP018,Jute,Bihar,2022,10,3098.9,3260.7,3459.2,5.9,38.5,3406.3
PF013800,CROP018,Jute,Bihar,2022,11,3406.3,3098.9,3260.7,-15.4,55.8,3326.2
PF013801,CROP018,Jute,Bihar,2022,12,3326.2,3406.3,3098.9,-18.7,60.0,3974.0
PF013802,CROP018,Jute,Bihar,2023,1,3974.0,3326.2,3406.3,-19.1,56.7,3793.4
PF013803,CROP018,Jute,Bihar,2023,2,3793.4,3974.0,3326.2,-2.3,57.5,3806.0
PF013804,CROP018,Jute,Bihar,2023,3,3806.0,3793.4,3974.0,1.5,36.2,4252.0
PF013805,CROP018,Jute,Bihar,2023,4,4252.0,3806.0,3793.4,-19.2,41.9,4043.9
PF013806,CROP018,Jute,Bihar,2023,5,4043.9,4252.0,3806.0,-12.3,47.9,4088.0
PF013807,CROP018,Jute,Bihar,2023,6,4088.0,4043.9,4252.0,-8.3,27.1,3795.5
PF013808,CROP018,Jute,Bihar,2023,7,3795.5,4088.0,4043.9,14.1,65.1,3391.1
PF013809,CROP018,Jute,Bihar,2023,8,3391.1,3795.5,4088.0,-29.4,55.5,3463.3
PF013810,CROP018,Jute,Bihar,2023,9,3463.3,3391.1,3795.5,2.6,37.5,3285.6
PF013811,CROP018,Jute,Bihar,2023,10,3285.6,3463.3,3391.1,-12.1,64.5,3465.5
PF013812,CROP018,Jute,Bihar,2023,11,3465.5,3285.6,3463.3,30.0,46.4,3483.8
PF013813,CROP018,Jute,Bihar,2023,12,3483.8,3465.5,3285.6,3.5,52.6,3815.0
PF013846,CROP018,Jute,Bihar,2021,4,4337.8,4384.7,3943.1,21.9,38.8,4672.0
PF013847,CROP018,Jute,Bihar,2021,5,4672.0,4337.8,4384.7,-37.3,48.9,4309.4
PF013848,CROP018,Jute,Bihar,2021,6,4309.4,4672.0,4337.8,-23.0,46.8,3861.1
PF013849,CROP018,Jute,Bihar,2021,7,3861.1,4309.4,4672.0,6.4,53.0,4088.5
PF013850,CROP018,Jute,Bihar,2021,8,4088.5,3861.1,4309.4,-19.2,47.9,3957.2
PF013851,CROP018,Jute,Bihar,2021,9,3957.2,4088.5,3861.1,-4.0,44.8,3752.5
PF013852,CROP018,Jute,Bihar,2021,10,3752.5,3957.2,4088.5,-18.8,37.8,3486.2
PF013853,CROP018,Jute,Bihar,2021,11,3486.2,3752.5,3957.2,-6.7,62.4,3559.0
PF013854,CROP018,Jute,Bihar,2021,12,3559.0,3486.2,3752.5,21.2,57.7,4191.0
PF013855,CROP018,Jute,Bihar,2022,1,4191.0,3559.0,3486.2,11.3,60.1,4683.9
PF013856,CROP018,Jute,Bihar,2022,2,4683.9,4191.0,3559.0,-30.2,42.3,4421.5
PF013857,CROP018,Jute,Bihar,2022,3,4421.5,4683.9,4191.0,-20.0,46.1,5005.7
PF013858,CROP018,Jute,Bihar,2022,4,5005.7,4421.5,4683.9,-8.1,40.6,4603.0
PF013859,CROP018,Jute,Bihar,2022,5,4603.0,5005.7,4421.5,-5.1,49.6,4530.7
PF013860,CROP018,Jute,Bihar,2022,6,4530.7,4603.0,5005.7,-6.5,44.3,4157.2
PF013861,CROP018,Jute,Bihar,2022,7,4157.2,4530.7,4603.0,6.9,67.3,3953.3
PF013862,CROP018,Jute,Bihar,2022,8,3953.3,4157.2,4530.7,-23.0,43.6,3947.3
PF013863,CROP018,Jute,Bihar,2022,9,3947.3,3953.3,4157.2,24.1,47.1,3652.5
PF013864,CROP018,Jute,Bihar,2022,10,3652.5,3947.3,3953.3,20.6,53.3,3651.0
PF013865,CROP018,Jute,Bihar,2022,11,3651.0,3652.5,3947.3,-8.7,43.3,4046.9
PF013866,CROP018,Jute,Bihar,2022,12,4046.9,3651.0,3652.5,6.2,47.2,4193.2
PF013867,CROP018,Jute,Bihar,2023,1,4193.2,4046.9,3651.0,8.5,30.3,4618.1
PF013868,CROP018,Jute,Bihar,2023,2,4618.1,4193.2,4046.9,-7.1,33.0,4640.7
PF013869,CROP018,Jute,Bihar,2023,3,4640.7,4618.1,4193.2,19.8,52.5,4812.6
PF013870,CROP018,Jute,Bihar,2023,4,4812.6,4640.7,4618.1,-3.7,43.2,4634.1
PF013871,CROP018,Jute,Bihar,2023,5,4634.1,4812.6,4640.7,-14.2,62.3,4501.7
PF013872,CROP018,Jute,Bihar,2023,6,4501.7,4634.1,4812.6,-0.0,49.7,4123.9
PF013873,CROP018,Jute,Bihar,2023,7,4123.9,4501.7,4634.1,-17.8,66.9,4218.5
PF013874,CROP018,Jute,Bihar,2023,8,4218.5,4123.9,4501.7,10.4,47.8,3833.3
PF013875,CROP018,Jute,Bihar,2023,9,3833.3,4218.5,4123.9,-9.1,47.8,3895.8
PF013876,CROP018,Jute,Bihar,2023,10,3895.8,3833.3,4218.5,2.3,67.0,3873.9
PF013877,CROP018,Jute,Bihar,2023,11,3873.9,3895.8,3833.3,10.7,60.9,3940.2
PF013878,CROP018,Jute,Bihar,2023,12,3940.2,3873.9,3895.8,-0.3,55.3,3941.3
PF013911,CROP018,Jute,West Bengal,2021,4,3895.8,3817.4,3275.3,13.4,38.9,3865.1
PF013912,CROP018,Jute,West Bengal,2021,5,3865.1,3895.8,3817.4,-0.6,30.6,3566.0
PF013913,CROP018,Jute,West Bengal,2021,6,3566.0,3865.1,3895.8,4.3,39.8,3672.7
PF013914,CROP018,Jute,West Bengal,2021,7,3672.7,3566.0,3865.1,4.4,53.1,3360.4
PF013915,CROP018,Jute,West Bengal,2021,8,3360.4,3672.7,3566.0,-5.3,51.4,3193.4
PF013916,CROP018,Jute,West Bengal,2021,9,3193.4,3360.4,3672.7,-3.2,47.5,3066.6
PF013917,CROP018,Jute,West Bengal,2021,10,3066.6,3193.4,3360.4,0.2,61.2,3109.4
PF013918,CROP018,Jute,West Bengal,2021,11,3109.4,3066.6,3193.4,-4.2,64.2,3123.0
PF013919,CROP018,Jute,West Bengal,2021,12,3123.0,3109.4,3066.6,-2.6,61.2,3116.0
PF013920,CROP018,Jute,West Bengal,2022,1,3116.0,3123.0,3109.4,-7.8,41.9,3553.0
PF013921,CROP018,Jute,West Bengal,2022,2,3553.0,3116.0,3123.0,-13.7,51.4,3866.6
PF013922,CROP018,Jute,West Bengal,2022,3,3866.6,3553.0,3116.0,9.3,56.1,3778.8
PF013923,CROP018,Jute,West Bengal,2022,4,3778.8,3866.6,3553.0,-13.8,45.8,3979.4
PF013924,CROP018,Jute,West Bengal,2022,5,3979.4,3778.8,3866.6,25.8,23.9,3551.6
PF013925,CROP018,Jute,West Bengal,2022,6,3551.6,3979.4,3778.8,-32.5,60.4,3481.6
PF013926,CROP018,Jute,West Bengal,2022,7,3481.6,3551.6,3979.4,-11.4,44.0,3330.3
PF013927,CROP018,Jute,West Bengal,2022,8,3330.3,3481.6,3551.6,18.4,44.1,3095.3
PF013928,CROP018,Jute,West Bengal,2022,9,3095.3,3330.3,3481.6,-7.9,40.1,3125.4
PF013929,CROP018,Jute,West Bengal,2022,10,3125.4,3095.3,3330.3,8.9,46.4,2928.6
PF013930,CROP018,Jute,West Bengal,2022,11,2928.6,3125.4,3095.3,-21.4,35.8,3157.3
PF013931,CROP018,Jute,West Bengal,2022,12,3157.3,2928.6,3125.4,3.8,47.4,3466.8
PF013932,CROP018,Jute,West Bengal,2023,1,3466.8,3157.3,2928.6,5.3,48.3,3808.2
PF013933,CROP018,Jute,West Bengal,2023,2,3808.2,3466.8,3157.3,-8.1,41.0,3838.6
PF013934,CROP018,Jute,West Bengal,2023,3,3838.6,3808.2,3466.8,16.2,47.7,3657.2
PF013935,CROP018,Jute,West Bengal,2023,4,3657.2,3838.6,3808.2,-4.6,36.4,3967.9
PF013936,CROP018,Jute,West Bengal,2023,5,3967.9,3657.2,3838.6,31.7,37.5,3499.6
PF013937,CROP018,Jute,West Bengal,2023,6,3499.6,3967.9,3657.2,22.6,47.1,3317.5
PF013938,CROP018,Jute,West Bengal,2023,7,3317.5,3499.6,3967.9,-7.9,61.4,3192.7
PF013939,CROP018,Jute,West Bengal,2023,8,3192.7,3317.5,3499.6,2.8,81.6,3197.9
PF013940,CROP018,Jute,West Bengal,2023,9,3197.9,3192.7,3317.5,-7.7,67.8,3133.4
PF013941,CROP018,Jute,West Bengal,2023,10,3133.4,3197.9,3192.7,8.2,43.4,3163.9
PF013942,CROP018,Jute,West Bengal,2023,11,3163.9,3133.4,3197.9,4.3,38.8,3361.3
PF013943,CROP018,Jute,West Bengal,2023,12,3361.3,3163.9,3133.4,-0.6,63.3,3705.7
PF013976,CROP018,Jute,West Bengal,2021,4,4388.4,4020.4,3555.2,-0.4,43.3,3805.5
PF013977,CROP018,Jute,West Bengal,2021,5,3805.5,4388.4,4020.4,-1.3,51.6,4112.5
PF013978,CROP018,Jute,West Bengal,2021,6,4112.5,3805.5,4388.4,11.9,69.8,3435.3
PF013979,CROP018,Jute,West Bengal,2021,7,3435.3,4112.5,3805.5,-6.4,72.8,3623.6
PF013980,CROP018,Jute,West Bengal,2021,8,3623.6,3435.3,4112.5,-15.4,60.5,3308.7
PF013981,CROP018,Jute,West Bengal,2021,9,3308.7,3623.6,3435.3,-5.0,60.6,3333.9
PF013982,CROP018,Jute,West Bengal,2021,10,3333.9,3308.7,3623.6,-11.0,50.1,3255.8
PF013983,CROP018,Jute,West Bengal,2021,11,3255.8,3333.9,3308.7,1.7,56.9,3567.9
PF013984,CROP018,Jute,West Bengal,2021,12,3567.9,3255.8,3333.9,16.0,44.3,3748.8
PF013985,CROP018,Jute,West Bengal,2022,1,3748.8,3567.9,3255.8,13.4,54.4,4031.8
PF013986,CROP018,Jute,West Bengal,2022,2,4031.8,3748.8,3567.9,-9.1,35.4,3959.8
PF013987,CROP018,Jute,West Bengal,2022,3,3959.8,4031.8,3748.8,2.2,28.3,4162.0
PF013988,CROP018,Jute,West Bengal,2022,4,4162.0,3959.8,4031.8,5.5,45.8,3754.7
PF013989,CROP018,Jute,West Bengal,2022,5,3754.7,4162.0,3959.8,-1.7,46.6,3989.1
PF013990,CROP018,Jute,West Bengal,2022,6,3989.1,3754.7,4162.0,12.9,41.6,3698.6
PF013991,CROP018,Jute,West Bengal,2022,7,3698.6,3989.1,3754.7,-4.9,58.1,3370.1
PF013992,CROP018,Jute,West Bengal,2022,8,3370.1,3698.6,3989.1,20.1,42.9,3275.3
PF013993,CROP018,Jute,West Bengal,2022,9,3275.3,3370.1,3698.6,-17.9,50.9,3225.3
PF013994,CROP018,Jute,West Bengal,2022,10,3225.3,3275.3,3370.1,-7.9,26.0,3316.1
PF013995,CROP018,Jute,West Bengal,2022,11,3316.1,3225.3,3275.3,-11.8,57.1,3635.4
PF013996,CROP018,Jute,West Bengal,2022,12,3635.4,3316.1,3225.3,-0.1,64.0,3930.3
PF013997,CROP018,Jute,West Bengal,2023,1,3930.3,3635.4,3316.1,-23.4,40.6,3844.9
PF013998,CROP018,Jute,West Bengal,2023,2,3844.9,3930.3,3635.4,1.2,47.1,4125.8
PF013999,CROP018,Jute,West Bengal,2023,3,4125.8,3844.9,3930.3,-4.5,88.4,3981.3
PF014000,CROP018,Jute,West Bengal,2023,4,3981.3,4125.8,3844.9,-10.8,73.0,4002.8
PF014001,CROP018,Jute,West Bengal,2023,5,4002.8,3981.3,4125.8,-31.6,53.9,4052.8
PF014002,CROP018,Jute,West Bengal,2023,6,4052.8,4002.8,3981.3,14.9,51.6,3795.7
PF014003,CROP018,Jute,West Bengal,2023,7,3795.7,4052.8,4002.8,-14.5,49.9,3741.7
PF014004,CROP018,Jute,West Bengal,2023,8,3741.7,3795.7,4052.8,22.1,51.1,3330.2
PF014005,CROP018,Jute,West Bengal,2023,9,3330.2,3741.7,3795.7,-5.9,40.2,3300.3
PF014006,CROP018,Jute,West Bengal,2023,10,3300.3,3330.2,3741.7,-1.8,39.1,3205.6
PF014007,CROP018,Jute,West Bengal,2023,11,3205.6,3300.3,3330.2,0.2,31.7,3491.1
PF014008,CROP018,Jute,West Bengal,2023,12,3491.1,3205.6,3300.3,-3.3,46.2,3796.7
PF014041,CROP019,Potato,Punjab,2021,4,4943.0,5388.6,5152.4,9.4,52.0,5543.5
PF014042,CROP019,Potato,Punjab,2021,5,5543.5,4943.0,5388.6,9.2,58.2,4983.5
PF014043,CROP019,Potato,Punjab,2021,6,4983.5,5543.5,4943.0,-17.5,68.6,4861.5
PF014044,CROP019,Potato,Punjab,2021,7,4861.5,4983.5,5543.5,-6.4,40.5,4193.4
PF014045,CROP019,Potato,Punjab,2021,8,4193.4,4861.5,4983.5,-13.2,65.5,4256.1
PF014046,CROP019,Potato,Punjab,2021,9,4256.1,4193.4,4861.5,-11.9,66.6,4276.8
PF014047,CROP019,Potato,Punjab,2021,10,4276.8,4256.1,4193.4,-6.3,51.4,4349.3
PF014048,CROP019,Potato,Punjab,2021,11,4349.3,4276.8,4256.1,12.5,48.4,4735.3
PF014049,CROP019,Potato,Punjab,2021,12,4735.3,4349.3,4276.8,25.9,48.1,4729.5
PF014050,CROP019,Potato,Punjab,2022,1,4729.5,4735.3,4349.3,24.9,69.5,5464.4
PF014051,CROP019,Potato,Punjab,2022,2,5464.4,4729.5,4735.3,-8.7,50.3,5434.8
PF014052,CROP019,Potato,Punjab,2022,3,5434.8,5464.4,4729.5,11.1,40.2,5296.9
PF014053,CROP019,Potato,Punjab,2022,4,5296.9,5434.8,5464.4,-16.9,50.6,5282.1
PF014054,CROP019,Potato,Punjab,2022,5,5282.1,5296.9,5434.8,21.5,22.6,4944.6
PF014055,CROP019,Potato,Punjab,2022,6,4944.6,5282.1,5296.9,10.4,53.5,4930.4
PF014056,CROP019,Potato,Punjab,2022,7,4930.4,4944.6,5282.1,2.0,46.7,4205.2
PF014057,CROP019,Potato,Punjab,2022,8,4205.2,4930.4,4944.6,-18.2,76.2,4483.5
PF014058,CROP019,Potato,Punjab,2022,9,4483.5,4205.2,4930.4,-10.8,34.4,4233.7
PF014059,CROP019,Potato,Punjab,2022,10,4233.7,4483.5,4205.2,-10.4,55.5,4282.8
PF014060,CROP019,Potato,Punjab,2022,11,4282.8,4233.7,4483.5,-29.7,55.6,4307.4
PF014061,CROP019,Potato,Punjab,2022,12,4307.4,4282.8,4233.7,-0.2,55.3,4483.4
PF014062,CROP019,Potato,Punjab,2023,1,4483.4,4307.4,4282.8,-35.1,50.3,5318.4
PF014063,CROP019,Potato,Punjab,2023,2,5318.4,4483.4,4307.4,17.9,40.3,5332.2
PF014064,CROP019,Potato,Punjab,2023,3,5332.2,5318.4,4483.4,21.3,42.9,5485.8
PF014065,CROP019,Potato,Punjab,2023,4,5485.8,5332.2,5318.4,-23.3,27.7,5480.4
PF014066,CROP019,Potato,Punjab,2023,5,5480.4,5485.8,5332.2,12.7,42.9,5208.8
PF014067,CROP019,Potato,Punjab,2023,6,5208.8,5480.4,5485.8,-1.0,35.8,5062.8
PF014068,CROP019,Potato,Punjab,2023,7,5062.8,5208.8,5480.4,-11.0,59.2,4348.3
PF014069,CROP019,Potato,Punjab,2023,8,4348.3,5062.8,5208.8,-7.1,60.9,4635.8
PF014070,CROP019,Potato,Punjab,2023,9,4635.8,4348.3,5062.8,-8.5,50.8,4489.5
PF014071,CROP019,Potato,Punjab,2023,10,4489.5,4635.8,4348.3,-21.3,68.2,4453.7
PF014072,CROP019,Potato,Punjab,2023,11,4453.7,4489.5,4635.8,-5.1,35.4,4657.7
PF014073,CROP019,Potato,Punjab,2023,12,4657.7,4453.7,4489.5,-17.9,79.4,4716.3
PF014106,CROP019,Potato,Punjab,2021,4,4517.1,4475.3,4229.7,-9.4,30.0,4874.2
PF014107,CROP019,Potato,Punjab,2021,5,4874.2,4517.1,4475.3,-19.2,50.2,4226.2
PF014108,CROP019,Potato,Punjab,2021,6,4226.2,4874.2,4517.1,-11.3,54.8,3687.1
PF014109,CROP019,Potato,Punjab,2021,7,3687.1,4226.2,4874.2,-4.4,51.2,3859.8
PF014110,CROP019,Potato,Punjab,2021,8,3859.8,3687.1,4226.2,-21.6,51.4,3859.8
PF014111,CROP019,Potato,Punjab,2021,9,3859.8,3859.8,3687.1,32.6,55.1,3677.5
PF014112,CROP019,Potato,Punjab,2021,10,3677.5,3859.8,3859.8,9.0,50.5,3787.7
PF014113,CROP019,Potato,Punjab,2021,11,3787.7,3677.5,3859.8,-2.1,34.7,4055.3
PF014114,CROP019,Potato,Punjab,2021,12,4055.3,3787.7,3677.5,0.3,44.4,4249.5
PF014115,CROP019,Potato,Punjab,2022,1,4249.5,4055.3,3787.7,19.2,43.6,4365.5
PF014116,CROP019,Potato,Punjab,2022,2,4365.5,4249.5,4055.3,-9.8,69.4,4700.2
PF014117,CROP019,Potato,Punjab,2022,3,4700.2,4365.5,4249.5,4.4,68.2,4604.2
PF014118,CROP019,Potato,Punjab,2022,4,4604.2,4700.2,4365.5,-10.9,52.2,4654.5
PF014119,CROP019,Potato,Punjab,2022,5,4654.5,4604.2,4700.2,0.0,44.7,4453.4
PF014120,CROP019,Potato,Punjab,2022,6,4453.4,4654.5,4604.2,41.9,39.1,4148.5
PF014121,CROP019,Potato,Punjab,2022,7,4148.5,4453.4,4654.5,1.6,58.6,3935.3
PF014122,CROP019,Potato,Punjab,2022,8,3935.3,4148.5,4453.4,-4.5,19.2,3895.5
PF014123,CROP019,Potato,Punjab,2022,9,3895.5,3935.3,4148.5,-34.6,75.5,3475.7
PF014124,CROP019,Potato,Punjab,2022,10,3475.7,3895.5,3935.3,3.5,45.4,3824.0
PF014125,CROP019,Potato,Punjab,2022,11,3824.0,3475.7,3895.5,5.8,44.6,4009.5
PF014126,CROP019,Potato,Punjab,2022,12,4009.5,3824.0,3475.7,-6.2,49.9,4096.5
PF014127,CROP019,Potato,Punjab,2023,1,4096.5,4009.5,3824.0,3.1,33.9,4206.2
PF014128,CROP019,Potato,Punjab,2023,2,4206.2,4096.5,4009.5,-2.1,42.0,4646.7
PF014129,CROP019,Potato,Punjab,2023,3,4646.7,4206.2,4096.5,11.8,58.2,4559.3
PF014130,CROP019,Potato,Punjab,2023,4,4559.3,4646.7,4206.2,-0.2,60.5,4825.1
PF014131,CROP019,Potato,Punjab,2023,5,4825.1,4559.3,4646.7,3.4,60.8,4505.5
PF014132,CROP019,Potato,Punjab,2023,6,4505.5,4825.1,4559.3,-23.4,32.6,4029.8
PF014133,CROP019,Potato,Punjab,2023,7,4029.8,4505.5,4825.1,-3.3,61.3,4127.0
PF014134,CROP019,Potato,Punjab,2023,8,4127.0,4029.8,4505.5,-4.4,65.2,3910.3
PF014135,CROP019,Potato,Punjab,2023,9,3910.3,4127.0,4029.8,5.6,59.6,3696.8
PF014136,CROP019,Potato,Punjab,2023,10,3696.8,3910.3,4127.0,4.8,37.0,3781.7
PF014137,CROP019,Potato,Punjab,2023,11,3781.7,3696.8,3910.3,24.8,45.9,3836.6
PF014138,CROP019,Potato,Punjab,2023,12,3836.6,3781.7,3696.8,-14.6,45.1,4176.9
PF014171,CROP019,Potato,Punjab,2021,4,5067.2,5149.1,5041.1,-25.8,41.0,5016.8
PF014172,CROP019,Potato,Punjab,2021,5,5016.8,5067.2,5149.1,0.8,41.7,5025.4
PF014173,CROP019,Potato,Punjab,2021,6,5025.4,5016.8,5067.2,29.2,45.9,4900.2
PF014174,CROP019,Potato,Punjab,2021,7,4900.2,5025.4,5016.8,9.3,35.4,4719.3
PF014175,CROP019,Potato,Punjab,2021,8,4719.3,4900.2,5025.4,19.0,58.9,4472.3
PF014176,CROP019,Potato,Punjab,2021,9,4472.3,4719.3,4900.2,6.5,55.3,4046.3
PF014177,CROP019,Potato,Punjab,2021,10,4046.3,4472.3,4719.3,-6.1,27.8,4191.2
PF014178,CROP019,Potato,Punjab,2021,11,4191.2,4046.3,4472.3,16.9,62.3,4570.9
PF014179,CROP019,Potato,Punjab,2021,12,4570.9,4191.2,4046.3,16.3,30.0,4718.2
PF014180,CROP019,Potato,Punjab,2022,1,4718.2,4570.9,4191.2,2.6,38.8,5089.0
PF014181,CROP019,Potato,Punjab,2022,2,5089.0,4718.2,4570.9,-11.8,52.9,5484.5
PF014182,CROP019,Potato,Punjab,2022,3,5484.5,5089.0,4718.2,25.2,65.5,5062.7
PF014183,CROP019,Potato,Punjab,2022,4,5062.7,5484.5,5089.0,-10.3,41.3,5308.8
PF014184,CROP019,Potato,Punjab,2022,5,5308.8,5062.7,5484.5,8.7,50.5,4903.6
PF014185,CROP019,Potato,Punjab,2022,6,4903.6,5308.8,5062.7,11.2,60.6,4485.0
PF014186,CROP019,Potato,Punjab,2022,7,4485.0,4903.6,5308.8,23.9,60.8,4510.4
PF014187,CROP019,Potato,Punjab,2022,8,4510.4,4485.0,4903.6,-13.1,67.3,4349.0
PF014188,CROP019,Potato,Punjab,2022,9,4349.0,4510.4,4485.0,-15.2,54.3,4244.3
PF014189,CROP019,Potato,Punjab,2022,10,4244.3,4349.0,4510.4,-16.6,47.6,4573.6
PF014190,CROP019,Potato,Punjab,2022,11,4573.6,4244.3,4349.0,-8.1,67.6,4656.1
PF014191,CROP019,Potato,Punjab,2022,12,4656.1,4573.6,4244.3,12.0,53.5,4207.8
PF014192,CROP019,Potato,Punjab,2023,1,4207.8,4656.1,4573.6,0.3,32.8,4729.5
PF014193,CROP019,Potato,Punjab,2023,2,4729.5,4207.8,4656.1,-20.3,70.0,5546.4
PF014194,CROP019,Potato,Punjab,2023,3,5546.4,4729.5,4207.8,8.9,56.5,5288.6
PF014195,CROP019,Potato,Punjab,2023,4,5288.6,5546.4,4729.5,19.0,39.6,5370.5
PF014196,CROP019,Potato,Punjab,2023,5,5370.5,5288.6,5546.4,-1.5,59.2,5155.0
PF014197,CROP019,Potato,Punjab,2023,6,5155.0,5370.5,5288.6,22.0,48.9,4565.7
PF014198,CROP019,Potato,Punjab,2023,7,4565.7,5155.0,5370.5,5.5,40.5,4711.1
PF014199,CROP019,Potato,Punjab,2023,8,4711.1,4565.7,5155.0,-0.8,54.8,4350.7
PF014200,CROP019,Potato,Punjab,2023,9,4350.7,4711.1,4565.7,-11.7,52.6,4448.5
PF014201,CROP019,Potato,Punjab,2023,10,4448.5,4350.7,4711.1,-6.4,61.3,4448.1
PF014202,CROP019,Potato,Punjab,2023,11,4448.1,4448.5,4350.7,-0.8,32.5,4176.0
PF014203,CROP019,Potato,Punjab,2023,12,4176.0,4448.1,4448.5,-0.2,46.6,4835.5
PF014236,CROP019,Potato,Haryana,2021,4,5428.8,5680.7,5282.8,-4.2,57.8,5825.8
PF014237,CROP019,Potato,Haryana,2021,5,5825.8,5428.8,5680.7,11.6,43.1,5336.2
PF014238,CROP019,Potato,Haryana,2021,6,5336.2,5825.8,5428.8,0.5,41.5,5100.9
PF014239,CROP019,Potato,Haryana,2021,7,5100.9,5336.2,5825.8,17.5,47.6,4744.0
PF014240,CROP019,Potato,Haryana,2021,8,4744.0,5100.9,5336.2,-0.2,64.3,4401.2
PF014241,CROP019,Potato,Haryana,2021,9,4401.2,4744.0,5100.9,1.1,38.4,4401.9
PF014242,CROP019,Potato,Haryana,2021,10,4401.9,4401.2,4744.0,-3.2,51.6,4669.3
PF014243,CROP019,Potato,Haryana,2021,11,4669.3,4401.9,4401.2,-12.4,69.4,4651.5
PF014244,CROP019,Potato,Haryana,2021,12,4651.5,4669.3,4401.9,-12.3,46.9,5114.8
PF014245,CROP019,Potato,Haryana,2022,1,5114.8,4651.5,4669.3,-3.9,48.0,5190.8
PF014246,CROP019,Potato,Haryana,2022,2,5190.8,5114.8,4651.5,6.3,57.1,5253.8
PF014247,CROP019,Potato,Haryana,2022,3,5253.8,5190.8,5114.8,5.6,48.1,5540.7
PF014248,CROP019,Potato,Haryana,2022,4,5540.7,5253.8,5190.8,-8.5,56.6,5629.3
PF014249,CROP019,Potato,Haryana,2022,5,5629.3,5540.7,5253.8,-14.4,49.2,5496.5
PF014250,CROP019,Potato,Haryana,2022,6,5496.5,5629.3,5540.7,-17.2,41.1,5633.2
PF014251,CROP019,Potato,Haryana,2022,7,5633.2,5496.5,5629.3,31.3,52.0,5094.3
PF014252,CROP019,Potato,Haryana,2022,8,5094.3,5633.2,5496.5,19.2,53.1,4822.6
PF014253,CROP019,Potato,Haryana,2022,9,4822.6,5094.3,5633.2,-6.0,40.8,4253.4
PF014254,CROP019,Potato,Haryana,2022,10,4253.4,4822.6,5094.3,18.9,48.7,4634.4
PF014255,CROP019,Potato,Haryana,2022,11,4634.4,4253.4,4822.6,-25.2,38.8,4874.4
PF014256,CROP019,Potato,Haryana,2022,12,4874.4,4634.4,4253.4,-9.7,43.5,5151.2
PF014257,CROP019,Potato,Haryana,2023,1,5151.2,4874.4,4634.4,-1.6,40.2,5449.2
PF014258,CROP019,Potato,Haryana,2023,2,5449.2,5151.2,4874.4,-1.2,47.3,5561.9
PF014259,CROP019,Potato,Haryana,2023,3,5561.9,5449.2,5151.2,20.4,45.2,5460.7
PF014260,CROP019,Potato,Haryana,2023,4,5460.7,5561.9,5449.2,-7.9,39.4,5224.1
PF014261,CROP019,Potato,Haryana,2023,5,5224.1,5460.7,5561.9,-8.3,58.0,5152.4
PF014262,CROP019,Potato,Haryana,2023,6,5152.4,5224.1,5460.7,8.2,57.6,5114.0
PF014263,CROP019,Potato,Haryana,2023,7,5114.0,5152.4,5224.1,-1.6,56.9,4639.2
PF014264,CROP019,Potato,Haryana,2023,8,4639.2,5114.0,5152.4,-8.1,51.6,4785.9
PF014265,CROP019,Potato,Haryana,2023,9,4785.9,4639.2,5114.0,4.4,58.1,4692.4
PF014266,CROP019,Potato,Haryana,2023,10,4692.4,4785.9,4639.2,17.0,50.3,4699.9
PF014267,CROP019,Potato,Haryana,2023,11,4699.9,4692.4,4785.9,10.9,70.3,4777.7
PF014268,CROP019,Potato,Haryana,2023,12,4777.7,4699.9,4692.4,6.7,45.4,5204.3
PF014301,CROP019,Potato,Haryana,2021,4,5171.6,5544.0,5036.8,-3.8,33.7,5378.8
PF014302,CROP019,Potato,Haryana,2021,5,5378.8,5171.6,5544.0,-8.5,49.7,5137.7
PF014303,CROP019,Potato,Haryana,2021,6,5137.7,5378.8,5171.6,-9.5,40.5,4578.8
PF014304,CROP019,Potato,Haryana,2021,7,4578.8,5137.7,5378.8,-22.0,53.6,4365.5
PF014305,CROP019,Potato,Haryana,2021,8,4365.5,4578.8,5137.7,8.8,29.1,4207.3
PF014306,CROP019,Potato,Haryana,2021,9,4207.3,4365.5,4578.8,14.5,72.5,4576.0
PF014307,CROP019,Potato,Haryana,2021,10,4576.0,4207.3,4365.5,-14.8,48.6,4370.3
PF014308,CROP019,Potato,Haryana,2021,11,4370.3,4576.0,4207.3,-0.1,86.3,4173.5
PF014309,CROP019,Potato,Haryana,2021,12,4173.5,4370.3,4576.0,0.4,36.9,5115.6
PF014310,CROP019,Potato,Haryana,2022,1,5115.6,4173.5,4370.3,6.8,52.8,5437.0
PF014311,CROP019,Potato,Haryana,2022,2,5437.0,5115.6,4173.5,-12.7,40.8,5323.2
PF014312,CROP019,Potato,Haryana,2022,3,5323.2,5437.0,5115.6,0.9,48.6,5225.7
PF014313,CROP019,Potato,Haryana,2022,4,5225.7,5323.2,5437.0,6.7,49.8,5114.0
PF014314,CROP019,Potato,Haryana,2022,5,5114.0,5225.7,5323.2,-1.1,43.6,5337.2
PF014315,CROP019,Potato,Haryana,2022,6,5337.2,5114.0,5225.7,-13.1,55.9,4691.3
PF014316,CROP019,Potato,Haryana,2022,7,4691.3,5337.2,5114.0,-15.2,42.6,5080.8
PF014317,CROP019,Potato,Haryana,2022,8,5080.8,4691.3,5337.2,6.2,65.3,4477.9
PF014318,CROP019,Potato,Haryana,2022,9,4477.9,5080.8,4691.3,17.7,48.3,4060.7
PF014319,CROP019,Potato,Haryana,2022,10,4060.7,4477.9,5080.8,-14.2,61.2,4194.3
PF014320,CROP019,Potato,Haryana,2022,11,4194.3,4060.7,4477.9,-1.4,74.1,4203.8
PF014321,CROP019,Potato,Haryana,2022,12,4203.8,4194.3,4060.7,4.2,46.6,4550.4
PF014322,CROP019,Potato,Haryana,2023,1,4550.4,4203.8,4194.3,7.0,72.8,4876.4
PF014323,CROP019,Potato,Haryana,2023,2,4876.4,4550.4,4203.8,21.4,36.6,5180.1
PF014324,CROP019,Potato,Haryana,2023,3,5180.1,4876.4,4550.4,-17.6,39.3,5379.9
PF014325,CROP019,Potato,Haryana,2023,4,5379.9,5180.1,4876.4,2.7,49.4,5086.1
PF014326,CROP019,Potato,Haryana,2023,5,5086.1,5379.9,5180.1,-13.1,43.1,4983.0
PF014327,CROP019,Potato,Haryana,2023,6,4983.0,5086.1,5379.9,-13.1,51.4,4885.1
PF014328,CROP019,Potato,Haryana,2023,7,4885.1,4983.0,5086.1,-2.3,75.7,4541.6
PF014329,CROP019,Potato,Haryana,2023,8,4541.6,4885.1,4983.0,9.8,39.3,4544.9
PF014330,CROP019,Potato,Haryana,2023,9,4544.9,4541.6,4885.1,-28.6,54.1,4198.5
PF014331,CROP019,Potato,Haryana,2023,10,4198.5,4544.9,4541.6,-21.2,49.7,4461.2
PF014332,CROP019,Potato,Haryana,2023,11,4461.2,4198.5,4544.9,-1.4,51.3,4712.2
PF014333,CROP019,Potato,Haryana,2023,12,4712.2,4461.2,4198.5,-5.0,54.5,4749.6
PF014366,CROP019,Potato,Uttar Pradesh,2021,4,5396.3,5349.1,5025.4,-6.2,51.9,5472.7
PF014367,CROP019,Potato,Uttar Pradesh,2021,5,5472.7,5396.3,5349.1,2.6,43.7,4851.0
PF014368,CROP019,Potato,Uttar Pradesh,2021,6,4851.0,5472.7,5396.3,19.8,64.4,4797.7
PF014369,CROP019,Potato,Uttar Pradesh,2021,7,4797.7,4851.0,5472.7,-5.7,50.6,4666.0
PF014370,CROP019,Potato,Uttar Pradesh,2021,8,4666.0,4797.7,4851.0,31.3,65.0,4466.4
PF014371,CROP019,Potato,Uttar Pradesh,2021,9,4466.4,4666.0,4797.7,8.9,50.1,4407.7
PF014372,CROP019,Potato,Uttar Pradesh,2021,10,4407.7,4466.4,4666.0,4.4,55.8,4551.7
PF014373,CROP019,Potato,Uttar Pradesh,2021,11,4551.7,4407.7,4466.4,3.0,37.2,4639.0
PF014374,CROP019,Potato,Uttar Pradesh,2021,12,4639.0,4551.7,4407.7,-0.3,46.7,4924.0
PF014375,CROP019,Potato,Uttar Pradesh,2022,1,4924.0,4639.0,4551.7,-9.3,71.4,5729.6
PF014376,CROP019,Potato,Uttar Pradesh,2022,2,5729.6,4924.0,4639.0,22.6,61.1,5560.9
PF014377,CROP019,Potato,Uttar Pradesh,2022,3,5560.9,5729.6,4924.0,1.7,46.2,5492.2
PF014378,CROP019,Potato,Uttar Pradesh,2022,4,5492.2,5560.9,5729.6,20.4,52.9,5394.2
PF014379,CROP019,Potato,Uttar Pradesh,2022,5,5394.2,5492.2,5560.9,-7.0,38.5,5443.3
PF014380,CROP019,Potato,Uttar Pradesh,2022,6,5443.3,5394.2,5492.2,-4.3,39.0,5056.7
PF014381,CROP019,Potato,Uttar Pradesh,2022,7,5056.7,5443.3,5394.2,26.5,41.1,4374.6
PF014382,CROP019,Potato,Uttar Pradesh,2022,8,4374.6,5056.7,5443.3,2.3,47.6,4565.4
PF014383,CROP019,Potato,Uttar Pradesh,2022,9,4565.4,4374.6,5056.7,17.6,38.2,4295.2
PF014384,CROP019,Potato,Uttar Pradesh,2022,10,4295.2,4565.4,4374.6,-12.1,59.2,4677.4
PF014385,CROP019,Potato,Uttar Pradesh,2022,11,4677.4,4295.2,4565.4,-4.4,28.9,4452.1
PF014386,CROP019,Potato,Uttar Pradesh,2022,12,4452.1,4677.4,4295.2,12.8,42.2,4751.9
PF014387,CROP019,Potato,Uttar Pradesh,2023,1,4751.9,4452.1,4677.4,31.0,48.2,5612.2
PF014388,CROP019,Potato,Uttar Pradesh,2023,2,5612.2,4751.9,4452.1,2.7,47.1,5779.6
PF014389,CROP019,Potato,Uttar Pradesh,2023,3,5779.6,5612.2,4751.9,13.5,47.1,5813.4
PF014390,CROP019,Potato,Uttar Pradesh,2023,4,5813.4,5779.6,5612.2,-24.6,39.7,5436.7
PF014391,CROP019,Potato,Uttar Pradesh,2023,5,5436.7,5813.4,5779.6,7.2,46.7,5324.6
PF014392,CROP019,Potato,Uttar Pradesh,2023,6,5324.6,5436.7,5813.4,-12.0,28.0,4824.5
PF014393,CROP019,Potato,Uttar Pradesh,2023,7,4824.5,5324.6,5436.7,14.9,58.9,4777.1
PF014394,CROP019,Potato,Uttar Pradesh,2023,8,4777.1,4824.5,5324.6,4.8,56.5,4599.1
PF014395,CROP019,Potato,Uttar Pradesh,2023,9,4599.1,4777.1,4824.5,-4.3,43.9,4645.9
PF014396,CROP019,Potato,Uttar Pradesh,2023,10,4645.9,4599.1,4777.1,-12.3,52.5,4473.7
PF014397,CROP019,Potato,Uttar Pradesh,2023,11,4473.7,4645.9,4599.1,-15.0,50.7,4735.1
PF014398,CROP019,Potato,Uttar Pradesh,2023,12,4735.1,4473.7,4645.9,-0.5,36.4,4756.7
PF014431,CROP019,Potato,Uttar Pradesh,2021,4,5687.3,5287.3,4914.1,-17.7,38.0,5295.6
PF014432,CROP019,Potato,Uttar Pradesh,2021,5,5295.6,5687.3,5287.3,19.0,31.2,5190.8
PF014433,CROP019,Potato,Uttar Pradesh,2021,6,5190.8,5295.6,5687.3,-1.2,51.4,5154.4
PF014434,CROP019,Potato,Uttar Pradesh,2021,7,5154.4,5190.8,5295.6,14.6,36.1,4824.6
PF014435,CROP019,Potato,Uttar Pradesh,2021,8,4824.6,5154.4,5190.8,-21.6,60.1,4430.2
PF014436,CROP019,Potato,Uttar Pradesh,2021,9,4430.2,4824.6,5154.4,-7.2,57.3,4043.1
PF014437,CROP019,Potato,Uttar Pradesh,2021,10,4043.1,4430.2,4824.6,3.2,44.1,4529.5
PF014438,CROP019,Potato,Uttar Pradesh,2021,11,4529.5,4043.1,4430.2,0.7,50.2,4693.7
PF014439,CROP019,Potato,Uttar Pradesh,2021,12,4693.7,4529.5,4043.1,2.8,54.2,5230.2
PF014440,CROP019,Potato,Uttar Pradesh,2022,1,5230.2,4693.7,4529.5,14.5,70.9,5486.8
PF014441,CROP019,Potato,Uttar Pradesh,2022,2,5486.8,5230.2,4693.7,-9.0,62.2,5451.4
PF014442,CROP019,Potato,Uttar Pradesh,2022,3,5451.4,5486.8,5230.2,-29.5,29.5,5751.0
PF014443,CROP019,Potato,Uttar Pradesh,2022,4,5751.0,5451.4,5486.8,16.1,51.0,5748.3
PF014444,CROP019,Potato,Uttar Pradesh,2022,5,5748.3,5751.0,5451.4,-1.7,54.8,5137.4
PF014445,CROP019,Potato,Uttar Pradesh,2022,6,5137.4,5748.3,5751.0,-30.3,40.8,4953.8
PF014446,CROP019,Potato,Uttar Pradesh,2022,7,4953.8,5137.4,5748.3,15.0,60.0,4578.3
PF014447,CROP019,Potato,Uttar Pradesh,2022,8,4578.3,4953.8,5137.4,8.5,46.6,4786.0
PF014448,CROP019,Potato,Uttar Pradesh,2022,9,4786.0,4578.3,4953.8,7.3,49.6,4429.1
PF014449,CROP019,Potato,Uttar Pradesh,2022,10,4429.1,4786.0,4578.3,9.8,43.4,4528.2
PF014450,CROP019,Potato,Uttar Pradesh,2022,11,4528.2,4429.1,4786.0,10.8,44.9,4757.4
PF014451,CROP019,Potato,Uttar Pradesh,2022,12,4757.4,4528.2,4429.1,-10.7,65.3,5371.1
PF014452,CROP019,Potato,Uttar Pradesh,2023,1,5371.1,4757.4,4528.2,-9.3,53.5,5357.9
PF014453,CROP019,Potato,Uttar Pradesh,2023,2,5357.9,5371.1,4757.4,4.3,41.7,5677.9
PF014454,CROP019,Potato,Uttar Pradesh,2023,3,5677.9,5357.9,5371.1,-10.8,46.5,5875.9
PF014455,CROP019,Potato,Uttar Pradesh,2023,4,5875.9,5677.9,5357.9,-6.8,60.2,5693.2
PF014456,CROP019,Potato,Uttar Pradesh,2023,5,5693.2,5875.9,5677.9,-6.0,70.7,5235.0
PF014457,CROP019,Potato,Uttar Pradesh,2023,6,5235.0,5693.2,5875.9,-6.9,47.1,5017.2
PF014458,CROP019,Potato,Uttar Pradesh,2023,7,5017.2,5235.0,5693.2,11.9,52.6,4933.4
PF014459,CROP019,Potato,Uttar Pradesh,2023,8,4933.4,5017.2,5235.0,-5.3,48.6,4630.6
PF014460,CROP019,Potato,Uttar Pradesh,2023,9,4630.6,4933.4,5017.2,-21.6,61.0,4791.7
PF014461,CROP019,Potato,Uttar Pradesh,2023,10,4791.7,4630.6,4933.4,38.2,45.7,4683.4
PF014462,CROP019,Potato,Uttar Pradesh,2023,11,4683.4,4791.7,4630.6,7.0,67.9,4606.7
PF014463,CROP019,Potato,Uttar Pradesh,2023,12,4606.7,4683.4,4791.7,7.4,35.5,4962.0
PF014496,CROP019,Potato,Uttar Pradesh,2021,4,4386.2,4358.8,3813.1,13.7,34.3,3899.8
PF014497,CROP019,Potato,Uttar Pradesh,2021,5,3899.8,4386.2,4358.8,12.7,52.5,4076.8
PF014498,CROP019,Potato,Uttar Pradesh,2021,6,4076.8,3899.8,4386.2,-19.5,46.9,3814.5
PF014499,CROP019,Potato,Uttar Pradesh,2021,7,3814.5,4076.8,3899.8,-10.4,63.8,3700.5
PF014500,CROP019,Potato,Uttar Pradesh,2021,8,3700.5,3814.5,4076.8,18.9,35.9,3563.0
PF014501,CROP019,Potato,Uttar Pradesh,2021,9,3563.0,3700.5,3814.5,13.3,26.5,3461.3
PF014502,CROP019,Potato,Uttar Pradesh,2021,10,3461.3,3563.0,3700.5,-12.1,66.9,3842.1
PF014503,CROP019,Potato,Uttar Pradesh,2021,11,3842.1,3461.3,3563.0,27.5,38.7,4013.8
PF014504,CROP019,Potato,Uttar Pradesh,2021,12,4013.8,3842.1,3461.3,-13.7,62.0,4089.7
PF014505,CROP019,Potato,Uttar Pradesh,2022,1,4089.7,4013.8,3842.1,-12.7,49.6,4307.2
PF014506,CROP019,Potato,Uttar Pradesh,2022,2,4307.2,4089.7,4013.8,-4.2,46.4,4263.7
PF014507,CROP019,Potato,Uttar Pradesh,2022,3,4263.7,4307.2,4089.7,-17.0,44.3,4035.8
PF014508,CROP019,Potato,Uttar Pradesh,2022,4,4035.8,4263.7,4307.2,17.6,43.5,4602.9
PF014509,CROP019,Potato,Uttar Pradesh,2022,5,4602.9,4035.8,4263.7,-4.3,32.7,4202.9
PF014510,CROP019,Potato,Uttar Pradesh,2022,6,4202.9,4602.9,4035.8,23.6,61.3,4110.0
PF014511,CROP019,Potato,Uttar Pradesh,2022,7,4110.0,4202.9,4602.9,-16.2,46.0,3699.4
PF014512,CROP019,Potato,Uttar Pradesh,2022,8,3699.4,4110.0,4202.9,4.4,53.6,3735.8
PF014513,CROP019,Potato,Uttar Pradesh,2022,9,3735.8,3699.4,4110.0,14.0,46.1,3587.4
PF014514,CROP019,Potato,Uttar Pradesh,2022,10,3587.4,3735.8,3699.4,-9.3,42.2,3664.2
PF014515,CROP019,Potato,Uttar Pradesh,2022,11,3664.2,3587.4,3735.8,25.9,58.7,3743.7
PF014516,CROP019,Potato,Uttar Pradesh,2022,12,3743.7,3664.2,3587.4,-2.3,33.2,3761.7
PF014517,CROP019,Potato,Uttar Pradesh,2023,1,3761.7,3743.7,3664.2,10.4,27.2,4194.8
PF014518,CROP019,Potato,Uttar Pradesh,2023,2,4194.8,3761.7,3743.7,14.7,52.6,4800.2
PF014519,CROP019,Potato,Uttar Pradesh,2023,3,4800.2,4194.8,3761.7,-22.2,38.0,4028.4
PF014520,CROP019,Potato,Uttar Pradesh,2023,4,4028.4,4800.2,4194.8,-6.2,50.8,4515.6
PF014521,CROP019,Potato,Uttar Pradesh,2023,5,4515.6,4028.4,4800.2,11.6,53.9,4341.2
PF014522,CROP019,Potato,Uttar Pradesh,2023,6,4341.2,4515.6,4028.4,-17.7,51.9,4468.4
PF014523,CROP019,Potato,Uttar Pradesh,2023,7,4468.4,4341.2,4515.6,5.8,63.4,3989.3
PF014524,CROP019,Potato,Uttar Pradesh,2023,8,3989.3,4468.4,4341.2,10.6,48.8,3665.8
PF014525,CROP019,Potato,Uttar Pradesh,2023,9,3665.8,3989.3,4468.4,-2.4,61.2,3506.1
PF014526,CROP019,Potato,Uttar Pradesh,2023,10,3506.1,3665.8,3989.3,-6.2,48.5,3788.8
PF014527,CROP019,Potato,Uttar Pradesh,2023,11,3788.8,3506.1,3665.8,18.2,69.7,3949.5
PF014528,CROP019,Potato,Uttar Pradesh,2023,12,3949.5,3788.8,3506.1,-1.5,54.6,4052.1
PF014561,CROP019,Potato,Bihar,2021,4,4020.5,4300.8,3872.1,29.6,60.3,4479.7
PF014562,CROP019,Potato,Bihar,2021,5,4479.7,4020.5,4300.8,-25.9,52.3,3880.6
PF014563,CROP019,Potato,Bihar,2021,6,3880.6,4479.7,4020.5,-8.7,64.7,3759.2
PF014564,CROP019,Potato,Bihar,2021,7,3759.2,3880.6,4479.7,-12.6,44.9,3568.2
PF014565,CROP019,Potato,Bihar,2021,8,3568.2,3759.2,3880.6,11.4,53.2,3456.6
PF014566,CROP019,Potato,Bihar,2021,9,3456.6,3568.2,3759.2,-4.8,24.6,3445.4
PF014567,CROP019,Potato,Bihar,2021,10,3445.4,3456.6,3568.2,18.2,49.7,3418.7
PF014568,CROP019,Potato,Bihar,2021,11,3418.7,3445.4,3456.6,9.1,64.5,3548.2
PF014569,CROP019,Potato,Bihar,2021,12,3548.2,3418.7,3445.4,14.2,56.4,4087.2
PF014570,CROP019,Potato,Bihar,2022,1,4087.2,3548.2,3418.7,1.0,52.8,3961.8
PF014571,CROP019,Potato,Bihar,2022,2,3961.8,4087.2,3548.2,-10.0,43.5,4237.9
PF014572,CROP019,Potato,Bihar,2022,3,4237.9,3961.8,4087.2,18.3,59.9,4337.8
PF014573,CROP019,Potato,Bihar,2022,4,4337.8,4237.9,3961.8,-15.9,52.6,4296.3
PF014574,CROP019,Potato,Bihar,2022,5,4296.3,4337.8,4237.9,-8.3,60.7,4274.6
PF014575,CROP019,Potato,Bihar,2022,6,4274.6,4296.3,4337.8,29.9,41.9,3561.4
PF014576,CROP019,Potato,Bihar,2022,7,3561.4,4274.6,4296.3,-6.5,39.5,3496.6
PF014577,CROP019,Potato,Bihar,2022,8,3496.6,3561.4,4274.6,18.7,42.3,3572.2
PF014578,CROP019,Potato,Bihar,2022,9,3572.2,3496.6,3561.4,8.0,53.5,3449.5
PF014579,CROP019,Potato,Bihar,2022,10,3449.5,3572.2,3496.6,23.8,37.7,3475.5
PF014580,CROP019,Potato,Bihar,2022,11,3475.5,3449.5,3572.2,-16.9,55.8,3352.1
PF014581,CROP019,Potato,Bihar,2022,12,3352.1,3475.5,3449.5,-11.5,60.1,3859.2
PF014582,CROP019,Potato,Bihar,2023,1,3859.2,3352.1,3475.5,-18.6,30.9,4085.7
PF014583,CROP019,Potato,Bihar,2023,2,4085.7,3859.2,3352.1,-10.9,52.3,4154.3
PF014584,CROP019,Potato,Bihar,2023,3,4154.3,4085.7,3859.2,7.6,56.1,4616.4
PF014585,CROP019,Potato,Bihar,2023,4,4616.4,4154.3,4085.7,38.8,72.9,4084.3
PF014586,CROP019,Potato,Bihar,2023,5,4084.3,4616.4,4154.3,29.2,47.9,4106.4
PF014587,CROP019,Potato,Bihar,2023,6,4106.4,4084.3,4616.4,-3.4,58.1,4026.1
PF014588,CROP019,Potato,Bihar,2023,7,4026.1,4106.4,4084.3,7.4,53.7,3659.5
PF014589,CROP019,Potato,Bihar,2023,8,3659.5,4026.1,4106.4,-14.7,41.9,3207.5
PF014590,CROP019,Potato,Bihar,2023,9,3207.5,3659.5,4026.1,-4.0,38.5,3262.7
PF014591,CROP019,Potato,Bihar,2023,10,3262.7,3207.5,3659.5,-26.6,59.0,3358.5
PF014592,CROP019,Potato,Bihar,2023,11,3358.5,3262.7,3207.5,-1.6,53.5,3839.6
PF014593,CROP019,Potato,Bihar,2023,12,3839.6,3358.5,3262.7,8.0,33.5,3884.6
PF014626,CROP019,Potato,Bihar,2021,4,5062.8,4864.0,4807.6,10.7,54.0,5113.9
PF014627,CROP019,Potato,Bihar,2021,5,5113.9,5062.8,4864.0,26.3,57.5,5023.4
PF014628,CROP019,Potato,Bihar,2021,6,5023.4,5113.9,5062.8,-16.8,43.9,4415.0
PF014629,CROP019,Potato,Bihar,2021,7,4415.0,5023.4,5113.9,21.2,38.6,4481.1
PF014630,CROP019,Potato,Bihar,2021,8,4481.1,4415.0,5023.4,1.2,18.0,4571.5
PF014631,CROP019,Potato,Bihar,2021,9,4571.5,4481.1,4415.0,-2.5,63.0,4310.7
PF014632,CROP019,Potato,Bihar,2021,10,4310.7,4571.5,4481.1,2.3,48.6,4319.2
PF014633,CROP019,Potato,Bihar,2021,11,4319.2,4310.7,4571.5,11.9,57.3,4438.9
PF014634,CROP019,Potato,Bihar,2021,12,4438.9,4319.2,4310.7,-13.0,76.7,4702.3
PF014635,CROP019,Potato,Bihar,2022,1,4702.3,4438.9,4319.2,-26.3,41.4,4713.4
PF014636,CROP019,Potato,Bihar,2022,2,4713.4,4702.3,4438.9,-9.4,45.6,5079.7
PF014637,CROP019,Potato,Bihar,2022,3,5079.7,4713.4,4702.3,-3.0,60.0,5319.9
PF014638,CROP019,Potato,Bihar,2022,4,5319.9,5079.7,4713.4,17.2,53.6,5080.9
PF014639,CROP019,Potato,Bihar,2022,5,5080.9,5319.9,5079.7,9.7,66.2,4602.0
PF014640,CROP019,Potato,Bihar,2022,6,4602.0,5080.9,5319.9,7.9,64.8,4589.1
PF014641,CROP019,Potato,Bihar,2022,7,4589.1,4602.0,5080.9,1.5,41.4,4788.9
PF014642,CROP019,Potato,Bihar,2022,8,4788.9,4589.1,4602.0,22.9,30.7,4282.4
PF014643,CROP019,Potato,Bihar,2022,9,4282.4,4788.9,4589.1,-13.2,37.3,4157.9
PF014644,CROP019,Potato,Bihar,2022,10,4157.9,4282.4,4788.9,-5.2,68.5,4381.3
PF014645,CROP019,Potato,Bihar,2022,11,4381.3,4157.9,4282.4,5.6,56.1,4549.7
PF014646,CROP019,Potato,Bihar,2022,12,4549.7,4381.3,4157.9,-6.0,40.7,5068.6
PF014647,CROP019,Potato,Bihar,2023,1,5068.6,4549.7,4381.3,-14.8,65.6,4611.4
PF014648,CROP019,Potato,Bihar,2023,2,4611.4,5068.6,4549.7,4.8,69.8,4795.7
PF014649,CROP019,Potato,Bihar,2023,3,4795.7,4611.4,5068.6,-14.8,49.5,5383.9
PF014650,CROP019,Potato,Bihar,2023,4,5383.9,4795.7,4611.4,-26.1,50.8,5164.7
PF014651,CROP019,Potato,Bihar,2023,5,5164.7,5383.9,4795.7,8.5,44.1,5225.4
PF014652,CROP019,Potato,Bihar,2023,6,5225.4,5164.7,5383.9,9.0,56.3,4339.0
PF014653,CROP019,Potato,Bihar,2023,7,4339.0,5225.4,5164.7,6.2,51.4,4601.1
PF014654,CROP019,Potato,Bihar,2023,8,4601.1,4339.0,5225.4,12.5,49.3,4266.7
PF014655,CROP019,Potato,Bihar,2023,9,4266.7,4601.1,4339.0,-14.4,55.2,4414.8
PF014656,CROP019,Potato,Bihar,2023,10,4414.8,4266.7,4601.1,10.6,60.9,4555.8
PF014657,CROP019,Potato,Bihar,2023,11,4555.8,4414.8,4266.7,-16.8,47.0,4437.7
PF014658,CROP019,Potato,Bihar,2023,12,4437.7,4555.8,4414.8,7.2,54.3,4700.0
PF014691,CROP019,Potato,West Bengal,2021,4,5004.3,5162.3,4948.5,-25.3,31.7,5109.5
PF014692,CROP019,Potato,West Bengal,2021,5,5109.5,5004.3,5162.3,-15.7,42.9,4613.2
PF014693,CROP019,Potato,West Bengal,2021,6,4613.2,5109.5,5004.3,8.1,44.3,4238.4
PF014694,CROP019,Potato,West Bengal,2021,7,4238.4,4613.2,5109.5,-5.3,53.3,4398.8
PF014695,CROP019,Potato,West Bengal,2021,8,4398.8,4238.4,4613.2,-5.8,46.7,4414.6
PF014696,CROP019,Potato,West Bengal,2021,9,4414.6,4398.8,4238.4,15.7,52.3,4509.1
PF014697,CROP019,Potato,West Bengal,2021,10,4509.1,4414.6,4398.8,13.2,61.7,4060.0
PF014698,CROP019,Potato,West Bengal,2021,11,4060.0,4509.1,4414.6,-7.8,29.6,4376.1
PF014699,CROP019,Potato,West Bengal,2021,12,4376.1,4060.0,4509.1,-4.3,47.2,4813.2
PF014700,CROP019,Potato,West Bengal,2022,1,4813.2,4376.1,4060.0,-2.3,51.3,4778.4
PF014701,CROP019,Potato,West Bengal,2022,2,4778.4,4813.2,4376.1,-0.9,40.1,5107.9
PF014702,CROP019,Potato,West Bengal,2022,3,5107.9,4778.4,4813.2,16.2,46.9,4901.5
PF014703,CROP019,Potato,West Bengal,2022,4,4901.5,5107.9,4778.4,-9.1,53.6,4997.0
PF014704,CROP019,Potato,West Bengal,2022,5,4997.0,4901.5,5107.9,0.7,59.7,5241.6
PF014705,CROP019,Potato,West Bengal,2022,6,5241.6,4997.0,4901.5,13.3,71.2,4711.3
PF014706,CROP019,Potato,West Bengal,2022,7,4711.3,5241.6,4997.0,-7.6,48.7,4491.4
PF014707,CROP019,Potato,West Bengal,2022,8,4491.4,4711.3,5241.6,26.7,39.7,4429.1
PF014708,CROP019,Potato,West Bengal,2022,9,4429.1,4491.4,4711.3,-18.4,30.8,4177.3
PF014709,CROP019,Potato,West Bengal,2022,10,4177.3,4429.1,4491.4,30.8,54.0,4150.0
PF014710,CROP019,Potato,West Bengal,2022,11,4150.0,4177.3,4429.1,-8.1,55.5,4402.8
PF014711,CROP019,Potato,West Bengal,2022,12,4402.8,4150.0,4177.3,-11.9,28.3,4643.5
PF014712,CROP019,Potato,West Bengal,2023,1,4643.5,4402.8,4150.0,-2.5,38.0,5065.8
PF014713,CROP019,Potato,West Bengal,2023,2,5065.8,4643.5,4402.8,-7.1,59.5,5073.1
PF014714,CROP019,Potato,West Bengal,2023,3,5073.1,5065.8,4643.5,-22.0,54.0,5005.3
PF014715,CROP019,Potato,West Bengal,2023,4,5005.3,5073.1,5065.8,9.2,44.3,4977.2
PF014716,CROP019,Potato,West Bengal,2023,5,4977.2,5005.3,5073.1,3.7,57.9,4721.9
PF014717,CROP019,Potato,West Bengal,2023,6,4721.9,4977.2,5005.3,8.0,46.2,4653.5
PF014718,CROP019,Potato,West Bengal,2023,7,4653.5,4721.9,4977.2,-0.7,52.7,4428.8
PF014719,CROP019,Potato,West Bengal,2023,8,4428.8,4653.5,4721.9,9.5,49.5,4048.2
PF014720,CROP019,Potato,West Bengal,2023,9,4048.2,4428.8,4653.5,-19.7,63.8,4034.3
PF014721,CROP019,Potato,West Bengal,2023,10,4034.3,4048.2,4428.8,-10.9,50.3,4399.5
PF014722,CROP019,Potato,West Bengal,2023,11,4399.5,4034.3,4048.2,-9.1,37.7,4279.9
PF014723,CROP019,Potato,West Bengal,2023,12,4279.9,4399.5,4034.3,-16.7,51.0,4662.2
PF014756,CROP019,Potato,West Bengal,2021,4,4949.7,5270.8,4573.7,-2.2,53.8,5101.9
PF014757,CROP019,Potato,West Bengal,2021,5,5101.9,4949.7,5270.8,-6.7,35.2,5072.0
PF014758,CROP019,Potato,West Bengal,2021,6,5072.0,5101.9,4949.7,0.5,44.2,4595.0
PF014759,CROP019,Potato,West Bengal,2021,7,4595.0,5072.0,5101.9,-27.2,61.2,4537.7
PF014760,CROP019,Potato,West Bengal,2021,8,4537.7,4595.0,5072.0,11.1,56.9,4277.8
PF014761,CROP019,Potato,West Bengal,2021,9,4277.8,4537.7,4595.0,19.4,34.0,4437.3
PF014762,CROP019,Potato,West Bengal,2021,10,4437.3,4277.8,4537.7,-33.2,49.2,4544.4
PF014763,CROP019,Potato,West Bengal,2021,11,4544.4,4437.3,4277.8,13.2,44.1,4435.0
PF014764,CROP019,Potato,West Bengal,2021,12,4435.0,4544.4,4437.3,-4.9,45.5,4712.1
PF014765,CROP019,Potato,West Bengal,2022,1,4712.1,4435.0,4544.4,-1.6,58.4,5306.3
PF014766,CROP019,Potato,West Bengal,2022,2,5306.3,4712.1,4435.0,-7.4,45.7,5527.0
PF014767,CROP019,Potato,West Bengal,2022,3,5527.0,5306.3,4712.1,-12.1,62.8,5565.2
PF014768,CROP019,Potato,West Bengal,2022,4,5565.2,5527.0,5306.3,-1.7,62.6,4918.5
PF014769,CROP019,Potato,West Bengal,2022,5,4918.5,5565.2,5527.0,9.9,51.9,5076.6
PF014770,CROP019,Potato,West Bengal,2022,6,5076.6,4918.5,5565.2,-1.6,47.4,4864.3
PF014771,CROP019,Potato,West Bengal,2022,7,4864.3,5076.6,4918.5,15.1,46.6,4623.6
PF014772,CROP019,Potato,West Bengal,2022,8,4623.6,4864.3,5076.6,0.3,61.6,4282.2
PF014773,CROP019,Potato,West Bengal,2022,9,4282.2,4623.6,4864.3,-13.2,64.0,4278.5
PF014774,CROP019,Potato,West Bengal,2022,10,4278.5,4282.2,4623.6,-7.0,54.5,4357.8
PF014775,CROP019,Potato,West Bengal,2022,11,4357.8,4278.5,4282.2,-15.0,45.9,4236.3
PF014776,CROP019,Potato,West Bengal,2022,12,4236.3,4357.8,4278.5,-6.1,47.9,4763.5
PF014777,CROP019,Potato,West Bengal,2023,1,4763.5,4236.3,4357.8,-13.8,37.5,5194.9
PF014778,CROP019,Potato,West Bengal,2023,2,5194.9,4763.5,4236.3,35.4,55.7,5158.8
PF014779,CROP019,Potato,West Bengal,2023,3,5158.8,5194.9,4763.5,8.1,56.8,5440.4
PF014780,CROP019,Potato,West Bengal,2023,4,5440.4,5158.8,5194.9,-13.8,50.4,5063.5
PF014781,CROP019,Potato,West Bengal,2023,5,5063.5,5440.4,5158.8,-25.0,63.7,5067.3
PF014782,CROP019,Potato,West Bengal,2023,6,5067.3,5063.5,5440.4,-5.5,35.1,5290.4
PF014783,CROP019,Potato,West Bengal,2023,7,5290.4,5067.3,5063.5,-6.5,50.8,4517.7
PF014784,CROP019,Potato,West Bengal,2023,8,4517.7,5290.4,5067.3,1.7,53.8,4480.7
PF014785,CROP019,Potato,West Bengal,2023,9,4480.7,4517.7,5290.4,-7.8,45.7,4019.8
PF014786,CROP019,Potato,West Bengal,2023,10,4019.8,4480.7,4517.7,-32.4,59.6,4591.6
PF014787,CROP019,Potato,West Bengal,2023,11,4591.6,4019.8,4480.7,17.8,42.3,4835.1
PF014788,CROP019,Potato,West Bengal,2023,12,4835.1,4591.6,4019.8,-22.0,58.9,4865.3
PF014821,CROP020,Onion,Punjab,2021,4,2843.1,2556.1,2586.8,4.3,53.8,2759.0
PF014822,CROP020,Onion,Punjab,2021,5,2759.0,2843.1,2556.1,-11.5,52.2,2559.1
PF014823,CROP020,Onion,Punjab,2021,6,2559.1,2759.0,2843.1,17.9,57.4,2740.2
PF014824,CROP020,Onion,Punjab,2021,7,2740.2,2559.1,2759.0,-8.0,70.1,2376.6
PF014825,CROP020,Onion,Punjab,2021,8,2376.6,2740.2,2559.1,3.9,37.0,2316.6
PF014826,CROP020,Onion,Punjab,2021,9,2316.6,2376.6,2740.2,16.7,45.5,2140.5
PF014827,CROP020,Onion,Punjab,2021,10,2140.5,2316.6,2376.6,-6.4,59.1,2411.3
PF014828,CROP020,Onion,Punjab,2021,11,2411.3,2140.5,2316.6,-12.7,48.3,2385.9
PF014829,CROP020,Onion,Punjab,2021,12,2385.9,2411.3,2140.5,-2.4,67.3,2735.1
PF014830,CROP020,Onion,Punjab,2022,1,2735.1,2385.9,2411.3,-0.7,35.2,2836.1
PF014831,CROP020,Onion,Punjab,2022,2,2836.1,2735.1,2385.9,-9.7,68.3,2749.2
PF014832,CROP020,Onion,Punjab,2022,3,2749.2,2836.1,2735.1,18.6,62.1,2803.2
PF014833,CROP020,Onion,Punjab,2022,4,2803.2,2749.2,2836.1,-0.9,64.6,2954.9
PF014834,CROP020,Onion,Punjab,2022,5,2954.9,2803.2,2749.2,19.3,74.2,2660.2
PF014835,CROP020,Onion,Punjab,2022,6,2660.2,2954.9,2803.2,-8.2,39.6,2733.5
PF014836,CROP020,Onion,Punjab,2022,7,2733.5,2660.2,2954.9,-13.5,19.6,2491.6
PF014837,CROP020,Onion,Punjab,2022,8,2491.6,2733.5,2660.2,-0.6,38.7,2279.2
PF014838,CROP020,Onion,Punjab,2022,9,2279.2,2491.6,2733.5,-22.5,30.6,2181.8
PF014839,CROP020,Onion,Punjab,2022,10,2181.8,2279.2,2491.6,6.8,25.2,2459.6
PF014840,CROP020,Onion,Punjab,2022,11,2459.6,2181.8,2279.2,-10.4,55.8,2524.8
PF014841,CROP020,Onion,Punjab,2022,12,2524.8,2459.6,2181.8,-25.6,48.3,2519.7
PF014842,CROP020,Onion,Punjab,2023,1,2519.7,2524.8,2459.6,-22.0,42.9,2941.7
PF014843,CROP020,Onion,Punjab,2023,2,2941.7,2519.7,2524.8,6.7,26.6,2736.1
PF014844,CROP020,Onion,Punjab,2023,3,2736.1,2941.7,2519.7,0.1,40.2,2911.6
PF014845,CROP020,Onion,Punjab,2023,4,2911.6,2736.1,2941.7,-6.9,57.5,2827.5
PF014846,CROP020,Onion,Punjab,2023,5,2827.5,2911.6,2736.1,4.2,45.1,2778.0
PF014847,CROP020,Onion,Punjab,2023,6,2778.0,2827.5,2911.6,25.6,60.3,2761.5
PF014848,CROP020,Onion,Punjab,2023,7,2761.5,2778.0,2827.5,-3.4,49.4,2458.1
PF014849,CROP020,Onion,Punjab,2023,8,2458.1,2761.5,2778.0,-7.4,61.6,2205.6
PF014850,CROP020,Onion,Punjab,2023,9,2205.6,2458.1,2761.5,-4.5,36.0,2369.1
PF014851,CROP020,Onion,Punjab,2023,10,2369.1,2205.6,2458.1,-18.4,22.6,2236.8
PF014852,CROP020,Onion,Punjab,2023,11,2236.8,2369.1,2205.6,-11.4,62.1,2589.5
PF014853,CROP020,Onion,Punjab,2023,12,2589.5,2236.8,2369.1,9.0,56.2,2668.4
PF014886,CROP020,Onion,Punjab,2021,4,3239.8,3101.2,2947.6,1.7,53.7,3244.0
PF014887,CROP020,Onion,Punjab,2021,5,3244.0,3239.8,3101.2,-6.8,61.3,2951.3
PF014888,CROP020,Onion,Punjab,2021,6,2951.3,3244.0,3239.8,-17.5,53.7,2881.9
PF014889,CROP020,Onion,Punjab,2021,7,2881.9,2951.3,3244.0,11.3,86.4,2871.1
PF014890,CROP020,Onion,Punjab,2021,8,2871.1,2881.9,2951.3,-1.0,73.5,2730.9
PF014891,CROP020,Onion,Punjab,2021,9,2730.9,2871.1,2881.9,9.1,63.5,2833.8
PF014892,CROP020,Onion,Punjab,2021,10,2833.8,2730.9,2871.1,19.1,50.4,2863.4
PF014893,CROP020,Onion,Punjab,2021,11,2863.4,2833.8,2730.9,-27.5,39.0,2886.1
PF014894,CROP020,Onion,Punjab,2021,12,2886.1,2863.4,2833.8,5.2,71.3,2954.7
PF014895,CROP020,Onion,Punjab,2022,1,2954.7,2886.1,2863.4,16.6,69.2,3261.5
PF014896,CROP020,Onion,Punjab,2022,2,3261.5,2954.7,2886.1,-6.5,46.4,3185.8
PF014897,CROP020,Onion,Punjab,2022,3,3185.8,3261.5,2954.7,-3.3,26.4,3183.5
PF014898,CROP020,Onion,Punjab,2022,4,3183.5,3185.8,3261.5,-1.8,56.3,3234.4
PF014899,CROP020,Onion,Punjab,2022,5,3234.4,3183.5,3185.8,-4.4,45.9,3037.8
PF014900,CROP020,Onion,Punjab,2022,6,3037.8,3234.4,3183.5,21.1,40.3,3042.2
PF014901,CROP020,Onion,Punjab,2022,7,3042.2,3037.8,3234.4,-1.9,57.5,2632.7
PF014902,CROP020,Onion,Punjab,2022,8,2632.7,3042.2,3037.8,-9.8,48.1,2676.8
PF014903,CROP020,Onion,Punjab,2022,9,2676.8,2632.7,3042.2,3.9,63.7,2470.3
PF014904,CROP020,Onion,Punjab,2022,10,2470.3,2676.8,2632.7,-3.3,32.0,2551.5
PF014905,CROP020,Onion,Punjab,2022,11,2551.5,2470.3,2676.8,-37.0,32.2,2955.3
PF014906,CROP020,Onion,Punjab,2022,12,2955.3,2551.5,2470.3,8.0,39.8,2851.1
PF014907,CROP020,Onion,Punjab,2023,1,2851.1,2955.3,2551.5,7.4,52.7,3231.4
PF014908,CROP020,Onion,Punjab,2023,2,3231.4,2851.1,2955.3,26.2,58.6,3128.6
PF014909,CROP020,Onion,Punjab,2023,3,3128.6,3231.4,2851.1,0.4,51.7,3229.2
PF014910,CROP020,Onion,Punjab,2023,4,3229.2,3128.6,3231.4,21.1,46.3,3243.8
PF014911,CROP020,Onion,Punjab,2023,5,3243.8,3229.2,3128.6,1.2,57.1,3073.6
PF014912,CROP020,Onion,Punjab,2023,6,3073.6,3243.8,3229.2,-3.7,70.3,3134.7
PF014913,CROP020,Onion,Punjab,2023,7,3134.7,3073.6,3243.8,3.8,52.3,2995.0
PF014914,CROP020,Onion,Punjab,2023,8,2995.0,3134.7,3073.6,-15.3,51.6,2854.9
PF014915,CROP020,Onion,Punjab,2023,9,2854.9,2995.0,3134.7,2.4,54.8,2572.1
PF014916,CROP020,Onion,Punjab,2023,10,2572.1,2854.9,2995.0,-4.7,45.4,3023.3
PF014917,CROP020,Onion,Punjab,2023,11,3023.3,2572.1,2854.9,7.7,60.9,2907.9
PF014918,CROP020,Onion,Punjab,2023,12,2907.9,3023.3,2572.1,-0.1,30.5,3020.4
PF014951,CROP020,Onion,Punjab,2021,4,3039.2,2798.9,2807.7,8.4,54.5,2891.5
PF014952,CROP020,Onion,Punjab,2021,5,2891.5,3039.2,2798.9,4.4,56.3,2999.3
PF014953,CROP020,Onion,Punjab,2021,6,2999.3,2891.5,3039.2,-21.8,49.2,2663.6
PF014954,CROP020,Onion,Punjab,2021,7,2663.6,2999.3,2891.5,1.4,44.5,2844.5
PF014955,CROP020,Onion,Punjab,2021,8,2844.5,2663.6,2999.3,-3.5,31.8,2599.9
PF014956,CROP020,Onion,Punjab,2021,9,2599.9,2844.5,2663.6,25.6,59.1,2353.9
PF014957,CROP020,Onion,Punjab,2021,10,2353.9,2599.9,2844.5,0.2,59.1,2484.5
PF014958,CROP020,Onion,Punjab,2021,11,2484.5,2353.9,2599.9,-10.5,37.6,2808.0
PF014959,CROP020,Onion,Punjab,2021,12,2808.0,2484.5,2353.9,5.2,36.7,2786.4
PF014960,CROP020,Onion,Punjab,2022,1,2786.4,2808.0,2484.5,-4.8,57.7,3069.4
PF014961,CROP020,Onion,Punjab,2022,2,3069.4,2786.4,2808.0,0.8,49.5,3015.6
PF014962,CROP020,Onion,Punjab,2022,3,3015.6,3069.4,2786.4,3.8,61.0,3008.2
PF014963,CROP020,Onion,Punjab,2022,4,3008.2,3015.6,3069.4,0.4,29.0,3382.5
PF014964,CROP020,Onion,Punjab,2022,5,3382.5,3008.2,3015.6,-5.1,50.3,2970.8
PF014965,CROP020,Onion,Punjab,2022,6,2970.8,3382.5,3008.2,21.9,50.4,2882.7
PF014966,CROP020,Onion,Punjab,2022,7,2882.7,2970.8,3382.5,-9.6,54.4,2589.5
PF014967,CROP020,Onion,Punjab,2022,8,2589.5,2882.7,2970.8,-4.1,53.7,2531.3
PF014968,CROP020,Onion,Punjab,2022,9,2531.3,2589.5,2882.7,15.6,51.8,2535.8
PF014969,CROP020,Onion,Punjab,2022,10,2535.8,2531.3,2589.5,-15.0,50.1,2482.8
PF014970,CROP020,Onion,Punjab,2022,11,2482.8,2535.8,2531.3,14.8,57.5,2526.3
PF014971,CROP020,Onion,Punjab,2022,12,2526.3,2482.8,2535.8,-16.9,60.8,2788.2
PF014972,CROP020,Onion,Punjab,2023,1,2788.2,2526.3,2482.8,22.8,55.5,2954.7
PF014973,CROP020,Onion,Punjab,2023,2,2954.7,2788.2,2526.3,-11.4,40.6,3306.4
PF014974,CROP020,Onion,Punjab,2023,3,3306.4,2954.7,2788.2,-31.5,66.0,2925.1
PF014975,CROP020,Onion,Punjab,2023,4,2925.1,3306.4,2954.7,-1.3,28.0,3167.9
PF014976,CROP020,Onion,Punjab,2023,5,3167.9,2925.1,3306.4,-1.6,35.3,2884.7
PF014977,CROP020,Onion,Punjab,2023,6,2884.7,3167.9,2925.1,3.1,50.3,2839.9
PF014978,CROP020,Onion,Punjab,2023,7,2839.9,2884.7,3167.9,9.8,54.9,2456.9
PF014979,CROP020,Onion,Punjab,2023,8,2456.9,2839.9,2884.7,-18.9,44.2,2771.4
PF014980,CROP020,Onion,Punjab,2023,9,2771.4,2456.9,2839.9,-14.2,36.8,2545.8
PF014981,CROP020,Onion,Punjab,2023,10,2545.8,2771.4,2456.9,14.1,54.3,2736.1
PF014982,CROP020,Onion,Punjab,2023,11,2736.1,2545.8,2771.4,36.8,55.1,2630.9
PF014983,CROP020,Onion,Punjab,2023,12,2630.9,2736.1,2545.8,2.1,41.0,3055.6
PF015016,CROP020,Onion,Haryana,2021,4,3253.5,3172.2,3116.4,33.9,48.4,3523.1
PF015017,CROP020,Onion,Haryana,2021,5,3523.1,3253.5,3172.2,-7.8,69.5,3284.2
PF015018,CROP020,Onion,Haryana,2021,6,3284.2,3523.1,3253.5,11.7,36.1,3036.0
PF015019,CROP020,Onion,Haryana,2021,7,3036.0,3284.2,3523.1,18.2,74.3,2942.9
PF015020,CROP020,Onion,Haryana,2021,8,2942.9,3036.0,3284.2,-15.7,47.2,2800.8
PF015021,CROP020,Onion,Haryana,2021,9,2800.8,2942.9,3036.0,-13.6,55.7,2704.0
PF015022,CROP020,Onion,Haryana,2021,10,2704.0,2800.8,2942.9,-6.0,44.0,2761.7
PF015023,CROP020,Onion,Haryana,2021,11,2761.7,2704.0,2800.8,0.3,43.6,3021.4
PF015024,CROP020,Onion,Haryana,2021,12,3021.4,2761.7,2704.0,3.2,52.7,3088.3
PF015025,CROP020,Onion,Haryana,2022,1,3088.3,3021.4,2761.7,3.4,61.4,3269.2
PF015026,CROP020,Onion,Haryana,2022,2,3269.2,3088.3,3021.4,3.6,54.2,3369.8
PF015027,CROP020,Onion,Haryana,2022,3,3369.8,3269.2,3088.3,5.2,44.9,3210.4
PF015028,CROP020,Onion,Haryana,2022,4,3210.4,3369.8,3269.2,-9.7,66.9,3575.4
PF015029,CROP020,Onion,Haryana,2022,5,3575.4,3210.4,3369.8,2.5,44.1,3053.8
PF015030,CROP020,Onion,Haryana,2022,6,3053.8,3575.4,3210.4,5.4,37.0,3206.1
PF015031,CROP020,Onion,Haryana,2022,7,3206.1,3053.8,3575.4,-10.7,40.7,3132.0
PF015032,CROP020,Onion,Haryana,2022,8,3132.0,3206.1,3053.8,15.6,48.5,2627.6
PF015033,CROP020,Onion,Haryana,2022,9,2627.6,3132.0,3206.1,17.8,56.4,2686.5
PF015034,CROP020,Onion,Haryana,2022,10,2686.5,2627.6,3132.0,15.2,52.1,2718.4
PF015035,CROP020,Onion,Haryana,2022,11,2718.4,2686.5,2627.6,4.4,54.1,2639.1
PF015036,CROP020,Onion,Haryana,2022,12,2639.1,2718.4,2686.5,19.0,52.5,3210.7
PF015037,CROP020,Onion,Haryana,2023,1,3210.7,2639.1,2718.4,0.9,67.9,3219.6
PF015038,CROP020,Onion,Haryana,2023,2,3219.6,3210.7,2639.1,2.3,55.6,3410.6
PF015039,CROP020,Onion,Haryana,2023,3,3410.6,3219.6,3210.7,-5.0,31.9,3578.3
PF015040,CROP020,Onion,Haryana,2023,4,3578.3,3410.6,3219.6,-4.2,67.2,3412.5
PF015041,CROP020,Onion,Haryana,2023,5,3412.5,3578.3,3410.6,18.7,32.9,3268.9
PF015042,CROP020,Onion,Haryana,2023,6,3268.9,3412.5,3578.3,-8.8,39.1,3193.0
PF015043,CROP020,Onion,Haryana,2023,7,3193.0,3268.9,3412.5,1.1,66.6,3117.9
PF015044,CROP020,Onion,Haryana,2023,8,3117.9,3193.0,3268.9,-10.0,53.9,3048.2
PF015045,CROP020,Onion,Haryana,2023,9,3048.2,3117.9,3193.0,14.9,35.4,2722.1
PF015046,CROP020,Onion,Haryana,2023,10,2722.1,3048.2,3117.9,13.1,70.5,2868.2
PF015047,CROP020,Onion,Haryana,2023,11,2868.2,2722.1,3048.2,9.0,54.8,2838.4
PF015048,CROP020,Onion,Haryana,2023,12,2838.4,2868.2,2722.1,13.7,62.8,2887.1
PF015081,CROP020,Onion,Haryana,2021,4,3412.0,3322.8,3200.3,28.4,55.3,3290.8
PF015082,CROP020,Onion,Haryana,2021,5,3290.8,3412.0,3322.8,10.5,62.8,3405.6
PF015083,CROP020,Onion,Haryana,2021,6,3405.6,3290.8,3412.0,2.9,41.9,3056.0
PF015084,CROP020,Onion,Haryana,2021,7,3056.0,3405.6,3290.8,-29.1,52.7,2934.3
PF015085,CROP020,Onion,Haryana,2021,8,2934.3,3056.0,3405.6,16.4,54.5,2705.4
PF015086,CROP020,Onion,Haryana,2021,9,2705.4,2934.3,3056.0,-5.8,70.7,2544.0
PF015087,CROP020,Onion,Haryana,2021,10,2544.0,2705.4,2934.3,-21.1,49.1,2721.1
PF015088,CROP020,Onion,Haryana,2021,11,2721.1,2544.0,2705.4,-8.0,36.8,2877.2
PF015089,CROP020,Onion,Haryana,2021,12,2877.2,2721.1,2544.0,4.1,45.9,3270.3
PF015090,CROP020,Onion,Haryana,2022,1,3270.3,2877.2,2721.1,1.0,61.8,3236.1
PF015091,CROP020,Onion,Haryana,2022,2,3236.1,3270.3,2877.2,-2.8,52.4,3304.8
PF015092,CROP020,Onion,Haryana,2022,3,3304.8,3236.1,3270.3,1.3,42.0,3264.0
PF015093,CROP020,Onion,Haryana,2022,4,3264.0,3304.8,3236.1,-16.2,36.0,3396.6
PF015094,CROP020,Onion,Haryana,2022,5,3396.6,3264.0,3304.8,-17.2,55.2,3158.9
PF015095,CROP020,Onion,Haryana,2022,6,3158.9,3396.6,3264.0,-1.7,42.7,3006.6
PF015096,CROP020,Onion,Haryana,2022,7,3006.6,3158.9,3396.6,-28.6,36.5,2767.7
PF015097,CROP020,Onion,Haryana,2022,8,2767.7,3006.6,3158.9,-6.7,42.9,2721.1
PF015098,CROP020,Onion,Haryana,2022,9,2721.1,2767.7,3006.6,25.1,41.1,2765.4
PF015099,CROP020,Onion,Haryana,2022,10,2765.4,2721.1,2767.7,7.0,36.7,2954.8
PF015100,CROP020,Onion,Haryana,2022,11,2954.8,2765.4,2721.1,6.5,41.0,2753.4
PF015101,CROP020,Onion,Haryana,2022,12,2753.4,2954.8,2765.4,-17.0,63.8,2826.5
PF015102,CROP020,Onion,Haryana,2023,1,2826.5,2753.4,2954.8,7.6,58.6,3653.1
PF015103,CROP020,Onion,Haryana,2023,2,3653.1,2826.5,2753.4,8.9,60.3,3399.8
PF015104,CROP020,Onion,Haryana,2023,3,3399.8,3653.1,2826.5,-8.1,60.7,3608.3
PF015105,CROP020,Onion,Haryana,2023,4,3608.3,3399.8,3653.1,17.3,54.0,3129.9
PF015106,CROP020,Onion,Haryana,2023,5,3129.9,3608.3,3399.8,-32.7,42.4,3349.3
PF015107,CROP020,Onion,Haryana,2023,6,3349.3,3129.9,3608.3,-6.4,49.9,2921.7
PF015108,CROP020,Onion,Haryana,2023,7,2921.7,3349.3,3129.9,8.0,43.4,2766.3
PF015109,CROP020,Onion,Haryana,2023,8,2766.3,2921.7,3349.3,0.5,33.3,2833.5
PF015110,CROP020,Onion,Haryana,2023,9,2833.5,2766.3,2921.7,4.5,46.7,2779.5
PF015111,CROP020,Onion,Haryana,2023,10,2779.5,2833.5,2766.3,2.3,41.4,2869.4
PF015112,CROP020,Onion,Haryana,2023,11,2869.4,2779.5,2833.5,10.6,59.2,3039.1
PF015113,CROP020,Onion,Haryana,2023,12,3039.1,2869.4,2779.5,-14.2,65.4,2884.3
PF015146,CROP020,Onion,Uttar Pradesh,2021,4,3091.1,2981.4,2730.3,-14.7,64.8,2896.5
PF015147,CROP020,Onion,Uttar Pradesh,2021,5,2896.5,3091.1,2981.4,21.2,50.6,2911.3
PF015148,CROP020,Onion,Uttar Pradesh,2021,6,2911.3,2896.5,3091.1,-6.7,42.9,2554.0
PF015149,CROP020,Onion,Uttar Pradesh,2021,7,2554.0,2911.3,2896.5,-24.6,37.7,2604.5
PF015150,CROP020,Onion,Uttar Pradesh,2021,8,2604.5,2554.0,2911.3,-9.5,46.9,2518.8
PF015151,CROP020,Onion,Uttar Pradesh,2021,9,2518.8,2604.5,2554.0,-1.4,46.3,2442.7
PF015152,CROP020,Onion,Uttar Pradesh,2021,10,2442.7,2518.8,2604.5,-9.5,45.3,2368.2
PF015153,CROP020,Onion,Uttar Pradesh,2021,11,2368.2,2442.7,2518.8,-5.3,52.4,2712.9
PF015154,CROP020,Onion,Uttar Pradesh,2021,12,2712.9,2368.2,2442.7,19.8,35.2,2793.9
PF015155,CROP020,Onion,Uttar Pradesh,2022,1,2793.9,2712.9,2368.2,-7.4,66.0,2916.8
PF015156,CROP020,Onion,Uttar Pradesh,2022,2,2916.8,2793.9,2712.9,31.1,59.9,3047.5
PF015157,CROP020,Onion,Uttar Pradesh,2022,3,3047.5,2916.8,2793.9,-7.8,68.6,2918.7
PF015158,CROP020,Onion,Uttar Pradesh,2022,4,2918.7,3047.5,2916.8,17.2,37.9,2965.6
PF015159,CROP020,Onion,Uttar Pradesh,2022,5,2965.6,2918.7,3047.5,12.1,50.9,2823.3
PF015160,CROP020,Onion,Uttar Pradesh,2022,6,2823.3,2965.6,2918.7,1.2,63.3,2736.1
PF015161,CROP020,Onion,Uttar Pradesh,2022,7,2736.1,2823.3,2965.6,8.7,56.6,2755.4
PF015162,CROP020,Onion,Uttar Pradesh,2022,8,2755.4,2736.1,2823.3,-9.4,70.6,2555.5
PF015163,CROP020,Onion,Uttar Pradesh,2022,9,2555.5,2755.4,2736.1,-16.7,56.4,2607.9
PF015164,CROP020,Onion,Uttar Pradesh,2022,10,2607.9,2555.5,2755.4,-21.2,38.8,2628.2
PF015165,CROP020,Onion,Uttar Pradesh,2022,11,2628.2,2607.9,2555.5,12.6,35.7,2614.0
PF015166,CROP020,Onion,Uttar Pradesh,2022,12,2614.0,2628.2,2607.9,-4.5,56.0,2859.8
PF015167,CROP020,Onion,Uttar Pradesh,2023,1,2859.8,2614.0,2628.2,-3.7,33.8,3054.2
PF015168,CROP020,Onion,Uttar Pradesh,2023,2,3054.2,2859.8,2614.0,6.1,42.4,3169.5
PF015169,CROP020,Onion,Uttar Pradesh,2023,3,3169.5,3054.2,2859.8,-10.8,33.8,3057.2
PF015170,CROP020,Onion,Uttar Pradesh,2023,4,3057.2,3169.5,3054.2,-2.4,46.1,2965.7
PF015171,CROP020,Onion,Uttar Pradesh,2023,5,2965.7,3057.2,3169.5,-1.4,45.4,2949.6
PF015172,CROP020,Onion,Uttar Pradesh,2023,6,2949.6,2965.7,3057.2,11.6,39.2,2937.4
PF015173,CROP020,Onion,Uttar Pradesh,2023,7,2937.4,2949.6,2965.7,-13.6,49.9,2612.7
PF015174,CROP020,Onion,Uttar Pradesh,2023,8,2612.7,2937.4,2949.6,-6.8,55.2,2577.0
PF015175,CROP020,Onion,Uttar Pradesh,2023,9,2577.0,2612.7,2937.4,6.6,53.6,2420.5
PF015176,CROP020,Onion,Uttar Pradesh,2023,10,2420.5,2577.0,2612.7,-14.8,22.7,2362.0
PF015177,CROP020,Onion,Uttar Pradesh,2023,11,2362.0,2420.5,2577.0,-11.2,48.8,2862.7
PF015178,CROP020,Onion,Uttar Pradesh,2023,12,2862.7,2362.0,2420.5,-5.7,51.5,2877.4
PF015211,CROP020,Onion,Uttar Pradesh,2021,4,3311.7,3241.2,3097.4,1.2,48.6,3250.6
PF015212,CROP020,Onion,Uttar Pradesh,2021,5,3250.6,3311.7,3241.2,17.6,54.3,3324.7
PF015213,CROP020,Onion,Uttar Pradesh,2021,6,3324.7,3250.6,3311.7,-12.0,49.7,3035.8
PF015214,CROP020,Onion,Uttar Pradesh,2021,7,3035.8,3324.7,3250.6,-13.1,63.7,2917.2
PF015215,CROP020,Onion,Uttar Pradesh,2021,8,2917.2,3035.8,3324.7,-0.5,45.4,2830.5
PF015216,CROP020,Onion,Uttar Pradesh,2021,9,2830.5,2917.2,3035.8,-12.3,37.3,2729.5
PF015217,CROP020,Onion,Uttar Pradesh,2021,10,2729.5,2830.5,2917.2,24.9,47.3,2673.6
PF015218,CROP020,Onion,Uttar Pradesh,2021,11,2673.6,2729.5,2830.5,-20.8,52.1,2946.6
PF015219,CROP020,Onion,Uttar Pradesh,2021,12,2946.6,2673.6,2729.5,26.9,51.8,3057.9
PF015220,CROP020,Onion,Uttar Pradesh,2022,1,3057.9,2946.6,2673.6,-3.5,55.0,3176.7
PF015221,CROP020,Onion,Uttar Pradesh,2022,2,3176.7,3057.9,2946.6,-17.4,65.2,3408.8
PF015222,CROP020,Onion,Uttar Pradesh,2022,3,3408.8,3176.7,3057.9,-13.9,65.5,3174.9
PF015223,CROP020,Onion,Uttar Pradesh,2022,4,3174.9,3408.8,3176.7,-1.0,45.0,3201.1
PF015224,CROP020,Onion,Uttar Pradesh,2022,5,3201.1,3174.9,3408.8,13.4,53.1,3032.2
PF015225,CROP020,Onion,Uttar Pradesh,2022,6,3032.2,3201.1,3174.9,-11.5,31.1,2993.2
PF015226,CROP020,Onion,Uttar Pradesh,2022,7,2993.2,3032.2,3201.1,12.8,46.5,2670.5
PF015227,CROP020,Onion,Uttar Pradesh,2022,8,2670.5,2993.2,3032.2,2.4,43.5,2550.5
PF015228,CROP020,Onion,Uttar Pradesh,2022,9,2550.5,2670.5,2993.2,14.9,53.9,2672.4
PF015229,CROP020,Onion,Uttar Pradesh,2022,10,2672.4,2550.5,2670.5,-18.5,48.8,2650.3
PF015230,CROP020,Onion,Uttar Pradesh,2022,11,2650.3,2672.4,2550.5,-3.7,55.6,2778.0
PF015231,CROP020,Onion,Uttar Pradesh,2022,12,2778.0,2650.3,2672.4,-16.3,40.7,3123.0
PF015232,CROP020,Onion,Uttar Pradesh,2023,1,3123.0,2778.0,2650.3,-4.9,59.9,3073.5
PF015233,CROP020,Onion,Uttar Pradesh,2023,2,3073.5,3123.0,2778.0,-26.3,40.6,3279.1
PF015234,CROP020,Onion,Uttar Pradesh,2023,3,3279.1,3073.5,3123.0,8.3,47.3,3351.7
PF015235,CROP020,Onion,Uttar Pradesh,2023,4,3351.7,3279.1,3073.5,0.1,17.3,3298.1
PF015236,CROP020,Onion,Uttar Pradesh,2023,5,3298.1,3351.7,3279.1,5.0,40.0,3208.5
PF015237,CROP020,Onion,Uttar Pradesh,2023,6,3208.5,3298.1,3351.7,-15.4,33.3,2978.7
PF015238,CROP020,Onion,Uttar Pradesh,2023,7,2978.7,3208.5,3298.1,2.0,55.5,2975.2
PF015239,CROP020,Onion,Uttar Pradesh,2023,8,2975.2,2978.7,3208.5,-13.5,38.8,2430.8
PF015240,CROP020,Onion,Uttar Pradesh,2023,9,2430.8,2975.2,2978.7,13.3,65.3,2490.8
PF015241,CROP020,Onion,Uttar Pradesh,2023,10,2490.8,2430.8,2975.2,5.6,31.6,2939.0
PF015242,CROP020,Onion,Uttar Pradesh,2023,11,2939.0,2490.8,2430.8,-13.2,36.5,3031.0
PF015243,CROP020,Onion,Uttar Pradesh,2023,12,3031.0,2939.0,2490.8,-8.9,44.9,2965.8
PF015276,CROP020,Onion,Uttar Pradesh,2021,4,2718.1,2692.5,2477.6,-31.6,41.5,2809.8
PF015277,CROP020,Onion,Uttar Pradesh,2021,5,2809.8,2718.1,2692.5,24.1,71.8,2535.4
PF015278,CROP020,Onion,Uttar Pradesh,2021,6,2535.4,2809.8,2718.1,-24.2,51.5,2246.2
PF015279,CROP020,Onion,Uttar Pradesh,2021,7,2246.2,2535.4,2809.8,-6.5,56.4,2305.2
PF015280,CROP020,Onion,Uttar Pradesh,2021,8,2305.2,2246.2,2535.4,11.2,64.2,2208.4
PF015281,CROP020,Onion,Uttar Pradesh,2021,9,2208.4,2305.2,2246.2,1.1,46.4,2215.0
PF015282,CROP020,Onion,Uttar Pradesh,2021,10,2215.0,2208.4,2305.2,-11.1,54.6,2208.6
PF015283,CROP020,Onion,Uttar Pradesh,2021,11,2208.6,2215.0,2208.4,-4.5,51.5,2288.2
PF015284,CROP020,Onion,Uttar Pradesh,2021,12,2288.2,2208.6,2215.0,28.2,61.7,2458.2
PF015285,CROP020,Onion,Uttar Pradesh,2022,1,2458.2,2288.2,2208.6,9.6,74.5,2598.0
PF015286,CROP020,Onion,Uttar Pradesh,2022,2,2598.0,2458.2,2288.2,16.7,64.7,2726.8
PF015287,CROP020,Onion,Uttar Pradesh,2022,3,2726.8,2598.0,2458.2,10.5,33.0,2558.5
PF015288,CROP020,Onion,Uttar Pradesh,2022,4,2558.5,2726.8,2598.0,-21.7,47.6,2697.6
PF015289,CROP020,Onion,Uttar Pradesh,2022,5,2697.6,2558.5,2726.8,-3.2,68.1,2633.1
PF015290,CROP020,Onion,Uttar Pradesh,2022,6,2633.1,2697.6,2558.5,15.5,46.5,2455.2
PF015291,CROP020,Onion,Uttar Pradesh,2022,7,2455.2,2633.1,2697.6,13.3,35.2,2379.0
PF015292,CROP020,Onion,Uttar Pradesh,2022,8,2379.0,2455.2,2633.1,6.9,48.0,2154.7
PF015293,CROP020,Onion,Uttar Pradesh,2022,9,2154.7,2379.0,2455.2,19.9,37.1,2247.4
PF015294,CROP020,Onion,Uttar Pradesh,2022,10,2247.4,2154.7,2379.0,-19.2,57.3,2152.8
PF015295,CROP020,Onion,Uttar Pradesh,2022,11,2152.8,2247.4,2154.7,2.6,49.2,2451.0
PF015296,CROP020,Onion,Uttar Pradesh,2022,12,2451.0,2152.8,2247.4,7.2,46.1,2532.9
PF015297,CROP020,Onion,Uttar Pradesh,2023,1,2532.9,2451.0,2152.8,33.6,50.3,2669.8
PF015298,CROP020,Onion,Uttar Pradesh,2023,2,2669.8,2532.9,2451.0,28.5,32.0,2672.4
PF015299,CROP020,Onion,Uttar Pradesh,2023,3,2672.4,2669.8,2532.9,13.9,71.1,2580.3
PF015300,CROP020,Onion,Uttar Pradesh,2023,4,2580.3,2672.4,2669.8,-2.9,55.2,2636.4
PF015301,CROP020,Onion,Uttar Pradesh,2023,5,2636.4,2580.3,2672.4,-8.0,52.8,2618.8
PF015302,CROP020,Onion,Uttar Pradesh,2023,6,2618.8,2636.4,2580.3,-6.3,24.3,2303.7
PF015303,CROP020,Onion,Uttar Pradesh,2023,7,2303.7,2618.8,2636.4,-0.0,66.4,2382.0
PF015304,CROP020,Onion,Uttar Pradesh,2023,8,2382.0,2303.7,2618.8,-8.9,40.2,2281.8
PF015305,CROP020,Onion,Uttar Pradesh,2023,9,2281.8,2382.0,2303.7,-6.4,58.5,2153.0
PF015306,CROP020,Onion,Uttar Pradesh,2023,10,2153.0,2281.8,2382.0,0.4,45.6,2264.9
PF015307,CROP020,Onion,Uttar Pradesh,2023,11,2264.9,2153.0,2281.8,16.6,52.4,2569.5
PF015308,CROP020,Onion,Uttar Pradesh,2023,12,2569.5,2264.9,2153.0,8.3,65.7,2390.8
PF015341,CROP020,Onion,Bihar,2021,4,2846.8,2984.6,2925.5,10.4,39.0,3094.0
PF015342,CROP020,Onion,Bihar,2021,5,3094.0,2846.8,2984.6,21.3,49.0,2792.4
PF015343,CROP020,Onion,Bihar,2021,6,2792.4,3094.0,2846.8,-10.5,65.0,2653.8
PF015344,CROP020,Onion,Bihar,2021,7,2653.8,2792.4,3094.0,-9.6,71.7,2515.8
PF015345,CROP020,Onion,Bihar,2021,8,2515.8,2653.8,2792.4,6.7,60.4,2354.0
PF015346,CROP020,Onion,Bihar,2021,9,2354.0,2515.8,2653.8,-0.7,51.2,2409.4
PF015347,CROP020,Onion,Bihar,2021,10,2409.4,2354.0,2515.8,23.4,53.2,2440.8
PF015348,CROP020,Onion,Bihar,2021,11,2440.8,2409.4,2354.0,2.1,39.5,2562.9
PF015349,CROP020,Onion,Bihar,2021,12,2562.9,2440.8,2409.4,11.5,66.2,2658.9
PF015350,CROP020,Onion,Bihar,2022,1,2658.9,2562.9,2440.8,-12.2,58.8,3067.9
PF015351,CROP020,Onion,Bihar,2022,2,3067.9,2658.9,2562.9,5.6,32.1,2984.9
PF015352,CROP020,Onion,Bihar,2022,3,2984.9,3067.9,2658.9,-2.8,48.8,3181.0
PF015353,CROP020,Onion,Bihar,2022,4,3181.0,2984.9,3067.9,-28.9,46.9,3020.6
PF015354,CROP020,Onion,Bihar,2022,5,3020.6,3181.0,2984.9,19.5,61.1,2967.1
PF015355,CROP020,Onion,Bihar,2022,6,2967.1,3020.6,3181.0,5.4,54.3,2730.4
PF015356,CROP020,Onion,Bihar,2022,7,2730.4,2967.1,3020.6,-2.9,30.1,2587.1
PF015357,CROP020,Onion,Bihar,2022,8,2587.1,2730.4,2967.1,17.4,29.5,2519.9
PF015358,CROP020,Onion,Bihar,2022,9,2519.9,2587.1,2730.4,-20.7,53.8,2608.0
PF015359,CROP020,Onion,Bihar,2022,10,2608.0,2519.9,2587.1,23.0,59.1,2379.3
PF015360,CROP020,Onion,Bihar,2022,11,2379.3,2608.0,2519.9,1.5,51.5,2592.5
PF015361,CROP020,Onion,Bihar,2022,12,2592.5,2379.3,2608.0,-2.4,58.3,2840.1
PF015362,CROP020,Onion,Bihar,2023,1,2840.1,2592.5,2379.3,7.6,56.4,2917.7
PF015363,CROP020,Onion,Bihar,2023,2,2917.7,2840.1,2592.5,-19.7,55.0,3237.1
PF015364,CROP020,Onion,Bihar,2023,3,3237.1,2917.7,2840.1,-27.8,44.0,3101.0
PF015365,CROP020,Onion,Bihar,2023,4,3101.0,3237.1,2917.7,22.8,38.3,3113.6
PF015366,CROP020,Onion,Bihar,2023,5,3113.6,3101.0,3237.1,-10.9,58.2,2925.8
PF015367,CROP020,Onion,Bihar,2023,6,2925.8,3113.6,3101.0,-26.2,43.4,2692.1
PF015368,CROP020,Onion,Bihar,2023,7,2692.1,2925.8,3113.6,-9.9,62.3,2501.0
PF015369,CROP020,Onion,Bihar,2023,8,2501.0,2692.1,2925.8,-2.4,55.2,2613.6
PF015370,CROP020,Onion,Bihar,2023,9,2613.6,2501.0,2692.1,-12.3,37.9,2549.4
PF015371,CROP020,Onion,Bihar,2023,10,2549.4,2613.6,2501.0,18.5,83.6,2553.4
PF015372,CROP020,Onion,Bihar,2023,11,2553.4,2549.4,2613.6,-5.7,46.2,2778.8
PF015373,CROP020,Onion,Bihar,2023,12,2778.8,2553.4,2549.4,-14.7,44.6,2777.5
PF015406,CROP020,Onion,Bihar,2021,4,2841.0,2888.5,2471.0,8.7,56.8,2856.3
PF015407,CROP020,Onion,Bihar,2021,5,2856.3,2841.0,2888.5,7.9,48.5,2818.3
PF015408,CROP020,Onion,Bihar,2021,6,2818.3,2856.3,2841.0,-5.3,44.4,2573.0
PF015409,CROP020,Onion,Bihar,2021,7,2573.0,2818.3,2856.3,1.3,60.1,2339.5
PF015410,CROP020,Onion,Bihar,2021,8,2339.5,2573.0,2818.3,28.4,51.1,2188.9
PF015411,CROP020,Onion,Bihar,2021,9,2188.9,2339.5,2573.0,-6.3,61.2,2213.6
PF015412,CROP020,Onion,Bihar,2021,10,2213.6,2188.9,2339.5,0.4,58.5,2280.1
PF015413,CROP020,Onion,Bihar,2021,11,2280.1,2213.6,2188.9,3.4,80.9,2379.5
PF015414,CROP020,Onion,Bihar,2021,12,2379.5,2280.1,2213.6,-0.3,40.4,2339.8
PF015415,CROP020,Onion,Bihar,2022,1,2339.8,2379.5,2280.1,19.1,43.8,2649.8
PF015416,CROP020,Onion,Bihar,2022,2,2649.8,2339.8,2379.5,-1.7,34.5,2757.9
PF015417,CROP020,Onion,Bihar,2022,3,2757.9,2649.8,2339.8,-14.4,54.4,2746.1
PF015418,CROP020,Onion,Bihar,2022,4,2746.1,2757.9,2649.8,-14.7,50.9,2858.0
PF015419,CROP020,Onion,Bihar,2022,5,2858.0,2746.1,2757.9,0.9,62.9,2666.3
PF015420,CROP020,Onion,Bihar,2022,6,2666.3,2858.0,2746.1,-16.1,57.6,2445.6
PF015421,CROP020,Onion,Bihar,2022,7,2445.6,2666.3,2858.0,3.7,48.0,2520.9
PF015422,CROP020,Onion,Bihar,2022,8,2520.9,2445.6,2666.3,14.9,46.3,2233.2
PF015423,CROP020,Onion,Bihar,2022,9,2233.2,2520.9,2445.6,-3.2,54.6,2215.4
PF015424,CROP020,Onion,Bihar,2022,10,2215.4,2233.2,2520.9,19.6,44.0,2470.1
PF015425,CROP020,Onion,Bihar,2022,11,2470.1,2215.4,2233.2,-2.5,43.5,2408.2
PF015426,CROP020,Onion,Bihar,2022,12,2408.2,2470.1,2215.4,2.4,58.5,2653.9
PF015427,CROP020,Onion,Bihar,2023,1,2653.9,2408.2,2470.1,5.7,37.6,2712.6
PF015428,CROP020,Onion,Bihar,2023,2,2712.6,2653.9,2408.2,-7.1,32.5,2747.0
PF015429,CROP020,Onion,Bihar,2023,3,2747.0,2712.6,2653.9,-16.9,49.7,2860.8
PF015430,CROP020,Onion,Bihar,2023,4,2860.8,2747.0,2712.6,6.2,64.9,2826.3
PF015431,CROP020,Onion,Bihar,2023,5,2826.3,2860.8,2747.0,-24.6,73.2,2614.6
PF015432,CROP020,Onion,Bihar,2023,6,2614.6,2826.3,2860.8,5.4,38.0,2566.5
PF015433,CROP020,Onion,Bihar,2023,7,2566.5,2614.6,2826.3,6.3,63.9,2445.5
PF015434,CROP020,Onion,Bihar,2023,8,2445.5,2566.5,2614.6,23.7,38.4,2251.0
PF015435,CROP020,Onion,Bihar,2023,9,2251.0,2445.5,2566.5,-25.6,55.5,2190.8
PF015436,CROP020,Onion,Bihar,2023,10,2190.8,2251.0,2445.5,-18.5,54.2,2178.4
PF015437,CROP020,Onion,Bihar,2023,11,2178.4,2190.8,2251.0,30.0,55.8,2412.5
PF015438,CROP020,Onion,Bihar,2023,12,2412.5,2178.4,2190.8,23.5,34.2,2687.0
PF015471,CROP020,Onion,West Bengal,2021,4,3286.6,3190.2,2912.0,4.7,44.6,3227.1
PF015472,CROP020,Onion,West Bengal,2021,5,3227.1,3286.6,3190.2,13.5,49.1,2874.2
PF015473,CROP020,Onion,West Bengal,2021,6,2874.2,3227.1,3286.6,14.1,59.4,2905.5
PF015474,CROP020,Onion,West Bengal,2021,7,2905.5,2874.2,3227.1,0.5,41.9,2766.3
PF015475,CROP020,Onion,West Bengal,2021,8,2766.3,2905.5,2874.2,-5.2,41.4,2711.6
PF015476,CROP020,Onion,West Bengal,2021,9,2711.6,2766.3,2905.5,-5.9,47.9,2567.2
PF015477,CROP020,Onion,West Bengal,2021,10,2567.2,2711.6,2766.3,6.7,65.0,2688.5
PF015478,CROP020,Onion,West Bengal,2021,11,2688.5,2567.2,2711.6,-6.5,59.1,2844.0
PF015479,CROP020,Onion,West Bengal,2021,12,2844.0,2688.5,2567.2,-9.7,49.1,3052.5
PF015480,CROP020,Onion,West Bengal,2022,1,3052.5,2844.0,2688.5,-11.7,50.8,3031.7
PF015481,CROP020,Onion,West Bengal,2022,2,3031.7,3052.5,2844.0,0.3,36.6,3254.0
PF015482,CROP020,Onion,West Bengal,2022,3,3254.0,3031.7,3052.5,-18.0,50.9,3487.4
PF015483,CROP020,Onion,West Bengal,2022,4,3487.4,3254.0,3031.7,7.7,63.5,3072.8
PF015484,CROP020,Onion,West Bengal,2022,5,3072.8,3487.4,3254.0,0.1,48.9,2867.4
PF015485,CROP020,Onion,West Bengal,2022,6,2867.4,3072.8,3487.4,-21.8,52.5,2928.6
PF015486,CROP020,Onion,West Bengal,2022,7,2928.6,2867.4,3072.8,-31.5,51.6,2880.4
PF015487,CROP020,Onion,West Bengal,2022,8,2880.4,2928.6,2867.4,-3.7,50.2,2793.8
PF015488,CROP020,Onion,West Bengal,2022,9,2793.8,2880.4,2928.6,-16.2,44.9,2622.4
PF015489,CROP020,Onion,West Bengal,2022,10,2622.4,2793.8,2880.4,0.6,34.3,2749.3
PF015490,CROP020,Onion,West Bengal,2022,11,2749.3,2622.4,2793.8,-6.5,43.1,2842.6
PF015491,CROP020,Onion,West Bengal,2022,12,2842.6,2749.3,2622.4,0.8,55.6,3056.0
PF015492,CROP020,Onion,West Bengal,2023,1,3056.0,2842.6,2749.3,-10.4,62.6,3275.7
PF015493,CROP020,Onion,West Bengal,2023,2,3275.7,3056.0,2842.6,9.4,55.5,3494.5
PF015494,CROP020,Onion,West Bengal,2023,3,3494.5,3275.7,3056.0,-22.6,47.1,3073.4
PF015495,CROP020,Onion,West Bengal,2023,4,3073.4,3494.5,3275.7,34.7,32.8,3085.4
PF015496,CROP020,Onion,West Bengal,2023,5,3085.4,3073.4,3494.5,-2.4,44.9,3014.2
PF015497,CROP020,Onion,West Bengal,2023,6,3014.2,3085.4,3073.4,18.4,62.7,2779.2
PF015498,CROP020,Onion,West Bengal,2023,7,2779.2,3014.2,3085.4,9.0,62.3,2970.1
PF015499,CROP020,Onion,West Bengal,2023,8,2970.1,2779.2,3014.2,15.1,48.6,2553.3
PF015500,CROP020,Onion,West Bengal,2023,9,2553.3,2970.1,2779.2,13.4,51.9,2833.1
PF015501,CROP020,Onion,West Bengal,2023,10,2833.1,2553.3,2970.1,5.0,27.7,2735.2
PF015502,CROP020,Onion,West Bengal,2023,11,2735.2,2833.1,2553.3,-2.5,68.4,2793.1
PF015503,CROP020,Onion,West Bengal,2023,12,2793.1,2735.2,2833.1,10.1,42.3,2969.5
PF015536,CROP020,Onion,West Bengal,2021,4,3444.1,3300.3,3037.6,-6.3,53.3,3522.4
PF015537,CROP020,Onion,West Bengal,2021,5,3522.4,3444.1,3300.3,-11.0,42.3,3125.1
PF015538,CROP020,Onion,West Bengal,2021,6,3125.1,3522.4,3444.1,6.4,51.5,3003.9
PF015539,CROP020,Onion,West Bengal,2021,7,3003.9,3125.1,3522.4,17.7,54.5,3048.5
PF015540,CROP020,Onion,West Bengal,2021,8,3048.5,3003.9,3125.1,-6.3,54.1,2860.9
PF015541,CROP020,Onion,West Bengal,2021,9,2860.9,3048.5,3003.9,18.6,42.9,2810.2
PF015542,CROP020,Onion,West Bengal,2021,10,2810.2,2860.9,3048.5,-8.7,38.6,2734.0
PF015543,CROP020,Onion,West Bengal,2021,11,2734.0,2810.2,2860.9,-19.5,21.7,3090.8
PF015544,CROP020,Onion,West Bengal,2021,12,3090.8,2734.0,2810.2,-3.5,54.0,3062.1
PF015545,CROP020,Onion,West Bengal,2022,1,3062.1,3090.8,2734.0,10.1,61.2,3400.9
PF015546,CROP020,Onion,West Bengal,2022,2,3400.9,3062.1,3090.8,-4.3,41.8,3372.0
PF015547,CROP020,Onion,West Bengal,2022,3,3372.0,3400.9,3062.1,10.4,51.1,3340.5
PF015548,CROP020,Onion,West Bengal,2022,4,3340.5,3372.0,3400.9,12.9,62.0,3340.9
PF015549,CROP020,Onion,West Bengal,2022,5,3340.9,3340.5,3372.0,-13.3,42.9,3180.8
PF015550,CROP020,Onion,West Bengal,2022,6,3180.8,3340.9,3340.5,23.3,44.7,2975.8
PF015551,CROP020,Onion,West Bengal,2022,7,2975.8,3180.8,3340.9,-9.3,50.6,2899.3
PF015552,CROP020,Onion,West Bengal,2022,8,2899.3,2975.8,3180.8,-15.0,58.8,2759.3
PF015553,CROP020,Onion,West Bengal,2022,9,2759.3,2899.3,2975.8,-8.5,58.0,2771.7
PF015554,CROP020,Onion,West Bengal,2022,10,2771.7,2759.3,2899.3,0.7,37.4,2821.9
PF015555,CROP020,Onion,West Bengal,2022,11,2821.9,2771.7,2759.3,17.0,51.2,2832.2
PF015556,CROP020,Onion,West Bengal,2022,12,2832.2,2821.9,2771.7,0.6,51.9,3170.6
PF015557,CROP020,Onion,West Bengal,2023,1,3170.6,2832.2,2821.9,10.1,49.0,3166.5
PF015558,CROP020,Onion,West Bengal,2023,2,3166.5,3170.6,2832.2,18.4,38.4,3280.7
PF015559,CROP020,Onion,West Bengal,2023,3,3280.7,3166.5,3170.6,-6.6,50.1,3404.7
PF015560,CROP020,Onion,West Bengal,2023,4,3404.7,3280.7,3166.5,-20.7,50.5,3638.6
PF015561,CROP020,Onion,West Bengal,2023,5,3638.6,3404.7,3280.7,21.1,38.4,3257.6
PF015562,CROP020,Onion,West Bengal,2023,6,3257.6,3638.6,3404.7,-1.9,41.0,3217.8
PF015563,CROP020,Onion,West Bengal,2023,7,3217.8,3257.6,3638.6,2.7,52.9,2926.4
PF015564,CROP020,Onion,West Bengal,2023,8,2926.4,3217.8,3257.6,-5.5,42.8,2949.1
PF015565,CROP020,Onion,West Bengal,2023,9,2949.1,2926.4,3217.8,-21.7,42.3,2782.3
PF015566,CROP020,Onion,West Bengal,2023,10,2782.3,2949.1,2926.4,-27.6,42.5,3081.1
PF015567,CROP020,Onion,West Bengal,2023,11,3081.1,2782.3,2949.1,10.1,43.2,2808.1
PF015568,CROP020,Onion,West Bengal,2023,12,2808.1,3081.1,2782.3,8.5,70.7,3039.2
PF015601,CROP021,Tomato,Punjab,2021,4,5229.5,4595.8,4527.7,-31.7,55.0,4661.6
PF015602,CROP021,Tomato,Punjab,2021,5,4661.6,5229.5,4595.8,16.9,50.8,4504.5
PF015603,CROP021,Tomato,Punjab,2021,6,4504.5,4661.6,5229.5,-10.6,60.7,4093.9
PF015604,CROP021,Tomato,Punjab,2021,7,4093.9,4504.5,4661.6,9.6,43.2,3960.5
PF015605,CROP021,Tomato,Punjab,2021,8,3960.5,4093.9,4504.5,-1.5,60.5,3787.2
PF015606,CROP021,Tomato,Punjab,2021,9,3787.2,3960.5,4093.9,-18.3,42.9,4130.9
PF015607,CROP021,Tomato,Punjab,2021,10,4130.9,3787.2,3960.5,23.2,60.0,4040.1
PF015608,CROP021,Tomato,Punjab,2021,11,4040.1,4130.9,3787.2,3.2,61.3,4014.5
PF015609,CROP021,Tomato,Punjab,2021,12,4014.5,4040.1,4130.9,32.3,43.6,4136.4
PF015610,CROP021,Tomato,Punjab,2022,1,4136.4,4014.5,4040.1,15.5,54.7,4782.5
PF015611,CROP021,Tomato,Punjab,2022,2,4782.5,4136.4,4014.5,37.0,59.9,4557.5
PF015612,CROP021,Tomato,Punjab,2022,3,4557.5,4782.5,4136.4,-28.6,45.0,4906.0
PF015613,CROP021,Tomato,Punjab,2022,4,4906.0,4557.5,4782.5,16.2,48.6,4661.3
PF015614,CROP021,Tomato,Punjab,2022,5,4661.3,4906.0,4557.5,16.5,50.6,4456.3
PF015615,CROP021,Tomato,Punjab,2022,6,4456.3,4661.3,4906.0,6.4,51.0,4407.3
PF015616,CROP021,Tomato,Punjab,2022,7,4407.3,4456.3,4661.3,28.6,30.8,4089.4
PF015617,CROP021,Tomato,Punjab,2022,8,4089.4,4407.3,4456.3,-13.8,34.5,4151.2
PF015618,CROP021,Tomato,Punjab,2022,9,4151.2,4089.4,4407.3,-12.3,61.8,4058.4
PF015619,CROP021,Tomato,Punjab,2022,10,4058.4,4151.2,4089.4,4.4,53.3,4175.1
PF015620,CROP021,Tomato,Punjab,2022,11,4175.1,4058.4,4151.2,32.5,54.4,4122.2
PF015621,CROP021,Tomato,Punjab,2022,12,4122.2,4175.1,4058.4,34.1,82.3,4335.2
PF015622,CROP021,Tomato,Punjab,2023,1,4335.2,4122.2,4175.1,-5.5,59.1,4518.6
PF015623,CROP021,Tomato,Punjab,2023,2,4518.6,4335.2,4122.2,-19.3,67.4,5033.6
PF015624,CROP021,Tomato,Punjab,2023,3,5033.6,4518.6,4335.2,7.2,64.1,5015.8
PF015625,CROP021,Tomato,Punjab,2023,4,5015.8,5033.6,4518.6,12.8,37.0,4785.7
PF015626,CROP021,Tomato,Punjab,2023,5,4785.7,5015.8,5033.6,-6.4,58.2,4335.0
PF015627,CROP021,Tomato,Punjab,2023,6,4335.0,4785.7,5015.8,-11.7,44.8,4584.4
PF015628,CROP021,Tomato,Punjab,2023,7,4584.4,4335.0,4785.7,12.1,38.6,4167.7
PF015629,CROP021,Tomato,Punjab,2023,8,4167.7,4584.4,4335.0,-19.6,40.8,4383.1
PF015630,CROP021,Tomato,Punjab,2023,9,4383.1,4167.7,4584.4,-9.2,32.9,3932.7
PF015631,CROP021,Tomato,Punjab,2023,10,3932.7,4383.1,4167.7,3.8,50.9,4276.8
PF015632,CROP021,Tomato,Punjab,2023,11,4276.8,3932.7,4383.1,-1.8,69.6,4211.3
PF015633,CROP021,Tomato,Punjab,2023,12,4211.3,4276.8,3932.7,-23.3,30.6,4194.4
PF015666,CROP021,Tomato,Punjab,2021,4,6121.1,6067.2,5998.3,-6.0,51.0,6166.8
PF015667,CROP021,Tomato,Punjab,2021,5,6166.8,6121.1,6067.2,-34.5,45.1,5984.7
PF015668,CROP021,Tomato,Punjab,2021,6,5984.7,6166.8,6121.1,-2.4,68.5,5767.9
PF015669,CROP021,Tomato,Punjab,2021,7,5767.9,5984.7,6166.8,-26.5,19.0,5368.6
PF015670,CROP021,Tomato,Punjab,2021,8,5368.6,5767.9,5984.7,5.2,32.9,4739.3
PF015671,CROP021,Tomato,Punjab,2021,9,4739.3,5368.6,5767.9,-0.8,43.3,5454.8
PF015672,CROP021,Tomato,Punjab,2021,10,5454.8,4739.3,5368.6,15.4,50.9,5282.0
PF015673,CROP021,Tomato,Punjab,2021,11,5282.0,5454.8,4739.3,7.5,33.7,5389.8
PF015674,CROP021,Tomato,Punjab,2021,12,5389.8,5282.0,5454.8,11.8,53.1,5500.0
PF015675,CROP021,Tomato,Punjab,2022,1,5500.0,5389.8,5282.0,0.1,60.0,5606.3
PF015676,CROP021,Tomato,Punjab,2022,2,5606.3,5500.0,5389.8,-10.9,38.3,6084.3
PF015677,CROP021,Tomato,Punjab,2022,3,6084.3,5606.3,5500.0,-11.6,61.4,6251.4
PF015678,CROP021,Tomato,Punjab,2022,4,6251.4,6084.3,5606.3,6.5,32.2,5778.9
PF015679,CROP021,Tomato,Punjab,2022,5,5778.9,6251.4,6084.3,2.8,44.9,5982.7
PF015680,CROP021,Tomato,Punjab,2022,6,5982.7,5778.9,6251.4,2.9,40.8,6033.3
PF015681,CROP021,Tomato,Punjab,2022,7,6033.3,5982.7,5778.9,-4.8,19.9,5390.7
PF015682,CROP021,Tomato,Punjab,2022,8,5390.7,6033.3,5982.7,10.3,64.5,5281.2
PF015683,CROP021,Tomato,Punjab,2022,9,5281.2,5390.7,6033.3,-4.7,52.1,5167.8
PF015684,CROP021,Tomato,Punjab,2022,10,5167.8,5281.2,5390.7,-17.3,52.5,5176.9
PF015685,CROP021,Tomato,Punjab,2022,11,5176.9,5167.8,5281.2,23.5,37.5,5593.0
PF015686,CROP021,Tomato,Punjab,2022,12,5593.0,5176.9,5167.8,-3.4,48.5,5332.8
PF015687,CROP021,Tomato,Punjab,2023,1,5332.8,5593.0,5176.9,-2.3,37.4,6057.1
PF015688,CROP021,Tomato,Punjab,2023,2,6057.1,5332.8,5593.0,-28.3,34.8,6305.2
PF015689,CROP021,Tomato,Punjab,2023,3,6305.2,6057.1,5332.8,6.7,64.5,5990.9
PF015690,CROP021,Tomato,Punjab,2023,4,5990.9,6305.2,6057.1,5.7,46.1,6570.5
PF015691,CROP021,Tomato,Punjab,2023,5,6570.5,5990.9,6305.2,24.0,42.1,5995.6
PF015692,CROP021,Tomato,Punjab,2023,6,5995.6,6570.5,5990.9,-9.1,59.5,5770.7
PF015693,CROP021,Tomato,Punjab,2023,7,5770.7,5995.6,6570.5,0.5,44.6,5238.0
PF015694,CROP021,Tomato,Punjab,2023,8,5238.0,5770.7,5995.6,-6.0,49.2,5223.6
PF015695,CROP021,Tomato,Punjab,2023,9,5223.6,5238.0,5770.7,-6.0,43.4,5012.3
PF015696,CROP021,Tomato,Punjab,2023,10,5012.3,5223.6,5238.0,29.7,45.5,5304.9
PF015697,CROP021,Tomato,Punjab,2023,11,5304.9,5012.3,5223.6,17.9,49.9,5620.5
PF015698,CROP021,Tomato,Punjab,2023,12,5620.5,5304.9,5012.3,11.6,50.1,5840.0
PF015731,CROP021,Tomato,Punjab,2021,4,4668.7,5062.6,4776.0,-6.1,53.8,4813.2
PF015732,CROP021,Tomato,Punjab,2021,5,4813.2,4668.7,5062.6,-29.4,61.9,4831.0
PF015733,CROP021,Tomato,Punjab,2021,6,4831.0,4813.2,4668.7,36.9,47.6,4567.0
PF015734,CROP021,Tomato,Punjab,2021,7,4567.0,4831.0,4813.2,6.5,56.6,4465.8
PF015735,CROP021,Tomato,Punjab,2021,8,4465.8,4567.0,4831.0,8.6,49.3,3966.7
PF015736,CROP021,Tomato,Punjab,2021,9,3966.7,4465.8,4567.0,-12.9,51.4,4150.3
PF015737,CROP021,Tomato,Punjab,2021,10,4150.3,3966.7,4465.8,-15.4,51.9,4139.1
PF015738,CROP021,Tomato,Punjab,2021,11,4139.1,4150.3,3966.7,-13.8,44.9,4419.7
PF015739,CROP021,Tomato,Punjab,2021,12,4419.7,4139.1,4150.3,12.7,53.4,4487.4
PF015740,CROP021,Tomato,Punjab,2022,1,4487.4,4419.7,4139.1,-6.3,60.1,4880.1
PF015741,CROP021,Tomato,Punjab,2022,2,4880.1,4487.4,4419.7,-0.8,29.0,5022.6
PF015742,CROP021,Tomato,Punjab,2022,3,5022.6,4880.1,4487.4,-26.3,62.6,5058.8
PF015743,CROP021,Tomato,Punjab,2022,4,5058.8,5022.6,4880.1,23.6,65.6,4790.3
PF015744,CROP021,Tomato,Punjab,2022,5,4790.3,5058.8,5022.6,-2.5,49.5,4813.0
PF015745,CROP021,Tomato,Punjab,2022,6,4813.0,4790.3,5058.8,-15.9,65.2,4541.2
PF015746,CROP021,Tomato,Punjab,2022,7,4541.2,4813.0,4790.3,1.0,68.7,4379.2
PF015747,CROP021,Tomato,Punjab,2022,8,4379.2,4541.2,4813.0,-2.7,39.6,3989.2
PF015748,CROP021,Tomato,Punjab,2022,9,3989.2,4379.2,4541.2,-14.6,52.7,3943.4
PF015749,CROP021,Tomato,Punjab,2022,10,3943.4,3989.2,4379.2,7.2,41.6,4125.1
PF015750,CROP021,Tomato,Punjab,2022,11,4125.1,3943.4,3989.2,-7.8,51.1,4581.5
PF015751,CROP021,Tomato,Punjab,2022,12,4581.5,4125.1,3943.4,-10.3,63.9,4481.4
PF015752,CROP021,Tomato,Punjab,2023,1,4481.4,4581.5,4125.1,9.3,37.6,4985.9
PF015753,CROP021,Tomato,Punjab,2023,2,4985.9,4481.4,4581.5,4.9,42.2,5209.6
PF015754,CROP021,Tomato,Punjab,2023,3,5209.6,4985.9,4481.4,9.9,59.3,4866.3
PF015755,CROP021,Tomato,Punjab,2023,4,4866.3,5209.6,4985.9,20.1,20.4,4944.4
PF015756,CROP021,Tomato,Punjab,2023,5,4944.4,4866.3,5209.6,9.1,47.6,4726.8
PF015757,CROP021,Tomato,Punjab,2023,6,4726.8,4944.4,4866.3,17.6,39.7,4403.2
PF015758,CROP021,Tomato,Punjab,2023,7,4403.2,4726.8,4944.4,-16.9,61.5,4425.6
PF015759,CROP021,Tomato,Punjab,2023,8,4425.6,4403.2,4726.8,38.1,59.7,4262.5
PF015760,CROP021,Tomato,Punjab,2023,9,4262.5,4425.6,4403.2,21.4,41.7,3808.2
PF015761,CROP021,Tomato,Punjab,2023,10,3808.2,4262.5,4425.6,-1.1,44.3,4271.2
PF015762,CROP021,Tomato,Punjab,2023,11,4271.2,3808.2,4262.5,1.0,48.3,4285.5
PF015763,CROP021,Tomato,Punjab,2023,12,4285.5,4271.2,3808.2,9.1,37.5,4700.5
PF015796,CROP021,Tomato,Haryana,2021,4,5886.3,6175.7,5651.3,14.1,44.5,5589.1
PF015797,CROP021,Tomato,Haryana,2021,5,5589.1,5886.3,6175.7,12.7,43.6,5685.8
PF015798,CROP021,Tomato,Haryana,2021,6,5685.8,5589.1,5886.3,-0.0,52.0,4928.0
PF015799,CROP021,Tomato,Haryana,2021,7,4928.0,5685.8,5589.1,-9.4,66.0,4640.7
PF015800,CROP021,Tomato,Haryana,2021,8,4640.7,4928.0,5685.8,13.9,62.8,4846.9
PF015801,CROP021,Tomato,Haryana,2021,9,4846.9,4640.7,4928.0,-16.6,62.1,4510.3
PF015802,CROP021,Tomato,Haryana,2021,10,4510.3,4846.9,4640.7,8.6,51.5,5016.9
PF015803,CROP021,Tomato,Haryana,2021,11,5016.9,4510.3,4846.9,-1.3,17.2,4811.1
PF015804,CROP021,Tomato,Haryana,2021,12,4811.1,5016.9,4510.3,20.5,21.8,5295.2
PF015805,CROP021,Tomato,Haryana,2022,1,5295.2,4811.1,5016.9,-4.4,23.7,5849.4
PF015806,CROP021,Tomato,Haryana,2022,2,5849.4,5295.2,4811.1,17.4,28.8,5945.8
PF015807,CROP021,Tomato,Haryana,2022,3,5945.8,5849.4,5295.2,4.6,55.7,6258.2
PF015808,CROP021,Tomato,Haryana,2022,4,6258.2,5945.8,5849.4,-17.4,46.2,5807.7
PF015809,CROP021,Tomato,Haryana,2022,5,5807.7,6258.2,5945.8,2.9,42.3,5803.7
PF015810,CROP021,Tomato,Haryana,2022,6,5803.7,5807.7,6258.2,31.8,44.7,5422.5
PF015811,CROP021,Tomato,Haryana,2022,7,5422.5,5803.7,5807.7,-35.2,52.2,5157.3
PF015812,CROP021,Tomato,Haryana,2022,8,5157.3,5422.5,5803.7,-15.2,53.5,4859.3
PF015813,CROP021,Tomato,Haryana,2022,9,4859.3,5157.3,5422.5,14.5,67.1,5030.9
PF015814,CROP021,Tomato,Haryana,2022,10,5030.9,4859.3,5157.3,2.4,46.9,4958.5
PF015815,CROP021,Tomato,Haryana,2022,11,4958.5,5030.9,4859.3,-6.4,60.0,5242.1
PF015816,CROP021,Tomato,Haryana,2022,12,5242.1,4958.5,5030.9,-0.4,57.4,5230.3
PF015817,CROP021,Tomato,Haryana,2023,1,5230.3,5242.1,4958.5,-1.4,45.1,5245.5
PF015818,CROP021,Tomato,Haryana,2023,2,5245.5,5230.3,5242.1,-7.7,33.4,6021.4
PF015819,CROP021,Tomato,Haryana,2023,3,6021.4,5245.5,5230.3,-1.6,38.4,5820.0
PF015820,CROP021,Tomato,Haryana,2023,4,5820.0,6021.4,5245.5,5.8,60.5,5483.9
PF015821,CROP021,Tomato,Haryana,2023,5,5483.9,5820.0,6021.4,1.6,60.4,5551.8
PF015822,CROP021,Tomato,Haryana,2023,6,5551.8,5483.9,5820.0,5.1,47.7,5433.2
PF015823,CROP021,Tomato,Haryana,2023,7,5433.2,5551.8,5483.9,8.5,53.1,5203.5
PF015824,CROP021,Tomato,Haryana,2023,8,5203.5,5433.2,5551.8,-25.6,49.5,4597.3
PF015825,CROP021,Tomato,Haryana,2023,9,4597.3,5203.5,5433.2,-0.1,34.2,4688.6
PF015826,CROP021,Tomato,Haryana,2023,10,4688.6,4597.3,5203.5,12.4,49.7,4869.9
PF015827,CROP021,Tomato,Haryana,2023,11,4869.9,4688.6,4597.3,14.4,43.0,5216.9
PF015828,CROP021,Tomato,Haryana,2023,12,5216.9,4869.9,4688.6,4.4,69.7,5352.8
PF015861,CROP021,Tomato,Haryana,2021,4,5209.1,5456.9,4722.8,-1.8,42.3,4986.2
PF015862,CROP021,Tomato,Haryana,2021,5,4986.2,5209.1,5456.9,21.0,32.3,5058.0
PF015863,CROP021,Tomato,Haryana,2021,6,5058.0,4986.2,5209.1,-10.7,41.6,4884.3
PF015864,CROP021,Tomato,Haryana,2021,7,4884.3,5058.0,4986.2,2.1,59.0,4396.4
PF015865,CROP021,Tomato,Haryana,2021,8,4396.4,4884.3,5058.0,16.9,54.1,4747.9
PF015866,CROP021,Tomato,Haryana,2021,9,4747.9,4396.4,4884.3,1.1,60.5,4244.4
PF015867,CROP021,Tomato,Haryana,2021,10,4244.4,4747.9,4396.4,-18.0,44.1,4230.4
PF015868,CROP021,Tomato,Haryana,2021,11,4230.4,4244.4,4747.9,0.0,39.3,4950.2
PF015869,CROP021,Tomato,Haryana,2021,12,4950.2,4230.4,4244.4,-4.2,42.8,4811.5
PF015870,CROP021,Tomato,Haryana,2022,1,4811.5,4950.2,4230.4,31.5,54.3,5069.0
PF015871,CROP021,Tomato,Haryana,2022,2,5069.0,4811.5,4950.2,3.1,42.4,5239.1
PF015872,CROP021,Tomato,Haryana,2022,3,5239.1,5069.0,4811.5,-10.4,58.7,4900.5
PF015873,CROP021,Tomato,Haryana,2022,4,4900.5,5239.1,5069.0,17.5,45.1,5271.3
PF015874,CROP021,Tomato,Haryana,2022,5,5271.3,4900.5,5239.1,5.9,52.3,4864.8
PF015875,CROP021,Tomato,Haryana,2022,6,4864.8,5271.3,4900.5,12.8,55.6,4595.9
PF015876,CROP021,Tomato,Haryana,2022,7,4595.9,4864.8,5271.3,-15.5,24.7,4513.4
PF015877,CROP021,Tomato,Haryana,2022,8,4513.4,4595.9,4864.8,2.9,37.5,4523.8
PF015878,CROP021,Tomato,Haryana,2022,9,4523.8,4513.4,4595.9,5.6,69.4,4513.3
PF015879,CROP021,Tomato,Haryana,2022,10,4513.3,4523.8,4513.4,6.2,46.6,4446.6
PF015880,CROP021,Tomato,Haryana,2022,11,4446.6,4513.3,4523.8,20.5,42.8,5023.9
PF015881,CROP021,Tomato,Haryana,2022,12,5023.9,4446.6,4513.3,-17.7,35.6,4644.8
PF015882,CROP021,Tomato,Haryana,2023,1,4644.8,5023.9,4446.6,24.7,39.2,5453.4
PF015883,CROP021,Tomato,Haryana,2023,2,5453.4,4644.8,5023.9,-18.6,40.9,5125.0
PF015884,CROP021,Tomato,Haryana,2023,3,5125.0,5453.4,4644.8,8.7,38.7,5266.0
PF015885,CROP021,Tomato,Haryana,2023,4,5266.0,5125.0,5453.4,-2.1,48.7,5510.7
PF015886,CROP021,Tomato,Haryana,2023,5,5510.7,5266.0,5125.0,11.8,46.2,5622.3
PF015887,CROP021,Tomato,Haryana,2023,6,5622.3,5510.7,5266.0,5.6,48.1,4772.5
PF015888,CROP021,Tomato,Haryana,2023,7,4772.5,5622.3,5510.7,-10.6,46.2,4657.6
PF015889,CROP021,Tomato,Haryana,2023,8,4657.6,4772.5,5622.3,-3.8,34.7,4711.8
PF015890,CROP021,Tomato,Haryana,2023,9,4711.8,4657.6,4772.5,-6.9,41.0,4421.5
PF015891,CROP021,Tomato,Haryana,2023,10,4421.5,4711.8,4657.6,-12.2,56.7,4469.6
PF015892,CROP021,Tomato,Haryana,2023,11,4469.6,4421.5,4711.8,-7.1,41.3,4630.5
PF015893,CROP021,Tomato,Haryana,2023,12,4630.5,4469.6,4421.5,-11.6,47.9,4632.4
PF015926,CROP021,Tomato,Uttar Pradesh,2021,4,5389.0,4971.9,5002.4,-13.8,43.7,4938.6
PF015927,CROP021,Tomato,Uttar Pradesh,2021,5,4938.6,5389.0,4971.9,6.7,33.6,4992.4
PF015928,CROP021,Tomato,Uttar Pradesh,2021,6,4992.4,4938.6,5389.0,-15.6,49.4,4813.1
PF015929,CROP021,Tomato,Uttar Pradesh,2021,7,4813.1,4992.4,4938.6,0.1,39.1,4355.7
PF015930,CROP021,Tomato,Uttar Pradesh,2021,8,4355.7,4813.1,4992.4,18.7,56.3,4472.5
PF015931,CROP021,Tomato,Uttar Pradesh,2021,9,4472.5,4355.7,4813.1,-16.2,68.1,4333.4
PF015932,CROP021,Tomato,Uttar Pradesh,2021,10,4333.4,4472.5,4355.7,18.8,34.6,4338.5
PF015933,CROP021,Tomato,Uttar Pradesh,2021,11,4338.5,4333.4,4472.5,-1.2,36.3,4217.4
PF015934,CROP021,Tomato,Uttar Pradesh,2021,12,4217.4,4338.5,4333.4,-0.0,54.5,4501.3
PF015935,CROP021,Tomato,Uttar Pradesh,2022,1,4501.3,4217.4,4338.5,-16.6,51.4,4775.6
PF015936,CROP021,Tomato,Uttar Pradesh,2022,2,4775.6,4501.3,4217.4,-12.5,58.4,5273.8
PF015937,CROP021,Tomato,Uttar Pradesh,2022,3,5273.8,4775.6,4501.3,-7.0,38.0,5225.7
PF015938,CROP021,Tomato,Uttar Pradesh,2022,4,5225.7,5273.8,4775.6,15.5,58.1,4953.7
PF015939,CROP021,Tomato,Uttar Pradesh,2022,5,4953.7,5225.7,5273.8,-2.3,48.2,4940.8
PF015940,CROP021,Tomato,Uttar Pradesh,2022,6,4940.8,4953.7,5225.7,-15.2,36.6,4690.3
PF015941,CROP021,Tomato,Uttar Pradesh,2022,7,4690.3,4940.8,4953.7,5.0,75.1,4240.2
PF015942,CROP021,Tomato,Uttar Pradesh,2022,8,4240.2,4690.3,4940.8,6.0,49.3,4308.4
PF015943,CROP021,Tomato,Uttar Pradesh,2022,9,4308.4,4240.2,4690.3,13.4,44.3,4409.3
PF015944,CROP021,Tomato,Uttar Pradesh,2022,10,4409.3,4308.4,4240.2,10.5,41.1,4168.7
PF015945,CROP021,Tomato,Uttar Pradesh,2022,11,4168.7,4409.3,4308.4,-11.5,46.0,4596.9
PF015946,CROP021,Tomato,Uttar Pradesh,2022,12,4596.9,4168.7,4409.3,12.2,69.6,4316.2
PF015947,CROP021,Tomato,Uttar Pradesh,2023,1,4316.2,4596.9,4168.7,-3.8,46.3,4859.6
PF015948,CROP021,Tomato,Uttar Pradesh,2023,2,4859.6,4316.2,4596.9,0.7,42.7,5165.9
PF015949,CROP021,Tomato,Uttar Pradesh,2023,3,5165.9,4859.6,4316.2,-10.9,43.0,4959.8
PF015950,CROP021,Tomato,Uttar Pradesh,2023,4,4959.8,5165.9,4859.6,-1.3,31.9,5024.3
PF015951,CROP021,Tomato,Uttar Pradesh,2023,5,5024.3,4959.8,5165.9,-1.7,62.3,4794.3
PF015952,CROP021,Tomato,Uttar Pradesh,2023,6,4794.3,5024.3,4959.8,-7.3,51.3,4381.9
PF015953,CROP021,Tomato,Uttar Pradesh,2023,7,4381.9,4794.3,5024.3,9.7,56.7,4324.0
PF015954,CROP021,Tomato,Uttar Pradesh,2023,8,4324.0,4381.9,4794.3,-1.0,43.0,4165.0
PF015955,CROP021,Tomato,Uttar Pradesh,2023,9,4165.0,4324.0,4381.9,-7.0,38.5,4028.4
PF015956,CROP021,Tomato,Uttar Pradesh,2023,10,4028.4,4165.0,4324.0,4.5,54.3,4458.4
PF015957,CROP021,Tomato,Uttar Pradesh,2023,11,4458.4,4028.4,4165.0,-7.9,58.8,4520.2
PF015958,CROP021,Tomato,Uttar Pradesh,2023,12,4520.2,4458.4,4028.4,3.0,39.8,4742.6
PF015991,CROP021,Tomato,Uttar Pradesh,2021,4,5408.3,5480.6,5359.5,-3.3,57.3,4953.5
PF015992,CROP021,Tomato,Uttar Pradesh,2021,5,4953.5,5408.3,5480.6,10.7,43.9,5433.4
PF015993,CROP021,Tomato,Uttar Pradesh,2021,6,5433.4,4953.5,5408.3,20.7,37.0,4854.0
PF015994,CROP021,Tomato,Uttar Pradesh,2021,7,4854.0,5433.4,4953.5,11.4,66.6,4409.3
PF015995,CROP021,Tomato,Uttar Pradesh,2021,8,4409.3,4854.0,5433.4,-9.4,57.2,4505.0
PF015996,CROP021,Tomato,Uttar Pradesh,2021,9,4505.0,4409.3,4854.0,0.9,51.8,4244.3
PF015997,CROP021,Tomato,Uttar Pradesh,2021,10,4244.3,4505.0,4409.3,-0.8,60.5,4155.1
PF015998,CROP021,Tomato,Uttar Pradesh,2021,11,4155.1,4244.3,4505.0,-0.6,45.4,4547.9
PF015999,CROP021,Tomato,Uttar Pradesh,2021,12,4547.9,4155.1,4244.3,18.3,53.1,4409.0
PF016000,CROP021,Tomato,Uttar Pradesh,2022,1,4409.0,4547.9,4155.1,17.5,54.2,4892.7
PF016001,CROP021,Tomato,Uttar Pradesh,2022,2,4892.7,4409.0,4547.9,12.3,51.6,5066.5
PF016002,CROP021,Tomato,Uttar Pradesh,2022,3,5066.5,4892.7,4409.0,18.8,48.9,5065.7
PF016003,CROP021,Tomato,Uttar Pradesh,2022,4,5065.7,5066.5,4892.7,-8.2,47.6,5045.3
PF016004,CROP021,Tomato,Uttar Pradesh,2022,5,5045.3,5065.7,5066.5,5.4,56.0,5330.0
PF016005,CROP021,Tomato,Uttar Pradesh,2022,6,5330.0,5045.3,5065.7,4.1,46.2,4912.7
PF016006,CROP021,Tomato,Uttar Pradesh,2022,7,4912.7,5330.0,5045.3,10.4,46.7,4298.8
PF016007,CROP021,Tomato,Uttar Pradesh,2022,8,4298.8,4912.7,5330.0,4.5,53.6,4636.7
PF016008,CROP021,Tomato,Uttar Pradesh,2022,9,4636.7,4298.8,4912.7,26.0,45.6,4211.4
PF016009,CROP021,Tomato,Uttar Pradesh,2022,10,4211.4,4636.7,4298.8,3.1,49.2,4324.0
PF016010,CROP021,Tomato,Uttar Pradesh,2022,11,4324.0,4211.4,4636.7,-8.2,37.9,4593.1
PF016011,CROP021,Tomato,Uttar Pradesh,2022,12,4593.1,4324.0,4211.4,22.1,50.5,4617.8
PF016012,CROP021,Tomato,Uttar Pradesh,2023,1,4617.8,4593.1,4324.0,-1.7,58.3,5686.8
PF016013,CROP021,Tomato,Uttar Pradesh,2023,2,5686.8,4617.8,4593.1,-31.3,69.0,5547.2
PF016014,CROP021,Tomato,Uttar Pradesh,2023,3,5547.2,5686.8,4617.8,21.7,43.1,5450.2
PF016015,CROP021,Tomato,Uttar Pradesh,2023,4,5450.2,5547.2,5686.8,-2.5,43.3,5094.1
PF016016,CROP021,Tomato,Uttar Pradesh,2023,5,5094.1,5450.2,5547.2,0.6,45.7,4906.8
PF016017,CROP021,Tomato,Uttar Pradesh,2023,6,4906.8,5094.1,5450.2,0.7,65.3,4834.3
PF016018,CROP021,Tomato,Uttar Pradesh,2023,7,4834.3,4906.8,5094.1,-4.1,45.2,4509.1
PF016019,CROP021,Tomato,Uttar Pradesh,2023,8,4509.1,4834.3,4906.8,0.5,46.7,4195.6
PF016020,CROP021,Tomato,Uttar Pradesh,2023,9,4195.6,4509.1,4834.3,16.3,37.6,4589.0
PF016021,CROP021,Tomato,Uttar Pradesh,2023,10,4589.0,4195.6,4509.1,16.6,33.5,4578.8
PF016022,CROP021,Tomato,Uttar Pradesh,2023,11,4578.8,4589.0,4195.6,19.3,50.7,4599.5
PF016023,CROP021,Tomato,Uttar Pradesh,2023,12,4599.5,4578.8,4589.0,6.6,48.3,5095.9
PF016056,CROP021,Tomato,Uttar Pradesh,2021,4,6340.2,5443.0,5707.5,-4.4,56.0,5907.2
PF016057,CROP021,Tomato,Uttar Pradesh,2021,5,5907.2,6340.2,5443.0,12.1,47.0,5657.8
PF016058,CROP021,Tomato,Uttar Pradesh,2021,6,5657.8,5907.2,6340.2,-9.8,48.2,5157.3
PF016059,CROP021,Tomato,Uttar Pradesh,2021,7,5157.3,5657.8,5907.2,-22.6,55.2,5431.8
PF016060,CROP021,Tomato,Uttar Pradesh,2021,8,5431.8,5157.3,5657.8,-2.8,49.7,4594.5
PF016061,CROP021,Tomato,Uttar Pradesh,2021,9,4594.5,5431.8,5157.3,11.5,48.1,4777.8
PF016062,CROP021,Tomato,Uttar Pradesh,2021,10,4777.8,4594.5,5431.8,-18.2,56.7,4695.5
PF016063,CROP021,Tomato,Uttar Pradesh,2021,11,4695.5,4777.8,4594.5,-10.5,51.5,4995.2
PF016064,CROP021,Tomato,Uttar Pradesh,2021,12,4995.2,4695.5,4777.8,-4.6,45.1,5376.6
PF016065,CROP021,Tomato,Uttar Pradesh,2022,1,5376.6,4995.2,4695.5,-23.6,45.2,5551.9
PF016066,CROP021,Tomato,Uttar Pradesh,2022,2,5551.9,5376.6,4995.2,9.1,57.7,5830.6
PF016067,CROP021,Tomato,Uttar Pradesh,2022,3,5830.6,5551.9,5376.6,-11.6,52.6,5977.0
PF016068,CROP021,Tomato,Uttar Pradesh,2022,4,5977.0,5830.6,5551.9,14.7,55.6,5621.6
PF016069,CROP021,Tomato,Uttar Pradesh,2022,5,5621.6,5977.0,5830.6,10.1,49.7,5174.1
PF016070,CROP021,Tomato,Uttar Pradesh,2022,6,5174.1,5621.6,5977.0,9.5,44.7,5573.5
PF016071,CROP021,Tomato,Uttar Pradesh,2022,7,5573.5,5174.1,5621.6,4.5,45.5,5011.7
PF016072,CROP021,Tomato,Uttar Pradesh,2022,8,5011.7,5573.5,5174.1,26.1,62.5,4913.7
PF016073,CROP021,Tomato,Uttar Pradesh,2022,9,4913.7,5011.7,5573.5,6.1,74.5,4777.7
PF016074,CROP021,Tomato,Uttar Pradesh,2022,10,4777.7,4913.7,5011.7,-22.2,62.8,5051.5
PF016075,CROP021,Tomato,Uttar Pradesh,2022,11,5051.5,4777.7,4913.7,-7.0,61.8,5213.8
PF016076,CROP021,Tomato,Uttar Pradesh,2022,12,5213.8,5051.5,4777.7,13.5,37.0,5252.3
PF016077,CROP021,Tomato,Uttar Pradesh,2023,1,5252.3,5213.8,5051.5,11.6,33.2,5727.3
PF016078,CROP021,Tomato,Uttar Pradesh,2023,2,5727.3,5252.3,5213.8,36.8,51.9,6152.0
PF016079,CROP021,Tomato,Uttar Pradesh,2023,3,6152.0,5727.3,5252.3,-8.5,45.7,6066.8
PF016080,CROP021,Tomato,Uttar Pradesh,2023,4,6066.8,6152.0,5727.3,-22.5,53.0,6476.7
PF016081,CROP021,Tomato,Uttar Pradesh,2023,5,6476.7,6066.8,6152.0,-4.5,34.6,5734.1
PF016082,CROP021,Tomato,Uttar Pradesh,2023,6,5734.1,6476.7,6066.8,0.9,56.1,5429.7
PF016083,CROP021,Tomato,Uttar Pradesh,2023,7,5429.7,5734.1,6476.7,5.4,44.4,5086.6
PF016084,CROP021,Tomato,Uttar Pradesh,2023,8,5086.6,5429.7,5734.1,-14.4,49.2,5173.4
PF016085,CROP021,Tomato,Uttar Pradesh,2023,9,5173.4,5086.6,5429.7,-14.3,31.7,4781.8
PF016086,CROP021,Tomato,Uttar Pradesh,2023,10,4781.8,5173.4,5086.6,-25.2,48.2,5292.7
PF016087,CROP021,Tomato,Uttar Pradesh,2023,11,5292.7,4781.8,5173.4,1.7,31.9,5069.9
PF016088,CROP021,Tomato,Uttar Pradesh,2023,12,5069.9,5292.7,4781.8,2.9,42.3,5748.1
PF016121,CROP021,Tomato,Bihar,2021,4,6006.9,5844.1,5462.6,14.0,49.0,6113.4
PF016122,CROP021,Tomato,Bihar,2021,5,6113.4,6006.9,5844.1,6.9,44.4,5430.4
PF016123,CROP021,Tomato,Bihar,2021,6,5430.4,6113.4,6006.9,-7.2,38.9,5320.5
PF016124,CROP021,Tomato,Bihar,2021,7,5320.5,5430.4,6113.4,10.1,49.3,4852.2
PF016125,CROP021,Tomato,Bihar,2021,8,4852.2,5320.5,5430.4,-33.8,52.6,5138.1
PF016126,CROP021,Tomato,Bihar,2021,9,5138.1,4852.2,5320.5,4.4,68.3,5285.8
PF016127,CROP021,Tomato,Bihar,2021,10,5285.8,5138.1,4852.2,8.2,57.2,5235.7
PF016128,CROP021,Tomato,Bihar,2021,11,5235.7,5285.8,5138.1,3.0,47.1,5484.0
PF016129,CROP021,Tomato,Bihar,2021,12,5484.0,5235.7,5285.8,11.2,41.7,5172.6
PF016130,CROP021,Tomato,Bihar,2022,1,5172.6,5484.0,5235.7,7.0,50.3,5775.8
PF016131,CROP021,Tomato,Bihar,2022,2,5775.8,5172.6,5484.0,1.6,65.2,5711.9
PF016132,CROP021,Tomato,Bihar,2022,3,5711.9,5775.8,5172.6,1.5,50.1,5933.2
PF016133,CROP021,Tomato,Bihar,2022,4,5933.2,5711.9,5775.8,5.7,72.3,5867.6
PF016134,CROP021,Tomato,Bihar,2022,5,5867.6,5933.2,5711.9,14.7,50.7,6138.7
PF016135,CROP021,Tomato,Bihar,2022,6,6138.7,5867.6,5933.2,-2.9,40.9,5490.5
PF016136,CROP021,Tomato,Bihar,2022,7,5490.5,6138.7,5867.6,-5.3,62.8,5316.5
PF016137,CROP021,Tomato,Bihar,2022,8,5316.5,5490.5,6138.7,-4.0,50.2,4896.2
PF016138,CROP021,Tomato,Bihar,2022,9,4896.2,5316.5,5490.5,-13.3,53.4,5203.9
PF016139,CROP021,Tomato,Bihar,2022,10,5203.9,4896.2,5316.5,-3.8,39.1,5134.8
PF016140,CROP021,Tomato,Bihar,2022,11,5134.8,5203.9,4896.2,3.8,57.5,5276.8
PF016141,CROP021,Tomato,Bihar,2022,12,5276.8,5134.8,5203.9,17.2,43.2,5451.5
PF016142,CROP021,Tomato,Bihar,2023,1,5451.5,5276.8,5134.8,23.3,51.3,5830.6
PF016143,CROP021,Tomato,Bihar,2023,2,5830.6,5451.5,5276.8,-29.8,48.2,5759.3
PF016144,CROP021,Tomato,Bihar,2023,3,5759.3,5830.6,5451.5,11.7,39.5,6510.3
PF016145,CROP021,Tomato,Bihar,2023,4,6510.3,5759.3,5830.6,13.2,68.5,6203.4
PF016146,CROP021,Tomato,Bihar,2023,5,6203.4,6510.3,5759.3,-1.3,68.9,6041.8
PF016147,CROP021,Tomato,Bihar,2023,6,6041.8,6203.4,6510.3,5.6,59.4,5124.4
PF016148,CROP021,Tomato,Bihar,2023,7,5124.4,6041.8,6203.4,17.2,58.9,5226.7
PF016149,CROP021,Tomato,Bihar,2023,8,5226.7,5124.4,6041.8,15.6,50.4,5270.4
PF016150,CROP021,Tomato,Bihar,2023,9,5270.4,5226.7,5124.4,-1.6,29.3,5007.8
PF016151,CROP021,Tomato,Bihar,2023,10,5007.8,5270.4,5226.7,30.3,46.4,5164.1
PF016152,CROP021,Tomato,Bihar,2023,11,5164.1,5007.8,5270.4,-6.3,63.8,5691.0
PF016153,CROP021,Tomato,Bihar,2023,12,5691.0,5164.1,5007.8,7.9,55.2,5547.3
PF016186,CROP021,Tomato,Bihar,2021,4,5354.9,5108.3,4851.0,-5.0,58.5,5046.3
PF016187,CROP021,Tomato,Bihar,2021,5,5046.3,5354.9,5108.3,2.9,48.4,4863.1
PF016188,CROP021,Tomato,Bihar,2021,6,4863.1,5046.3,5354.9,2.8,86.5,4650.6
PF016189,CROP021,Tomato,Bihar,2021,7,4650.6,4863.1,5046.3,8.9,50.8,4208.0
PF016190,CROP021,Tomato,Bihar,2021,8,4208.0,4650.6,4863.1,23.6,70.4,4410.4
PF016191,CROP021,Tomato,Bihar,2021,9,4410.4,4208.0,4650.6,5.1,50.5,4347.8
PF016192,CROP021,Tomato,Bihar,2021,10,4347.8,4410.4,4208.0,13.1,58.1,4345.8
PF016193,CROP021,Tomato,Bihar,2021,11,4345.8,4347.8,4410.4,2.3,60.5,4538.2
PF016194,CROP021,Tomato,Bihar,2021,12,4538.2,4345.8,4347.8,-22.0,53.4,4804.6
PF016195,CROP021,Tomato,Bihar,2022,1,4804.6,4538.2,4345.8,-11.9,59.2,4863.9
PF016196,CROP021,Tomato,Bihar,2022,2,4863.9,4804.6,4538.2,-9.8,45.3,5325.3
PF016197,CROP021,Tomato,Bihar,2022,3,5325.3,4863.9,4804.6,-17.1,63.0,5072.2
PF016198,CROP021,Tomato,Bihar,2022,4,5072.2,5325.3,4863.9,-8.1,58.4,5008.0
PF016199,CROP021,Tomato,Bihar,2022,5,5008.0,5072.2,5325.3,-22.8,32.2,4808.7
PF016200,CROP021,Tomato,Bihar,2022,6,4808.7,5008.0,5072.2,-9.4,25.9,4578.1
PF016201,CROP021,Tomato,Bihar,2022,7,4578.1,4808.7,5008.0,-10.1,36.5,4572.6
PF016202,CROP021,Tomato,Bihar,2022,8,4572.6,4578.1,4808.7,0.4,21.4,4197.4
PF016203,CROP021,Tomato,Bihar,2022,9,4197.4,4572.6,4578.1,-29.3,53.1,4470.1
PF016204,CROP021,Tomato,Bihar,2022,10,4470.1,4197.4,4572.6,9.0,39.6,4415.4
PF016205,CROP021,Tomato,Bihar,2022,11,4415.4,4470.1,4197.4,9.1,37.7,4417.3
PF016206,CROP021,Tomato,Bihar,2022,12,4417.3,4415.4,4470.1,-14.2,58.8,4696.7
PF016207,CROP021,Tomato,Bihar,2023,1,4696.7,4417.3,4415.4,-18.5,43.3,5204.6
PF016208,CROP021,Tomato,Bihar,2023,2,5204.6,4696.7,4417.3,24.9,42.9,5153.2
PF016209,CROP021,Tomato,Bihar,2023,3,5153.2,5204.6,4696.7,-3.1,74.5,5586.8
PF016210,CROP021,Tomato,Bihar,2023,4,5586.8,5153.2,5204.6,-35.1,71.8,5409.1
PF016211,CROP021,Tomato,Bihar,2023,5,5409.1,5586.8,5153.2,-12.9,59.7,5257.0
PF016212,CROP021,Tomato,Bihar,2023,6,5257.0,5409.1,5586.8,12.7,30.5,4703.6
PF016213,CROP021,Tomato,Bihar,2023,7,4703.6,5257.0,5409.1,3.5,68.5,4807.9
PF016214,CROP021,Tomato,Bihar,2023,8,4807.9,4703.6,5257.0,10.7,64.7,4569.2
PF016215,CROP021,Tomato,Bihar,2023,9,4569.2,4807.9,4703.6,-0.7,76.0,4228.9
PF016216,CROP021,Tomato,Bihar,2023,10,4228.9,4569.2,4807.9,3.8,59.7,4343.1
PF016217,CROP021,Tomato,Bihar,2023,11,4343.1,4228.9,4569.2,-5.2,61.9,4645.8
PF016218,CROP021,Tomato,Bihar,2023,12,4645.8,4343.1,4228.9,2.6,53.1,4767.9
PF016251,CROP021,Tomato,West Bengal,2021,4,5638.7,5046.1,5155.2,-3.2,43.4,5541.7
PF016252,CROP021,Tomato,West Bengal,2021,5,5541.7,5638.7,5046.1,36.0,57.7,5414.3
PF016253,CROP021,Tomato,West Bengal,2021,6,5414.3,5541.7,5638.7,12.3,47.7,4691.1
PF016254,CROP021,Tomato,West Bengal,2021,7,4691.1,5414.3,5541.7,10.0,37.7,4483.9
PF016255,CROP021,Tomato,West Bengal,2021,8,4483.9,4691.1,5414.3,-22.2,76.5,4746.2
PF016256,CROP021,Tomato,West Bengal,2021,9,4746.2,4483.9,4691.1,-19.5,60.3,4519.4
PF016257,CROP021,Tomato,West Bengal,2021,10,4519.4,4746.2,4483.9,-7.3,16.1,4838.3
PF016258,CROP021,Tomato,West Bengal,2021,11,4838.3,4519.4,4746.2,0.2,40.7,4636.3
PF016259,CROP021,Tomato,West Bengal,2021,12,4636.3,4838.3,4519.4,-5.5,56.3,4750.3
PF016260,CROP021,Tomato,West Bengal,2022,1,4750.3,4636.3,4838.3,-10.0,38.2,5083.2
PF016261,CROP021,Tomato,West Bengal,2022,2,5083.2,4750.3,4636.3,-41.0,36.9,5316.1
PF016262,CROP021,Tomato,West Bengal,2022,3,5316.1,5083.2,4750.3,10.2,57.1,5673.6
PF016263,CROP021,Tomato,West Bengal,2022,4,5673.6,5316.1,5083.2,9.7,50.6,5060.3
PF016264,CROP021,Tomato,West Bengal,2022,5,5060.3,5673.6,5316.1,18.3,47.6,4912.1
PF016265,CROP021,Tomato,West Bengal,2022,6,4912.1,5060.3,5673.6,6.2,53.9,4872.1
PF016266,CROP021,Tomato,West Bengal,2022,7,4872.1,4912.1,5060.3,-13.6,29.5,4595.8
PF016267,CROP021,Tomato,West Bengal,2022,8,4595.8,4872.1,4912.1,13.3,46.2,4482.8
PF016268,CROP021,Tomato,West Bengal,2022,9,4482.8,4595.8,4872.1,-17.5,25.8,4700.3
PF016269,CROP021,Tomato,West Bengal,2022,10,4700.3,4482.8,4595.8,-8.8,21.8,4514.6
PF016270,CROP021,Tomato,West Bengal,2022,11,4514.6,4700.3,4482.8,9.6,37.8,5032.0
PF016271,CROP021,Tomato,West Bengal,2022,12,5032.0,4514.6,4700.3,4.1,52.2,4631.1
PF016272,CROP021,Tomato,West Bengal,2023,1,4631.1,5032.0,4514.6,10.9,41.1,5260.3
PF016273,CROP021,Tomato,West Bengal,2023,2,5260.3,4631.1,5032.0,13.8,41.0,5720.2
PF016274,CROP021,Tomato,West Bengal,2023,3,5720.2,5260.3,4631.1,-11.1,56.2,5415.7
PF016275,CROP021,Tomato,West Bengal,2023,4,5415.7,5720.2,5260.3,5.8,78.5,5746.5
PF016276,CROP021,Tomato,West Bengal,2023,5,5746.5,5415.7,5720.2,-20.2,52.8,5228.2
PF016277,CROP021,Tomato,West Bengal,2023,6,5228.2,5746.5,5415.7,-1.7,48.8,5473.8
PF016278,CROP021,Tomato,West Bengal,2023,7,5473.8,5228.2,5746.5,-7.5,45.6,5095.3
PF016279,CROP021,Tomato,West Bengal,2023,8,5095.3,5473.8,5228.2,5.8,53.4,4296.8
PF016280,CROP021,Tomato,West Bengal,2023,9,4296.8,5095.3,5473.8,-3.5,52.0,4559.3
PF016281,CROP021,Tomato,West Bengal,2023,10,4559.3,4296.8,5095.3,-18.0,50.9,4479.4
PF016282,CROP021,Tomato,West Bengal,2023,11,4479.4,4559.3,4296.8,-6.7,29.2,4541.6
PF016283,CROP021,Tomato,West Bengal,2023,12,4541.6,4479.4,4559.3,23.7,32.4,5230.5
PF016316,CROP021,Tomato,West Bengal,2021,4,5676.2,5696.6,5446.8,31.3,41.8,5578.6
PF016317,CROP021,Tomato,West Bengal,2021,5,5578.6,5676.2,5696.6,6.7,69.8,5875.4
PF016318,CROP021,Tomato,West Bengal,2021,6,5875.4,5578.6,5676.2,32.2,59.3,4640.8
PF016319,CROP021,Tomato,West Bengal,2021,7,4640.8,5875.4,5578.6,8.4,87.2,5148.7
PF016320,CROP021,Tomato,West Bengal,2021,8,5148.7,4640.8,5875.4,5.8,32.0,4834.7
PF016321,CROP021,Tomato,West Bengal,2021,9,4834.7,5148.7,4640.8,8.8,47.1,4843.2
PF016322,CROP021,Tomato,West Bengal,2021,10,4843.2,4834.7,5148.7,19.0,61.5,4844.5
PF016323,CROP021,Tomato,West Bengal,2021,11,4844.5,4843.2,4834.7,8.9,54.4,5103.1
PF016324,CROP021,Tomato,West Bengal,2021,12,5103.1,4844.5,4843.2,23.7,42.9,5087.4
PF016325,CROP021,Tomato,West Bengal,2022,1,5087.4,5103.1,4844.5,-12.5,34.7,5710.2
PF016326,CROP021,Tomato,West Bengal,2022,2,5710.2,5087.4,5103.1,16.8,44.0,6090.7
PF016327,CROP021,Tomato,West Bengal,2022,3,6090.7,5710.2,5087.4,3.4,40.4,5612.4
PF016328,CROP021,Tomato,West Bengal,2022,4,5612.4,6090.7,5710.2,0.2,41.8,5530.8
PF016329,CROP021,Tomato,West Bengal,2022,5,5530.8,5612.4,6090.7,-12.0,53.9,5511.9
PF016330,CROP021,Tomato,West Bengal,2022,6,5511.9,5530.8,5612.4,-9.3,65.4,5499.5
PF016331,CROP021,Tomato,West Bengal,2022,7,5499.5,5511.9,5530.8,5.3,44.4,4819.9
PF016332,CROP021,Tomato,West Bengal,2022,8,4819.9,5499.5,5511.9,-3.4,30.9,4695.1
PF016333,CROP021,Tomato,West Bengal,2022,9,4695.1,4819.9,5499.5,-6.7,44.2,4881.8
PF016334,CROP021,Tomato,West Bengal,2022,10,4881.8,4695.1,4819.9,27.5,43.2,4776.9
PF016335,CROP021,Tomato,West Bengal,2022,11,4776.9,4881.8,4695.1,-0.7,57.8,5028.7
PF016336,CROP021,Tomato,West Bengal,2022,12,5028.7,4776.9,4881.8,1.5,50.5,5224.1
PF016337,CROP021,Tomato,West Bengal,2023,1,5224.1,5028.7,4776.9,28.7,19.9,5743.3
PF016338,CROP021,Tomato,West Bengal,2023,2,5743.3,5224.1,5028.7,35.3,46.6,5737.4
PF016339,CROP021,Tomato,West Bengal,2023,3,5737.4,5743.3,5224.1,-19.5,45.3,5767.3
PF016340,CROP021,Tomato,West Bengal,2023,4,5767.3,5737.4,5743.3,-19.3,37.7,5977.7
PF016341,CROP021,Tomato,West Bengal,2023,5,5977.7,5767.3,5737.4,-5.1,67.2,5596.6
PF016342,CROP021,Tomato,West Bengal,2023,6,5596.6,5977.7,5767.3,4.0,48.0,5532.0
PF016343,CROP021,Tomato,West Bengal,2023,7,5532.0,5596.6,5977.7,35.6,32.0,5001.7
PF016344,CROP021,Tomato,West Bengal,2023,8,5001.7,5532.0,5596.6,4.2,20.9,4932.5
PF016345,CROP021,Tomato,West Bengal,2023,9,4932.5,5001.7,5532.0,21.3,49.3,4985.7
PF016346,CROP021,Tomato,West Bengal,2023,10,4985.7,4932.5,5001.7,-13.1,49.4,4733.3
PF016347,CROP021,Tomato,West Bengal,2023,11,4733.3,4985.7,4932.5,-7.3,47.8,5034.8
PF016348,CROP021,Tomato,West Bengal,2023,12,5034.8,4733.3,4985.7,-6.5,46.8,5310.5
PF016381,CROP022,Chili,Punjab,2021,4,3376.0,3305.2,3128.7,-15.2,57.8,3203.1
PF016382,CROP022,Chili,Punjab,2021,5,3203.1,3376.0,3305.2,-8.5,41.2,3254.5
PF016383,CROP022,Chili,Punjab,2021,6,3254.5,3203.1,3376.0,-16.4,50.8,2775.5
PF016384,CROP022,Chili,Punjab,2021,7,2775.5,3254.5,3203.1,17.3,28.0,2824.7
PF016385,CROP022,Chili,Punjab,2021,8,2824.7,2775.5,3254.5,35.9,47.0,2666.1
PF016386,CROP022,Chili,Punjab,2021,9,2666.1,2824.7,2775.5,-10.0,55.5,2872.2
PF016387,CROP022,Chili,Punjab,2021,10,2872.2,2666.1,2824.7,0.5,43.5,2972.0
PF016388,CROP022,Chili,Punjab,2021,11,2972.0,2872.2,2666.1,-2.9,68.0,2629.5
PF016389,CROP022,Chili,Punjab,2021,12,2629.5,2972.0,2872.2,-14.1,67.0,3313.6
PF016390,CROP022,Chili,Punjab,2022,1,3313.6,2629.5,2972.0,-12.2,70.5,3106.0
PF016391,CROP022,Chili,Punjab,2022,2,3106.0,3313.6,2629.5,-13.6,59.2,3375.2
PF016392,CROP022,Chili,Punjab,2022,3,3375.2,3106.0,3313.6,-11.1,43.3,3309.7
PF016393,CROP022,Chili,Punjab,2022,4,3309.7,3375.2,3106.0,-1.0,32.7,3225.4
PF016394,CROP022,Chili,Punjab,2022,5,3225.4,3309.7,3375.2,10.3,53.1,3178.3
PF016395,CROP022,Chili,Punjab,2022,6,3178.3,3225.4,3309.7,1.9,38.2,3087.1
PF016396,CROP022,Chili,Punjab,2022,7,3087.1,3178.3,3225.4,12.7,52.4,2818.1
PF016397,CROP022,Chili,Punjab,2022,8,2818.1,3087.1,3178.3,12.7,62.4,2911.3
PF016398,CROP022,Chili,Punjab,2022,9,2911.3,2818.1,3087.1,-6.9,56.1,2830.9
PF016399,CROP022,Chili,Punjab,2022,10,2830.9,2911.3,2818.1,-0.9,49.8,2968.5
PF016400,CROP022,Chili,Punjab,2022,11,2968.5,2830.9,2911.3,-0.2,63.1,2849.3
PF016401,CROP022,Chili,Punjab,2022,12,2849.3,2968.5,2830.9,0.9,47.9,3140.9
PF016402,CROP022,Chili,Punjab,2023,1,3140.9,2849.3,2968.5,0.8,44.9,3285.3
PF016403,CROP022,Chili,Punjab,2023,2,3285.3,3140.9,2849.3,-4.2,71.2,3361.0
PF016404,CROP022,Chili,Punjab,2023,3,3361.0,3285.3,3140.9,0.0,43.7,3345.6
PF016405,CROP022,Chili,Punjab,2023,4,3345.6,3361.0,3285.3,17.0,62.4,3334.6
PF016406,CROP022,Chili,Punjab,2023,5,3334.6,3345.6,3361.0,22.5,46.4,3330.5
PF016407,CROP022,Chili,Punjab,2023,6,3330.5,3334.6,3345.6,-0.6,56.5,3107.8
PF016408,CROP022,Chili,Punjab,2023,7,3107.8,3330.5,3334.6,29.3,64.9,3049.1
PF016409,CROP022,Chili,Punjab,2023,8,3049.1,3107.8,3330.5,-0.3,81.5,2695.9
PF016410,CROP022,Chili,Punjab,2023,9,2695.9,3049.1,3107.8,8.0,59.2,2892.3
PF016411,CROP022,Chili,Punjab,2023,10,2892.3,2695.9,3049.1,-4.7,22.8,2808.3
PF016412,CROP022,Chili,Punjab,2023,11,2808.3,2892.3,2695.9,-0.6,41.7,2850.4
PF016413,CROP022,Chili,Punjab,2023,12,2850.4,2808.3,2892.3,-20.2,42.4,3016.1
PF016446,CROP022,Chili,Punjab,2021,4,3517.7,3348.6,3627.8,2.7,50.5,3830.7
PF016447,CROP022,Chili,Punjab,2021,5,3830.7,3517.7,3348.6,26.9,42.1,3480.1
PF016448,CROP022,Chili,Punjab,2021,6,3480.1,3830.7,3517.7,-15.9,73.7,3169.9
PF016449,CROP022,Chili,Punjab,2021,7,3169.9,3480.1,3830.7,17.3,54.3,3108.4
PF016450,CROP022,Chili,Punjab,2021,8,3108.4,3169.9,3480.1,-12.2,44.3,2994.9
PF016451,CROP022,Chili,Punjab,2021,9,2994.9,3108.4,3169.9,6.1,43.6,2936.3
PF016452,CROP022,Chili,Punjab,2021,10,2936.3,2994.9,3108.4,17.1,57.5,2927.7
PF016453,CROP022,Chili,Punjab,2021,11,2927.7,2936.3,2994.9,-14.3,45.6,3269.0
PF016454,CROP022,Chili,Punjab,2021,12,3269.0,2927.7,2936.3,-2.8,61.7,3477.6
PF016455,CROP022,Chili,Punjab,2022,1,3477.6,3269.0,2927.7,-11.6,42.0,3320.5
PF016456,CROP022,Chili,Punjab,2022,2,3320.5,3477.6,3269.0,9.8,76.9,3547.8
PF016457,CROP022,Chili,Punjab,2022,3,3547.8,3320.5,3477.6,2.5,76.9,3449.9
PF016458,CROP022,Chili,Punjab,2022,4,3449.9,3547.8,3320.5,-6.2,78.3,3656.9
PF016459,CROP022,Chili,Punjab,2022,5,3656.9,3449.9,3547.8,-19.2,50.3,3511.8
PF016460,CROP022,Chili,Punjab,2022,6,3511.8,3656.9,3449.9,-20.9,54.6,3512.9
PF016461,CROP022,Chili,Punjab,2022,7,3512.9,3511.8,3656.9,3.2,43.1,3215.9
PF016462,CROP022,Chili,Punjab,2022,8,3215.9,3512.9,3511.8,-18.3,51.4,3041.8
PF016463,CROP022,Chili,Punjab,2022,9,3041.8,3215.9,3512.9,-7.5,64.2,3114.4
PF016464,CROP022,Chili,Punjab,2022,10,3114.4,3041.8,3215.9,0.4,57.7,3032.9
PF016465,CROP022,Chili,Punjab,2022,11,3032.9,3114.4,3041.8,-2.3,63.0,3046.7
PF016466,CROP022,Chili,Punjab,2022,12,3046.7,3032.9,3114.4,10.5,55.1,3401.7
PF016467,CROP022,Chili,Punjab,2023,1,3401.7,3046.7,3032.9,10.5,57.2,3541.6
PF016468,CROP022,Chili,Punjab,2023,2,3541.6,3401.7,3046.7,-13.0,39.7,3719.2
PF016469,CROP022,Chili,Punjab,2023,3,3719.2,3541.6,3401.7,12.4,60.1,3808.0
PF016470,CROP022,Chili,Punjab,2023,4,3808.0,3719.2,3541.6,-12.7,76.2,3372.5
PF016471,CROP022,Chili,Punjab,2023,5,3372.5,3808.0,3719.2,17.6,62.4,3622.5
PF016472,CROP022,Chili,Punjab,2023,6,3622.5,3372.5,3808.0,-11.1,32.9,3543.6
PF016473,CROP022,Chili,Punjab,2023,7,3543.6,3622.5,3372.5,21.6,67.0,3210.1
PF016474,CROP022,Chili,Punjab,2023,8,3210.1,3543.6,3622.5,18.5,41.6,3201.3
PF016475,CROP022,Chili,Punjab,2023,9,3201.3,3210.1,3543.6,9.4,47.0,2769.3
PF016476,CROP022,Chili,Punjab,2023,10,2769.3,3201.3,3210.1,12.2,37.9,3043.1
PF016477,CROP022,Chili,Punjab,2023,11,3043.1,2769.3,3201.3,8.0,55.7,2995.8
PF016478,CROP022,Chili,Punjab,2023,12,2995.8,3043.1,2769.3,22.9,76.1,3335.2
PF016511,CROP022,Chili,Punjab,2021,4,4443.1,3931.3,3813.7,-5.8,35.4,4123.1
PF016512,CROP022,Chili,Punjab,2021,5,4123.1,4443.1,3931.3,-4.1,40.4,4041.9
PF016513,CROP022,Chili,Punjab,2021,6,4041.9,4123.1,4443.1,-21.9,63.2,3917.7
PF016514,CROP022,Chili,Punjab,2021,7,3917.7,4041.9,4123.1,-3.0,32.3,3792.1
PF016515,CROP022,Chili,Punjab,2021,8,3792.1,3917.7,4041.9,-29.3,74.2,3294.0
PF016516,CROP022,Chili,Punjab,2021,9,3294.0,3792.1,3917.7,-9.5,31.6,3439.5
PF016517,CROP022,Chili,Punjab,2021,10,3439.5,3294.0,3792.1,-11.0,42.2,3459.7
PF016518,CROP022,Chili,Punjab,2021,11,3459.7,3439.5,3294.0,4.0,50.9,3776.5
PF016519,CROP022,Chili,Punjab,2021,12,3776.5,3459.7,3439.5,1.5,49.1,3905.4
PF016520,CROP022,Chili,Punjab,2022,1,3905.4,3776.5,3459.7,5.6,58.3,3847.2
PF016521,CROP022,Chili,Punjab,2022,2,3847.2,3905.4,3776.5,14.8,65.5,3920.1
PF016522,CROP022,Chili,Punjab,2022,3,3920.1,3847.2,3905.4,-20.8,51.7,4320.5
PF016523,CROP022,Chili,Punjab,2022,4,4320.5,3920.1,3847.2,0.5,62.5,4193.6
PF016524,CROP022,Chili,Punjab,2022,5,4193.6,4320.5,3920.1,27.4,39.5,3763.1
PF016525,CROP022,Chili,Punjab,2022,6,3763.1,4193.6,4320.5,1.3,55.0,3754.1
PF016526,CROP022,Chili,Punjab,2022,7,3754.1,3763.1,4193.6,-6.3,53.7,3859.2
PF016527,CROP022,Chili,Punjab,2022,8,3859.2,3754.1,3763.1,-3.6,47.7,3679.5
PF016528,CROP022,Chili,Punjab,2022,9,3679.5,3859.2,3754.1,0.1,47.6,3408.5
PF016529,CROP022,Chili,Punjab,2022,10,3408.5,3679.5,3859.2,-11.8,50.2,3685.3
PF016530,CROP022,Chili,Punjab,2022,11,3685.3,3408.5,3679.5,4.5,40.5,3530.8
PF016531,CROP022,Chili,Punjab,2022,12,3530.8,3685.3,3408.5,-5.9,49.5,3898.1
PF016532,CROP022,Chili,Punjab,2023,1,3898.1,3530.8,3685.3,0.4,62.8,4490.0
PF016533,CROP022,Chili,Punjab,2023,2,4490.0,3898.1,3530.8,5.5,67.4,4135.3
PF016534,CROP022,Chili,Punjab,2023,3,4135.3,4490.0,3898.1,0.6,38.1,3966.7
PF016535,CROP022,Chili,Punjab,2023,4,3966.7,4135.3,4490.0,18.7,61.2,3862.9
PF016536,CROP022,Chili,Punjab,2023,5,3862.9,3966.7,4135.3,-2.6,53.8,3994.8
PF016537,CROP022,Chili,Punjab,2023,6,3994.8,3862.9,3966.7,16.6,56.6,3894.3
PF016538,CROP022,Chili,Punjab,2023,7,3894.3,3994.8,3862.9,-41.6,49.4,3851.6
PF016539,CROP022,Chili,Punjab,2023,8,3851.6,3894.3,3994.8,5.4,75.2,3731.6
PF016540,CROP022,Chili,Punjab,2023,9,3731.6,3851.6,3894.3,1.4,48.8,3431.1
PF016541,CROP022,Chili,Punjab,2023,10,3431.1,3731.6,3851.6,25.2,41.9,3599.1
PF016542,CROP022,Chili,Punjab,2023,11,3599.1,3431.1,3731.6,21.8,55.1,3691.6
PF016543,CROP022,Chili,Punjab,2023,12,3691.6,3599.1,3431.1,-3.9,39.5,3669.8
PF016576,CROP022,Chili,Haryana,2021,4,3712.3,3919.3,3820.5,-20.7,47.0,3650.3
PF016577,CROP022,Chili,Haryana,2021,5,3650.3,3712.3,3919.3,11.6,37.3,3490.2
PF016578,CROP022,Chili,Haryana,2021,6,3490.2,3650.3,3712.3,0.3,46.1,3400.4
PF016579,CROP022,Chili,Haryana,2021,7,3400.4,3490.2,3650.3,-9.4,64.3,3411.1
PF016580,CROP022,Chili,Haryana,2021,8,3411.1,3400.4,3490.2,-5.7,56.3,3193.0
PF016581,CROP022,Chili,Haryana,2021,9,3193.0,3411.1,3400.4,-38.9,44.0,3121.6
PF016582,CROP022,Chili,Haryana,2021,10,3121.6,3193.0,3411.1,-4.8,45.2,3393.1
PF016583,CROP022,Chili,Haryana,2021,11,3393.1,3121.6,3193.0,10.1,56.3,3459.9
PF016584,CROP022,Chili,Haryana,2021,12,3459.9,3393.1,3121.6,28.8,64.4,3310.6
PF016585,CROP022,Chili,Haryana,2022,1,3310.6,3459.9,3393.1,24.8,49.2,3583.8
PF016586,CROP022,Chili,Haryana,2022,2,3583.8,3310.6,3459.9,-1.6,43.9,3707.2
PF016587,CROP022,Chili,Haryana,2022,3,3707.2,3583.8,3310.6,-0.1,56.8,3778.2
PF016588,CROP022,Chili,Haryana,2022,4,3778.2,3707.2,3583.8,15.0,42.6,3654.5
PF016589,CROP022,Chili,Haryana,2022,5,3654.5,3778.2,3707.2,-24.3,52.3,3594.1
PF016590,CROP022,Chili,Haryana,2022,6,3594.1,3654.5,3778.2,1.1,49.3,3620.5
PF016591,CROP022,Chili,Haryana,2022,7,3620.5,3594.1,3654.5,-7.6,34.4,3441.1
PF016592,CROP022,Chili,Haryana,2022,8,3441.1,3620.5,3594.1,6.5,51.3,3164.2
PF016593,CROP022,Chili,Haryana,2022,9,3164.2,3441.1,3620.5,2.5,53.8,3097.0
PF016594,CROP022,Chili,Haryana,2022,10,3097.0,3164.2,3441.1,5.4,46.1,3060.8
PF016595,CROP022,Chili,Haryana,2022,11,3060.8,3097.0,3164.2,17.6,45.3,3334.0
PF016596,CROP022,Chili,Haryana,2022,12,3334.0,3060.8,3097.0,-9.4,65.1,3336.0
PF016597,CROP022,Chili,Haryana,2023,1,3336.0,3334.0,3060.8,-0.4,32.4,3646.4
PF016598,CROP022,Chili,Haryana,2023,2,3646.4,3336.0,3334.0,4.2,25.6,3767.5
PF016599,CROP022,Chili,Haryana,2023,3,3767.5,3646.4,3336.0,-6.0,55.2,3923.9
PF016600,CROP022,Chili,Haryana,2023,4,3923.9,3767.5,3646.4,14.2,43.7,3958.4
PF016601,CROP022,Chili,Haryana,2023,5,3958.4,3923.9,3767.5,0.5,41.0,3830.7
PF016602,CROP022,Chili,Haryana,2023,6,3830.7,3958.4,3923.9,-7.2,62.9,3413.1
PF016603,CROP022,Chili,Haryana,2023,7,3413.1,3830.7,3958.4,9.5,34.8,3223.6
PF016604,CROP022,Chili,Haryana,2023,8,3223.6,3413.1,3830.7,-1.1,49.2,3122.0
PF016605,CROP022,Chili,Haryana,2023,9,3122.0,3223.6,3413.1,-4.1,57.7,2917.9
PF016606,CROP022,Chili,Haryana,2023,10,2917.9,3122.0,3223.6,-4.6,58.5,3216.5
PF016607,CROP022,Chili,Haryana,2023,11,3216.5,2917.9,3122.0,8.1,56.1,3086.0
PF016608,CROP022,Chili,Haryana,2023,12,3086.0,3216.5,2917.9,-7.6,57.3,3543.1
PF016641,CROP022,Chili,Haryana,2021,4,3476.4,3388.0,3301.1,-12.6,72.4,3431.7
PF016642,CROP022,Chili,Haryana,2021,5,3431.7,3476.4,3388.0,-19.5,55.4,3344.4
PF016643,CROP022,Chili,Haryana,2021,6,3344.4,3431.7,3476.4,21.5,60.0,3058.5
PF016644,CROP022,Chili,Haryana,2021,7,3058.5,3344.4,3431.7,-19.3,44.9,2990.5
PF016645,CROP022,Chili,Haryana,2021,8,2990.5,3058.5,3344.4,14.0,67.0,2774.3
PF016646,CROP022,Chili,Haryana,2021,9,2774.3,2990.5,3058.5,18.1,45.6,2712.3
PF016647,CROP022,Chili,Haryana,2021,10,2712.3,2774.3,2990.5,12.9,52.2,2794.0
PF016648,CROP022,Chili,Haryana,2021,11,2794.0,2712.3,2774.3,-7.9,41.8,3051.5
PF016649,CROP022,Chili,Haryana,2021,12,3051.5,2794.0,2712.3,9.0,43.3,3045.9
PF016650,CROP022,Chili,Haryana,2022,1,3045.9,3051.5,2794.0,-2.7,76.6,3262.1
PF016651,CROP022,Chili,Haryana,2022,2,3262.1,3045.9,3051.5,-26.5,43.8,3495.1
PF016652,CROP022,Chili,Haryana,2022,3,3495.1,3262.1,3045.9,8.5,68.6,3583.5
PF016653,CROP022,Chili,Haryana,2022,4,3583.5,3495.1,3262.1,-9.0,54.7,3684.1
PF016654,CROP022,Chili,Haryana,2022,5,3684.1,3583.5,3495.1,7.0,51.4,3176.6
PF016655,CROP022,Chili,Haryana,2022,6,3176.6,3684.1,3583.5,-17.6,65.2,2980.8
PF016656,CROP022,Chili,Haryana,2022,7,2980.8,3176.6,3684.1,-17.1,49.2,3072.0
PF016657,CROP022,Chili,Haryana,2022,8,3072.0,2980.8,3176.6,-16.8,46.2,3066.4
PF016658,CROP022,Chili,Haryana,2022,9,3066.4,3072.0,2980.8,27.9,46.8,2678.3
PF016659,CROP022,Chili,Haryana,2022,10,2678.3,3066.4,3072.0,28.0,41.8,2892.1
PF016660,CROP022,Chili,Haryana,2022,11,2892.1,2678.3,3066.4,-6.5,53.0,3089.5
PF016661,CROP022,Chili,Haryana,2022,12,3089.5,2892.1,2678.3,-30.6,53.8,3122.3
PF016662,CROP022,Chili,Haryana,2023,1,3122.3,3089.5,2892.1,-3.7,55.7,3304.4
PF016663,CROP022,Chili,Haryana,2023,2,3304.4,3122.3,3089.5,4.0,57.0,3654.7
PF016664,CROP022,Chili,Haryana,2023,3,3654.7,3304.4,3122.3,21.8,43.3,3676.3
PF016665,CROP022,Chili,Haryana,2023,4,3676.3,3654.7,3304.4,-6.9,32.4,3581.5
PF016666,CROP022,Chili,Haryana,2023,5,3581.5,3676.3,3654.7,15.5,49.5,3299.3
PF016667,CROP022,Chili,Haryana,2023,6,3299.3,3581.5,3676.3,-10.3,52.6,3033.6
PF016668,CROP022,Chili,Haryana,2023,7,3033.6,3299.3,3581.5,10.7,30.4,2992.3
PF016669,CROP022,Chili,Haryana,2023,8,2992.3,3033.6,3299.3,20.6,46.7,3091.9
PF016670,CROP022,Chili,Haryana,2023,9,3091.9,2992.3,3033.6,0.5,43.5,2876.7
PF016671,CROP022,Chili,Haryana,2023,10,2876.7,3091.9,2992.3,9.7,35.4,3027.8
PF016672,CROP022,Chili,Haryana,2023,11,3027.8,2876.7,3091.9,3.8,36.7,2952.1
PF016673,CROP022,Chili,Haryana,2023,12,2952.1,3027.8,2876.7,12.0,55.7,3172.0
PF016706,CROP022,Chili,Uttar Pradesh,2021,4,3880.5,3741.1,3305.2,2.8,59.5,3766.7
PF016707,CROP022,Chili,Uttar Pradesh,2021,5,3766.7,3880.5,3741.1,16.4,50.8,3788.7
PF016708,CROP022,Chili,Uttar Pradesh,2021,6,3788.7,3766.7,3880.5,12.9,58.0,3455.6
PF016709,CROP022,Chili,Uttar Pradesh,2021,7,3455.6,3788.7,3766.7,-17.7,58.3,3087.6
PF016710,CROP022,Chili,Uttar Pradesh,2021,8,3087.6,3455.6,3788.7,-4.1,39.7,3159.1
PF016711,CROP022,Chili,Uttar Pradesh,2021,9,3159.1,3087.6,3455.6,1.7,53.7,3092.5
PF016712,CROP022,Chili,Uttar Pradesh,2021,10,3092.5,3159.1,3087.6,-17.5,41.1,2983.1
PF016713,CROP022,Chili,Uttar Pradesh,2021,11,2983.1,3092.5,3159.1,-0.0,70.0,3084.9
PF016714,CROP022,Chili,Uttar Pradesh,2021,12,3084.9,2983.1,3092.5,6.1,61.3,3565.2
PF016715,CROP022,Chili,Uttar Pradesh,2022,1,3565.2,3084.9,2983.1,-6.6,25.9,3759.2
PF016716,CROP022,Chili,Uttar Pradesh,2022,2,3759.2,3565.2,3084.9,-11.1,42.5,3754.0
PF016717,CROP022,Chili,Uttar Pradesh,2022,3,3754.0,3759.2,3565.2,8.0,49.7,3485.4
PF016718,CROP022,Chili,Uttar Pradesh,2022,4,3485.4,3754.0,3759.2,-1.0,32.6,3343.7
PF016719,CROP022,Chili,Uttar Pradesh,2022,5,3343.7,3485.4,3754.0,16.2,43.7,3677.9
PF016720,CROP022,Chili,Uttar Pradesh,2022,6,3677.9,3343.7,3485.4,-11.3,63.6,3358.9
PF016721,CROP022,Chili,Uttar Pradesh,2022,7,3358.9,3677.9,3343.7,9.1,47.4,3319.2
PF016722,CROP022,Chili,Uttar Pradesh,2022,8,3319.2,3358.9,3677.9,6.1,39.0,3171.8
PF016723,CROP022,Chili,Uttar Pradesh,2022,9,3171.8,3319.2,3358.9,18.4,62.4,3004.5
PF016724,CROP022,Chili,Uttar Pradesh,2022,10,3004.5,3171.8,3319.2,6.3,39.0,3284.7
PF016725,CROP022,Chili,Uttar Pradesh,2022,11,3284.7,3004.5,3171.8,-5.6,53.1,3231.7
PF016726,CROP022,Chili,Uttar Pradesh,2022,12,3231.7,3284.7,3004.5,11.0,59.8,3466.2
PF016727,CROP022,Chili,Uttar Pradesh,2023,1,3466.2,3231.7,3284.7,-12.3,35.7,3777.0
PF016728,CROP022,Chili,Uttar Pradesh,2023,2,3777.0,3466.2,3231.7,-17.7,56.9,3533.0
PF016729,CROP022,Chili,Uttar Pradesh,2023,3,3533.0,3777.0,3466.2,1.9,61.2,3768.4
PF016730,CROP022,Chili,Uttar Pradesh,2023,4,3768.4,3533.0,3777.0,-24.7,43.2,3877.6
PF016731,CROP022,Chili,Uttar Pradesh,2023,5,3877.6,3768.4,3533.0,-10.0,55.3,3765.5
PF016732,CROP022,Chili,Uttar Pradesh,2023,6,3765.5,3877.6,3768.4,21.4,54.7,3504.8
PF016733,CROP022,Chili,Uttar Pradesh,2023,7,3504.8,3765.5,3877.6,23.0,28.7,3179.9
PF016734,CROP022,Chili,Uttar Pradesh,2023,8,3179.9,3504.8,3765.5,1.7,65.9,3108.6
PF016735,CROP022,Chili,Uttar Pradesh,2023,9,3108.6,3179.9,3504.8,-11.5,23.0,2984.8
PF016736,CROP022,Chili,Uttar Pradesh,2023,10,2984.8,3108.6,3179.9,-17.8,49.6,3271.7
PF016737,CROP022,Chili,Uttar Pradesh,2023,11,3271.7,2984.8,3108.6,-3.5,46.3,3506.4
PF016738,CROP022,Chili,Uttar Pradesh,2023,12,3506.4,3271.7,2984.8,0.0,57.9,3513.9
PF016771,CROP022,Chili,Uttar Pradesh,2021,4,4134.0,3837.4,3949.0,17.4,56.6,4184.0
PF016772,CROP022,Chili,Uttar Pradesh,2021,5,4184.0,4134.0,3837.4,3.9,40.6,3664.3
PF016773,CROP022,Chili,Uttar Pradesh,2021,6,3664.3,4184.0,4134.0,24.0,63.6,3656.3
PF016774,CROP022,Chili,Uttar Pradesh,2021,7,3656.3,3664.3,4184.0,14.7,46.2,3473.1
PF016775,CROP022,Chili,Uttar Pradesh,2021,8,3473.1,3656.3,3664.3,-16.9,32.9,3066.6
PF016776,CROP022,Chili,Uttar Pradesh,2021,9,3066.6,3473.1,3656.3,-14.1,71.4,2897.8
PF016777,CROP022,Chili,Uttar Pradesh,2021,10,2897.8,3066.6,3473.1,4.0,68.4,3227.9
PF016778,CROP022,Chili,Uttar Pradesh,2021,11,3227.9,2897.8,3066.6,-13.1,42.0,3333.0
PF016779,CROP022,Chili,Uttar Pradesh,2021,12,3333.0,3227.9,2897.8,-9.1,35.9,3670.2
PF016780,CROP022,Chili,Uttar Pradesh,2022,1,3670.2,3333.0,3227.9,7.1,50.9,3665.8
PF016781,CROP022,Chili,Uttar Pradesh,2022,2,3665.8,3670.2,3333.0,-16.0,61.0,3978.6
PF016782,CROP022,Chili,Uttar Pradesh,2022,3,3978.6,3665.8,3670.2,-15.2,66.7,4000.2
PF016783,CROP022,Chili,Uttar Pradesh,2022,4,4000.2,3978.6,3665.8,-3.1,24.8,4000.9
PF016784,CROP022,Chili,Uttar Pradesh,2022,5,4000.9,4000.2,3978.6,7.4,44.1,3834.3
PF016785,CROP022,Chili,Uttar Pradesh,2022,6,3834.3,4000.9,4000.2,1.2,42.1,3779.7
PF016786,CROP022,Chili,Uttar Pradesh,2022,7,3779.7,3834.3,4000.9,10.6,49.7,3413.3
PF016787,CROP022,Chili,Uttar Pradesh,2022,8,3413.3,3779.7,3834.3,5.1,67.3,3268.5
PF016788,CROP022,Chili,Uttar Pradesh,2022,9,3268.5,3413.3,3779.7,-0.4,42.9,3099.7
PF016789,CROP022,Chili,Uttar Pradesh,2022,10,3099.7,3268.5,3413.3,-5.5,68.9,3327.5
PF016790,CROP022,Chili,Uttar Pradesh,2022,11,3327.5,3099.7,3268.5,-8.8,49.7,3454.4
PF016791,CROP022,Chili,Uttar Pradesh,2022,12,3454.4,3327.5,3099.7,16.4,60.3,3694.1
PF016792,CROP022,Chili,Uttar Pradesh,2023,1,3694.1,3454.4,3327.5,-6.5,59.3,3775.1
PF016793,CROP022,Chili,Uttar Pradesh,2023,2,3775.1,3694.1,3454.4,-24.0,75.9,4292.5
PF016794,CROP022,Chili,Uttar Pradesh,2023,3,4292.5,3775.1,3694.1,-14.3,27.9,4105.1
PF016795,CROP022,Chili,Uttar Pradesh,2023,4,4105.1,4292.5,3775.1,9.6,37.5,4181.0
PF016796,CROP022,Chili,Uttar Pradesh,2023,5,4181.0,4105.1,4292.5,10.9,62.6,3896.0
PF016797,CROP022,Chili,Uttar Pradesh,2023,6,3896.0,4181.0,4105.1,-24.0,58.0,3705.1
PF016798,CROP022,Chili,Uttar Pradesh,2023,7,3705.1,3896.0,4181.0,-8.3,61.4,3658.7
PF016799,CROP022,Chili,Uttar Pradesh,2023,8,3658.7,3705.1,3896.0,4.8,50.0,3407.4
PF016800,CROP022,Chili,Uttar Pradesh,2023,9,3407.4,3658.7,3705.1,-9.5,48.3,3240.9
PF016801,CROP022,Chili,Uttar Pradesh,2023,10,3240.9,3407.4,3658.7,-0.6,40.8,3209.7
PF016802,CROP022,Chili,Uttar Pradesh,2023,11,3209.7,3240.9,3407.4,12.1,31.0,3605.0
PF016803,CROP022,Chili,Uttar Pradesh,2023,12,3605.0,3209.7,3240.9,-8.1,52.8,3666.9
PF016836,CROP022,Chili,Uttar Pradesh,2021,4,4351.7,4333.1,4254.9,-16.3,44.5,4062.4
PF016837,CROP022,Chili,Uttar Pradesh,2021,5,4062.4,4351.7,4333.1,-17.8,50.6,4246.3
PF016838,CROP022,Chili,Uttar Pradesh,2021,6,4246.3,4062.4,4351.7,3.0,49.1,3571.0
PF016839,CROP022,Chili,Uttar Pradesh,2021,7,3571.0,4246.3,4062.4,5.1,28.2,3815.1
PF016840,CROP022,Chili,Uttar Pradesh,2021,8,3815.1,3571.0,4246.3,-2.0,54.8,3392.9
PF016841,CROP022,Chili,Uttar Pradesh,2021,9,3392.9,3815.1,3571.0,-0.6,46.5,3737.9
PF016842,CROP022,Chili,Uttar Pradesh,2021,10,3737.9,3392.9,3815.1,3.1,51.4,3516.8
PF016843,CROP022,Chili,Uttar Pradesh,2021,11,3516.8,3737.9,3392.9,9.1,47.8,3687.7
PF016844,CROP022,Chili,Uttar Pradesh,2021,12,3687.7,3516.8,3737.9,17.0,50.3,3710.7
PF016845,CROP022,Chili,Uttar Pradesh,2022,1,3710.7,3687.7,3516.8,30.3,55.1,4234.9
PF016846,CROP022,Chili,Uttar Pradesh,2022,2,4234.9,3710.7,3687.7,4.0,54.8,4295.4
PF016847,CROP022,Chili,Uttar Pradesh,2022,3,4295.4,4234.9,3710.7,7.7,23.0,4315.5
PF016848,CROP022,Chili,Uttar Pradesh,2022,4,4315.5,4295.4,4234.9,-0.8,59.8,4295.3
PF016849,CROP022,Chili,Uttar Pradesh,2022,5,4295.3,4315.5,4295.4,10.6,66.4,3996.3
PF016850,CROP022,Chili,Uttar Pradesh,2022,6,3996.3,4295.3,4315.5,2.6,36.0,4214.0
PF016851,CROP022,Chili,Uttar Pradesh,2022,7,4214.0,3996.3,4295.3,1.2,38.4,3803.2
PF016852,CROP022,Chili,Uttar Pradesh,2022,8,3803.2,4214.0,3996.3,-5.9,52.8,3589.3
PF016853,CROP022,Chili,Uttar Pradesh,2022,9,3589.3,3803.2,4214.0,-17.5,65.6,3419.5
PF016854,CROP022,Chili,Uttar Pradesh,2022,10,3419.5,3589.3,3803.2,-15.6,47.5,3713.4
PF016855,CROP022,Chili,Uttar Pradesh,2022,11,3713.4,3419.5,3589.3,4.9,71.1,3741.9
PF016856,CROP022,Chili,Uttar Pradesh,2022,12,3741.9,3713.4,3419.5,-17.5,34.9,3907.2
PF016857,CROP022,Chili,Uttar Pradesh,2023,1,3907.2,3741.9,3713.4,-19.9,45.9,4351.9
PF016858,CROP022,Chili,Uttar Pradesh,2023,2,4351.9,3907.2,3741.9,-21.5,44.7,4385.4
PF016859,CROP022,Chili,Uttar Pradesh,2023,3,4385.4,4351.9,3907.2,3.2,57.2,4416.4
PF016860,CROP022,Chili,Uttar Pradesh,2023,4,4416.4,4385.4,4351.9,1.6,64.4,4218.4
PF016861,CROP022,Chili,Uttar Pradesh,2023,5,4218.4,4416.4,4385.4,-12.0,50.6,4317.6
PF016862,CROP022,Chili,Uttar Pradesh,2023,6,4317.6,4218.4,4416.4,4.2,43.2,3997.5
PF016863,CROP022,Chili,Uttar Pradesh,2023,7,3997.5,4317.6,4218.4,-10.8,54.6,3698.5
PF016864,CROP022,Chili,Uttar Pradesh,2023,8,3698.5,3997.5,4317.6,6.0,43.6,3618.3
PF016865,CROP022,Chili,Uttar Pradesh,2023,9,3618.3,3698.5,3997.5,4.3,50.8,3661.3
PF016866,CROP022,Chili,Uttar Pradesh,2023,10,3661.3,3618.3,3698.5,27.1,51.7,3741.7
PF016867,CROP022,Chili,Uttar Pradesh,2023,11,3741.7,3661.3,3618.3,13.9,58.3,3869.5
PF016868,CROP022,Chili,Uttar Pradesh,2023,12,3869.5,3741.7,3661.3,-22.2,36.1,4314.8
PF016901,CROP022,Chili,Bihar,2021,4,3732.5,3948.0,3480.4,-5.0,44.0,4019.9
PF016902,CROP022,Chili,Bihar,2021,5,4019.9,3732.5,3948.0,-19.4,55.5,3779.3
PF016903,CROP022,Chili,Bihar,2021,6,3779.3,4019.9,3732.5,-3.1,57.0,3632.0
PF016904,CROP022,Chili,Bihar,2021,7,3632.0,3779.3,4019.9,-14.5,39.3,3344.7
PF016905,CROP022,Chili,Bihar,2021,8,3344.7,3632.0,3779.3,6.4,45.5,3285.5
PF016906,CROP022,Chili,Bihar,2021,9,3285.5,3344.7,3632.0,-10.7,42.3,3009.5
PF016907,CROP022,Chili,Bihar,2021,10,3009.5,3285.5,3344.7,-1.2,66.9,3179.5
PF016908,CROP022,Chili,Bihar,2021,11,3179.5,3009.5,3285.5,-14.3,51.1,3370.7
PF016909,CROP022,Chili,Bihar,2021,12,3370.7,3179.5,3009.5,10.6,63.8,3738.8
PF016910,CROP022,Chili,Bihar,2022,1,3738.8,3370.7,3179.5,15.0,38.3,3604.1
PF016911,CROP022,Chili,Bihar,2022,2,3604.1,3738.8,3370.7,14.2,36.2,3716.0
PF016912,CROP022,Chili,Bihar,2022,3,3716.0,3604.1,3738.8,-10.9,54.7,3764.2
PF016913,CROP022,Chili,Bihar,2022,4,3764.2,3716.0,3604.1,12.7,78.1,3796.7
PF016914,CROP022,Chili,Bihar,2022,5,3796.7,3764.2,3716.0,14.6,43.2,3788.5
PF016915,CROP022,Chili,Bihar,2022,6,3788.5,3796.7,3764.2,4.4,73.9,3667.2
PF016916,CROP022,Chili,Bihar,2022,7,3667.2,3788.5,3796.7,-30.6,29.4,3430.3
PF016917,CROP022,Chili,Bihar,2022,8,3430.3,3667.2,3788.5,-6.9,54.1,3317.1
PF016918,CROP022,Chili,Bihar,2022,9,3317.1,3430.3,3667.2,15.4,46.9,2961.5
PF016919,CROP022,Chili,Bihar,2022,10,2961.5,3317.1,3430.3,-4.2,58.2,3248.8
PF016920,CROP022,Chili,Bihar,2022,11,3248.8,2961.5,3317.1,23.4,42.6,3407.3
PF016921,CROP022,Chili,Bihar,2022,12,3407.3,3248.8,2961.5,30.3,47.7,3600.8
PF016922,CROP022,Chili,Bihar,2023,1,3600.8,3407.3,3248.8,20.5,59.7,3461.9
PF016923,CROP022,Chili,Bihar,2023,2,3461.9,3600.8,3407.3,0.9,57.4,3676.6
PF016924,CROP022,Chili,Bihar,2023,3,3676.6,3461.9,3600.8,-7.0,50.9,3817.8
PF016925,CROP022,Chili,Bihar,2023,4,3817.8,3676.6,3461.9,9.0,37.7,3790.7
PF016926,CROP022,Chili,Bihar,2023,5,3790.7,3817.8,3676.6,-20.9,58.8,3538.9
PF016927,CROP022,Chili,Bihar,2023,6,3538.9,3790.7,3817.8,-10.7,61.2,3456.5
PF016928,CROP022,Chili,Bihar,2023,7,3456.5,3538.9,3790.7,-2.8,65.4,3273.4
PF016929,CROP022,Chili,Bihar,2023,8,3273.4,3456.5,3538.9,-0.6,36.1,3050.8
PF016930,CROP022,Chili,Bihar,2023,9,3050.8,3273.4,3456.5,-10.2,45.8,3243.5
PF016931,CROP022,Chili,Bihar,2023,10,3243.5,3050.8,3273.4,-2.2,43.9,3206.6
PF016932,CROP022,Chili,Bihar,2023,11,3206.6,3243.5,3050.8,10.3,42.6,3103.9
PF016933,CROP022,Chili,Bihar,2023,12,3103.9,3206.6,3243.5,14.8,53.4,3375.6
PF016966,CROP022,Chili,Bihar,2021,4,3236.5,3273.8,3278.8,4.3,47.7,3386.8
PF016967,CROP022,Chili,Bihar,2021,5,3386.8,3236.5,3273.8,7.5,31.3,3156.4
PF016968,CROP022,Chili,Bihar,2021,6,3156.4,3386.8,3236.5,-5.3,44.2,3044.6
PF016969,CROP022,Chili,Bihar,2021,7,3044.6,3156.4,3386.8,7.9,70.9,2942.3
PF016970,CROP022,Chili,Bihar,2021,8,2942.3,3044.6,3156.4,-3.4,36.6,2738.8
PF016971,CROP022,Chili,Bihar,2021,9,2738.8,2942.3,3044.6,0.6,62.0,2687.1
PF016972,CROP022,Chili,Bihar,2021,10,2687.1,2738.8,2942.3,-6.3,42.8,2830.3
PF016973,CROP022,Chili,Bihar,2021,11,2830.3,2687.1,2738.8,-13.6,49.1,2994.8
PF016974,CROP022,Chili,Bihar,2021,12,2994.8,2830.3,2687.1,2.4,39.2,3185.3
PF016975,CROP022,Chili,Bihar,2022,1,3185.3,2994.8,2830.3,11.7,50.5,3139.5
PF016976,CROP022,Chili,Bihar,2022,2,3139.5,3185.3,2994.8,-6.5,48.5,3517.3
PF016977,CROP022,Chili,Bihar,2022,3,3517.3,3139.5,3185.3,-11.6,50.5,3433.3
PF016978,CROP022,Chili,Bihar,2022,4,3433.3,3517.3,3139.5,-0.7,39.1,3188.8
PF016979,CROP022,Chili,Bihar,2022,5,3188.8,3433.3,3517.3,13.0,38.5,3032.1
PF016980,CROP022,Chili,Bihar,2022,6,3032.1,3188.8,3433.3,-11.5,40.4,3248.6
PF016981,CROP022,Chili,Bihar,2022,7,3248.6,3032.1,3188.8,12.2,46.2,3037.8
PF016982,CROP022,Chili,Bihar,2022,8,3037.8,3248.6,3032.1,-0.8,48.5,2755.1
PF016983,CROP022,Chili,Bihar,2022,9,2755.1,3037.8,3248.6,7.5,29.1,2930.5
PF016984,CROP022,Chili,Bihar,2022,10,2930.5,2755.1,3037.8,23.5,36.4,2845.8
PF016985,CROP022,Chili,Bihar,2022,11,2845.8,2930.5,2755.1,0.6,63.9,2640.4
PF016986,CROP022,Chili,Bihar,2022,12,2640.4,2845.8,2930.5,1.7,58.5,3126.6
PF016987,CROP022,Chili,Bihar,2023,1,3126.6,2640.4,2845.8,16.8,56.3,3287.8
PF016988,CROP022,Chili,Bihar,2023,2,3287.8,3126.6,2640.4,-30.6,31.9,3742.6
PF016989,CROP022,Chili,Bihar,2023,3,3742.6,3287.8,3126.6,10.3,60.8,3328.3
PF016990,CROP022,Chili,Bihar,2023,4,3328.3,3742.6,3287.8,24.3,54.1,3264.5
PF016991,CROP022,Chili,Bihar,2023,5,3264.5,3328.3,3742.6,16.8,53.4,3409.5
PF016992,CROP022,Chili,Bihar,2023,6,3409.5,3264.5,3328.3,-11.0,31.5,3154.5
PF016993,CROP022,Chili,Bihar,2023,7,3154.5,3409.5,3264.5,-14.7,46.8,2813.9
PF016994,CROP022,Chili,Bihar,2023,8,2813.9,3154.5,3409.5,10.2,51.7,2849.9
PF016995,CROP022,Chili,Bihar,2023,9,2849.9,2813.9,3154.5,8.6,31.4,2891.7
PF016996,CROP022,Chili,Bihar,2023,10,2891.7,2849.9,2813.9,-6.7,48.6,2889.1
PF016997,CROP022,Chili,Bihar,2023,11,2889.1,2891.7,2849.9,37.2,59.1,3003.7
PF016998,CROP022,Chili,Bihar,2023,12,3003.7,2889.1,2891.7,-10.2,65.1,2988.9
PF017031,CROP022,Chili,West Bengal,2021,4,3608.2,3531.7,3549.1,-9.8,43.2,3730.2
PF017032,CROP022,Chili,West Bengal,2021,5,3730.2,3608.2,3531.7,11.7,59.3,3664.4
PF017033,CROP022,Chili,West Bengal,2021,6,3664.4,3730.2,3608.2,-5.4,69.8,3290.1
PF017034,CROP022,Chili,West Bengal,2021,7,3290.1,3664.4,3730.2,16.2,30.3,3112.1
PF017035,CROP022,Chili,West Bengal,2021,8,3112.1,3290.1,3664.4,10.5,46.8,2887.8
PF017036,CROP022,Chili,West Bengal,2021,9,2887.8,3112.1,3290.1,-8.2,42.3,2905.7
PF017037,CROP022,Chili,West Bengal,2021,10,2905.7,2887.8,3112.1,-14.4,63.2,3072.8
PF017038,CROP022,Chili,West Bengal,2021,11,3072.8,2905.7,2887.8,2.2,66.4,3078.9
PF017039,CROP022,Chili,West Bengal,2021,12,3078.9,3072.8,2905.7,-35.3,62.6,3390.4
PF017040,CROP022,Chili,West Bengal,2022,1,3390.4,3078.9,3072.8,7.8,45.5,3443.3
PF017041,CROP022,Chili,West Bengal,2022,2,3443.3,3390.4,3078.9,-7.1,54.8,3862.5
PF017042,CROP022,Chili,West Bengal,2022,3,3862.5,3443.3,3390.4,-19.9,38.2,3596.0
PF017043,CROP022,Chili,West Bengal,2022,4,3596.0,3862.5,3443.3,36.1,78.1,3593.3
PF017044,CROP022,Chili,West Bengal,2022,5,3593.3,3596.0,3862.5,2.5,38.8,3580.1
PF017045,CROP022,Chili,West Bengal,2022,6,3580.1,3593.3,3596.0,6.7,46.4,3372.2
PF017046,CROP022,Chili,West Bengal,2022,7,3372.2,3580.1,3593.3,-9.0,51.1,3277.5
PF017047,CROP022,Chili,West Bengal,2022,8,3277.5,3372.2,3580.1,24.2,40.6,3089.8
PF017048,CROP022,Chili,West Bengal,2022,9,3089.8,3277.5,3372.2,-21.4,54.0,2915.4
PF017049,CROP022,Chili,West Bengal,2022,10,2915.4,3089.8,3277.5,-19.7,30.6,3305.4
PF017050,CROP022,Chili,West Bengal,2022,11,3305.4,2915.4,3089.8,-15.5,39.0,3303.5
PF017051,CROP022,Chili,West Bengal,2022,12,3303.5,3305.4,2915.4,-12.0,53.2,3225.8
PF017052,CROP022,Chili,West Bengal,2023,1,3225.8,3303.5,3305.4,21.0,53.7,3618.1
PF017053,CROP022,Chili,West Bengal,2023,2,3618.1,3225.8,3303.5,-6.8,40.8,3806.3
PF017054,CROP022,Chili,West Bengal,2023,3,3806.3,3618.1,3225.8,4.6,55.0,3599.7
PF017055,CROP022,Chili,West Bengal,2023,4,3599.7,3806.3,3618.1,-26.5,36.9,3638.8
PF017056,CROP022,Chili,West Bengal,2023,5,3638.8,3599.7,3806.3,-2.7,51.7,3824.8
PF017057,CROP022,Chili,West Bengal,2023,6,3824.8,3638.8,3599.7,5.7,70.7,3373.8
PF017058,CROP022,Chili,West Bengal,2023,7,3373.8,3824.8,3638.8,-3.3,84.0,3133.6
PF017059,CROP022,Chili,West Bengal,2023,8,3133.6,3373.8,3824.8,9.7,52.3,2967.8
PF017060,CROP022,Chili,West Bengal,2023,9,2967.8,3133.6,3373.8,-7.8,61.2,3011.8
PF017061,CROP022,Chili,West Bengal,2023,10,3011.8,2967.8,3133.6,-9.4,38.5,3084.7
PF017062,CROP022,Chili,West Bengal,2023,11,3084.7,3011.8,2967.8,-23.3,42.4,3194.7
PF017063,CROP022,Chili,West Bengal,2023,12,3194.7,3084.7,3011.8,15.5,26.3,3171.2
PF017096,CROP022,Chili,West Bengal,2021,4,3863.6,3587.3,3594.1,-12.6,34.6,3634.5
PF017097,CROP022,Chili,West Bengal,2021,5,3634.5,3863.6,3587.3,10.8,66.9,3467.3
PF017098,CROP022,Chili,West Bengal,2021,6,3467.3,3634.5,3863.6,35.9,77.6,3188.0
PF017099,CROP022,Chili,West Bengal,2021,7,3188.0,3467.3,3634.5,4.5,37.4,3173.9
PF017100,CROP022,Chili,West Bengal,2021,8,3173.9,3188.0,3467.3,-10.5,43.2,2980.9
PF017101,CROP022,Chili,West Bengal,2021,9,2980.9,3173.9,3188.0,-11.7,52.5,3107.2
PF017102,CROP022,Chili,West Bengal,2021,10,3107.2,2980.9,3173.9,-44.6,41.1,3145.3
PF017103,CROP022,Chili,West Bengal,2021,11,3145.3,3107.2,2980.9,-1.1,37.3,3165.5
PF017104,CROP022,Chili,West Bengal,2021,12,3165.5,3145.3,3107.2,14.2,48.6,3240.8
PF017105,CROP022,Chili,West Bengal,2022,1,3240.8,3165.5,3145.3,5.1,65.3,3566.5
PF017106,CROP022,Chili,West Bengal,2022,2,3566.5,3240.8,3165.5,-4.9,42.9,3530.2
PF017107,CROP022,Chili,West Bengal,2022,3,3530.2,3566.5,3240.8,6.8,50.5,3607.3
PF017108,CROP022,Chili,West Bengal,2022,4,3607.3,3530.2,3566.5,-24.5,43.5,3656.7
PF017109,CROP022,Chili,West Bengal,2022,5,3656.7,3607.3,3530.2,-8.8,47.9,3472.2
PF017110,CROP022,Chili,West Bengal,2022,6,3472.2,3656.7,3607.3,-20.5,56.1,3345.8
PF017111,CROP022,Chili,West Bengal,2022,7,3345.8,3472.2,3656.7,36.8,41.7,3289.3
PF017112,CROP022,Chili,West Bengal,2022,8,3289.3,3345.8,3472.2,-11.1,39.7,2954.9
PF017113,CROP022,Chili,West Bengal,2022,9,2954.9,3289.3,3345.8,-9.9,63.2,2928.3
PF017114,CROP022,Chili,West Bengal,2022,10,2928.3,2954.9,3289.3,9.0,20.8,3123.1
PF017115,CROP022,Chili,West Bengal,2022,11,3123.1,2928.3,2954.9,-13.8,76.1,3069.6
PF017116,CROP022,Chili,West Bengal,2022,12,3069.6,3123.1,2928.3,8.0,44.2,3299.5
PF017117,CROP022,Chili,West Bengal,2023,1,3299.5,3069.6,3123.1,-10.7,58.9,3435.2
PF017118,CROP022,Chili,West Bengal,2023,2,3435.2,3299.5,3069.6,12.0,42.9,3773.4
PF017119,CROP022,Chili,West Bengal,2023,3,3773.4,3435.2,3299.5,18.6,51.0,3440.3
PF017120,CROP022,Chili,West Bengal,2023,4,3440.3,3773.4,3435.2,-8.8,55.0,3820.9
PF017121,CROP022,Chili,West Bengal,2023,5,3820.9,3440.3,3773.4,12.8,60.2,3544.3
PF017122,CROP022,Chili,West Bengal,2023,6,3544.3,3820.9,3440.3,-14.5,67.6,3342.9
PF017123,CROP022,Chili,West Bengal,2023,7,3342.9,3544.3,3820.9,2.9,56.1,3271.4
PF017124,CROP022,Chili,West Bengal,2023,8,3271.4,3342.9,3544.3,22.4,29.3,3285.2
PF017125,CROP022,Chili,West Bengal,2023,9,3285.2,3271.4,3342.9,10.5,49.1,2980.1
PF017126,CROP022,Chili,West Bengal,2023,10,2980.1,3285.2,3271.4,27.6,45.0,3129.3
PF017127,CROP022,Chili,West Bengal,2023,11,3129.3,2980.1,3285.2,-34.4,49.9,3372.2
PF017128,CROP022,Chili,West Bengal,2023,12,3372.2,3129.3,2980.1,-2.1,37.0,3548.7
PF017161,CROP023,Turmeric,Punjab,2021,4,5027.1,4983.9,4878.5,-12.1,17.8,4904.8
PF017162,CROP023,Turmeric,Punjab,2021,5,4904.8,5027.1,4983.9,-7.7,53.9,5080.7
PF017163,CROP023,Turmeric,Punjab,2021,6,5080.7,4904.8,5027.1,6.9,42.5,4915.6
PF017164,CROP023,Turmeric,Punjab,2021,7,4915.6,5080.7,4904.8,-0.3,43.6,4518.3
PF017165,CROP023,Turmeric,Punjab,2021,8,4518.3,4915.6,5080.7,-2.7,39.5,4486.4
PF017166,CROP023,Turmeric,Punjab,2021,9,4486.4,4518.3,4915.6,11.7,65.2,4349.8
PF017167,CROP023,Turmeric,Punjab,2021,10,4349.8,4486.4,4518.3,-20.1,50.9,4005.6
PF017168,CROP023,Turmeric,Punjab,2021,11,4005.6,4349.8,4486.4,5.2,52.4,4477.4
PF017169,CROP023,Turmeric,Punjab,2021,12,4477.4,4005.6,4349.8,6.6,51.1,4566.4
PF017170,CROP023,Turmeric,Punjab,2022,1,4566.4,4477.4,4005.6,-35.7,54.3,5069.9
PF017171,CROP023,Turmeric,Punjab,2022,2,5069.9,4566.4,4477.4,0.2,54.6,5013.7
PF017172,CROP023,Turmeric,Punjab,2022,3,5013.7,5069.9,4566.4,-2.1,55.0,5415.0
PF017173,CROP023,Turmeric,Punjab,2022,4,5415.0,5013.7,5069.9,14.8,56.5,4920.1
PF017174,CROP023,Turmeric,Punjab,2022,5,4920.1,5415.0,5013.7,15.6,68.9,4526.8
PF017175,CROP023,Turmeric,Punjab,2022,6,4526.8,4920.1,5415.0,4.7,65.9,4528.2
PF017176,CROP023,Turmeric,Punjab,2022,7,4528.2,4526.8,4920.1,2.2,43.3,4334.6
PF017177,CROP023,Turmeric,Punjab,2022,8,4334.6,4528.2,4526.8,-9.1,71.8,4121.7
PF017178,CROP023,Turmeric,Punjab,2022,9,4121.7,4334.6,4528.2,11.5,42.4,4176.4
PF017179,CROP023,Turmeric,Punjab,2022,10,4176.4,4121.7,4334.6,-17.4,61.2,4256.2
PF017180,CROP023,Turmeric,Punjab,2022,11,4256.2,4176.4,4121.7,0.5,62.4,4562.4
PF017181,CROP023,Turmeric,Punjab,2022,12,4562.4,4256.2,4176.4,-26.0,76.1,4947.7
PF017182,CROP023,Turmeric,Punjab,2023,1,4947.7,4562.4,4256.2,6.5,33.9,4712.7
PF017183,CROP023,Turmeric,Punjab,2023,2,4712.7,4947.7,4562.4,-3.9,72.7,5136.0
PF017184,CROP023,Turmeric,Punjab,2023,3,5136.0,4712.7,4947.7,10.5,43.3,5350.7
PF017185,CROP023,Turmeric,Punjab,2023,4,5350.7,5136.0,4712.7,-10.5,34.6,5501.3
PF017186,CROP023,Turmeric,Punjab,2023,5,5501.3,5350.7,5136.0,-16.1,51.2,4972.5
PF017187,CROP023,Turmeric,Punjab,2023,6,4972.5,5501.3,5350.7,-5.8,42.6,4431.8
PF017188,CROP023,Turmeric,Punjab,2023,7,4431.8,4972.5,5501.3,3.9,67.3,4452.1
PF017189,CROP023,Turmeric,Punjab,2023,8,4452.1,4431.8,4972.5,11.5,63.7,4186.1
PF017190,CROP023,Turmeric,Punjab,2023,9,4186.1,4452.1,4431.8,10.4,54.6,4362.6
PF017191,CROP023,Turmeric,Punjab,2023,10,4362.6,4186.1,4452.1,4.7,21.2,4148.7
PF017192,CROP023,Turmeric,Punjab,2023,11,4148.7,4362.6,4186.1,-10.6,39.3,4851.6
PF017193,CROP023,Turmeric,Punjab,2023,12,4851.6,4148.7,4362.6,13.2,70.0,4701.8
PF017226,CROP023,Turmeric,Punjab,2021,4,4898.0,5043.6,4829.4,-24.7,54.5,5303.0
PF017227,CROP023,Turmeric,Punjab,2021,5,5303.0,4898.0,5043.6,-13.4,62.4,4824.9
PF017228,CROP023,Turmeric,Punjab,2021,6,4824.9,5303.0,4898.0,7.4,46.4,4968.3
PF017229,CROP023,Turmeric,Punjab,2021,7,4968.3,4824.9,5303.0,-24.9,33.9,4260.0
PF017230,CROP023,Turmeric,Punjab,2021,8,4260.0,4968.3,4824.9,-6.1,36.8,4198.7
PF017231,CROP023,Turmeric,Punjab,2021,9,4198.7,4260.0,4968.3,-17.4,63.6,4056.6
PF017232,CROP023,Turmeric,Punjab,2021,10,4056.6,4198.7,4260.0,-6.2,45.1,4306.5
PF017233,CROP023,Turmeric,Punjab,2021,11,4306.5,4056.6,4198.7,3.2,43.7,4585.2
PF017234,CROP023,Turmeric,Punjab,2021,12,4585.2,4306.5,4056.6,2.3,56.8,5089.1
PF017235,CROP023,Turmeric,Punjab,2022,1,5089.1,4585.2,4306.5,-5.5,34.7,5044.7
PF017236,CROP023,Turmeric,Punjab,2022,2,5044.7,5089.1,4585.2,21.6,29.6,5110.3
PF017237,CROP023,Turmeric,Punjab,2022,3,5110.3,5044.7,5089.1,-3.4,43.4,4945.2
PF017238,CROP023,Turmeric,Punjab,2022,4,4945.2,5110.3,5044.7,16.4,51.9,4952.7
PF017239,CROP023,Turmeric,Punjab,2022,5,4952.7,4945.2,5110.3,6.1,48.3,4797.6
PF017240,CROP023,Turmeric,Punjab,2022,6,4797.6,4952.7,4945.2,-1.6,60.9,4619.9
PF017241,CROP023,Turmeric,Punjab,2022,7,4619.9,4797.6,4952.7,-41.2,61.1,4236.8
PF017242,CROP023,Turmeric,Punjab,2022,8,4236.8,4619.9,4797.6,-2.6,38.9,4544.0
PF017243,CROP023,Turmeric,Punjab,2022,9,4544.0,4236.8,4619.9,5.2,29.0,4304.2
PF017244,CROP023,Turmeric,Punjab,2022,10,4304.2,4544.0,4236.8,10.4,55.2,4247.2
PF017245,CROP023,Turmeric,Punjab,2022,11,4247.2,4304.2,4544.0,-14.4,42.8,4424.4
PF017246,CROP023,Turmeric,Punjab,2022,12,4424.4,4247.2,4304.2,26.6,53.1,4991.9
PF017247,CROP023,Turmeric,Punjab,2023,1,4991.9,4424.4,4247.2,-16.2,53.1,5176.8
PF017248,CROP023,Turmeric,Punjab,2023,2,5176.8,4991.9,4424.4,29.5,47.6,5547.2
PF017249,CROP023,Turmeric,Punjab,2023,3,5547.2,5176.8,4991.9,-11.7,60.3,5055.3
PF017250,CROP023,Turmeric,Punjab,2023,4,5055.3,5547.2,5176.8,-14.5,68.4,5100.1
PF017251,CROP023,Turmeric,Punjab,2023,5,5100.1,5055.3,5547.2,-14.7,62.3,5166.7
PF017252,CROP023,Turmeric,Punjab,2023,6,5166.7,5100.1,5055.3,9.2,47.8,4877.8
PF017253,CROP023,Turmeric,Punjab,2023,7,4877.8,5166.7,5100.1,9.3,49.0,4610.2
PF017254,CROP023,Turmeric,Punjab,2023,8,4610.2,4877.8,5166.7,-1.1,65.2,4353.9
PF017255,CROP023,Turmeric,Punjab,2023,9,4353.9,4610.2,4877.8,14.2,64.4,4604.8
PF017256,CROP023,Turmeric,Punjab,2023,10,4604.8,4353.9,4610.2,12.2,62.7,4298.5
PF017257,CROP023,Turmeric,Punjab,2023,11,4298.5,4604.8,4353.9,10.2,58.8,4527.9
PF017258,CROP023,Turmeric,Punjab,2023,12,4527.9,4298.5,4604.8,-9.1,54.8,4705.2
PF017291,CROP023,Turmeric,Punjab,2021,4,6696.3,6195.6,6349.4,15.1,48.3,6076.4
PF017292,CROP023,Turmeric,Punjab,2021,5,6076.4,6696.3,6195.6,-14.0,57.5,5843.0
PF017293,CROP023,Turmeric,Punjab,2021,6,5843.0,6076.4,6696.3,-12.0,45.9,6014.5
PF017294,CROP023,Turmeric,Punjab,2021,7,6014.5,5843.0,6076.4,-14.5,69.0,5789.8
PF017295,CROP023,Turmeric,Punjab,2021,8,5789.8,6014.5,5843.0,-20.3,39.6,5377.4
PF017296,CROP023,Turmeric,Punjab,2021,9,5377.4,5789.8,6014.5,-22.5,60.1,5235.2
PF017297,CROP023,Turmeric,Punjab,2021,10,5235.2,5377.4,5789.8,11.2,43.0,5548.8
PF017298,CROP023,Turmeric,Punjab,2021,11,5548.8,5235.2,5377.4,1.9,49.3,5657.9
PF017299,CROP023,Turmeric,Punjab,2021,12,5657.9,5548.8,5235.2,12.7,33.3,5915.6
PF017300,CROP023,Turmeric,Punjab,2022,1,5915.6,5657.9,5548.8,28.8,76.7,5966.6
PF017301,CROP023,Turmeric,Punjab,2022,2,5966.6,5915.6,5657.9,-16.1,50.4,6588.2
PF017302,CROP023,Turmeric,Punjab,2022,3,6588.2,5966.6,5915.6,-21.5,52.3,6715.3
PF017303,CROP023,Turmeric,Punjab,2022,4,6715.3,6588.2,5966.6,8.7,77.8,6439.3
PF017304,CROP023,Turmeric,Punjab,2022,5,6439.3,6715.3,6588.2,-13.0,44.3,6061.0
PF017305,CROP023,Turmeric,Punjab,2022,6,6061.0,6439.3,6715.3,-11.2,48.8,5895.0
PF017306,CROP023,Turmeric,Punjab,2022,7,5895.0,6061.0,6439.3,-20.2,41.4,5758.8
PF017307,CROP023,Turmeric,Punjab,2022,8,5758.8,5895.0,6061.0,-25.1,48.0,5547.1
PF017308,CROP023,Turmeric,Punjab,2022,9,5547.1,5758.8,5895.0,-5.3,34.5,5679.4
PF017309,CROP023,Turmeric,Punjab,2022,10,5679.4,5547.1,5758.8,11.6,68.3,5617.4
PF017310,CROP023,Turmeric,Punjab,2022,11,5617.4,5679.4,5547.1,-17.6,59.3,5045.2
PF017311,CROP023,Turmeric,Punjab,2022,12,5045.2,5617.4,5679.4,-12.9,39.3,5830.2
PF017312,CROP023,Turmeric,Punjab,2023,1,5830.2,5045.2,5617.4,6.2,39.6,6449.8
PF017313,CROP023,Turmeric,Punjab,2023,2,6449.8,5830.2,5045.2,16.2,58.2,6379.2
PF017314,CROP023,Turmeric,Punjab,2023,3,6379.2,6449.8,5830.2,7.5,58.3,6280.8
PF017315,CROP023,Turmeric,Punjab,2023,4,6280.8,6379.2,6449.8,5.0,65.8,5980.0
PF017316,CROP023,Turmeric,Punjab,2023,5,5980.0,6280.8,6379.2,-11.4,54.8,5956.8
PF017317,CROP023,Turmeric,Punjab,2023,6,5956.8,5980.0,6280.8,8.2,51.8,5713.7
PF017318,CROP023,Turmeric,Punjab,2023,7,5713.7,5956.8,5980.0,-2.4,49.8,5799.3
PF017319,CROP023,Turmeric,Punjab,2023,8,5799.3,5713.7,5956.8,8.3,44.6,5792.2
PF017320,CROP023,Turmeric,Punjab,2023,9,5792.2,5799.3,5713.7,-20.0,70.2,5402.9
PF017321,CROP023,Turmeric,Punjab,2023,10,5402.9,5792.2,5799.3,13.4,55.6,5406.7
PF017322,CROP023,Turmeric,Punjab,2023,11,5406.7,5402.9,5792.2,-25.3,51.8,6217.4
PF017323,CROP023,Turmeric,Punjab,2023,12,6217.4,5406.7,5402.9,-16.7,63.8,6077.9
PF017356,CROP023,Turmeric,Haryana,2021,4,6135.4,5950.9,6252.3,-17.4,45.2,6193.9
PF017357,CROP023,Turmeric,Haryana,2021,5,6193.9,6135.4,5950.9,-1.9,50.5,5872.8
PF017358,CROP023,Turmeric,Haryana,2021,6,5872.8,6193.9,6135.4,11.7,61.1,5825.3
PF017359,CROP023,Turmeric,Haryana,2021,7,5825.3,5872.8,6193.9,13.8,59.6,5375.3
PF017360,CROP023,Turmeric,Haryana,2021,8,5375.3,5825.3,5872.8,-14.4,35.5,5437.6
PF017361,CROP023,Turmeric,Haryana,2021,9,5437.6,5375.3,5825.3,-23.7,33.3,5347.2
PF017362,CROP023,Turmeric,Haryana,2021,10,5347.2,5437.6,5375.3,6.4,64.5,5126.6
PF017363,CROP023,Turmeric,Haryana,2021,11,5126.6,5347.2,5437.6,-1.3,40.8,5560.1
PF017364,CROP023,Turmeric,Haryana,2021,12,5560.1,5126.6,5347.2,9.4,53.4,5948.0
PF017365,CROP023,Turmeric,Haryana,2022,1,5948.0,5560.1,5126.6,0.8,59.3,5552.1
PF017366,CROP023,Turmeric,Haryana,2022,2,5552.1,5948.0,5560.1,0.4,45.0,6516.2
PF017367,CROP023,Turmeric,Haryana,2022,3,6516.2,5552.1,5948.0,-11.1,43.5,6334.2
PF017368,CROP023,Turmeric,Haryana,2022,4,6334.2,6516.2,5552.1,-21.2,47.6,6295.3
PF017369,CROP023,Turmeric,Haryana,2022,5,6295.3,6334.2,6516.2,10.2,50.0,6349.4
PF017370,CROP023,Turmeric,Haryana,2022,6,6349.4,6295.3,6334.2,28.8,39.1,5896.4
PF017371,CROP023,Turmeric,Haryana,2022,7,5896.4,6349.4,6295.3,5.7,34.1,5758.8
PF017372,CROP023,Turmeric,Haryana,2022,8,5758.8,5896.4,6349.4,6.3,47.7,5296.5
PF017373,CROP023,Turmeric,Haryana,2022,9,5296.5,5758.8,5896.4,47.6,44.9,5213.7
PF017374,CROP023,Turmeric,Haryana,2022,10,5213.7,5296.5,5758.8,-19.5,30.9,4937.6
PF017375,CROP023,Turmeric,Haryana,2022,11,4937.6,5213.7,5296.5,-10.6,41.3,5189.4
PF017376,CROP023,Turmeric,Haryana,2022,12,5189.4,4937.6,5213.7,18.4,43.7,5747.5
PF017377,CROP023,Turmeric,Haryana,2023,1,5747.5,5189.4,4937.6,17.9,45.3,6771.1
PF017378,CROP023,Turmeric,Haryana,2023,2,6771.1,5747.5,5189.4,12.3,54.9,6636.8
PF017379,CROP023,Turmeric,Haryana,2023,3,6636.8,6771.1,5747.5,18.4,47.9,6503.3
PF017380,CROP023,Turmeric,Haryana,2023,4,6503.3,6636.8,6771.1,-0.7,40.1,6291.4
PF017381,CROP023,Turmeric,Haryana,2023,5,6291.4,6503.3,6636.8,5.3,51.4,5890.6
PF017382,CROP023,Turmeric,Haryana,2023,6,5890.6,6291.4,6503.3,-1.5,45.5,5836.4
PF017383,CROP023,Turmeric,Haryana,2023,7,5836.4,5890.6,6291.4,9.8,43.7,5652.1
PF017384,CROP023,Turmeric,Haryana,2023,8,5652.1,5836.4,5890.6,-3.1,91.8,5225.1
PF017385,CROP023,Turmeric,Haryana,2023,9,5225.1,5652.1,5836.4,-7.6,56.6,5276.1
PF017386,CROP023,Turmeric,Haryana,2023,10,5276.1,5225.1,5652.1,19.9,46.7,5246.3
PF017387,CROP023,Turmeric,Haryana,2023,11,5246.3,5276.1,5225.1,6.4,74.2,5448.3
PF017388,CROP023,Turmeric,Haryana,2023,12,5448.3,5246.3,5276.1,-24.2,39.7,6129.8
PF017421,CROP023,Turmeric,Haryana,2021,4,4556.9,4947.2,4681.9,25.6,55.0,4841.8
PF017422,CROP023,Turmeric,Haryana,2021,5,4841.8,4556.9,4947.2,-13.4,65.7,4731.5
PF017423,CROP023,Turmeric,Haryana,2021,6,4731.5,4841.8,4556.9,19.7,45.6,4605.7
PF017424,CROP023,Turmeric,Haryana,2021,7,4605.7,4731.5,4841.8,-8.6,62.6,4195.2
PF017425,CROP023,Turmeric,Haryana,2021,8,4195.2,4605.7,4731.5,5.4,36.5,3872.2
PF017426,CROP023,Turmeric,Haryana,2021,9,3872.2,4195.2,4605.7,-33.5,33.8,3906.9
PF017427,CROP023,Turmeric,Haryana,2021,10,3906.9,3872.2,4195.2,-12.8,52.8,4230.7
PF017428,CROP023,Turmeric,Haryana,2021,11,4230.7,3906.9,3872.2,-36.1,51.3,4294.7
PF017429,CROP023,Turmeric,Haryana,2021,12,4294.7,4230.7,3906.9,10.4,45.1,4383.7
PF017430,CROP023,Turmeric,Haryana,2022,1,4383.7,4294.7,4230.7,50.9,42.8,4583.6
PF017431,CROP023,Turmeric,Haryana,2022,2,4583.6,4383.7,4294.7,5.6,46.5,5350.3
PF017432,CROP023,Turmeric,Haryana,2022,3,5350.3,4583.6,4383.7,-28.6,53.3,4834.7
PF017433,CROP023,Turmeric,Haryana,2022,4,4834.7,5350.3,4583.6,-11.7,42.7,4978.5
PF017434,CROP023,Turmeric,Haryana,2022,5,4978.5,4834.7,5350.3,1.1,62.0,4459.5
PF017435,CROP023,Turmeric,Haryana,2022,6,4459.5,4978.5,4834.7,-12.6,63.4,4658.5
PF017436,CROP023,Turmeric,Haryana,2022,7,4658.5,4459.5,4978.5,26.8,55.4,4444.7
PF017437,CROP023,Turmeric,Haryana,2022,8,4444.7,4658.5,4459.5,8.2,54.5,4181.5
PF017438,CROP023,Turmeric,Haryana,2022,9,4181.5,4444.7,4658.5,7.0,67.1,3823.8
PF017439,CROP023,Turmeric,Haryana,2022,10,3823.8,4181.5,4444.7,13.8,28.9,3973.4
PF017440,CROP023,Turmeric,Haryana,2022,11,3973.4,3823.8,4181.5,6.3,43.8,4305.8
PF017441,CROP023,Turmeric,Haryana,2022,12,4305.8,3973.4,3823.8,-1.9,51.8,4361.3
PF017442,CROP023,Turmeric,Haryana,2023,1,4361.3,4305.8,3973.4,-18.2,61.3,4596.1
PF017443,CROP023,Turmeric,Haryana,2023,2,4596.1,4361.3,4305.8,-4.4,51.6,4969.2
PF017444,CROP023,Turmeric,Haryana,2023,3,4969.2,4596.1,4361.3,33.6,57.1,5174.5
PF017445,CROP023,Turmeric,Haryana,2023,4,5174.5,4969.2,4596.1,6.3,44.5,5457.8
PF017446,CROP023,Turmeric,Haryana,2023,5,5457.8,5174.5,4969.2,9.2,54.6,4996.9
PF017447,CROP023,Turmeric,Haryana,2023,6,4996.9,5457.8,5174.5,1.2,46.7,4791.9
PF017448,CROP023,Turmeric,Haryana,2023,7,4791.9,4996.9,5457.8,8.8,37.4,4466.0
PF017449,CROP023,Turmeric,Haryana,2023,8,4466.0,4791.9,4996.9,16.6,60.3,4033.1
PF017450,CROP023,Turmeric,Haryana,2023,9,4033.1,4466.0,4791.9,16.3,72.8,3972.2
PF017451,CROP023,Turmeric,Haryana,2023,10,3972.2,4033.1,4466.0,-1.0,60.6,4090.2
PF017452,CROP023,Turmeric,Haryana,2023,11,4090.2,3972.2,4033.1,-1.4,38.0,4368.5
PF017453,CROP023,Turmeric,Haryana,2023,12,4368.5,4090.2,3972.2,-3.2,60.3,4669.2
PF017486,CROP023,Turmeric,Uttar Pradesh,2021,4,5731.4,5298.5,5664.1,27.4,61.0,5669.4
PF017487,CROP023,Turmeric,Uttar Pradesh,2021,5,5669.4,5731.4,5298.5,-11.4,45.1,5656.2
PF017488,CROP023,Turmeric,Uttar Pradesh,2021,6,5656.2,5669.4,5731.4,-5.3,55.4,5092.9
PF017489,CROP023,Turmeric,Uttar Pradesh,2021,7,5092.9,5656.2,5669.4,2.1,45.8,5224.2
PF017490,CROP023,Turmeric,Uttar Pradesh,2021,8,5224.2,5092.9,5656.2,-15.0,54.5,4642.9
PF017491,CROP023,Turmeric,Uttar Pradesh,2021,9,4642.9,5224.2,5092.9,-18.8,45.0,4969.0
PF017492,CROP023,Turmeric,Uttar Pradesh,2021,10,4969.0,4642.9,5224.2,24.6,62.5,4859.2
PF017493,CROP023,Turmeric,Uttar Pradesh,2021,11,4859.2,4969.0,4642.9,-14.6,62.2,5003.0
PF017494,CROP023,Turmeric,Uttar Pradesh,2021,12,5003.0,4859.2,4969.0,10.3,30.3,4840.2
PF017495,CROP023,Turmeric,Uttar Pradesh,2022,1,4840.2,5003.0,4859.2,-12.2,55.6,5501.3
PF017496,CROP023,Turmeric,Uttar Pradesh,2022,2,5501.3,4840.2,5003.0,3.2,75.2,5500.5
PF017497,CROP023,Turmeric,Uttar Pradesh,2022,3,5500.5,5501.3,4840.2,0.3,52.2,5888.5
PF017498,CROP023,Turmeric,Uttar Pradesh,2022,4,5888.5,5500.5,5501.3,4.1,70.3,5750.5
PF017499,CROP023,Turmeric,Uttar Pradesh,2022,5,5750.5,5888.5,5500.5,-21.1,51.6,5290.4
PF017500,CROP023,Turmeric,Uttar Pradesh,2022,6,5290.4,5750.5,5888.5,-2.0,48.4,4918.5
PF017501,CROP023,Turmeric,Uttar Pradesh,2022,7,4918.5,5290.4,5750.5,10.9,52.9,4882.6
PF017502,CROP023,Turmeric,Uttar Pradesh,2022,8,4882.6,4918.5,5290.4,5.9,36.6,4796.0
PF017503,CROP023,Turmeric,Uttar Pradesh,2022,9,4796.0,4882.6,4918.5,17.1,53.1,4771.9
PF017504,CROP023,Turmeric,Uttar Pradesh,2022,10,4771.9,4796.0,4882.6,11.0,46.8,4796.1
PF017505,CROP023,Turmeric,Uttar Pradesh,2022,11,4796.1,4771.9,4796.0,-23.3,61.7,4952.8
PF017506,CROP023,Turmeric,Uttar Pradesh,2022,12,4952.8,4796.1,4771.9,1.6,55.9,5353.6
PF017507,CROP023,Turmeric,Uttar Pradesh,2023,1,5353.6,4952.8,4796.1,-0.7,53.5,5762.7
PF017508,CROP023,Turmeric,Uttar Pradesh,2023,2,5762.7,5353.6,4952.8,-7.3,45.2,5576.2
PF017509,CROP023,Turmeric,Uttar Pradesh,2023,3,5576.2,5762.7,5353.6,-4.4,36.0,5902.6
PF017510,CROP023,Turmeric,Uttar Pradesh,2023,4,5902.6,5576.2,5762.7,7.9,42.3,5545.7
PF017511,CROP023,Turmeric,Uttar Pradesh,2023,5,5545.7,5902.6,5576.2,19.4,46.8,5616.4
PF017512,CROP023,Turmeric,Uttar Pradesh,2023,6,5616.4,5545.7,5902.6,-7.2,49.4,5585.8
PF017513,CROP023,Turmeric,Uttar Pradesh,2023,7,5585.8,5616.4,5545.7,-22.7,40.2,5010.0
PF017514,CROP023,Turmeric,Uttar Pradesh,2023,8,5010.0,5585.8,5616.4,-1.7,51.2,4700.8
PF017515,CROP023,Turmeric,Uttar Pradesh,2023,9,4700.8,5010.0,5585.8,-24.5,60.7,4908.8
PF017516,CROP023,Turmeric,Uttar Pradesh,2023,10,4908.8,4700.8,5010.0,11.0,59.0,4711.5
PF017517,CROP023,Turmeric,Uttar Pradesh,2023,11,4711.5,4908.8,4700.8,-1.8,49.9,5070.4
PF017518,CROP023,Turmeric,Uttar Pradesh,2023,12,5070.4,4711.5,4908.8,-9.8,55.1,5453.7
PF017551,CROP023,Turmeric,Uttar Pradesh,2021,4,6955.7,6548.6,6651.0,0.2,38.6,6690.7
PF017552,CROP023,Turmeric,Uttar Pradesh,2021,5,6690.7,6955.7,6548.6,-7.5,49.6,6832.5
PF017553,CROP023,Turmeric,Uttar Pradesh,2021,6,6832.5,6690.7,6955.7,-18.7,55.2,5972.5
PF017554,CROP023,Turmeric,Uttar Pradesh,2021,7,5972.5,6832.5,6690.7,11.2,48.9,5579.5
PF017555,CROP023,Turmeric,Uttar Pradesh,2021,8,5579.5,5972.5,6832.5,-21.4,49.9,5522.0
PF017556,CROP023,Turmeric,Uttar Pradesh,2021,9,5522.0,5579.5,5972.5,-13.0,52.7,5196.6
PF017557,CROP023,Turmeric,Uttar Pradesh,2021,10,5196.6,5522.0,5579.5,3.0,52.8,5629.4
PF017558,CROP023,Turmeric,Uttar Pradesh,2021,11,5629.4,5196.6,5522.0,-16.7,74.3,6092.2
PF017559,CROP023,Turmeric,Uttar Pradesh,2021,12,6092.2,5629.4,5196.6,-1.2,65.3,6148.9
PF017560,CROP023,Turmeric,Uttar Pradesh,2022,1,6148.9,6092.2,5629.4,-13.5,56.9,6528.8
PF017561,CROP023,Turmeric,Uttar Pradesh,2022,2,6528.8,6148.9,6092.2,-15.5,56.7,6743.3
PF017562,CROP023,Turmeric,Uttar Pradesh,2022,3,6743.3,6528.8,6148.9,3.8,66.9,6389.3
PF017563,CROP023,Turmeric,Uttar Pradesh,2022,4,6389.3,6743.3,6528.8,13.2,42.4,6392.3
PF017564,CROP023,Turmeric,Uttar Pradesh,2022,5,6392.3,6389.3,6743.3,-13.1,57.5,6653.3
PF017565,CROP023,Turmeric,Uttar Pradesh,2022,6,6653.3,6392.3,6389.3,3.5,61.9,6218.1
PF017566,CROP023,Turmeric,Uttar Pradesh,2022,7,6218.1,6653.3,6392.3,16.3,32.0,5958.5
PF017567,CROP023,Turmeric,Uttar Pradesh,2022,8,5958.5,6218.1,6653.3,2.0,57.4,5708.3
PF017568,CROP023,Turmeric,Uttar Pradesh,2022,9,5708.3,5958.5,6218.1,0.4,53.0,5777.1
PF017569,CROP023,Turmeric,Uttar Pradesh,2022,10,5777.1,5708.3,5958.5,-24.0,36.3,5743.2
PF017570,CROP023,Turmeric,Uttar Pradesh,2022,11,5743.2,5777.1,5708.3,5.4,65.1,5615.7
PF017571,CROP023,Turmeric,Uttar Pradesh,2022,12,5615.7,5743.2,5777.1,4.9,45.7,6007.4
PF017572,CROP023,Turmeric,Uttar Pradesh,2023,1,6007.4,5615.7,5743.2,-5.9,49.0,6059.7
PF017573,CROP023,Turmeric,Uttar Pradesh,2023,2,6059.7,6007.4,5615.7,7.9,28.0,6142.3
PF017574,CROP023,Turmeric,Uttar Pradesh,2023,3,6142.3,6059.7,6007.4,3.9,54.4,6381.1
PF017575,CROP023,Turmeric,Uttar Pradesh,2023,4,6381.1,6142.3,6059.7,4.0,42.0,6625.8
PF017576,CROP023,Turmeric,Uttar Pradesh,2023,5,6625.8,6381.1,6142.3,-19.8,62.2,6830.4
PF017577,CROP023,Turmeric,Uttar Pradesh,2023,6,6830.4,6625.8,6381.1,19.1,55.7,6227.3
PF017578,CROP023,Turmeric,Uttar Pradesh,2023,7,6227.3,6830.4,6625.8,-13.7,58.6,5805.6
PF017579,CROP023,Turmeric,Uttar Pradesh,2023,8,5805.6,6227.3,6830.4,-0.2,61.3,5576.8
PF017580,CROP023,Turmeric,Uttar Pradesh,2023,9,5576.8,5805.6,6227.3,35.9,42.4,5566.7
PF017581,CROP023,Turmeric,Uttar Pradesh,2023,10,5566.7,5576.8,5805.6,13.6,55.0,5473.3
PF017582,CROP023,Turmeric,Uttar Pradesh,2023,11,5473.3,5566.7,5576.8,22.8,25.6,5596.9
PF017583,CROP023,Turmeric,Uttar Pradesh,2023,12,5596.9,5473.3,5566.7,29.0,48.3,5964.0
PF017616,CROP023,Turmeric,Uttar Pradesh,2021,4,6553.9,5812.4,5634.5,15.8,53.2,5816.1
PF017617,CROP023,Turmeric,Uttar Pradesh,2021,5,5816.1,6553.9,5812.4,-17.1,66.3,5957.4
PF017618,CROP023,Turmeric,Uttar Pradesh,2021,6,5957.4,5816.1,6553.9,-33.8,53.1,6251.8
PF017619,CROP023,Turmeric,Uttar Pradesh,2021,7,6251.8,5957.4,5816.1,-0.5,74.3,5114.0
PF017620,CROP023,Turmeric,Uttar Pradesh,2021,8,5114.0,6251.8,5957.4,1.3,38.4,4944.1
PF017621,CROP023,Turmeric,Uttar Pradesh,2021,9,4944.1,5114.0,6251.8,-3.8,31.1,5195.4
PF017622,CROP023,Turmeric,Uttar Pradesh,2021,10,5195.4,4944.1,5114.0,4.3,68.8,5340.2
PF017623,CROP023,Turmeric,Uttar Pradesh,2021,11,5340.2,5195.4,4944.1,12.3,48.2,5559.5
PF017624,CROP023,Turmeric,Uttar Pradesh,2021,12,5559.5,5340.2,5195.4,11.9,55.1,5362.7
PF017625,CROP023,Turmeric,Uttar Pradesh,2022,1,5362.7,5559.5,5340.2,-20.2,30.6,6156.2
PF017626,CROP023,Turmeric,Uttar Pradesh,2022,2,6156.2,5362.7,5559.5,9.6,57.2,5969.7
PF017627,CROP023,Turmeric,Uttar Pradesh,2022,3,5969.7,6156.2,5362.7,-3.7,45.5,6134.4
PF017628,CROP023,Turmeric,Uttar Pradesh,2022,4,6134.4,5969.7,6156.2,9.7,60.8,6153.6
PF017629,CROP023,Turmeric,Uttar Pradesh,2022,5,6153.6,6134.4,5969.7,-9.1,56.0,5777.6
PF017630,CROP023,Turmeric,Uttar Pradesh,2022,6,5777.6,6153.6,6134.4,4.9,18.6,5300.6
PF017631,CROP023,Turmeric,Uttar Pradesh,2022,7,5300.6,5777.6,6153.6,4.9,62.2,5037.7
PF017632,CROP023,Turmeric,Uttar Pradesh,2022,8,5037.7,5300.6,5777.6,36.0,48.5,4863.6
PF017633,CROP023,Turmeric,Uttar Pradesh,2022,9,4863.6,5037.7,5300.6,-15.1,66.0,5310.4
PF017634,CROP023,Turmeric,Uttar Pradesh,2022,10,5310.4,4863.6,5037.7,3.7,37.4,4844.7
PF017635,CROP023,Turmeric,Uttar Pradesh,2022,11,4844.7,5310.4,4863.6,-8.9,62.8,5333.9
PF017636,CROP023,Turmeric,Uttar Pradesh,2022,12,5333.9,4844.7,5310.4,-6.5,50.0,5631.8
PF017637,CROP023,Turmeric,Uttar Pradesh,2023,1,5631.8,5333.9,4844.7,4.9,30.2,5994.0
PF017638,CROP023,Turmeric,Uttar Pradesh,2023,2,5994.0,5631.8,5333.9,-22.4,47.1,6102.7
PF017639,CROP023,Turmeric,Uttar Pradesh,2023,3,6102.7,5994.0,5631.8,5.7,46.7,6641.9
PF017640,CROP023,Turmeric,Uttar Pradesh,2023,4,6641.9,6102.7,5994.0,-11.2,42.6,6006.6
PF017641,CROP023,Turmeric,Uttar Pradesh,2023,5,6006.6,6641.9,6102.7,-44.1,31.2,6383.3
PF017642,CROP023,Turmeric,Uttar Pradesh,2023,6,6383.3,6006.6,6641.9,-3.3,57.1,6087.6
PF017643,CROP023,Turmeric,Uttar Pradesh,2023,7,6087.6,6383.3,6006.6,7.9,42.2,5012.8
PF017644,CROP023,Turmeric,Uttar Pradesh,2023,8,5012.8,6087.6,6383.3,-32.8,60.0,4922.9
PF017645,CROP023,Turmeric,Uttar Pradesh,2023,9,4922.9,5012.8,6087.6,15.2,36.3,5250.5
PF017646,CROP023,Turmeric,Uttar Pradesh,2023,10,5250.5,4922.9,5012.8,-19.1,49.3,5494.8
PF017647,CROP023,Turmeric,Uttar Pradesh,2023,11,5494.8,5250.5,4922.9,-4.0,34.9,5329.0
PF017648,CROP023,Turmeric,Uttar Pradesh,2023,12,5329.0,5494.8,5250.5,15.7,32.4,5582.1
PF017681,CROP023,Turmeric,Bihar,2021,4,5735.2,5664.5,5642.3,-3.2,48.4,5581.2
PF017682,CROP023,Turmeric,Bihar,2021,5,5581.2,5735.2,5664.5,-21.4,44.3,5352.8
PF017683,CROP023,Turmeric,Bihar,2021,6,5352.8,5581.2,5735.2,-5.1,49.7,5336.4
PF017684,CROP023,Turmeric,Bihar,2021,7,5336.4,5352.8,5581.2,-3.4,41.7,5253.2
PF017685,CROP023,Turmeric,Bihar,2021,8,5253.2,5336.4,5352.8,-1.8,53.6,4436.2
PF017686,CROP023,Turmeric,Bihar,2021,9,4436.2,5253.2,5336.4,-24.0,35.9,4493.8
PF017687,CROP023,Turmeric,Bihar,2021,10,4493.8,4436.2,5253.2,-21.2,39.6,4365.5
PF017688,CROP023,Turmeric,Bihar,2021,11,4365.5,4493.8,4436.2,3.8,58.1,5005.9
PF017689,CROP023,Turmeric,Bihar,2021,12,5005.9,4365.5,4493.8,-31.3,42.4,5457.6
PF017690,CROP023,Turmeric,Bihar,2022,1,5457.6,5005.9,4365.5,-10.1,48.0,5355.3
PF017691,CROP023,Turmeric,Bihar,2022,2,5355.3,5457.6,5005.9,-23.1,42.3,5816.2
PF017692,CROP023,Turmeric,Bihar,2022,3,5816.2,5355.3,5457.6,-8.1,31.6,5784.4
PF017693,CROP023,Turmeric,Bihar,2022,4,5784.4,5816.2,5355.3,5.0,37.9,5379.8
PF017694,CROP023,Turmeric,Bihar,2022,5,5379.8,5784.4,5816.2,-10.4,43.6,5585.2
PF017695,CROP023,Turmeric,Bihar,2022,6,5585.2,5379.8,5784.4,12.0,59.9,5169.4
PF017696,CROP023,Turmeric,Bihar,2022,7,5169.4,5585.2,5379.8,29.9,50.8,5094.1
PF017697,CROP023,Turmeric,Bihar,2022,8,5094.1,5169.4,5585.2,3.2,38.5,4564.9
PF017698,CROP023,Turmeric,Bihar,2022,9,4564.9,5094.1,5169.4,-11.7,66.8,4912.6
PF017699,CROP023,Turmeric,Bihar,2022,10,4912.6,4564.9,5094.1,4.4,62.6,4900.8
PF017700,CROP023,Turmeric,Bihar,2022,11,4900.8,4912.6,4564.9,16.1,29.5,4735.4
PF017701,CROP023,Turmeric,Bihar,2022,12,4735.4,4900.8,4912.6,-15.7,61.9,5219.1
PF017702,CROP023,Turmeric,Bihar,2023,1,5219.1,4735.4,4900.8,2.0,26.6,5742.9
PF017703,CROP023,Turmeric,Bihar,2023,2,5742.9,5219.1,4735.4,-2.1,57.0,5210.5
PF017704,CROP023,Turmeric,Bihar,2023,3,5210.5,5742.9,5219.1,-17.9,58.4,6122.6
PF017705,CROP023,Turmeric,Bihar,2023,4,6122.6,5210.5,5742.9,14.0,52.9,5440.8
PF017706,CROP023,Turmeric,Bihar,2023,5,5440.8,6122.6,5210.5,1.7,65.0,5031.9
PF017707,CROP023,Turmeric,Bihar,2023,6,5031.9,5440.8,6122.6,-7.3,35.1,5440.8
PF017708,CROP023,Turmeric,Bihar,2023,7,5440.8,5031.9,5440.8,-12.3,57.7,5178.6
PF017709,CROP023,Turmeric,Bihar,2023,8,5178.6,5440.8,5031.9,9.9,47.5,4772.8
PF017710,CROP023,Turmeric,Bihar,2023,9,4772.8,5178.6,5440.8,19.0,42.7,4458.9
PF017711,CROP023,Turmeric,Bihar,2023,10,4458.9,4772.8,5178.6,-8.0,53.6,4784.6
PF017712,CROP023,Turmeric,Bihar,2023,11,4784.6,4458.9,4772.8,-37.7,44.1,5025.3
PF017713,CROP023,Turmeric,Bihar,2023,12,5025.3,4784.6,4458.9,11.0,35.3,5134.0
PF017746,CROP023,Turmeric,Bihar,2021,4,5225.4,5178.0,4541.2,-18.5,35.9,5098.6
PF017747,CROP023,Turmeric,Bihar,2021,5,5098.6,5225.4,5178.0,7.3,36.9,5025.2
PF017748,CROP023,Turmeric,Bihar,2021,6,5025.2,5098.6,5225.4,-6.3,64.4,4275.4
PF017749,CROP023,Turmeric,Bihar,2021,7,4275.4,5025.2,5098.6,6.3,59.2,4302.3
PF017750,CROP023,Turmeric,Bihar,2021,8,4302.3,4275.4,5025.2,2.7,40.2,4285.7
PF017751,CROP023,Turmeric,Bihar,2021,9,4285.7,4302.3,4275.4,-14.7,40.6,4255.4
PF017752,CROP023,Turmeric,Bihar,2021,10,4255.4,4285.7,4302.3,12.7,49.9,4172.8
PF017753,CROP023,Turmeric,Bihar,2021,11,4172.8,4255.4,4285.7,17.3,51.4,4032.5
PF017754,CROP023,Turmeric,Bihar,2021,12,4032.5,4172.8,4255.4,-1.1,49.3,4382.3
PF017755,CROP023,Turmeric,Bihar,2022,1,4382.3,4032.5,4172.8,-4.2,56.5,4940.9
PF017756,CROP023,Turmeric,Bihar,2022,2,4940.9,4382.3,4032.5,2.6,37.4,5051.0
PF017757,CROP023,Turmeric,Bihar,2022,3,5051.0,4940.9,4382.3,-5.1,52.3,5171.2
PF017758,CROP023,Turmeric,Bihar,2022,4,5171.2,5051.0,4940.9,-2.9,24.8,4883.5
PF017759,CROP023,Turmeric,Bihar,2022,5,4883.5,5171.2,5051.0,-12.2,42.5,4726.2
PF017760,CROP023,Turmeric,Bihar,2022,6,4726.2,4883.5,5171.2,3.5,64.8,4623.2
PF017761,CROP023,Turmeric,Bihar,2022,7,4623.2,4726.2,4883.5,-22.8,62.6,4300.7
PF017762,CROP023,Turmeric,Bihar,2022,8,4300.7,4623.2,4726.2,-6.4,57.1,4350.8
PF017763,CROP023,Turmeric,Bihar,2022,9,4350.8,4300.7,4623.2,7.7,56.8,4060.0
PF017764,CROP023,Turmeric,Bihar,2022,10,4060.0,4350.8,4300.7,13.5,43.4,4270.7
PF017765,CROP023,Turmeric,Bihar,2022,11,4270.7,4060.0,4350.8,-14.9,32.3,4662.6
PF017766,CROP023,Turmeric,Bihar,2022,12,4662.6,4270.7,4060.0,-9.1,37.3,4549.3
PF017767,CROP023,Turmeric,Bihar,2023,1,4549.3,4662.6,4270.7,-5.9,70.2,4777.2
PF017768,CROP023,Turmeric,Bihar,2023,2,4777.2,4549.3,4662.6,-9.7,45.3,5090.7
PF017769,CROP023,Turmeric,Bihar,2023,3,5090.7,4777.2,4549.3,-18.8,56.7,4874.8
PF017770,CROP023,Turmeric,Bihar,2023,4,4874.8,5090.7,4777.2,23.6,50.4,5007.1
PF017771,CROP023,Turmeric,Bihar,2023,5,5007.1,4874.8,5090.7,5.3,36.0,4889.5
PF017772,CROP023,Turmeric,Bihar,2023,6,4889.5,5007.1,4874.8,9.4,54.6,4782.4
PF017773,CROP023,Turmeric,Bihar,2023,7,4782.4,4889.5,5007.1,8.2,44.0,4722.3
PF017774,CROP023,Turmeric,Bihar,2023,8,4722.3,4782.4,4889.5,37.4,51.7,3982.2
PF017775,CROP023,Turmeric,Bihar,2023,9,3982.2,4722.3,4782.4,0.5,41.1,4063.1
PF017776,CROP023,Turmeric,Bihar,2023,10,4063.1,3982.2,4722.3,4.6,46.3,4373.1
PF017777,CROP023,Turmeric,Bihar,2023,11,4373.1,4063.1,3982.2,5.9,61.8,4541.5
PF017778,CROP023,Turmeric,Bihar,2023,12,4541.5,4373.1,4063.1,-20.7,21.9,4323.6
PF017811,CROP023,Turmeric,West Bengal,2021,4,6368.6,6334.2,5831.6,8.9,48.8,5639.8
PF017812,CROP023,Turmeric,West Bengal,2021,5,5639.8,6368.6,6334.2,3.7,48.1,6134.4
PF017813,CROP023,Turmeric,West Bengal,2021,6,6134.4,5639.8,6368.6,-2.6,38.1,5487.9
PF017814,CROP023,Turmeric,West Bengal,2021,7,5487.9,6134.4,5639.8,5.0,79.3,5277.8
PF017815,CROP023,Turmeric,West Bengal,2021,8,5277.8,5487.9,6134.4,11.9,53.7,5400.3
PF017816,CROP023,Turmeric,West Bengal,2021,9,5400.3,5277.8,5487.9,-14.1,69.0,5230.5
PF017817,CROP023,Turmeric,West Bengal,2021,10,5230.5,5400.3,5277.8,11.8,47.2,4979.6
PF017818,CROP023,Turmeric,West Bengal,2021,11,4979.6,5230.5,5400.3,17.8,48.1,5049.3
PF017819,CROP023,Turmeric,West Bengal,2021,12,5049.3,4979.6,5230.5,-12.5,61.2,5648.5
PF017820,CROP023,Turmeric,West Bengal,2022,1,5648.5,5049.3,4979.6,-1.9,42.6,5659.1
PF017821,CROP023,Turmeric,West Bengal,2022,2,5659.1,5648.5,5049.3,19.8,48.7,6217.3
PF017822,CROP023,Turmeric,West Bengal,2022,3,6217.3,5659.1,5648.5,25.5,48.6,6235.7
PF017823,CROP023,Turmeric,West Bengal,2022,4,6235.7,6217.3,5659.1,0.3,34.1,6454.5
PF017824,CROP023,Turmeric,West Bengal,2022,5,6454.5,6235.7,6217.3,-3.3,54.3,5851.0
PF017825,CROP023,Turmeric,West Bengal,2022,6,5851.0,6454.5,6235.7,-16.5,64.1,5879.6
PF017826,CROP023,Turmeric,West Bengal,2022,7,5879.6,5851.0,6454.5,-21.9,71.5,5068.6
PF017827,CROP023,Turmeric,West Bengal,2022,8,5068.6,5879.6,5851.0,-3.8,43.6,5379.5
PF017828,CROP023,Turmeric,West Bengal,2022,9,5379.5,5068.6,5879.6,1.8,49.1,4955.9
PF017829,CROP023,Turmeric,West Bengal,2022,10,4955.9,5379.5,5068.6,3.8,46.6,4932.1
PF017830,CROP023,Turmeric,West Bengal,2022,11,4932.1,4955.9,5379.5,-20.7,59.6,5619.7
PF017831,CROP023,Turmeric,West Bengal,2022,12,5619.7,4932.1,4955.9,4.3,75.5,5537.3
PF017832,CROP023,Turmeric,West Bengal,2023,1,5537.3,5619.7,4932.1,-18.1,67.0,6492.7
PF017833,CROP023,Turmeric,West Bengal,2023,2,6492.7,5537.3,5619.7,24.7,50.6,6276.7
PF017834,CROP023,Turmeric,West Bengal,2023,3,6276.7,6492.7,5537.3,-19.4,49.7,6365.0
PF017835,CROP023,Turmeric,West Bengal,2023,4,6365.0,6276.7,6492.7,17.4,55.9,6305.6
PF017836,CROP023,Turmeric,West Bengal,2023,5,6305.6,6365.0,6276.7,11.9,54.9,5678.4
PF017837,CROP023,Turmeric,West Bengal,2023,6,5678.4,6305.6,6365.0,4.5,58.0,5673.3
PF017838,CROP023,Turmeric,West Bengal,2023,7,5673.3,5678.4,6305.6,-10.0,28.3,5577.8
PF017839,CROP023,Turmeric,West Bengal,2023,8,5577.8,5673.3,5678.4,-11.2,51.5,4911.0
PF017840,CROP023,Turmeric,West Bengal,2023,9,4911.0,5577.8,5673.3,-5.9,61.3,5200.8
PF017841,CROP023,Turmeric,West Bengal,2023,10,5200.8,4911.0,5577.8,0.8,51.4,5052.7
PF017842,CROP023,Turmeric,West Bengal,2023,11,5052.7,5200.8,4911.0,-5.5,52.8,5433.7
PF017843,CROP023,Turmeric,West Bengal,2023,12,5433.7,5052.7,5200.8,-6.1,58.0,5759.3
PF017876,CROP023,Turmeric,West Bengal,2021,4,5422.0,5069.6,5013.5,22.4,57.4,5006.8
PF017877,CROP023,Turmeric,West Bengal,2021,5,5006.8,5422.0,5069.6,-16.1,58.5,4997.0
PF017878,CROP023,Turmeric,West Bengal,2021,6,4997.0,5006.8,5422.0,1.1,68.4,4746.4
PF017879,CROP023,Turmeric,West Bengal,2021,7,4746.4,4997.0,5006.8,-11.7,48.3,4397.2
PF017880,CROP023,Turmeric,West Bengal,2021,8,4397.2,4746.4,4997.0,-17.0,55.8,4166.9
PF017881,CROP023,Turmeric,West Bengal,2021,9,4166.9,4397.2,4746.4,17.6,51.6,4083.9
PF017882,CROP023,Turmeric,West Bengal,2021,10,4083.9,4166.9,4397.2,-26.8,69.4,4334.4
PF017883,CROP023,Turmeric,West Bengal,2021,11,4334.4,4083.9,4166.9,-6.3,78.9,4037.9
PF017884,CROP023,Turmeric,West Bengal,2021,12,4037.9,4334.4,4083.9,-2.0,56.0,4506.7
PF017885,CROP023,Turmeric,West Bengal,2022,1,4506.7,4037.9,4334.4,-21.4,52.2,4896.7
PF017886,CROP023,Turmeric,West Bengal,2022,2,4896.7,4506.7,4037.9,-27.2,33.9,4880.1
PF017887,CROP023,Turmeric,West Bengal,2022,3,4880.1,4896.7,4506.7,-10.3,56.0,4962.3
PF017888,CROP023,Turmeric,West Bengal,2022,4,4962.3,4880.1,4896.7,-3.0,25.4,4800.5
PF017889,CROP023,Turmeric,West Bengal,2022,5,4800.5,4962.3,4880.1,-5.7,66.5,4670.3
PF017890,CROP023,Turmeric,West Bengal,2022,6,4670.3,4800.5,4962.3,11.4,48.5,4770.7
PF017891,CROP023,Turmeric,West Bengal,2022,7,4770.7,4670.3,4800.5,-11.9,22.0,4383.9
PF017892,CROP023,Turmeric,West Bengal,2022,8,4383.9,4770.7,4670.3,-16.7,43.7,4277.7
PF017893,CROP023,Turmeric,West Bengal,2022,9,4277.7,4383.9,4770.7,-4.2,74.9,4288.9
PF017894,CROP023,Turmeric,West Bengal,2022,10,4288.9,4277.7,4383.9,5.6,43.2,4452.8
PF017895,CROP023,Turmeric,West Bengal,2022,11,4452.8,4288.9,4277.7,-21.1,46.0,4610.2
PF017896,CROP023,Turmeric,West Bengal,2022,12,4610.2,4452.8,4288.9,28.0,67.4,4661.1
PF017897,CROP023,Turmeric,West Bengal,2023,1,4661.1,4610.2,4452.8,-3.7,48.8,4677.9
PF017898,CROP023,Turmeric,West Bengal,2023,2,4677.9,4661.1,4610.2,7.1,50.7,5214.4
PF017899,CROP023,Turmeric,West Bengal,2023,3,5214.4,4677.9,4661.1,11.0,25.5,5093.1
PF017900,CROP023,Turmeric,West Bengal,2023,4,5093.1,5214.4,4677.9,10.5,30.0,5392.1
PF017901,CROP023,Turmeric,West Bengal,2023,5,5392.1,5093.1,5214.4,-4.4,43.7,4883.5
PF017902,CROP023,Turmeric,West Bengal,2023,6,4883.5,5392.1,5093.1,-4.4,75.5,4558.9
PF017903,CROP023,Turmeric,West Bengal,2023,7,4558.9,4883.5,5392.1,-14.9,24.6,4352.6
PF017904,CROP023,Turmeric,West Bengal,2023,8,4352.6,4558.9,4883.5,3.4,48.2,4427.6
PF017905,CROP023,Turmeric,West Bengal,2023,9,4427.6,4352.6,4558.9,-15.5,64.1,4078.6
PF017906,CROP023,Turmeric,West Bengal,2023,10,4078.6,4427.6,4352.6,-3.8,58.6,4298.0
PF017907,CROP023,Turmeric,West Bengal,2023,11,4298.0,4078.6,4427.6,-20.4,52.6,4474.4
PF017908,CROP023,Turmeric,West Bengal,2023,12,4474.4,4298.0,4078.6,-15.8,29.6,4996.9
PF017941,CROP024,Banana,Punjab,2021,4,5402.4,5320.4,5595.5,-12.9,53.0,5672.4
PF017942,CROP024,Banana,Punjab,2021,5,5672.4,5402.4,5320.4,-17.0,27.5,5470.8
PF017943,CROP024,Banana,Punjab,2021,6,5470.8,5672.4,5402.4,6.8,58.4,5097.7
PF017944,CROP024,Banana,Punjab,2021,7,5097.7,5470.8,5672.4,21.0,70.9,4846.9
PF017945,CROP024,Banana,Punjab,2021,8,4846.9,5097.7,5470.8,5.3,67.0,4602.1
PF017946,CROP024,Banana,Punjab,2021,9,4602.1,4846.9,5097.7,-8.9,40.1,4748.2
PF017947,CROP024,Banana,Punjab,2021,10,4748.2,4602.1,4846.9,-31.9,73.8,4943.4
PF017948,CROP024,Banana,Punjab,2021,11,4943.4,4748.2,4602.1,-18.2,67.1,4693.2
PF017949,CROP024,Banana,Punjab,2021,12,4693.2,4943.4,4748.2,-6.9,39.8,4724.7
PF017950,CROP024,Banana,Punjab,2022,1,4724.7,4693.2,4943.4,-6.2,44.9,5371.0
PF017951,CROP024,Banana,Punjab,2022,2,5371.0,4724.7,4693.2,10.4,29.5,5917.5
PF017952,CROP024,Banana,Punjab,2022,3,5917.5,5371.0,4724.7,-0.6,59.9,5939.4
PF017953,CROP024,Banana,Punjab,2022,4,5939.4,5917.5,5371.0,-1.3,68.6,5472.6
PF017954,CROP024,Banana,Punjab,2022,5,5472.6,5939.4,5917.5,33.0,48.4,5449.5
PF017955,CROP024,Banana,Punjab,2022,6,5449.5,5472.6,5939.4,-22.9,37.4,5460.0
PF017956,CROP024,Banana,Punjab,2022,7,5460.0,5449.5,5472.6,-1.1,38.2,4943.9
PF017957,CROP024,Banana,Punjab,2022,8,4943.9,5460.0,5449.5,-3.8,37.5,4525.8
PF017958,CROP024,Banana,Punjab,2022,9,4525.8,4943.9,5460.0,-6.5,39.1,4368.4
PF017959,CROP024,Banana,Punjab,2022,10,4368.4,4525.8,4943.9,11.5,47.3,4740.7
PF017960,CROP024,Banana,Punjab,2022,11,4740.7,4368.4,4525.8,-33.8,72.9,5266.5
PF017961,CROP024,Banana,Punjab,2022,12,5266.5,4740.7,4368.4,2.8,34.5,5096.8
PF017962,CROP024,Banana,Punjab,2023,1,5096.8,5266.5,4740.7,-14.8,61.4,5395.0
PF017963,CROP024,Banana,Punjab,2023,2,5395.0,5096.8,5266.5,18.6,53.1,6029.2
PF017964,CROP024,Banana,Punjab,2023,3,6029.2,5395.0,5096.8,12.8,39.1,5821.0
PF017965,CROP024,Banana,Punjab,2023,4,5821.0,6029.2,5395.0,-1.8,33.4,5641.3
PF017966,CROP024,Banana,Punjab,2023,5,5641.3,5821.0,6029.2,-0.1,71.8,5778.6
PF017967,CROP024,Banana,Punjab,2023,6,5778.6,5641.3,5821.0,5.1,26.7,5487.9
PF017968,CROP024,Banana,Punjab,2023,7,5487.9,5778.6,5641.3,-10.9,49.7,4892.1
PF017969,CROP024,Banana,Punjab,2023,8,4892.1,5487.9,5778.6,7.4,40.4,4641.6
PF017970,CROP024,Banana,Punjab,2023,9,4641.6,4892.1,5487.9,25.0,55.4,4522.8
PF017971,CROP024,Banana,Punjab,2023,10,4522.8,4641.6,4892.1,-5.2,24.8,4337.2
PF017972,CROP024,Banana,Punjab,2023,11,4337.2,4522.8,4641.6,-12.8,54.4,4857.7
PF017973,CROP024,Banana,Punjab,2023,12,4857.7,4337.2,4522.8,-17.2,29.7,4940.6
PF018006,CROP024,Banana,Punjab,2021,4,5851.7,5524.5,5622.1,15.1,59.7,5443.8
PF018007,CROP024,Banana,Punjab,2021,5,5443.8,5851.7,5524.5,15.8,54.0,5669.4
PF018008,CROP024,Banana,Punjab,2021,6,5669.4,5443.8,5851.7,12.7,40.6,5452.4
PF018009,CROP024,Banana,Punjab,2021,7,5452.4,5669.4,5443.8,7.1,65.9,4863.1
PF018010,CROP024,Banana,Punjab,2021,8,4863.1,5452.4,5669.4,-17.5,63.6,4875.9
PF018011,CROP024,Banana,Punjab,2021,9,4875.9,4863.1,5452.4,-15.4,58.2,4569.4
PF018012,CROP024,Banana,Punjab,2021,10,4569.4,4875.9,4863.1,-10.0,72.9,4313.6
PF018013,CROP024,Banana,Punjab,2021,11,4313.6,4569.4,4875.9,16.6,55.3,4975.3
PF018014,CROP024,Banana,Punjab,2021,12,4975.3,4313.6,4569.4,-10.7,33.1,5138.3
PF018015,CROP024,Banana,Punjab,2022,1,5138.3,4975.3,4313.6,-9.6,43.8,5483.3
PF018016,CROP024,Banana,Punjab,2022,2,5483.3,5138.3,4975.3,11.3,42.3,5643.9
PF018017,CROP024,Banana,Punjab,2022,3,5643.9,5483.3,5138.3,-12.4,49.3,5659.6
PF018018,CROP024,Banana,Punjab,2022,4,5659.6,5643.9,5483.3,-9.2,75.3,5688.7
PF018019,CROP024,Banana,Punjab,2022,5,5688.7,5659.6,5643.9,-8.6,44.8,5832.2
PF018020,CROP024,Banana,Punjab,2022,6,5832.2,5688.7,5659.6,-12.9,72.2,5123.3
PF018021,CROP024,Banana,Punjab,2022,7,5123.3,5832.2,5688.7,6.2,54.0,4712.6
PF018022,CROP024,Banana,Punjab,2022,8,4712.6,5123.3,5832.2,6.9,50.2,4998.6
PF018023,CROP024,Banana,Punjab,2022,9,4998.6,4712.6,5123.3,-6.6,65.7,4544.2
PF018024,CROP024,Banana,Punjab,2022,10,4544.2,4998.6,4712.6,18.7,48.9,4643.6
PF018025,CROP024,Banana,Punjab,2022,11,4643.6,4544.2,4998.6,0.8,40.4,4950.0
PF018026,CROP024,Banana,Punjab,2022,12,4950.0,4643.6,4544.2,-8.3,63.0,5457.5
PF018027,CROP024,Banana,Punjab,2023,1,5457.5,4950.0,4643.6,-8.2,64.3,5830.6
PF018028,CROP024,Banana,Punjab,2023,2,5830.6,5457.5,4950.0,20.6,32.3,5325.2
PF018029,CROP024,Banana,Punjab,2023,3,5325.2,5830.6,5457.5,23.7,40.2,5676.7
PF018030,CROP024,Banana,Punjab,2023,4,5676.7,5325.2,5830.6,-23.0,60.1,5872.0
PF018031,CROP024,Banana,Punjab,2023,5,5872.0,5676.7,5325.2,-31.8,79.2,5289.4
PF018032,CROP024,Banana,Punjab,2023,6,5289.4,5872.0,5676.7,4.6,55.5,5260.6
PF018033,CROP024,Banana,Punjab,2023,7,5260.6,5289.4,5872.0,9.8,46.2,4934.1
PF018034,CROP024,Banana,Punjab,2023,8,4934.1,5260.6,5289.4,-15.7,18.6,4629.4
PF018035,CROP024,Banana,Punjab,2023,9,4629.4,4934.1,5260.6,1.9,60.3,5186.7
PF018036,CROP024,Banana,Punjab,2023,10,5186.7,4629.4,4934.1,10.4,51.6,5269.0
PF018037,CROP024,Banana,Punjab,2023,11,5269.0,5186.7,4629.4,24.4,69.0,5091.7
PF018038,CROP024,Banana,Punjab,2023,12,5091.7,5269.0,5186.7,-28.6,68.1,5216.0
PF018071,CROP024,Banana,Punjab,2021,4,6727.0,6874.9,6737.0,-18.5,38.4,6013.2
PF018072,CROP024,Banana,Punjab,2021,5,6013.2,6727.0,6874.9,-7.2,47.8,6524.2
PF018073,CROP024,Banana,Punjab,2021,6,6524.2,6013.2,6727.0,-2.3,42.7,6347.4
PF018074,CROP024,Banana,Punjab,2021,7,6347.4,6524.2,6013.2,-27.5,65.1,5646.8
PF018075,CROP024,Banana,Punjab,2021,8,5646.8,6347.4,6524.2,12.8,48.1,5295.5
PF018076,CROP024,Banana,Punjab,2021,9,5295.5,5646.8,6347.4,10.6,45.0,5237.5
PF018077,CROP024,Banana,Punjab,2021,10,5237.5,5295.5,5646.8,-20.9,38.7,5493.5
PF018078,CROP024,Banana,Punjab,2021,11,5493.5,5237.5,5295.5,-18.9,56.1,6167.9
PF018079,CROP024,Banana,Punjab,2021,12,6167.9,5493.5,5237.5,-15.7,42.3,6028.7
PF018080,CROP024,Banana,Punjab,2022,1,6028.7,6167.9,5493.5,-2.1,52.7,5952.5
PF018081,CROP024,Banana,Punjab,2022,2,5952.5,6028.7,6167.9,-5.8,66.8,7253.3
PF018082,CROP024,Banana,Punjab,2022,3,7253.3,5952.5,6028.7,-13.3,39.1,6653.1
PF018083,CROP024,Banana,Punjab,2022,4,6653.1,7253.3,5952.5,7.9,42.8,6361.0
PF018084,CROP024,Banana,Punjab,2022,5,6361.0,6653.1,7253.3,24.9,56.1,6492.9
PF018085,CROP024,Banana,Punjab,2022,6,6492.9,6361.0,6653.1,-10.8,52.3,6534.5
PF018086,CROP024,Banana,Punjab,2022,7,6534.5,6492.9,6361.0,15.8,50.5,6192.3
PF018087,CROP024,Banana,Punjab,2022,8,6192.3,6534.5,6492.9,13.7,62.4,5911.7
PF018088,CROP024,Banana,Punjab,2022,9,5911.7,6192.3,6534.5,-25.7,36.8,5476.5
PF018089,CROP024,Banana,Punjab,2022,10,5476.5,5911.7,6192.3,-3.8,57.4,5718.0
PF018090,CROP024,Banana,Punjab,2022,11,5718.0,5476.5,5911.7,11.5,43.8,6054.3
PF018091,CROP024,Banana,Punjab,2022,12,6054.3,5718.0,5476.5,4.3,42.4,6563.9
PF018092,CROP024,Banana,Punjab,2023,1,6563.9,6054.3,5718.0,10.9,40.5,6095.0
PF018093,CROP024,Banana,Punjab,2023,2,6095.0,6563.9,6054.3,-21.6,24.0,7138.8
PF018094,CROP024,Banana,Punjab,2023,3,7138.8,6095.0,6563.9,4.2,26.5,6389.5
PF018095,CROP024,Banana,Punjab,2023,4,6389.5,7138.8,6095.0,-6.2,42.0,6518.3
PF018096,CROP024,Banana,Punjab,2023,5,6518.3,6389.5,7138.8,-16.5,40.1,6705.2
PF018097,CROP024,Banana,Punjab,2023,6,6705.2,6518.3,6389.5,-2.2,46.6,6077.8
PF018098,CROP024,Banana,Punjab,2023,7,6077.8,6705.2,6518.3,-0.7,54.0,5944.0
PF018099,CROP024,Banana,Punjab,2023,8,5944.0,6077.8,6705.2,1.6,48.1,5479.0
PF018100,CROP024,Banana,Punjab,2023,9,5479.0,5944.0,6077.8,-15.6,16.7,5828.1
PF018101,CROP024,Banana,Punjab,2023,10,5828.1,5479.0,5944.0,-29.2,63.5,5779.1
PF018102,CROP024,Banana,Punjab,2023,11,5779.1,5828.1,5479.0,-23.9,47.4,6014.9
PF018103,CROP024,Banana,Punjab,2023,12,6014.9,5779.1,5828.1,-0.1,37.6,6103.7
PF018136,CROP024,Banana,Haryana,2021,4,6505.5,5805.3,5945.7,19.9,50.9,6196.2
PF018137,CROP024,Banana,Haryana,2021,5,6196.2,6505.5,5805.3,-0.4,54.2,6020.9
PF018138,CROP024,Banana,Haryana,2021,6,6020.9,6196.2,6505.5,-21.1,42.2,5908.9
PF018139,CROP024,Banana,Haryana,2021,7,5908.9,6020.9,6196.2,5.9,50.9,5484.9
PF018140,CROP024,Banana,Haryana,2021,8,5484.9,5908.9,6020.9,15.9,48.6,5339.9
PF018141,CROP024,Banana,Haryana,2021,9,5339.9,5484.9,5908.9,12.6,43.7,4899.2
PF018142,CROP024,Banana,Haryana,2021,10,4899.2,5339.9,5484.9,-13.1,49.6,5174.0
PF018143,CROP024,Banana,Haryana,2021,11,5174.0,4899.2,5339.9,5.9,41.7,5319.2
PF018144,CROP024,Banana,Haryana,2021,12,5319.2,5174.0,4899.2,7.2,65.4,5170.1
PF018145,CROP024,Banana,Haryana,2022,1,5170.1,5319.2,5174.0,3.6,47.3,5962.6
PF018146,CROP024,Banana,Haryana,2022,2,5962.6,5170.1,5319.2,-2.9,50.1,5705.9
PF018147,CROP024,Banana,Haryana,2022,3,5705.9,5962.6,5170.1,17.0,47.7,6035.7
PF018148,CROP024,Banana,Haryana,2022,4,6035.7,5705.9,5962.6,18.3,58.3,6600.8
PF018149,CROP024,Banana,Haryana,2022,5,6600.8,6035.7,5705.9,20.8,42.4,6136.4
PF018150,CROP024,Banana,Haryana,2022,6,6136.4,6600.8,6035.7,8.3,38.5,5638.7
PF018151,CROP024,Banana,Haryana,2022,7,5638.7,6136.4,6600.8,-27.7,36.1,4949.1
PF018152,CROP024,Banana,Haryana,2022,8,4949.1,5638.7,6136.4,-31.9,61.8,4852.8
PF018153,CROP024,Banana,Haryana,2022,9,4852.8,4949.1,5638.7,-11.3,45.3,5030.4
PF018154,CROP024,Banana,Haryana,2022,10,5030.4,4852.8,4949.1,2.9,48.9,5078.7
PF018155,CROP024,Banana,Haryana,2022,11,5078.7,5030.4,4852.8,-5.5,56.8,5604.7
PF018156,CROP024,Banana,Haryana,2022,12,5604.7,5078.7,5030.4,-18.6,58.6,5603.2
PF018157,CROP024,Banana,Haryana,2023,1,5603.2,5604.7,5078.7,-17.4,61.6,6206.4
PF018158,CROP024,Banana,Haryana,2023,2,6206.4,5603.2,5604.7,13.0,58.3,6172.4
PF018159,CROP024,Banana,Haryana,2023,3,6172.4,6206.4,5603.2,11.2,33.8,5781.9
PF018160,CROP024,Banana,Haryana,2023,4,5781.9,6172.4,6206.4,2.0,46.2,6227.7
PF018161,CROP024,Banana,Haryana,2023,5,6227.7,5781.9,6172.4,-5.2,49.8,5882.3
PF018162,CROP024,Banana,Haryana,2023,6,5882.3,6227.7,5781.9,21.8,39.2,5318.4
PF018163,CROP024,Banana,Haryana,2023,7,5318.4,5882.3,6227.7,16.4,26.1,5071.0
PF018164,CROP024,Banana,Haryana,2023,8,5071.0,5318.4,5882.3,-6.6,60.7,5028.3
PF018165,CROP024,Banana,Haryana,2023,9,5028.3,5071.0,5318.4,-18.0,24.3,5326.8
PF018166,CROP024,Banana,Haryana,2023,10,5326.8,5028.3,5071.0,-5.6,51.6,5122.3
PF018167,CROP024,Banana,Haryana,2023,11,5122.3,5326.8,5028.3,17.2,65.2,5666.5
PF018168,CROP024,Banana,Haryana,2023,12,5666.5,5122.3,5326.8,-12.7,39.6,5671.4
PF018201,CROP024,Banana,Haryana,2021,4,6639.2,6543.6,6705.1,14.3,44.5,6609.6
PF018202,CROP024,Banana,Haryana,2021,5,6609.6,6639.2,6543.6,8.4,54.0,6305.5
PF018203,CROP024,Banana,Haryana,2021,6,6305.5,6609.6,6639.2,-5.4,60.9,5909.8
PF018204,CROP024,Banana,Haryana,2021,7,5909.8,6305.5,6609.6,-18.8,42.6,5795.6
PF018205,CROP024,Banana,Haryana,2021,8,5795.6,5909.8,6305.5,11.4,41.1,5973.4
PF018206,CROP024,Banana,Haryana,2021,9,5973.4,5795.6,5909.8,-3.2,49.8,5482.8
PF018207,CROP024,Banana,Haryana,2021,10,5482.8,5973.4,5795.6,-13.1,49.8,5403.6
PF018208,CROP024,Banana,Haryana,2021,11,5403.6,5482.8,5973.4,-19.7,38.8,6289.9
PF018209,CROP024,Banana,Haryana,2021,12,6289.9,5403.6,5482.8,2.5,49.1,6361.6
PF018210,CROP024,Banana,Haryana,2022,1,6361.6,6289.9,5403.6,-13.3,48.0,6765.8
PF018211,CROP024,Banana,Haryana,2022,2,6765.8,6361.6,6289.9,-15.2,56.1,6481.8
PF018212,CROP024,Banana,Haryana,2022,3,6481.8,6765.8,6361.6,-20.4,57.0,6873.5
PF018213,CROP024,Banana,Haryana,2022,4,6873.5,6481.8,6765.8,9.6,33.2,6653.7
PF018214,CROP024,Banana,Haryana,2022,5,6653.7,6873.5,6481.8,-10.6,56.6,6306.8
PF018215,CROP024,Banana,Haryana,2022,6,6306.8,6653.7,6873.5,5.1,51.7,6149.2
PF018216,CROP024,Banana,Haryana,2022,7,6149.2,6306.8,6653.7,14.9,51.3,6115.1
PF018217,CROP024,Banana,Haryana,2022,8,6115.1,6149.2,6306.8,-6.2,42.2,5669.2
PF018218,CROP024,Banana,Haryana,2022,9,5669.2,6115.1,6149.2,-16.7,58.1,5606.7
PF018219,CROP024,Banana,Haryana,2022,10,5606.7,5669.2,6115.1,11.6,59.5,5763.8
PF018220,CROP024,Banana,Haryana,2022,11,5763.8,5606.7,5669.2,19.7,51.6,6445.4
PF018221,CROP024,Banana,Haryana,2022,12,6445.4,5763.8,5606.7,1.7,46.9,6625.5
PF018222,CROP024,Banana,Haryana,2023,1,6625.5,6445.4,5763.8,-5.0,48.2,6866.3
PF018223,CROP024,Banana,Haryana,2023,2,6866.3,6625.5,6445.4,15.3,50.4,6767.2
PF018224,CROP024,Banana,Haryana,2023,3,6767.2,6866.3,6625.5,-21.6,46.1,6832.5
PF018225,CROP024,Banana,Haryana,2023,4,6832.5,6767.2,6866.3,8.8,62.6,7453.6
PF018226,CROP024,Banana,Haryana,2023,5,7453.6,6832.5,6767.2,-7.6,65.0,6647.6
PF018227,CROP024,Banana,Haryana,2023,6,6647.6,7453.6,6832.5,-22.6,55.0,6733.0
PF018228,CROP024,Banana,Haryana,2023,7,6733.0,6647.6,7453.6,-19.6,19.8,5998.7
PF018229,CROP024,Banana,Haryana,2023,8,5998.7,6733.0,6647.6,-0.9,61.7,5482.0
PF018230,CROP024,Banana,Haryana,2023,9,5482.0,5998.7,6733.0,-6.3,58.8,5428.0
PF018231,CROP024,Banana,Haryana,2023,10,5428.0,5482.0,5998.7,-12.0,55.6,6042.0
PF018232,CROP024,Banana,Haryana,2023,11,6042.0,5428.0,5482.0,27.5,22.4,6131.8
PF018233,CROP024,Banana,Haryana,2023,12,6131.8,6042.0,5428.0,19.0,71.2,6276.8
PF018266,CROP024,Banana,Uttar Pradesh,2021,4,5498.7,5430.1,4935.4,-5.3,37.0,5283.9
PF018267,CROP024,Banana,Uttar Pradesh,2021,5,5283.9,5498.7,5430.1,-20.8,35.9,5386.7
PF018268,CROP024,Banana,Uttar Pradesh,2021,6,5386.7,5283.9,5498.7,-2.4,38.8,5396.0
PF018269,CROP024,Banana,Uttar Pradesh,2021,7,5396.0,5386.7,5283.9,-12.1,58.5,4461.2
PF018270,CROP024,Banana,Uttar Pradesh,2021,8,4461.2,5396.0,5386.7,2.0,63.4,4494.1
PF018271,CROP024,Banana,Uttar Pradesh,2021,9,4494.1,4461.2,5396.0,-16.7,50.8,4604.7
PF018272,CROP024,Banana,Uttar Pradesh,2021,10,4604.7,4494.1,4461.2,12.0,42.2,4234.2
PF018273,CROP024,Banana,Uttar Pradesh,2021,11,4234.2,4604.7,4494.1,-26.3,71.0,4657.3
PF018274,CROP024,Banana,Uttar Pradesh,2021,12,4657.3,4234.2,4604.7,-27.7,40.1,4960.2
PF018275,CROP024,Banana,Uttar Pradesh,2022,1,4960.2,4657.3,4234.2,-25.8,55.9,5154.4
PF018276,CROP024,Banana,Uttar Pradesh,2022,2,5154.4,4960.2,4657.3,22.2,60.0,5802.3
PF018277,CROP024,Banana,Uttar Pradesh,2022,3,5802.3,5154.4,4960.2,-8.4,57.4,5637.3
PF018278,CROP024,Banana,Uttar Pradesh,2022,4,5637.3,5802.3,5154.4,29.0,41.7,5478.7
PF018279,CROP024,Banana,Uttar Pradesh,2022,5,5478.7,5637.3,5802.3,-20.3,32.1,5260.6
PF018280,CROP024,Banana,Uttar Pradesh,2022,6,5260.6,5478.7,5637.3,1.3,50.9,5163.7
PF018281,CROP024,Banana,Uttar Pradesh,2022,7,5163.7,5260.6,5478.7,0.9,14.2,4308.6
PF018282,CROP024,Banana,Uttar Pradesh,2022,8,4308.6,5163.7,5260.6,-2.5,53.5,4343.7
PF018283,CROP024,Banana,Uttar Pradesh,2022,9,4343.7,4308.6,5163.7,15.4,35.3,4778.0
PF018284,CROP024,Banana,Uttar Pradesh,2022,10,4778.0,4343.7,4308.6,32.3,46.8,4752.5
PF018285,CROP024,Banana,Uttar Pradesh,2022,11,4752.5,4778.0,4343.7,11.2,39.2,4359.3
PF018286,CROP024,Banana,Uttar Pradesh,2022,12,4359.3,4752.5,4778.0,-12.0,63.3,4588.2
PF018287,CROP024,Banana,Uttar Pradesh,2023,1,4588.2,4359.3,4752.5,-8.6,48.4,5641.5
PF018288,CROP024,Banana,Uttar Pradesh,2023,2,5641.5,4588.2,4359.3,0.2,65.5,5612.5
PF018289,CROP024,Banana,Uttar Pradesh,2023,3,5612.5,5641.5,4588.2,-1.3,46.8,5571.4
PF018290,CROP024,Banana,Uttar Pradesh,2023,4,5571.4,5612.5,5641.5,1.0,63.9,5577.7
PF018291,CROP024,Banana,Uttar Pradesh,2023,5,5577.7,5571.4,5612.5,1.4,22.8,4892.3
PF018292,CROP024,Banana,Uttar Pradesh,2023,6,4892.3,5577.7,5571.4,6.7,74.3,4842.4
PF018293,CROP024,Banana,Uttar Pradesh,2023,7,4842.4,4892.3,5577.7,22.1,33.1,4752.9
PF018294,CROP024,Banana,Uttar Pradesh,2023,8,4752.9,4842.4,4892.3,16.4,41.6,4345.7
PF018295,CROP024,Banana,Uttar Pradesh,2023,9,4345.7,4752.9,4842.4,-12.7,51.8,4681.2
PF018296,CROP024,Banana,Uttar Pradesh,2023,10,4681.2,4345.7,4752.9,-10.6,53.6,4943.3
PF018297,CROP024,Banana,Uttar Pradesh,2023,11,4943.3,4681.2,4345.7,4.4,62.3,4987.5
PF018298,CROP024,Banana,Uttar Pradesh,2023,12,4987.5,4943.3,4681.2,-6.0,52.8,5114.6
PF018331,CROP024,Banana,Uttar Pradesh,2021,4,6003.1,6888.8,6265.7,-7.3,40.7,6659.9
PF018332,CROP024,Banana,Uttar Pradesh,2021,5,6659.9,6003.1,6888.8,-5.8,39.4,6271.0
PF018333,CROP024,Banana,Uttar Pradesh,2021,6,6271.0,6659.9,6003.1,2.0,77.3,5711.5
PF018334,CROP024,Banana,Uttar Pradesh,2021,7,5711.5,6271.0,6659.9,13.6,54.1,5560.6
PF018335,CROP024,Banana,Uttar Pradesh,2021,8,5560.6,5711.5,6271.0,11.0,79.7,5285.5
PF018336,CROP024,Banana,Uttar Pradesh,2021,9,5285.5,5560.6,5711.5,-4.6,69.6,5625.2
PF018337,CROP024,Banana,Uttar Pradesh,2021,10,5625.2,5285.5,5560.6,-11.6,58.6,4990.9
PF018338,CROP024,Banana,Uttar Pradesh,2021,11,4990.9,5625.2,5285.5,-7.2,57.0,5563.5
PF018339,CROP024,Banana,Uttar Pradesh,2021,12,5563.5,4990.9,5625.2,-22.1,42.1,5731.4
PF018340,CROP024,Banana,Uttar Pradesh,2022,1,5731.4,5563.5,4990.9,42.8,79.6,5951.5
PF018341,CROP024,Banana,Uttar Pradesh,2022,2,5951.5,5731.4,5563.5,11.1,41.6,6406.2
PF018342,CROP024,Banana,Uttar Pradesh,2022,3,6406.2,5951.5,5731.4,-4.9,41.6,6735.9
PF018343,CROP024,Banana,Uttar Pradesh,2022,4,6735.9,6406.2,5951.5,-6.7,60.6,6498.5
PF018344,CROP024,Banana,Uttar Pradesh,2022,5,6498.5,6735.9,6406.2,0.7,35.3,6271.5
PF018345,CROP024,Banana,Uttar Pradesh,2022,6,6271.5,6498.5,6735.9,-4.2,44.4,5550.2
PF018346,CROP024,Banana,Uttar Pradesh,2022,7,5550.2,6271.5,6498.5,-9.8,43.5,5978.5
PF018347,CROP024,Banana,Uttar Pradesh,2022,8,5978.5,5550.2,6271.5,7.3,47.3,5433.0
PF018348,CROP024,Banana,Uttar Pradesh,2022,9,5433.0,5978.5,5550.2,-15.2,60.4,5644.6
PF018349,CROP024,Banana,Uttar Pradesh,2022,10,5644.6,5433.0,5978.5,-14.9,57.1,5021.2
PF018350,CROP024,Banana,Uttar Pradesh,2022,11,5021.2,5644.6,5433.0,-1.7,48.5,5511.3
PF018351,CROP024,Banana,Uttar Pradesh,2022,12,5511.3,5021.2,5644.6,3.6,42.6,5963.2
PF018352,CROP024,Banana,Uttar Pradesh,2023,1,5963.2,5511.3,5021.2,1.5,47.1,6461.5
PF018353,CROP024,Banana,Uttar Pradesh,2023,2,6461.5,5963.2,5511.3,11.8,57.6,6420.9
PF018354,CROP024,Banana,Uttar Pradesh,2023,3,6420.9,6461.5,5963.2,-14.4,53.6,6664.2
PF018355,CROP024,Banana,Uttar Pradesh,2023,4,6664.2,6420.9,6461.5,-4.5,69.2,6451.0
PF018356,CROP024,Banana,Uttar Pradesh,2023,5,6451.0,6664.2,6420.9,-14.5,32.0,6043.8
PF018357,CROP024,Banana,Uttar Pradesh,2023,6,6043.8,6451.0,6664.2,10.5,60.6,5706.1
PF018358,CROP024,Banana,Uttar Pradesh,2023,7,5706.1,6043.8,6451.0,-35.4,62.7,5672.0
PF018359,CROP024,Banana,Uttar Pradesh,2023,8,5672.0,5706.1,6043.8,21.4,54.0,5411.3
PF018360,CROP024,Banana,Uttar Pradesh,2023,9,5411.3,5672.0,5706.1,24.8,54.6,5493.3
PF018361,CROP024,Banana,Uttar Pradesh,2023,10,5493.3,5411.3,5672.0,8.0,55.4,5372.7
PF018362,CROP024,Banana,Uttar Pradesh,2023,11,5372.7,5493.3,5411.3,5.5,60.6,5632.1
PF018363,CROP024,Banana,Uttar Pradesh,2023,12,5632.1,5372.7,5493.3,-22.3,39.5,6146.6
PF018396,CROP024,Banana,Uttar Pradesh,2021,4,6719.3,5980.8,5781.0,-20.5,34.6,6239.1
PF018397,CROP024,Banana,Uttar Pradesh,2021,5,6239.1,6719.3,5980.8,2.3,54.0,6104.5
PF018398,CROP024,Banana,Uttar Pradesh,2021,6,6104.5,6239.1,6719.3,7.5,63.7,5747.7
PF018399,CROP024,Banana,Uttar Pradesh,2021,7,5747.7,6104.5,6239.1,-4.6,59.3,5698.5
PF018400,CROP024,Banana,Uttar Pradesh,2021,8,5698.5,5747.7,6104.5,-3.2,58.6,5202.8
PF018401,CROP024,Banana,Uttar Pradesh,2021,9,5202.8,5698.5,5747.7,29.2,55.4,4857.6
PF018402,CROP024,Banana,Uttar Pradesh,2021,10,4857.6,5202.8,5698.5,11.1,50.1,5078.2
PF018403,CROP024,Banana,Uttar Pradesh,2021,11,5078.2,4857.6,5202.8,4.5,49.8,5310.3
PF018404,CROP024,Banana,Uttar Pradesh,2021,12,5310.3,5078.2,4857.6,12.1,40.1,5875.2
PF018405,CROP024,Banana,Uttar Pradesh,2022,1,5875.2,5310.3,5078.2,5.1,63.3,5847.4
PF018406,CROP024,Banana,Uttar Pradesh,2022,2,5847.4,5875.2,5310.3,7.5,68.8,6184.1
PF018407,CROP024,Banana,Uttar Pradesh,2022,3,6184.1,5847.4,5875.2,-11.9,50.0,6355.2
PF018408,CROP024,Banana,Uttar Pradesh,2022,4,6355.2,6184.1,5847.4,33.2,40.7,6241.6
PF018409,CROP024,Banana,Uttar Pradesh,2022,5,6241.6,6355.2,6184.1,31.0,57.3,6492.8
PF018410,CROP024,Banana,Uttar Pradesh,2022,6,6492.8,6241.6,6355.2,16.1,59.9,6272.8
PF018411,CROP024,Banana,Uttar Pradesh,2022,7,6272.8,6492.8,6241.6,-12.1,38.2,5478.8
PF018412,CROP024,Banana,Uttar Pradesh,2022,8,5478.8,6272.8,6492.8,8.4,54.2,5253.1
PF018413,CROP024,Banana,Uttar Pradesh,2022,9,5253.1,5478.8,6272.8,-3.6,34.6,5314.1
PF018414,CROP024,Banana,Uttar Pradesh,2022,10,5314.1,5253.1,5478.8,18.4,39.2,5284.2
PF018415,CROP024,Banana,Uttar Pradesh,2022,11,5284.2,5314.1,5253.1,3.4,62.4,5498.3
PF018416,CROP024,Banana,Uttar Pradesh,2022,12,5498.3,5284.2,5314.1,-12.4,62.2,5935.8
PF018417,CROP024,Banana,Uttar Pradesh,2023,1,5935.8,5498.3,5284.2,9.0,50.0,5679.5
PF018418,CROP024,Banana,Uttar Pradesh,2023,2,5679.5,5935.8,5498.3,-5.6,40.2,6164.2
PF018419,CROP024,Banana,Uttar Pradesh,2023,3,6164.2,5679.5,5935.8,-0.8,58.6,6493.8
PF018420,CROP024,Banana,Uttar Pradesh,2023,4,6493.8,6164.2,5679.5,-11.3,20.3,6199.1
PF018421,CROP024,Banana,Uttar Pradesh,2023,5,6199.1,6493.8,6164.2,27.3,38.3,5588.0
PF018422,CROP024,Banana,Uttar Pradesh,2023,6,5588.0,6199.1,6493.8,-17.3,53.2,6167.9
PF018423,CROP024,Banana,Uttar Pradesh,2023,7,6167.9,5588.0,6199.1,14.1,57.9,5276.8
PF018424,CROP024,Banana,Uttar Pradesh,2023,8,5276.8,6167.9,5588.0,-12.9,48.2,5181.1
PF018425,CROP024,Banana,Uttar Pradesh,2023,9,5181.1,5276.8,6167.9,12.9,53.6,5154.6
PF018426,CROP024,Banana,Uttar Pradesh,2023,10,5154.6,5181.1,5276.8,21.8,66.8,5278.9
PF018427,CROP024,Banana,Uttar Pradesh,2023,11,5278.9,5154.6,5181.1,4.1,49.1,5147.9
PF018428,CROP024,Banana,Uttar Pradesh,2023,12,5147.9,5278.9,5154.6,-8.7,47.6,5891.0
PF018461,CROP024,Banana,Bihar,2021,4,6906.4,6056.6,6224.6,-6.0,34.7,6446.3
PF018462,CROP024,Banana,Bihar,2021,5,6446.3,6906.4,6056.6,-6.6,54.2,6220.7
PF018463,CROP024,Banana,Bihar,2021,6,6220.7,6446.3,6906.4,9.8,35.5,6685.8
PF018464,CROP024,Banana,Bihar,2021,7,6685.8,6220.7,6446.3,10.8,61.9,5384.2
PF018465,CROP024,Banana,Bihar,2021,8,5384.2,6685.8,6220.7,-14.8,44.6,5597.0
PF018466,CROP024,Banana,Bihar,2021,9,5597.0,5384.2,6685.8,32.5,39.4,5323.8
PF018467,CROP024,Banana,Bihar,2021,10,5323.8,5597.0,5384.2,-0.0,63.0,5613.9
PF018468,CROP024,Banana,Bihar,2021,11,5613.9,5323.8,5597.0,13.6,65.5,5613.7
PF018469,CROP024,Banana,Bihar,2021,12,5613.7,5613.9,5323.8,0.3,41.8,6222.7
PF018470,CROP024,Banana,Bihar,2022,1,6222.7,5613.7,5613.9,19.5,64.8,6248.2
PF018471,CROP024,Banana,Bihar,2022,2,6248.2,6222.7,5613.7,-0.1,71.4,6783.5
PF018472,CROP024,Banana,Bihar,2022,3,6783.5,6248.2,6222.7,-13.2,47.7,6690.1
PF018473,CROP024,Banana,Bihar,2022,4,6690.1,6783.5,6248.2,2.0,26.3,6784.8
PF018474,CROP024,Banana,Bihar,2022,5,6784.8,6690.1,6783.5,-4.5,40.6,6206.3
PF018475,CROP024,Banana,Bihar,2022,6,6206.3,6784.8,6690.1,-13.3,24.6,5889.9
PF018476,CROP024,Banana,Bihar,2022,7,5889.9,6206.3,6784.8,-13.3,47.1,5550.8
PF018477,CROP024,Banana,Bihar,2022,8,5550.8,5889.9,6206.3,-12.7,41.3,5641.3
PF018478,CROP024,Banana,Bihar,2022,9,5641.3,5550.8,5889.9,-1.5,52.3,5405.3
PF018479,CROP024,Banana,Bihar,2022,10,5405.3,5641.3,5550.8,6.7,58.8,5973.9
PF018480,CROP024,Banana,Bihar,2022,11,5973.9,5405.3,5641.3,9.9,34.0,5897.1
PF018481,CROP024,Banana,Bihar,2022,12,5897.1,5973.9,5405.3,-1.8,71.7,6064.6
PF018482,CROP024,Banana,Bihar,2023,1,6064.6,5897.1,5973.9,3.7,55.3,6592.0
PF018483,CROP024,Banana,Bihar,2023,2,6592.0,6064.6,5897.1,13.2,49.6,6399.2
PF018484,CROP024,Banana,Bihar,2023,3,6399.2,6592.0,6064.6,-1.8,50.6,6862.4
PF018485,CROP024,Banana,Bihar,2023,4,6862.4,6399.2,6592.0,-2.4,60.1,7269.5
PF018486,CROP024,Banana,Bihar,2023,5,7269.5,6862.4,6399.2,25.1,32.2,6410.4
PF018487,CROP024,Banana,Bihar,2023,6,6410.4,7269.5,6862.4,-11.0,51.6,6367.0
PF018488,CROP024,Banana,Bihar,2023,7,6367.0,6410.4,7269.5,9.2,44.7,5679.3
PF018489,CROP024,Banana,Bihar,2023,8,5679.3,6367.0,6410.4,18.5,25.8,5460.0
PF018490,CROP024,Banana,Bihar,2023,9,5460.0,5679.3,6367.0,-20.2,45.1,5225.8
PF018491,CROP024,Banana,Bihar,2023,10,5225.8,5460.0,5679.3,17.3,35.5,5541.9
PF018492,CROP024,Banana,Bihar,2023,11,5541.9,5225.8,5460.0,-22.9,34.9,5450.6
PF018493,CROP024,Banana,Bihar,2023,12,5450.6,5541.9,5225.8,-18.2,53.4,6555.2
PF018526,CROP024,Banana,Bihar,2021,4,7149.3,6757.6,6610.4,-10.3,48.6,6277.0
PF018527,CROP024,Banana,Bihar,2021,5,6277.0,7149.3,6757.6,11.6,44.9,6495.0
PF018528,CROP024,Banana,Bihar,2021,6,6495.0,6277.0,7149.3,-12.8,52.2,6433.5
PF018529,CROP024,Banana,Bihar,2021,7,6433.5,6495.0,6277.0,-34.3,42.8,5736.2
PF018530,CROP024,Banana,Bihar,2021,8,5736.2,6433.5,6495.0,-1.8,45.4,5547.2
PF018531,CROP024,Banana,Bihar,2021,9,5547.2,5736.2,6433.5,9.1,46.1,5572.7
PF018532,CROP024,Banana,Bihar,2021,10,5572.7,5547.2,5736.2,-9.8,51.5,5604.4
PF018533,CROP024,Banana,Bihar,2021,11,5604.4,5572.7,5547.2,-10.1,39.4,5742.2
PF018534,CROP024,Banana,Bihar,2021,12,5742.2,5604.4,5572.7,3.9,50.8,6223.6
PF018535,CROP024,Banana,Bihar,2022,1,6223.6,5742.2,5604.4,16.5,40.4,6767.5
PF018536,CROP024,Banana,Bihar,2022,2,6767.5,6223.6,5742.2,0.6,45.5,7082.4
PF018537,CROP024,Banana,Bihar,2022,3,7082.4,6767.5,6223.6,23.2,57.6,6456.8
PF018538,CROP024,Banana,Bihar,2022,4,6456.8,7082.4,6767.5,-28.4,62.0,7003.2
PF018539,CROP024,Banana,Bihar,2022,5,7003.2,6456.8,7082.4,-5.7,58.6,6936.8
PF018540,CROP024,Banana,Bihar,2022,6,6936.8,7003.2,6456.8,-21.8,35.1,6633.3
PF018541,CROP024,Banana,Bihar,2022,7,6633.3,6936.8,7003.2,-12.4,68.3,5697.3
PF018542,CROP024,Banana,Bihar,2022,8,5697.3,6633.3,6936.8,-8.9,40.3,5520.9
PF018543,CROP024,Banana,Bihar,2022,9,5520.9,5697.3,6633.3,3.7,47.3,5733.3
PF018544,CROP024,Banana,Bihar,2022,10,5733.3,5520.9,5697.3,10.3,47.5,5568.2
PF018545,CROP024,Banana,Bihar,2022,11,5568.2,5733.3,5520.9,-4.1,46.4,6183.7
PF018546,CROP024,Banana,Bihar,2022,12,6183.7,5568.2,5733.3,-16.0,49.8,6388.6
PF018547,CROP024,Banana,Bihar,2023,1,6388.6,6183.7,5568.2,12.6,53.9,6416.3
PF018548,CROP024,Banana,Bihar,2023,2,6416.3,6388.6,6183.7,28.6,61.0,6265.1
PF018549,CROP024,Banana,Bihar,2023,3,6265.1,6416.3,6388.6,13.2,36.9,6723.1
PF018550,CROP024,Banana,Bihar,2023,4,6723.1,6265.1,6416.3,-23.2,41.7,7010.2
PF018551,CROP024,Banana,Bihar,2023,5,7010.2,6723.1,6265.1,19.6,47.0,6751.4
PF018552,CROP024,Banana,Bihar,2023,6,6751.4,7010.2,6723.1,5.9,46.7,6517.5
PF018553,CROP024,Banana,Bihar,2023,7,6517.5,6751.4,7010.2,-4.7,48.1,5896.8
PF018554,CROP024,Banana,Bihar,2023,8,5896.8,6517.5,6751.4,-10.1,51.0,6347.5
PF018555,CROP024,Banana,Bihar,2023,9,6347.5,5896.8,6517.5,-11.1,45.0,5810.9
PF018556,CROP024,Banana,Bihar,2023,10,5810.9,6347.5,5896.8,20.7,31.1,5392.8
PF018557,CROP024,Banana,Bihar,2023,11,5392.8,5810.9,6347.5,9.7,55.2,6030.7
PF018558,CROP024,Banana,Bihar,2023,12,6030.7,5392.8,5810.9,17.5,72.0,6642.5
PF018591,CROP024,Banana,West Bengal,2021,4,5905.5,6010.2,6101.9,17.2,58.9,6048.0
PF018592,CROP024,Banana,West Bengal,2021,5,6048.0,5905.5,6010.2,18.2,48.1,5956.5
PF018593,CROP024,Banana,West Bengal,2021,6,5956.5,6048.0,5905.5,12.4,40.1,5541.2
PF018594,CROP024,Banana,West Bengal,2021,7,5541.2,5956.5,6048.0,12.6,57.9,5241.7
PF018595,CROP024,Banana,West Bengal,2021,8,5241.7,5541.2,5956.5,2.4,54.8,5098.3
PF018596,CROP024,Banana,West Bengal,2021,9,5098.3,5241.7,5541.2,6.8,45.5,5033.9
PF018597,CROP024,Banana,West Bengal,2021,10,5033.9,5098.3,5241.7,18.9,49.6,5017.7
PF018598,CROP024,Banana,West Bengal,2021,11,5017.7,5033.9,5098.3,20.0,60.9,5312.5
PF018599,CROP024,Banana,West Bengal,2021,12,5312.5,5017.7,5033.9,-0.7,67.6,5218.1
PF018600,CROP024,Banana,West Bengal,2022,1,5218.1,5312.5,5017.7,-14.6,67.6,5618.4
PF018601,CROP024,Banana,West Bengal,2022,2,5618.4,5218.1,5312.5,-23.2,51.3,6132.0
PF018602,CROP024,Banana,West Bengal,2022,3,6132.0,5618.4,5218.1,25.1,60.0,6005.1
PF018603,CROP024,Banana,West Bengal,2022,4,6005.1,6132.0,5618.4,-2.5,44.3,6212.2
PF018604,CROP024,Banana,West Bengal,2022,5,6212.2,6005.1,6132.0,16.7,62.4,5820.7
PF018605,CROP024,Banana,West Bengal,2022,6,5820.7,6212.2,6005.1,13.1,70.3,6045.0
PF018606,CROP024,Banana,West Bengal,2022,7,6045.0,5820.7,6212.2,14.6,58.6,5383.8
PF018607,CROP024,Banana,West Bengal,2022,8,5383.8,6045.0,5820.7,14.6,69.8,5118.9
PF018608,CROP024,Banana,West Bengal,2022,9,5118.9,5383.8,6045.0,11.9,75.9,4885.3
PF018609,CROP024,Banana,West Bengal,2022,10,4885.3,5118.9,5383.8,1.7,53.1,4922.4
PF018610,CROP024,Banana,West Bengal,2022,11,4922.4,4885.3,5118.9,-13.3,48.3,5188.7
PF018611,CROP024,Banana,West Bengal,2022,12,5188.7,4922.4,4885.3,-18.6,61.9,5787.5
PF018612,CROP024,Banana,West Bengal,2023,1,5787.5,5188.7,4922.4,-13.8,27.3,6239.4
PF018613,CROP024,Banana,West Bengal,2023,2,6239.4,5787.5,5188.7,-12.1,58.7,5798.4
PF018614,CROP024,Banana,West Bengal,2023,3,5798.4,6239.4,5787.5,-17.1,40.5,6122.6
PF018615,CROP024,Banana,West Bengal,2023,4,6122.6,5798.4,6239.4,3.7,62.6,6157.8
PF018616,CROP024,Banana,West Bengal,2023,5,6157.8,6122.6,5798.4,14.1,48.4,5478.7
PF018617,CROP024,Banana,West Bengal,2023,6,5478.7,6157.8,6122.6,-4.9,50.3,5289.7
PF018618,CROP024,Banana,West Bengal,2023,7,5289.7,5478.7,6157.8,0.1,39.8,5205.3
PF018619,CROP024,Banana,West Bengal,2023,8,5205.3,5289.7,5478.7,8.8,29.7,4903.0
PF018620,CROP024,Banana,West Bengal,2023,9,4903.0,5205.3,5289.7,-5.8,33.1,4936.4
PF018621,CROP024,Banana,West Bengal,2023,10,4936.4,4903.0,5205.3,5.7,48.4,5200.0
PF018622,CROP024,Banana,West Bengal,2023,11,5200.0,4936.4,4903.0,10.3,35.7,5105.4
PF018623,CROP024,Banana,West Bengal,2023,12,5105.4,5200.0,4936.4,32.0,64.9,5452.6
PF018656,CROP024,Banana,West Bengal,2021,4,5791.6,5283.1,5478.9,-0.7,56.7,5246.5
PF018657,CROP024,Banana,West Bengal,2021,5,5246.5,5791.6,5283.1,-14.7,33.4,5578.2
PF018658,CROP024,Banana,West Bengal,2021,6,5578.2,5246.5,5791.6,16.7,24.5,5657.5
PF018659,CROP024,Banana,West Bengal,2021,7,5657.5,5578.2,5246.5,-6.5,49.9,4708.7
PF018660,CROP024,Banana,West Bengal,2021,8,4708.7,5657.5,5578.2,0.9,53.5,4853.2
PF018661,CROP024,Banana,West Bengal,2021,9,4853.2,4708.7,5657.5,-8.7,49.6,4919.2
PF018662,CROP024,Banana,West Bengal,2021,10,4919.2,4853.2,4708.7,9.6,61.5,4729.8
PF018663,CROP024,Banana,West Bengal,2021,11,4729.8,4919.2,4853.2,-1.0,37.2,4906.9
PF018664,CROP024,Banana,West Bengal,2021,12,4906.9,4729.8,4919.2,15.5,62.0,5282.4
PF018665,CROP024,Banana,West Bengal,2022,1,5282.4,4906.9,4729.8,29.6,52.3,5682.3
PF018666,CROP024,Banana,West Bengal,2022,2,5682.3,5282.4,4906.9,1.7,55.3,5686.2
PF018667,CROP024,Banana,West Bengal,2022,3,5686.2,5682.3,5282.4,30.7,36.8,6214.4
PF018668,CROP024,Banana,West Bengal,2022,4,6214.4,5686.2,5682.3,0.7,35.9,5841.2
PF018669,CROP024,Banana,West Bengal,2022,5,5841.2,6214.4,5686.2,-2.4,55.3,5435.0
PF018670,CROP024,Banana,West Bengal,2022,6,5435.0,5841.2,6214.4,-0.1,49.8,5304.1
PF018671,CROP024,Banana,West Bengal,2022,7,5304.1,5435.0,5841.2,-3.4,44.5,5105.0
PF018672,CROP024,Banana,West Bengal,2022,8,5105.0,5304.1,5435.0,12.2,22.9,5029.9
PF018673,CROP024,Banana,West Bengal,2022,9,5029.9,5105.0,5304.1,-9.6,40.4,4830.3
PF018674,CROP024,Banana,West Bengal,2022,10,4830.3,5029.9,5105.0,8.3,26.6,4817.5
PF018675,CROP024,Banana,West Bengal,2022,11,4817.5,4830.3,5029.9,-12.3,42.7,4942.7
PF018676,CROP024,Banana,West Bengal,2022,12,4942.7,4817.5,4830.3,-15.0,16.3,5229.6
PF018677,CROP024,Banana,West Bengal,2023,1,5229.6,4942.7,4817.5,-9.8,58.6,5911.4
PF018678,CROP024,Banana,West Bengal,2023,2,5911.4,5229.6,4942.7,-3.8,62.0,6016.0
PF018679,CROP024,Banana,West Bengal,2023,3,6016.0,5911.4,5229.6,-18.8,42.1,5574.1
PF018680,CROP024,Banana,West Bengal,2023,4,5574.1,6016.0,5911.4,12.6,42.0,5651.5
PF018681,CROP024,Banana,West Bengal,2023,5,5651.5,5574.1,6016.0,7.1,57.4,5724.6
PF018682,CROP024,Banana,West Bengal,2023,6,5724.6,5651.5,5574.1,21.2,66.4,5251.4
PF018683,CROP024,Banana,West Bengal,2023,7,5251.4,5724.6,5651.5,-11.9,61.5,5393.5
PF018684,CROP024,Banana,West Bengal,2023,8,5393.5,5251.4,5724.6,18.3,32.7,4579.3
PF018685,CROP024,Banana,West Bengal,2023,9,4579.3,5393.5,5251.4,18.3,62.7,4948.2
PF018686,CROP024,Banana,West Bengal,2023,10,4948.2,4579.3,5393.5,-26.3,53.8,4741.9
PF018687,CROP024,Banana,West Bengal,2023,11,4741.9,4948.2,4579.3,-18.3,69.0,5193.7
PF018688,CROP024,Banana,West Bengal,2023,12,5193.7,4741.9,4948.2,2.4,52.6,5234.6
PF018721,CROP025,Mango,Punjab,2021,4,4488.5,4552.6,4402.3,24.1,48.5,4638.2
PF018722,CROP025,Mango,Punjab,2021,5,4638.2,4488.5,4552.6,8.0,62.8,4195.6
PF018723,CROP025,Mango,Punjab,2021,6,4195.6,4638.2,4488.5,23.9,54.3,4000.0
PF018724,CROP025,Mango,Punjab,2021,7,4000.0,4195.6,4638.2,-14.6,40.6,3719.2
PF018725,CROP025,Mango,Punjab,2021,8,3719.2,4000.0,4195.6,21.1,53.4,3508.8
PF018726,CROP025,Mango,Punjab,2021,9,3508.8,3719.2,4000.0,5.8,66.9,3804.7
PF018727,CROP025,Mango,Punjab,2021,10,3804.7,3508.8,3719.2,-16.3,72.2,3945.4
PF018728,CROP025,Mango,Punjab,2021,11,3945.4,3804.7,3508.8,6.1,56.3,3876.8
PF018729,CROP025,Mango,Punjab,2021,12,3876.8,3945.4,3804.7,13.7,50.6,4177.8
PF018730,CROP025,Mango,Punjab,2022,1,4177.8,3876.8,3945.4,-6.3,44.9,4469.2
PF018731,CROP025,Mango,Punjab,2022,2,4469.2,4177.8,3876.8,-5.1,49.4,4131.9
PF018732,CROP025,Mango,Punjab,2022,3,4131.9,4469.2,4177.8,7.0,43.1,4293.0
PF018733,CROP025,Mango,Punjab,2022,4,4293.0,4131.9,4469.2,-12.7,37.9,4550.6
PF018734,CROP025,Mango,Punjab,2022,5,4550.6,4293.0,4131.9,12.5,48.2,4360.1
PF018735,CROP025,Mango,Punjab,2022,6,4360.1,4550.6,4293.0,13.4,41.1,4185.1
PF018736,CROP025,Mango,Punjab,2022,7,4185.1,4360.1,4550.6,6.4,45.2,3727.5
PF018737,CROP025,Mango,Punjab,2022,8,3727.5,4185.1,4360.1,1.5,56.7,3614.5
PF018738,CROP025,Mango,Punjab,2022,9,3614.5,3727.5,4185.1,0.2,32.8,3632.7
PF018739,CROP025,Mango,Punjab,2022,10,3632.7,3614.5,3727.5,26.1,47.3,4020.7
PF018740,CROP025,Mango,Punjab,2022,11,4020.7,3632.7,3614.5,-13.0,52.3,3538.0
PF018741,CROP025,Mango,Punjab,2022,12,3538.0,4020.7,3632.7,-15.9,24.1,3635.4
PF018742,CROP025,Mango,Punjab,2023,1,3635.4,3538.0,4020.7,9.4,46.2,4328.7
PF018743,CROP025,Mango,Punjab,2023,2,4328.7,3635.4,3538.0,10.2,26.5,4433.2
PF018744,CROP025,Mango,Punjab,2023,3,4433.2,4328.7,3635.4,-18.7,36.1,4459.0
PF018745,CROP025,Mango,Punjab,2023,4,4459.0,4433.2,4328.7,6.3,49.1,4568.2
PF018746,CROP025,Mango,Punjab,2023,5,4568.2,4459.0,4433.2,3.5,58.0,4070.0
PF018747,CROP025,Mango,Punjab,2023,6,4070.0,4568.2,4459.0,-6.3,50.0,4321.4
PF018748,CROP025,Mango,Punjab,2023,7,4321.4,4070.0,4568.2,21.6,42.8,3822.1
PF018749,CROP025,Mango,Punjab,2023,8,3822.1,4321.4,4070.0,0.7,44.0,3906.3
PF018750,CROP025,Mango,Punjab,2023,9,3906.3,3822.1,4321.4,11.8,64.3,3764.8
PF018751,CROP025,Mango,Punjab,2023,10,3764.8,3906.3,3822.1,-8.8,43.9,3839.0
PF018752,CROP025,Mango,Punjab,2023,11,3839.0,3764.8,3906.3,16.5,26.2,3763.1
PF018753,CROP025,Mango,Punjab,2023,12,3763.1,3839.0,3764.8,8.3,70.5,4094.5
PF018786,CROP025,Mango,Punjab,2021,4,4604.9,4388.4,4421.2,1.2,31.4,4449.3
PF018787,CROP025,Mango,Punjab,2021,5,4449.3,4604.9,4388.4,15.7,46.6,4300.6
PF018788,CROP025,Mango,Punjab,2021,6,4300.6,4449.3,4604.9,4.6,49.2,4124.1
PF018789,CROP025,Mango,Punjab,2021,7,4124.1,4300.6,4449.3,-24.7,32.8,4025.4
PF018790,CROP025,Mango,Punjab,2021,8,4025.4,4124.1,4300.6,21.8,61.3,3559.1
PF018791,CROP025,Mango,Punjab,2021,9,3559.1,4025.4,4124.1,3.5,49.9,3781.1
PF018792,CROP025,Mango,Punjab,2021,10,3781.1,3559.1,4025.4,-14.7,52.4,3848.5
PF018793,CROP025,Mango,Punjab,2021,11,3848.5,3781.1,3559.1,-7.3,61.5,3757.0
PF018794,CROP025,Mango,Punjab,2021,12,3757.0,3848.5,3781.1,10.4,54.7,4008.1
PF018795,CROP025,Mango,Punjab,2022,1,4008.1,3757.0,3848.5,5.5,44.6,4417.5
PF018796,CROP025,Mango,Punjab,2022,2,4417.5,4008.1,3757.0,-7.9,42.7,4386.9
PF018797,CROP025,Mango,Punjab,2022,3,4386.9,4417.5,4008.1,-10.9,56.2,4358.5
PF018798,CROP025,Mango,Punjab,2022,4,4358.5,4386.9,4417.5,15.5,43.1,4199.9
PF018799,CROP025,Mango,Punjab,2022,5,4199.9,4358.5,4386.9,-8.6,48.2,4234.1
PF018800,CROP025,Mango,Punjab,2022,6,4234.1,4199.9,4358.5,11.3,38.7,4061.8
PF018801,CROP025,Mango,Punjab,2022,7,4061.8,4234.1,4199.9,13.2,28.0,4171.9
PF018802,CROP025,Mango,Punjab,2022,8,4171.9,4061.8,4234.1,13.0,52.5,3900.9
PF018803,CROP025,Mango,Punjab,2022,9,3900.9,4171.9,4061.8,2.9,73.3,3927.1
PF018804,CROP025,Mango,Punjab,2022,10,3927.1,3900.9,4171.9,12.4,73.7,3913.1
PF018805,CROP025,Mango,Punjab,2022,11,3913.1,3927.1,3900.9,6.1,43.5,4049.8
PF018806,CROP025,Mango,Punjab,2022,12,4049.8,3913.1,3927.1,30.4,25.3,4027.5
PF018807,CROP025,Mango,Punjab,2023,1,4027.5,4049.8,3913.1,9.3,43.1,4496.8
PF018808,CROP025,Mango,Punjab,2023,2,4496.8,4027.5,4049.8,17.3,48.8,4576.8
PF018809,CROP025,Mango,Punjab,2023,3,4576.8,4496.8,4027.5,-10.2,62.4,4798.0
PF018810,CROP025,Mango,Punjab,2023,4,4798.0,4576.8,4496.8,24.5,39.2,4307.2
PF018811,CROP025,Mango,Punjab,2023,5,4307.2,4798.0,4576.8,-14.5,45.2,4269.4
PF018812,CROP025,Mango,Punjab,2023,6,4269.4,4307.2,4798.0,0.9,73.6,4682.9
PF018813,CROP025,Mango,Punjab,2023,7,4682.9,4269.4,4307.2,0.0,59.8,4190.2
PF018814,CROP025,Mango,Punjab,2023,8,4190.2,4682.9,4269.4,20.6,51.5,3702.5
PF018815,CROP025,Mango,Punjab,2023,9,3702.5,4190.2,4682.9,-12.1,50.9,3415.3
PF018816,CROP025,Mango,Punjab,2023,10,3415.3,3702.5,4190.2,9.0,36.0,3726.5
PF018817,CROP025,Mango,Punjab,2023,11,3726.5,3415.3,3702.5,-5.3,45.3,4005.7
PF018818,CROP025,Mango,Punjab,2023,12,4005.7,3726.5,3415.3,-10.6,46.4,4104.2
PF018851,CROP025,Mango,Punjab,2021,4,4043.5,3728.2,3557.6,-6.0,57.5,3781.9
PF018852,CROP025,Mango,Punjab,2021,5,3781.9,4043.5,3728.2,10.0,46.9,3474.6
PF018853,CROP025,Mango,Punjab,2021,6,3474.6,3781.9,4043.5,-9.4,44.8,3403.9
PF018854,CROP025,Mango,Punjab,2021,7,3403.9,3474.6,3781.9,-6.0,61.2,3354.2
PF018855,CROP025,Mango,Punjab,2021,8,3354.2,3403.9,3474.6,12.8,46.9,3146.3
PF018856,CROP025,Mango,Punjab,2021,9,3146.3,3354.2,3403.9,5.5,52.2,2995.4
PF018857,CROP025,Mango,Punjab,2021,10,2995.4,3146.3,3354.2,-7.6,58.9,3231.9
PF018858,CROP025,Mango,Punjab,2021,11,3231.9,2995.4,3146.3,-6.1,61.3,3212.8
PF018859,CROP025,Mango,Punjab,2021,12,3212.8,3231.9,2995.4,-0.5,41.7,3446.9
PF018860,CROP025,Mango,Punjab,2022,1,3446.9,3212.8,3231.9,-0.9,60.1,3557.5
PF018861,CROP025,Mango,Punjab,2022,2,3557.5,3446.9,3212.8,-17.6,49.3,3796.0
PF018862,CROP025,Mango,Punjab,2022,3,3796.0,3557.5,3446.9,14.7,35.7,3755.8
PF018863,CROP025,Mango,Punjab,2022,4,3755.8,3796.0,3557.5,17.1,51.7,3750.1
PF018864,CROP025,Mango,Punjab,2022,5,3750.1,3755.8,3796.0,-11.5,40.9,3834.1
PF018865,CROP025,Mango,Punjab,2022,6,3834.1,3750.1,3755.8,16.0,49.9,3278.5
PF018866,CROP025,Mango,Punjab,2022,7,3278.5,3834.1,3750.1,2.9,66.1,3195.9
PF018867,CROP025,Mango,Punjab,2022,8,3195.9,3278.5,3834.1,-9.4,41.6,2939.2
PF018868,CROP025,Mango,Punjab,2022,9,2939.2,3195.9,3278.5,8.9,27.1,3102.8
PF018869,CROP025,Mango,Punjab,2022,10,3102.8,2939.2,3195.9,7.9,51.1,3323.3
PF018870,CROP025,Mango,Punjab,2022,11,3323.3,3102.8,2939.2,7.5,45.6,3368.9
PF018871,CROP025,Mango,Punjab,2022,12,3368.9,3323.3,3102.8,12.7,29.2,3339.8
PF018872,CROP025,Mango,Punjab,2023,1,3339.8,3368.9,3323.3,-0.1,55.3,3785.7
PF018873,CROP025,Mango,Punjab,2023,2,3785.7,3339.8,3368.9,12.6,47.5,4027.7
PF018874,CROP025,Mango,Punjab,2023,3,4027.7,3785.7,3339.8,0.8,50.6,3602.5
PF018875,CROP025,Mango,Punjab,2023,4,3602.5,4027.7,3785.7,40.3,45.2,3698.4
PF018876,CROP025,Mango,Punjab,2023,5,3698.4,3602.5,4027.7,-12.7,81.5,3603.1
PF018877,CROP025,Mango,Punjab,2023,6,3603.1,3698.4,3602.5,-1.6,54.9,3644.9
PF018878,CROP025,Mango,Punjab,2023,7,3644.9,3603.1,3698.4,5.2,39.5,3215.1
PF018879,CROP025,Mango,Punjab,2023,8,3215.1,3644.9,3603.1,3.3,48.0,3143.0
PF018880,CROP025,Mango,Punjab,2023,9,3143.0,3215.1,3644.9,-22.5,59.3,3190.8
PF018881,CROP025,Mango,Punjab,2023,10,3190.8,3143.0,3215.1,-6.7,62.2,3175.3
PF018882,CROP025,Mango,Punjab,2023,11,3175.3,3190.8,3143.0,16.6,66.3,3208.9
PF018883,CROP025,Mango,Punjab,2023,12,3208.9,3175.3,3190.8,16.4,77.3,3309.4
PF018916,CROP025,Mango,Haryana,2021,4,4463.4,4111.5,3878.1,12.4,74.9,4071.8
PF018917,CROP025,Mango,Haryana,2021,5,4071.8,4463.4,4111.5,-12.8,32.5,4129.4
PF018918,CROP025,Mango,Haryana,2021,6,4129.4,4071.8,4463.4,-21.7,54.4,3727.1
PF018919,CROP025,Mango,Haryana,2021,7,3727.1,4129.4,4071.8,0.2,63.3,3669.2
PF018920,CROP025,Mango,Haryana,2021,8,3669.2,3727.1,4129.4,-3.7,41.1,3441.9
PF018921,CROP025,Mango,Haryana,2021,9,3441.9,3669.2,3727.1,-3.0,56.5,3364.0
PF018922,CROP025,Mango,Haryana,2021,10,3364.0,3441.9,3669.2,-11.9,47.9,3680.6
PF018923,CROP025,Mango,Haryana,2021,11,3680.6,3364.0,3441.9,-11.9,59.7,3666.8
PF018924,CROP025,Mango,Haryana,2021,12,3666.8,3680.6,3364.0,-15.8,50.1,4079.5
PF018925,CROP025,Mango,Haryana,2022,1,4079.5,3666.8,3680.6,28.6,60.5,4139.7
PF018926,CROP025,Mango,Haryana,2022,2,4139.7,4079.5,3666.8,-24.2,52.2,4150.2
PF018927,CROP025,Mango,Haryana,2022,3,4150.2,4139.7,4079.5,-12.9,51.1,4550.9
PF018928,CROP025,Mango,Haryana,2022,4,4550.9,4150.2,4139.7,-10.3,55.5,4244.2
PF018929,CROP025,Mango,Haryana,2022,5,4244.2,4550.9,4150.2,13.9,65.7,4258.8
PF018930,CROP025,Mango,Haryana,2022,6,4258.8,4244.2,4550.9,-30.7,61.5,4132.6
PF018931,CROP025,Mango,Haryana,2022,7,4132.6,4258.8,4244.2,8.7,52.0,3677.0
PF018932,CROP025,Mango,Haryana,2022,8,3677.0,4132.6,4258.8,8.7,59.2,3818.1
PF018933,CROP025,Mango,Haryana,2022,9,3818.1,3677.0,4132.6,-7.3,64.7,3281.5
PF018934,CROP025,Mango,Haryana,2022,10,3281.5,3818.1,3677.0,10.0,48.6,3449.2
PF018935,CROP025,Mango,Haryana,2022,11,3449.2,3281.5,3818.1,2.3,58.0,3723.5
PF018936,CROP025,Mango,Haryana,2022,12,3723.5,3449.2,3281.5,17.8,45.3,4064.7
PF018937,CROP025,Mango,Haryana,2023,1,4064.7,3723.5,3449.2,-10.4,58.4,4416.1
PF018938,CROP025,Mango,Haryana,2023,2,4416.1,4064.7,3723.5,5.5,38.0,4609.5
PF018939,CROP025,Mango,Haryana,2023,3,4609.5,4416.1,4064.7,-0.7,49.4,4301.6
PF018940,CROP025,Mango,Haryana,2023,4,4301.6,4609.5,4416.1,-10.5,23.9,4313.9
PF018941,CROP025,Mango,Haryana,2023,5,4313.9,4301.6,4609.5,-7.1,69.5,4225.8
PF018942,CROP025,Mango,Haryana,2023,6,4225.8,4313.9,4301.6,-11.1,42.0,3989.1
PF018943,CROP025,Mango,Haryana,2023,7,3989.1,4225.8,4313.9,-8.6,71.2,3935.2
PF018944,CROP025,Mango,Haryana,2023,8,3935.2,3989.1,4225.8,14.7,57.9,3821.6
PF018945,CROP025,Mango,Haryana,2023,9,3821.6,3935.2,3989.1,3.5,59.8,3650.4
PF018946,CROP025,Mango,Haryana,2023,10,3650.4,3821.6,3935.2,-12.9,36.7,3675.0
PF018947,CROP025,Mango,Haryana,2023,11,3675.0,3650.4,3821.6,-6.4,56.5,3824.7
PF018948,CROP025,Mango,Haryana,2023,12,3824.7,3675.0,3650.4,20.5,45.8,4122.4
PF018981,CROP025,Mango,Haryana,2021,4,4728.9,4595.7,4433.7,1.1,43.1,4597.0
PF018982,CROP025,Mango,Haryana,2021,5,4597.0,4728.9,4595.7,-15.2,75.0,4394.8
PF018983,CROP025,Mango,Haryana,2021,6,4394.8,4597.0,4728.9,1.4,42.8,4132.3
PF018984,CROP025,Mango,Haryana,2021,7,4132.3,4394.8,4597.0,-2.3,41.9,3923.5
PF018985,CROP025,Mango,Haryana,2021,8,3923.5,4132.3,4394.8,-6.1,66.9,3699.7
PF018986,CROP025,Mango,Haryana,2021,9,3699.7,3923.5,4132.3,1.2,31.0,3898.8
PF018987,CROP025,Mango,Haryana,2021,10,3898.8,3699.7,3923.5,11.7,36.7,4181.8
PF018988,CROP025,Mango,Haryana,2021,11,4181.8,3898.8,3699.7,20.7,50.7,4105.9
PF018989,CROP025,Mango,Haryana,2021,12,4105.9,4181.8,3898.8,8.2,48.7,4105.1
PF018990,CROP025,Mango,Haryana,2022,1,4105.1,4105.9,4181.8,-10.5,27.5,4700.2
PF018991,CROP025,Mango,Haryana,2022,2,4700.2,4105.1,4105.9,-12.5,54.6,4657.8
PF018992,CROP025,Mango,Haryana,2022,3,4657.8,4700.2,4105.1,-3.0,66.8,4675.1
PF018993,CROP025,Mango,Haryana,2022,4,4675.1,4657.8,4700.2,-22.3,56.4,4493.4
PF018994,CROP025,Mango,Haryana,2022,5,4493.4,4675.1,4657.8,19.2,60.5,4412.4
PF018995,CROP025,Mango,Haryana,2022,6,4412.4,4493.4,4675.1,-23.7,50.4,4183.9
PF018996,CROP025,Mango,Haryana,2022,7,4183.9,4412.4,4493.4,-4.3,49.2,4129.1
PF018997,CROP025,Mango,Haryana,2022,8,4129.1,4183.9,4412.4,1.3,35.8,3947.7
PF018998,CROP025,Mango,Haryana,2022,9,3947.7,4129.1,4183.9,18.6,38.8,3911.5
PF018999,CROP025,Mango,Haryana,2022,10,3911.5,3947.7,4129.1,-4.8,41.3,4168.5
PF019000,CROP025,Mango,Haryana,2022,11,4168.5,3911.5,3947.7,-7.6,47.1,3917.6
PF019001,CROP025,Mango,Haryana,2022,12,3917.6,4168.5,3911.5,-2.9,38.3,4216.6
PF019002,CROP025,Mango,Haryana,2023,1,4216.6,3917.6,4168.5,32.9,55.6,4566.9
PF019003,CROP025,Mango,Haryana,2023,2,4566.9,4216.6,3917.6,-3.9,61.4,4802.4
PF019004,CROP025,Mango,Haryana,2023,3,4802.4,4566.9,4216.6,16.4,51.0,4380.6
PF019005,CROP025,Mango,Haryana,2023,4,4380.6,4802.4,4566.9,-3.4,86.8,4603.2
PF019006,CROP025,Mango,Haryana,2023,5,4603.2,4380.6,4802.4,6.6,45.5,4590.5
PF019007,CROP025,Mango,Haryana,2023,6,4590.5,4603.2,4380.6,-5.7,74.1,4166.0
PF019008,CROP025,Mango,Haryana,2023,7,4166.0,4590.5,4603.2,6.6,46.7,4180.5
PF019009,CROP025,Mango,Haryana,2023,8,4180.5,4166.0,4590.5,-5.4,65.7,3978.9
PF019010,CROP025,Mango,Haryana,2023,9,3978.9,4180.5,4166.0,16.9,68.9,3958.9
PF019011,CROP025,Mango,Haryana,2023,10,3958.9,3978.9,4180.5,0.9,38.2,4051.4
PF019012,CROP025,Mango,Haryana,2023,11,4051.4,3958.9,3978.9,-15.7,50.9,4478.5
PF019013,CROP025,Mango,Haryana,2023,12,4478.5,4051.4,3958.9,3.7,36.8,4131.6
PF019046,CROP025,Mango,Uttar Pradesh,2021,4,3804.7,3833.0,3447.7,-6.3,55.3,3615.1
PF019047,CROP025,Mango,Uttar Pradesh,2021,5,3615.1,3804.7,3833.0,-4.9,54.1,3442.7
PF019048,CROP025,Mango,Uttar Pradesh,2021,6,3442.7,3615.1,3804.7,-15.8,47.8,3249.0
PF019049,CROP025,Mango,Uttar Pradesh,2021,7,3249.0,3442.7,3615.1,-2.9,35.8,3126.6
PF019050,CROP025,Mango,Uttar Pradesh,2021,8,3126.6,3249.0,3442.7,-3.3,41.8,3043.9
PF019051,CROP025,Mango,Uttar Pradesh,2021,9,3043.9,3126.6,3249.0,-14.0,29.5,3086.5
PF019052,CROP025,Mango,Uttar Pradesh,2021,10,3086.5,3043.9,3126.6,-29.2,44.2,3119.7
PF019053,CROP025,Mango,Uttar Pradesh,2021,11,3119.7,3086.5,3043.9,-6.8,62.9,3159.5
PF019054,CROP025,Mango,Uttar Pradesh,2021,12,3159.5,3119.7,3086.5,-2.1,47.8,3295.5
PF019055,CROP025,Mango,Uttar Pradesh,2022,1,3295.5,3159.5,3119.7,16.0,52.4,3307.8
PF019056,CROP025,Mango,Uttar Pradesh,2022,2,3307.8,3295.5,3159.5,-35.3,41.8,3805.2
PF019057,CROP025,Mango,Uttar Pradesh,2022,3,3805.2,3307.8,3295.5,13.8,72.7,3904.5
PF019058,CROP025,Mango,Uttar Pradesh,2022,4,3904.5,3805.2,3307.8,3.0,54.8,3628.3
PF019059,CROP025,Mango,Uttar Pradesh,2022,5,3628.3,3904.5,3805.2,29.7,50.2,3424.5
PF019060,CROP025,Mango,Uttar Pradesh,2022,6,3424.5,3628.3,3904.5,2.5,57.3,3152.8
PF019061,CROP025,Mango,Uttar Pradesh,2022,7,3152.8,3424.5,3628.3,-21.9,66.5,3324.6
PF019062,CROP025,Mango,Uttar Pradesh,2022,8,3324.6,3152.8,3424.5,-19.7,66.2,3009.2
PF019063,CROP025,Mango,Uttar Pradesh,2022,9,3009.2,3324.6,3152.8,-10.0,55.0,3151.0
PF019064,CROP025,Mango,Uttar Pradesh,2022,10,3151.0,3009.2,3324.6,-36.7,31.8,3007.9
PF019065,CROP025,Mango,Uttar Pradesh,2022,11,3007.9,3151.0,3009.2,1.1,31.9,3197.6
PF019066,CROP025,Mango,Uttar Pradesh,2022,12,3197.6,3007.9,3151.0,-6.4,55.7,3294.1
PF019067,CROP025,Mango,Uttar Pradesh,2023,1,3294.1,3197.6,3007.9,-6.6,68.1,3471.1
PF019068,CROP025,Mango,Uttar Pradesh,2023,2,3471.1,3294.1,3197.6,23.6,49.6,3531.7
PF019069,CROP025,Mango,Uttar Pradesh,2023,3,3531.7,3471.1,3294.1,-15.2,54.9,3848.5
PF019070,CROP025,Mango,Uttar Pradesh,2023,4,3848.5,3531.7,3471.1,13.3,39.5,3905.2
PF019071,CROP025,Mango,Uttar Pradesh,2023,5,3905.2,3848.5,3531.7,5.1,52.0,3388.3
PF019072,CROP025,Mango,Uttar Pradesh,2023,6,3388.3,3905.2,3848.5,9.0,76.2,3444.0
PF019073,CROP025,Mango,Uttar Pradesh,2023,7,3444.0,3388.3,3905.2,-3.7,54.3,3487.6
PF019074,CROP025,Mango,Uttar Pradesh,2023,8,3487.6,3444.0,3388.3,26.0,62.9,3544.9
PF019075,CROP025,Mango,Uttar Pradesh,2023,9,3544.9,3487.6,3444.0,0.2,67.5,3042.2
PF019076,CROP025,Mango,Uttar Pradesh,2023,10,3042.2,3544.9,3487.6,-19.7,40.0,3276.4
PF019077,CROP025,Mango,Uttar Pradesh,2023,11,3276.4,3042.2,3544.9,-21.4,42.5,3482.9
PF019078,CROP025,Mango,Uttar Pradesh,2023,12,3482.9,3276.4,3042.2,-10.2,13.9,3592.1
PF019111,CROP025,Mango,Uttar Pradesh,2021,4,4938.3,4593.3,4422.7,24.1,66.2,5206.7
PF019112,CROP025,Mango,Uttar Pradesh,2021,5,5206.7,4938.3,4593.3,-4.9,53.2,4692.6
PF019113,CROP025,Mango,Uttar Pradesh,2021,6,4692.6,5206.7,4938.3,26.3,52.4,4481.1
PF019114,CROP025,Mango,Uttar Pradesh,2021,7,4481.1,4692.6,5206.7,5.6,68.5,4448.5
PF019115,CROP025,Mango,Uttar Pradesh,2021,8,4448.5,4481.1,4692.6,-2.9,39.4,3906.1
PF019116,CROP025,Mango,Uttar Pradesh,2021,9,3906.1,4448.5,4481.1,2.0,55.1,4008.5
PF019117,CROP025,Mango,Uttar Pradesh,2021,10,4008.5,3906.1,4448.5,-9.0,54.5,3958.4
PF019118,CROP025,Mango,Uttar Pradesh,2021,11,3958.4,4008.5,3906.1,-23.4,62.5,3988.1
PF019119,CROP025,Mango,Uttar Pradesh,2021,12,3988.1,3958.4,4008.5,-6.6,78.1,4572.3
PF019120,CROP025,Mango,Uttar Pradesh,2022,1,4572.3,3988.1,3958.4,-9.5,40.9,4611.5
PF019121,CROP025,Mango,Uttar Pradesh,2022,2,4611.5,4572.3,3988.1,2.3,69.7,4603.4
PF019122,CROP025,Mango,Uttar Pradesh,2022,3,4603.4,4611.5,4572.3,1.1,68.3,5052.4
PF019123,CROP025,Mango,Uttar Pradesh,2022,4,5052.4,4603.4,4611.5,14.1,26.6,4702.0
PF019124,CROP025,Mango,Uttar Pradesh,2022,5,4702.0,5052.4,4603.4,-12.2,67.6,4762.0
PF019125,CROP025,Mango,Uttar Pradesh,2022,6,4762.0,4702.0,5052.4,-19.4,55.7,4784.3
PF019126,CROP025,Mango,Uttar Pradesh,2022,7,4784.3,4762.0,4702.0,1.0,34.7,4317.4
PF019127,CROP025,Mango,Uttar Pradesh,2022,8,4317.4,4784.3,4762.0,-0.1,46.5,4104.1
PF019128,CROP025,Mango,Uttar Pradesh,2022,9,4104.1,4317.4,4784.3,-0.2,64.4,4060.1
PF019129,CROP025,Mango,Uttar Pradesh,2022,10,4060.1,4104.1,4317.4,6.4,70.9,4177.3
PF019130,CROP025,Mango,Uttar Pradesh,2022,11,4177.3,4060.1,4104.1,13.5,58.4,3807.1
PF019131,CROP025,Mango,Uttar Pradesh,2022,12,3807.1,4177.3,4060.1,12.5,54.0,4674.3
PF019132,CROP025,Mango,Uttar Pradesh,2023,1,4674.3,3807.1,4177.3,-13.0,51.0,4364.9
PF019133,CROP025,Mango,Uttar Pradesh,2023,2,4364.9,4674.3,3807.1,0.6,58.1,4800.4
PF019134,CROP025,Mango,Uttar Pradesh,2023,3,4800.4,4364.9,4674.3,-0.5,47.9,4820.1
PF019135,CROP025,Mango,Uttar Pradesh,2023,4,4820.1,4800.4,4364.9,-10.5,40.8,4832.2
PF019136,CROP025,Mango,Uttar Pradesh,2023,5,4832.2,4820.1,4800.4,-19.5,39.4,4496.0
PF019137,CROP025,Mango,Uttar Pradesh,2023,6,4496.0,4832.2,4820.1,9.7,46.7,4605.3
PF019138,CROP025,Mango,Uttar Pradesh,2023,7,4605.3,4496.0,4832.2,-3.2,57.0,4166.8
PF019139,CROP025,Mango,Uttar Pradesh,2023,8,4166.8,4605.3,4496.0,19.3,54.8,4001.5
PF019140,CROP025,Mango,Uttar Pradesh,2023,9,4001.5,4166.8,4605.3,-18.1,58.3,4134.3
PF019141,CROP025,Mango,Uttar Pradesh,2023,10,4134.3,4001.5,4166.8,-6.5,55.0,4132.6
PF019142,CROP025,Mango,Uttar Pradesh,2023,11,4132.6,4134.3,4001.5,1.6,74.4,4053.0
PF019143,CROP025,Mango,Uttar Pradesh,2023,12,4053.0,4132.6,4134.3,-8.6,41.1,4475.9
PF019176,CROP025,Mango,Uttar Pradesh,2021,4,4642.9,4810.5,4310.5,5.3,30.6,4650.0
PF019177,CROP025,Mango,Uttar Pradesh,2021,5,4650.0,4642.9,4810.5,-22.0,47.7,4132.1
PF019178,CROP025,Mango,Uttar Pradesh,2021,6,4132.1,4650.0,4642.9,1.0,76.1,3969.9
PF019179,CROP025,Mango,Uttar Pradesh,2021,7,3969.9,4132.1,4650.0,-8.3,35.2,3751.6
PF019180,CROP025,Mango,Uttar Pradesh,2021,8,3751.6,3969.9,4132.1,-11.7,56.7,3500.5
PF019181,CROP025,Mango,Uttar Pradesh,2021,9,3500.5,3751.6,3969.9,14.5,57.5,3683.7
PF019182,CROP025,Mango,Uttar Pradesh,2021,10,3683.7,3500.5,3751.6,22.2,36.5,3621.9
PF019183,CROP025,Mango,Uttar Pradesh,2021,11,3621.9,3683.7,3500.5,-20.4,48.4,4040.3
PF019184,CROP025,Mango,Uttar Pradesh,2021,12,4040.3,3621.9,3683.7,-1.9,36.4,3977.8
PF019185,CROP025,Mango,Uttar Pradesh,2022,1,3977.8,4040.3,3621.9,10.2,59.8,4396.6
PF019186,CROP025,Mango,Uttar Pradesh,2022,2,4396.6,3977.8,4040.3,-16.6,44.9,4784.2
PF019187,CROP025,Mango,Uttar Pradesh,2022,3,4784.2,4396.6,3977.8,-4.1,54.7,4302.4
PF019188,CROP025,Mango,Uttar Pradesh,2022,4,4302.4,4784.2,4396.6,-8.4,57.8,4506.6
PF019189,CROP025,Mango,Uttar Pradesh,2022,5,4506.6,4302.4,4784.2,-17.5,35.2,4473.5
PF019190,CROP025,Mango,Uttar Pradesh,2022,6,4473.5,4506.6,4302.4,39.5,38.0,3822.8
PF019191,CROP025,Mango,Uttar Pradesh,2022,7,3822.8,4473.5,4506.6,2.5,24.7,3980.7
PF019192,CROP025,Mango,Uttar Pradesh,2022,8,3980.7,3822.8,4473.5,7.8,68.7,3809.0
PF019193,CROP025,Mango,Uttar Pradesh,2022,9,3809.0,3980.7,3822.8,-12.5,38.0,3838.1
PF019194,CROP025,Mango,Uttar Pradesh,2022,10,3838.1,3809.0,3980.7,7.5,45.1,3647.8
PF019195,CROP025,Mango,Uttar Pradesh,2022,11,3647.8,3838.1,3809.0,-19.4,68.9,3853.0
PF019196,CROP025,Mango,Uttar Pradesh,2022,12,3853.0,3647.8,3838.1,12.9,39.4,4244.6
PF019197,CROP025,Mango,Uttar Pradesh,2023,1,4244.6,3853.0,3647.8,11.6,75.5,4277.0
PF019198,CROP025,Mango,Uttar Pradesh,2023,2,4277.0,4244.6,3853.0,7.7,44.4,4616.7
PF019199,CROP025,Mango,Uttar Pradesh,2023,3,4616.7,4277.0,4244.6,10.9,28.2,4540.1
PF019200,CROP025,Mango,Uttar Pradesh,2023,4,4540.1,4616.7,4277.0,-3.4,32.3,4501.8
PF019201,CROP025,Mango,Uttar Pradesh,2023,5,4501.8,4540.1,4616.7,18.0,52.7,4223.8
PF019202,CROP025,Mango,Uttar Pradesh,2023,6,4223.8,4501.8,4540.1,-11.5,45.4,4202.4
PF019203,CROP025,Mango,Uttar Pradesh,2023,7,4202.4,4223.8,4501.8,-2.5,80.9,3799.3
PF019204,CROP025,Mango,Uttar Pradesh,2023,8,3799.3,4202.4,4223.8,-16.8,47.5,3945.7
PF019205,CROP025,Mango,Uttar Pradesh,2023,9,3945.7,3799.3,4202.4,-9.9,70.1,3683.6
PF019206,CROP025,Mango,Uttar Pradesh,2023,10,3683.6,3945.7,3799.3,-10.8,44.4,3755.0
PF019207,CROP025,Mango,Uttar Pradesh,2023,11,3755.0,3683.6,3945.7,0.1,60.1,3816.8
PF019208,CROP025,Mango,Uttar Pradesh,2023,12,3816.8,3755.0,3683.6,-0.5,46.7,4004.9
PF019241,CROP025,Mango,Bihar,2021,4,3739.5,3516.4,3790.0,-5.0,68.6,3736.5
PF019242,CROP025,Mango,Bihar,2021,5,3736.5,3739.5,3516.4,-9.8,78.0,3617.9
PF019243,CROP025,Mango,Bihar,2021,6,3617.9,3736.5,3739.5,-12.7,30.0,3519.1
PF019244,CROP025,Mango,Bihar,2021,7,3519.1,3617.9,3736.5,-30.2,29.2,3219.0
PF019245,CROP025,Mango,Bihar,2021,8,3219.0,3519.1,3617.9,-16.8,54.6,3085.4
PF019246,CROP025,Mango,Bihar,2021,9,3085.4,3219.0,3519.1,5.2,50.7,3208.1
PF019247,CROP025,Mango,Bihar,2021,10,3208.1,3085.4,3219.0,11.2,24.3,3123.7
PF019248,CROP025,Mango,Bihar,2021,11,3123.7,3208.1,3085.4,17.1,56.8,3167.2
PF019249,CROP025,Mango,Bihar,2021,12,3167.2,3123.7,3208.1,1.4,77.7,3514.0
PF019250,CROP025,Mango,Bihar,2022,1,3514.0,3167.2,3123.7,14.8,36.4,3770.1
PF019251,CROP025,Mango,Bihar,2022,2,3770.1,3514.0,3167.2,-18.1,48.6,3603.5
PF019252,CROP025,Mango,Bihar,2022,3,3603.5,3770.1,3514.0,15.8,32.5,3837.4
PF019253,CROP025,Mango,Bihar,2022,4,3837.4,3603.5,3770.1,14.7,66.3,3861.4
PF019254,CROP025,Mango,Bihar,2022,5,3861.4,3837.4,3603.5,7.7,62.3,3735.1
PF019255,CROP025,Mango,Bihar,2022,6,3735.1,3861.4,3837.4,3.6,45.8,3138.0
PF019256,CROP025,Mango,Bihar,2022,7,3138.0,3735.1,3861.4,-5.9,53.2,3228.7
PF019257,CROP025,Mango,Bihar,2022,8,3228.7,3138.0,3735.1,-4.5,76.0,3113.6
PF019258,CROP025,Mango,Bihar,2022,9,3113.6,3228.7,3138.0,3.4,63.6,3194.6
PF019259,CROP025,Mango,Bihar,2022,10,3194.6,3113.6,3228.7,11.3,53.6,3042.0
PF019260,CROP025,Mango,Bihar,2022,11,3042.0,3194.6,3113.6,41.5,63.8,3391.7
PF019261,CROP025,Mango,Bihar,2022,12,3391.7,3042.0,3194.6,-20.3,56.8,3466.7
PF019262,CROP025,Mango,Bihar,2023,1,3466.7,3391.7,3042.0,-2.4,48.7,3811.5
PF019263,CROP025,Mango,Bihar,2023,2,3811.5,3466.7,3391.7,-4.1,62.2,3551.3
PF019264,CROP025,Mango,Bihar,2023,3,3551.3,3811.5,3466.7,-6.8,53.4,3840.3
PF019265,CROP025,Mango,Bihar,2023,4,3840.3,3551.3,3811.5,-0.9,63.6,3697.9
PF019266,CROP025,Mango,Bihar,2023,5,3697.9,3840.3,3551.3,15.4,58.7,3749.4
PF019267,CROP025,Mango,Bihar,2023,6,3749.4,3697.9,3840.3,32.1,42.4,3837.9
PF019268,CROP025,Mango,Bihar,2023,7,3837.9,3749.4,3697.9,0.5,66.4,3028.9
PF019269,CROP025,Mango,Bihar,2023,8,3028.9,3837.9,3749.4,-18.6,43.4,2950.1
PF019270,CROP025,Mango,Bihar,2023,9,2950.1,3028.9,3837.9,-23.8,56.3,2964.6
PF019271,CROP025,Mango,Bihar,2023,10,2964.6,2950.1,3028.9,-11.3,43.9,3131.9
PF019272,CROP025,Mango,Bihar,2023,11,3131.9,2964.6,2950.1,-2.8,35.8,3271.0
PF019273,CROP025,Mango,Bihar,2023,12,3271.0,3131.9,2964.6,11.8,28.8,3413.8
PF019306,CROP025,Mango,Bihar,2021,4,4142.8,4302.8,4021.1,2.0,66.0,4038.1
PF019307,CROP025,Mango,Bihar,2021,5,4038.1,4142.8,4302.8,18.7,61.9,4097.7
PF019308,CROP025,Mango,Bihar,2021,6,4097.7,4038.1,4142.8,-4.9,48.1,3845.1
PF019309,CROP025,Mango,Bihar,2021,7,3845.1,4097.7,4038.1,16.5,29.5,3684.5
PF019310,CROP025,Mango,Bihar,2021,8,3684.5,3845.1,4097.7,-9.6,67.4,3731.2
PF019311,CROP025,Mango,Bihar,2021,9,3731.2,3684.5,3845.1,-6.1,72.4,3453.5
PF019312,CROP025,Mango,Bihar,2021,10,3453.5,3731.2,3684.5,-2.6,57.2,3529.2
PF019313,CROP025,Mango,Bihar,2021,11,3529.2,3453.5,3731.2,8.1,69.0,3474.6
PF019314,CROP025,Mango,Bihar,2021,12,3474.6,3529.2,3453.5,5.7,37.9,3814.0
PF019315,CROP025,Mango,Bihar,2022,1,3814.0,3474.6,3529.2,-8.5,57.9,4189.5
PF019316,CROP025,Mango,Bihar,2022,2,4189.5,3814.0,3474.6,-4.2,47.1,4202.3
PF019317,CROP025,Mango,Bihar,2022,3,4202.3,4189.5,3814.0,12.5,44.9,4173.8
PF019318,CROP025,Mango,Bihar,2022,4,4173.8,4202.3,4189.5,19.7,42.2,4302.6
PF019319,CROP025,Mango,Bihar,2022,5,4302.6,4173.8,4202.3,40.0,74.8,3984.3
PF019320,CROP025,Mango,Bihar,2022,6,3984.3,4302.6,4173.8,-13.5,63.4,4212.2
PF019321,CROP025,Mango,Bihar,2022,7,4212.2,3984.3,4302.6,-16.0,64.2,3788.2
PF019322,CROP025,Mango,Bihar,2022,8,3788.2,4212.2,3984.3,-2.4,37.6,3640.1
PF019323,CROP025,Mango,Bihar,2022,9,3640.1,3788.2,4212.2,-6.8,43.3,3691.4
PF019324,CROP025,Mango,Bihar,2022,10,3691.4,3640.1,3788.2,22.4,22.4,3663.2
PF019325,CROP025,Mango,Bihar,2022,11,3663.2,3691.4,3640.1,12.5,42.6,3624.1
PF019326,CROP025,Mango,Bihar,2022,12,3624.1,3663.2,3691.4,-17.2,51.2,4079.2
PF019327,CROP025,Mango,Bihar,2023,1,4079.2,3624.1,3663.2,-21.9,73.3,4296.1
PF019328,CROP025,Mango,Bihar,2023,2,4296.1,4079.2,3624.1,1.4,50.1,4720.5
PF019329,CROP025,Mango,Bihar,2023,3,4720.5,4296.1,4079.2,0.6,41.0,4571.3
PF019330,CROP025,Mango,Bihar,2023,4,4571.3,4720.5,4296.1,-23.2,43.1,4392.5
PF019331,CROP025,Mango,Bihar,2023,5,4392.5,4571.3,4720.5,-16.2,39.1,4448.6
PF019332,CROP025,Mango,Bihar,2023,6,4448.6,4392.5,4571.3,2.3,48.2,3864.1
PF019333,CROP025,Mango,Bihar,2023,7,3864.1,4448.6,4392.5,15.0,28.0,3645.4
PF019334,CROP025,Mango,Bihar,2023,8,3645.4,3864.1,4448.6,-1.7,55.2,3696.8
PF019335,CROP025,Mango,Bihar,2023,9,3696.8,3645.4,3864.1,19.8,58.0,3679.1
PF019336,CROP025,Mango,Bihar,2023,10,3679.1,3696.8,3645.4,29.1,58.3,3541.4
PF019337,CROP025,Mango,Bihar,2023,11,3541.4,3679.1,3696.8,-10.3,42.3,3652.6
PF019338,CROP025,Mango,Bihar,2023,12,3652.6,3541.4,3679.1,-4.6,39.8,3858.9
PF019371,CROP025,Mango,West Bengal,2021,4,3738.8,3870.2,3773.3,-10.6,44.3,3876.9
PF019372,CROP025,Mango,West Bengal,2021,5,3876.9,3738.8,3870.2,6.0,70.6,3951.4
PF019373,CROP025,Mango,West Bengal,2021,6,3951.4,3876.9,3738.8,1.5,49.6,3508.6
PF019374,CROP025,Mango,West Bengal,2021,7,3508.6,3951.4,3876.9,29.7,38.9,3517.3
PF019375,CROP025,Mango,West Bengal,2021,8,3517.3,3508.6,3951.4,12.1,70.7,3216.4
PF019376,CROP025,Mango,West Bengal,2021,9,3216.4,3517.3,3508.6,-4.6,49.8,3368.7
PF019377,CROP025,Mango,West Bengal,2021,10,3368.7,3216.4,3517.3,-20.8,51.1,3453.0
PF019378,CROP025,Mango,West Bengal,2021,11,3453.0,3368.7,3216.4,-1.5,38.1,3465.3
PF019379,CROP025,Mango,West Bengal,2021,12,3465.3,3453.0,3368.7,12.7,74.4,3403.2
PF019380,CROP025,Mango,West Bengal,2022,1,3403.2,3465.3,3453.0,14.5,63.7,3834.8
PF019381,CROP025,Mango,West Bengal,2022,2,3834.8,3403.2,3465.3,-36.2,47.1,3774.7
PF019382,CROP025,Mango,West Bengal,2022,3,3774.7,3834.8,3403.2,-15.9,40.7,3824.4
PF019383,CROP025,Mango,West Bengal,2022,4,3824.4,3774.7,3834.8,0.1,27.7,3904.1
PF019384,CROP025,Mango,West Bengal,2022,5,3904.1,3824.4,3774.7,-5.6,60.4,3525.6
PF019385,CROP025,Mango,West Bengal,2022,6,3525.6,3904.1,3824.4,3.0,42.4,3802.2
PF019386,CROP025,Mango,West Bengal,2022,7,3802.2,3525.6,3904.1,-1.1,52.9,3613.2
PF019387,CROP025,Mango,West Bengal,2022,8,3613.2,3802.2,3525.6,6.0,68.4,3416.1
PF019388,CROP025,Mango,West Bengal,2022,9,3416.1,3613.2,3802.2,2.0,58.1,3156.5
PF019389,CROP025,Mango,West Bengal,2022,10,3156.5,3416.1,3613.2,31.1,80.7,3338.1
PF019390,CROP025,Mango,West Bengal,2022,11,3338.1,3156.5,3416.1,-8.3,31.6,3375.5
PF019391,CROP025,Mango,West Bengal,2022,12,3375.5,3338.1,3156.5,0.1,44.4,3783.9
PF019392,CROP025,Mango,West Bengal,2023,1,3783.9,3375.5,3338.1,-25.7,46.1,3807.4
PF019393,CROP025,Mango,West Bengal,2023,2,3807.4,3783.9,3375.5,-10.7,58.0,3843.4
PF019394,CROP025,Mango,West Bengal,2023,3,3843.4,3807.4,3783.9,17.2,64.0,3996.3
PF019395,CROP025,Mango,West Bengal,2023,4,3996.3,3843.4,3807.4,12.7,42.8,4132.5
PF019396,CROP025,Mango,West Bengal,2023,5,4132.5,3996.3,3843.4,-1.5,57.1,3870.6
PF019397,CROP025,Mango,West Bengal,2023,6,3870.6,4132.5,3996.3,5.7,26.6,3636.4
PF019398,CROP025,Mango,West Bengal,2023,7,3636.4,3870.6,4132.5,8.8,41.7,3420.4
PF019399,CROP025,Mango,West Bengal,2023,8,3420.4,3636.4,3870.6,17.0,67.5,3214.5
PF019400,CROP025,Mango,West Bengal,2023,9,3214.5,3420.4,3636.4,-4.1,55.8,3331.1
PF019401,CROP025,Mango,West Bengal,2023,10,3331.1,3214.5,3420.4,-6.4,35.0,3413.0
PF019402,CROP025,Mango,West Bengal,2023,11,3413.0,3331.1,3214.5,-13.5,56.9,3487.7
PF019403,CROP025,Mango,West Bengal,2023,12,3487.7,3413.0,3331.1,-5.8,41.4,3900.1
PF019436,CROP025,Mango,West Bengal,2021,4,5253.2,4532.8,4348.1,3.4,46.6,4443.0
PF019437,CROP025,Mango,West Bengal,2021,5,4443.0,5253.2,4532.8,26.0,41.6,4437.9
PF019438,CROP025,Mango,West Bengal,2021,6,4437.9,4443.0,5253.2,4.4,41.9,4238.2
PF019439,CROP025,Mango,West Bengal,2021,7,4238.2,4437.9,4443.0,9.9,59.1,3809.2
PF019440,CROP025,Mango,West Bengal,2021,8,3809.2,4238.2,4437.9,7.7,73.5,4065.1
PF019441,CROP025,Mango,West Bengal,2021,9,4065.1,3809.2,4238.2,-7.9,48.4,4052.7
PF019442,CROP025,Mango,West Bengal,2021,10,4052.7,4065.1,3809.2,1.2,40.7,3792.5
PF019443,CROP025,Mango,West Bengal,2021,11,3792.5,4052.7,4065.1,-5.2,32.6,4160.2
PF019444,CROP025,Mango,West Bengal,2021,12,4160.2,3792.5,4052.7,27.4,53.7,4186.2
PF019445,CROP025,Mango,West Bengal,2022,1,4186.2,4160.2,3792.5,-30.1,38.0,4320.9
PF019446,CROP025,Mango,West Bengal,2022,2,4320.9,4186.2,4160.2,-20.3,59.6,4488.1
PF019447,CROP025,Mango,West Bengal,2022,3,4488.1,4320.9,4186.2,-17.0,39.7,5277.6
PF019448,CROP025,Mango,West Bengal,2022,4,5277.6,4488.1,4320.9,-12.6,70.3,4655.8
PF019449,CROP025,Mango,West Bengal,2022,5,4655.8,5277.6,4488.1,-2.2,50.7,4776.0
PF019450,CROP025,Mango,West Bengal,2022,6,4776.0,4655.8,5277.6,16.5,38.3,4609.1
PF019451,CROP025,Mango,West Bengal,2022,7,4609.1,4776.0,4655.8,-11.5,45.9,4258.9
PF019452,CROP025,Mango,West Bengal,2022,8,4258.9,4609.1,4776.0,12.9,15.2,4180.9
PF019453,CROP025,Mango,West Bengal,2022,9,4180.9,4258.9,4609.1,-9.5,43.6,4035.6
PF019454,CROP025,Mango,West Bengal,2022,10,4035.6,4180.9,4258.9,-38.5,54.3,3989.9
PF019455,CROP025,Mango,West Bengal,2022,11,3989.9,4035.6,4180.9,1.5,66.1,4493.6
PF019456,CROP025,Mango,West Bengal,2022,12,4493.6,3989.9,4035.6,0.5,44.8,4457.8
PF019457,CROP025,Mango,West Bengal,2023,1,4457.8,4493.6,3989.9,8.3,33.9,4963.9
PF019458,CROP025,Mango,West Bengal,2023,2,4963.9,4457.8,4493.6,-2.9,54.4,4592.2
PF019459,CROP025,Mango,West Bengal,2023,3,4592.2,4963.9,4457.8,-13.5,52.6,5038.1
PF019460,CROP025,Mango,West Bengal,2023,4,5038.1,4592.2,4963.9,25.6,47.1,4800.2
PF019461,CROP025,Mango,West Bengal,2023,5,4800.2,5038.1,4592.2,22.6,26.6,4575.3
PF019462,CROP025,Mango,West Bengal,2023,6,4575.3,4800.2,5038.1,-15.8,60.6,4468.2
PF019463,CROP025,Mango,West Bengal,2023,7,4468.2,4575.3,4800.2,9.6,47.4,4370.9
PF019464,CROP025,Mango,West Bengal,2023,8,4370.9,4468.2,4575.3,-4.2,43.9,4046.8
PF019465,CROP025,Mango,West Bengal,2023,9,4046.8,4370.9,4468.2,-9.6,66.0,4303.1
PF019466,CROP025,Mango,West Bengal,2023,10,4303.1,4046.8,4370.9,14.8,43.7,4065.9
PF019467,CROP025,Mango,West Bengal,2023,11,4065.9,4303.1,4046.8,-9.3,58.4,4348.8
PF019468,CROP025,Mango,West Bengal,2023,12,4348.8,4065.9,4303.1,-14.7,56.2,4752.7
