price_id,crop_id,crop_name,state,district,mandi_name,date,min_price_per_unit_inr,max_price_per_unit_inr,modal_price_per_unit_inr,unit,arrivals_tonnes,source
MP000001,CROP001,Rice (Paddy),Punjab,Amritsar,Amritsar Mandi,2024-01-15,4443.0,5215.0,4829.0,Quintal,88.8,Agmarknet / e-NAM (synthetic)
MP000002,CROP001,Rice (Paddy),Punjab,Amritsar,Amritsar Mandi,2024-02-15,4573.0,5369.0,4971.0,Quintal,69.9,Agmarknet / e-NAM (synthetic)
MP000003,CROP001,Rice (Paddy),Punjab,Amritsar,Amritsar Mandi,2024-03-15,4466.0,5242.0,4854.0,Quintal,83.5,Agmarknet / e-NAM (synthetic)
MP000004,CROP001,Rice (Paddy),Punjab,Amritsar,Amritsar Mandi,2024-04-15,4500.0,5282.0,4891.0,Quintal,121.2,Agmarknet / e-NAM (synthetic)
MP000005,CROP001,Rice (Paddy),Punjab,Amritsar,Amritsar Mandi,2024-05-15,4386.0,5148.0,4767.0,Quintal,249.7,Agmarknet / e-NAM (synthetic)
MP000006,CROP001,Rice (Paddy),Punjab,Amritsar,Amritsar Mandi,2024-06-15,3901.0,4579.0,4240.0,Quintal,193.2,Agmarknet / e-NAM (synthetic)
MP000007,CROP001,Rice (Paddy),Punjab,Amritsar,Amritsar Mandi,2024-07-15,4250.0,4990.0,4620.0,Quintal,96.9,Agmarknet / e-NAM (synthetic)
MP000008,CROP001,Rice (Paddy),Punjab,Amritsar,Amritsar Mandi,2024-08-15,3573.0,4195.0,3884.0,Quintal,51.8,Agmarknet / e-NAM (synthetic)
MP000009,CROP001,Rice (Paddy),Punjab,Amritsar,Amritsar Mandi,2024-09-15,3696.0,4338.0,4017.0,Quintal,104.3,Agmarknet / e-NAM (synthetic)
MP000010,CROP001,Rice (Paddy),Punjab,Amritsar,Amritsar Mandi,2024-10-15,3711.0,4357.0,4034.0,Quintal,132.5,Agmarknet / e-NAM (synthetic)
MP000011,CROP001,Rice (Paddy),Punjab,Amritsar,Amritsar Mandi,2024-11-15,3530.0,4144.0,3837.0,Quintal,72.8,Agmarknet / e-NAM (synthetic)
MP000012,CROP001,Rice (Paddy),Punjab,Amritsar,Amritsar Mandi,2024-12-15,4402.0,5168.0,4785.0,Quintal,68.7,Agmarknet / e-NAM (synthetic)
MP000013,CROP001,Rice (Paddy),Punjab,Amritsar,Amritsar Mandi,2025-01-15,4540.0,5330.0,4935.0,Quintal,83.0,Agmarknet / e-NAM (synthetic)
MP000014,CROP001,Rice (Paddy),Punjab,Amritsar,Amritsar Mandi,2025-02-15,4998.0,5868.0,5433.0,Quintal,107.9,Agmarknet / e-NAM (synthetic)
MP000015,CROP001,Rice (Paddy),Punjab,Amritsar,Amritsar Mandi,2025-03-15,5057.0,5937.0,5497.0,Quintal,137.7,Agmarknet / e-NAM (synthetic)
MP000016,CROP001,Rice (Paddy),Punjab,Amritsar,Amritsar Mandi,2025-04-15,4755.0,5583.0,5169.0,Quintal,298.7,Agmarknet / e-NAM (synthetic)
MP000017,CROP001,Rice (Paddy),Punjab,Amritsar,Amritsar Mandi,2025-05-15,4699.0,5517.0,5108.0,Quintal,109.6,Agmarknet / e-NAM (synthetic)
MP000018,CROP001,Rice (Paddy),Punjab,Amritsar,Amritsar Mandi,2025-06-15,4157.0,4879.0,4518.0,Quintal,80.0,Agmarknet / e-NAM (synthetic)
MP000019,CROP001,Rice (Paddy),Punjab,Amritsar,Amritsar Mandi,2025-07-15,4189.0,4917.0,4553.0,Quintal,107.2,Agmarknet / e-NAM (synthetic)
MP000020,CROP001,Rice (Paddy),Punjab,Amritsar,Amritsar Mandi,2025-08-15,3939.0,4623.0,4281.0,Quintal,174.4,Agmarknet / e-NAM (synthetic)
MP000021,CROP001,Rice (Paddy),Punjab,Amritsar,Amritsar Mandi,2025-09-15,3929.0,4613.0,4271.0,Quintal,247.4,Agmarknet / e-NAM (synthetic)
MP000022,CROP001,Rice (Paddy),Punjab,Amritsar,Amritsar Mandi,2025-10-15,3951.0,4639.0,4295.0,Quintal,36.0,Agmarknet / e-NAM (synthetic)
MP000023,CROP001,Rice (Paddy),Punjab,Amritsar,Amritsar Mandi,2025-11-15,3900.0,4578.0,4239.0,Quintal,45.4,Agmarknet / e-NAM (synthetic)
MP000024,CROP001,Rice (Paddy),Punjab,Amritsar,Amritsar Mandi,2025-12-15,4423.0,5193.0,4808.0,Quintal,64.8,Agmarknet / e-NAM (synthetic)
MP000025,CROP001,Rice (Paddy),Punjab,Amritsar,Amritsar Mandi,2026-01-15,4559.0,5351.0,4955.0,Quintal,141.1,Agmarknet / e-NAM (synthetic)
MP000026,CROP001,Rice (Paddy),Punjab,Amritsar,Amritsar Mandi,2026-02-15,4935.0,5793.0,5364.0,Quintal,239.1,Agmarknet / e-NAM (synthetic)
MP000027,CROP001,Rice (Paddy),Punjab,Amritsar,Amritsar Mandi,2026-03-15,4505.0,5289.0,4897.0,Quintal,101.0,Agmarknet / e-NAM (synthetic)
MP000028,CROP001,Rice (Paddy),Punjab,Amritsar,Amritsar Mandi,2026-04-15,5214.0,6120.0,5667.0,Quintal,165.6,Agmarknet / e-NAM (synthetic)
MP000029,CROP001,Rice (Paddy),Punjab,Amritsar,Amritsar Mandi,2026-05-15,4914.0,5768.0,5341.0,Quintal,142.3,Agmarknet / e-NAM (synthetic)
MP000030,CROP001,Rice (Paddy),Punjab,Amritsar,Amritsar Mandi,2026-06-15,4520.0,5306.0,4913.0,Quintal,184.3,Agmarknet / e-NAM (synthetic)
MP000031,CROP001,Rice (Paddy),Punjab,Amritsar,Amritsar Mandi,2026-07-15,4057.0,4763.0,4410.0,Quintal,127.4,Agmarknet / e-NAM (synthetic)
MP000032,CROP001,Rice (Paddy),Punjab,Amritsar,Amritsar Mandi,2026-08-15,4069.0,4777.0,4423.0,Quintal,153.4,Agmarknet / e-NAM (synthetic)
MP000033,CROP001,Rice (Paddy),Andhra Pradesh,Guntur,Guntur Mandi,2024-01-15,4390.0,5154.0,4772.0,Quintal,124.6,Agmarknet / e-NAM (synthetic)
MP000034,CROP001,Rice (Paddy),Andhra Pradesh,Guntur,Guntur Mandi,2024-02-15,4292.0,5038.0,4665.0,Quintal,52.0,Agmarknet / e-NAM (synthetic)
MP000035,CROP001,Rice (Paddy),Andhra Pradesh,Guntur,Guntur Mandi,2024-03-15,4916.0,5770.0,5343.0,Quintal,46.7,Agmarknet / e-NAM (synthetic)
MP000036,CROP001,Rice (Paddy),Andhra Pradesh,Guntur,Guntur Mandi,2024-04-15,4779.0,5611.0,5195.0,Quintal,186.7,Agmarknet / e-NAM (synthetic)
MP000037,CROP001,Rice (Paddy),Andhra Pradesh,Guntur,Guntur Mandi,2024-05-15,4288.0,5034.0,4661.0,Quintal,181.3,Agmarknet / e-NAM (synthetic)
MP000038,CROP001,Rice (Paddy),Andhra Pradesh,Guntur,Guntur Mandi,2024-06-15,4154.0,4876.0,4515.0,Quintal,183.6,Agmarknet / e-NAM (synthetic)
MP000039,CROP001,Rice (Paddy),Andhra Pradesh,Guntur,Guntur Mandi,2024-07-15,3868.0,4540.0,4204.0,Quintal,160.5,Agmarknet / e-NAM (synthetic)
MP000040,CROP001,Rice (Paddy),Andhra Pradesh,Guntur,Guntur Mandi,2024-08-15,3752.0,4404.0,4078.0,Quintal,126.3,Agmarknet / e-NAM (synthetic)
MP000041,CROP001,Rice (Paddy),Andhra Pradesh,Guntur,Guntur Mandi,2024-09-15,3603.0,4229.0,3916.0,Quintal,153.1,Agmarknet / e-NAM (synthetic)
MP000042,CROP001,Rice (Paddy),Andhra Pradesh,Guntur,Guntur Mandi,2024-10-15,3696.0,4338.0,4017.0,Quintal,332.3,Agmarknet / e-NAM (synthetic)
MP000043,CROP001,Rice (Paddy),Andhra Pradesh,Guntur,Guntur Mandi,2024-11-15,4322.0,5074.0,4698.0,Quintal,73.5,Agmarknet / e-NAM (synthetic)
MP000044,CROP001,Rice (Paddy),Andhra Pradesh,Guntur,Guntur Mandi,2024-12-15,4390.0,5154.0,4772.0,Quintal,108.9,Agmarknet / e-NAM (synthetic)
MP000045,CROP001,Rice (Paddy),Andhra Pradesh,Guntur,Guntur Mandi,2025-01-15,4564.0,5358.0,4961.0,Quintal,115.5,Agmarknet / e-NAM (synthetic)
MP000046,CROP001,Rice (Paddy),Andhra Pradesh,Guntur,Guntur Mandi,2025-02-15,4696.0,5512.0,5104.0,Quintal,25.8,Agmarknet / e-NAM (synthetic)
MP000047,CROP001,Rice (Paddy),Andhra Pradesh,Guntur,Guntur Mandi,2025-03-15,4955.0,5817.0,5386.0,Quintal,87.5,Agmarknet / e-NAM (synthetic)
MP000048,CROP001,Rice (Paddy),Andhra Pradesh,Guntur,Guntur Mandi,2025-04-15,4572.0,5368.0,4970.0,Quintal,325.6,Agmarknet / e-NAM (synthetic)
MP000049,CROP001,Rice (Paddy),Andhra Pradesh,Guntur,Guntur Mandi,2025-05-15,4580.0,5376.0,4978.0,Quintal,142.5,Agmarknet / e-NAM (synthetic)
MP000050,CROP001,Rice (Paddy),Andhra Pradesh,Guntur,Guntur Mandi,2025-06-15,4478.0,5256.0,4867.0,Quintal,307.9,Agmarknet / e-NAM (synthetic)
MP000051,CROP001,Rice (Paddy),Andhra Pradesh,Guntur,Guntur Mandi,2025-07-15,4533.0,5321.0,4927.0,Quintal,177.9,Agmarknet / e-NAM (synthetic)
MP000052,CROP001,Rice (Paddy),Andhra Pradesh,Guntur,Guntur Mandi,2025-08-15,4150.0,4872.0,4511.0,Quintal,128.9,Agmarknet / e-NAM (synthetic)
MP000053,CROP001,Rice (Paddy),Andhra Pradesh,Guntur,Guntur Mandi,2025-09-15,3563.0,4183.0,3873.0,Quintal,115.3,Agmarknet / e-NAM (synthetic)
MP000054,CROP001,Rice (Paddy),Andhra Pradesh,Guntur,Guntur Mandi,2025-10-15,3758.0,4412.0,4085.0,Quintal,50.0,Agmarknet / e-NAM (synthetic)
MP000055,CROP001,Rice (Paddy),Andhra Pradesh,Guntur,Guntur Mandi,2025-11-15,4002.0,4698.0,4350.0,Quintal,128.0,Agmarknet / e-NAM (synthetic)
MP000056,CROP001,Rice (Paddy),Andhra Pradesh,Guntur,Guntur Mandi,2025-12-15,4622.0,5426.0,5024.0,Quintal,93.0,Agmarknet / e-NAM (synthetic)
MP000057,CROP001,Rice (Paddy),Andhra Pradesh,Guntur,Guntur Mandi,2026-01-15,4516.0,5302.0,4909.0,Quintal,177.0,Agmarknet / e-NAM (synthetic)
MP000058,CROP001,Rice (Paddy),Andhra Pradesh,Guntur,Guntur Mandi,2026-02-15,4805.0,5641.0,5223.0,Quintal,159.0,Agmarknet / e-NAM (synthetic)
MP000059,CROP001,Rice (Paddy),Andhra Pradesh,Guntur,Guntur Mandi,2026-03-15,5413.0,6355.0,5884.0,Quintal,110.8,Agmarknet / e-NAM (synthetic)
MP000060,CROP001,Rice (Paddy),Andhra Pradesh,Guntur,Guntur Mandi,2026-04-15,5112.0,6000.0,5556.0,Quintal,86.6,Agmarknet / e-NAM (synthetic)
MP000061,CROP001,Rice (Paddy),Andhra Pradesh,Guntur,Guntur Mandi,2026-05-15,4974.0,5840.0,5407.0,Quintal,134.9,Agmarknet / e-NAM (synthetic)
MP000062,CROP001,Rice (Paddy),Andhra Pradesh,Guntur,Guntur Mandi,2026-06-15,4351.0,5107.0,4729.0,Quintal,56.1,Agmarknet / e-NAM (synthetic)
MP000063,CROP001,Rice (Paddy),Andhra Pradesh,Guntur,Guntur Mandi,2026-07-15,4267.0,5009.0,4638.0,Quintal,128.8,Agmarknet / e-NAM (synthetic)
MP000064,CROP001,Rice (Paddy),Andhra Pradesh,Guntur,Guntur Mandi,2026-08-15,4139.0,4859.0,4499.0,Quintal,119.8,Agmarknet / e-NAM (synthetic)
MP000065,CROP001,Rice (Paddy),Maharashtra,Pune,Pune Mandi,2024-01-15,4589.0,5387.0,4988.0,Quintal,115.0,Agmarknet / e-NAM (synthetic)
MP000066,CROP001,Rice (Paddy),Maharashtra,Pune,Pune Mandi,2024-02-15,4556.0,5348.0,4952.0,Quintal,76.0,Agmarknet / e-NAM (synthetic)
MP000067,CROP001,Rice (Paddy),Maharashtra,Pune,Pune Mandi,2024-03-15,4404.0,5170.0,4787.0,Quintal,86.6,Agmarknet / e-NAM (synthetic)
MP000068,CROP001,Rice (Paddy),Maharashtra,Pune,Pune Mandi,2024-04-15,4206.0,4938.0,4572.0,Quintal,121.8,Agmarknet / e-NAM (synthetic)
MP000069,CROP001,Rice (Paddy),Maharashtra,Pune,Pune Mandi,2024-05-15,4522.0,5308.0,4915.0,Quintal,68.4,Agmarknet / e-NAM (synthetic)
MP000070,CROP001,Rice (Paddy),Maharashtra,Pune,Pune Mandi,2024-06-15,4085.0,4795.0,4440.0,Quintal,50.5,Agmarknet / e-NAM (synthetic)
MP000071,CROP001,Rice (Paddy),Maharashtra,Pune,Pune Mandi,2024-07-15,4035.0,4737.0,4386.0,Quintal,99.9,Agmarknet / e-NAM (synthetic)
MP000072,CROP001,Rice (Paddy),Maharashtra,Pune,Pune Mandi,2024-08-15,3719.0,4365.0,4042.0,Quintal,75.8,Agmarknet / e-NAM (synthetic)
MP000073,CROP001,Rice (Paddy),Maharashtra,Pune,Pune Mandi,2024-09-15,3853.0,4523.0,4188.0,Quintal,223.2,Agmarknet / e-NAM (synthetic)
MP000074,CROP001,Rice (Paddy),Maharashtra,Pune,Pune Mandi,2024-10-15,3743.0,4395.0,4069.0,Quintal,53.5,Agmarknet / e-NAM (synthetic)
MP000075,CROP001,Rice (Paddy),Maharashtra,Pune,Pune Mandi,2024-11-15,4083.0,4793.0,4438.0,Quintal,133.2,Agmarknet / e-NAM (synthetic)
MP000076,CROP001,Rice (Paddy),Maharashtra,Pune,Pune Mandi,2024-12-15,4302.0,5050.0,4676.0,Quintal,54.7,Agmarknet / e-NAM (synthetic)
MP000077,CROP001,Rice (Paddy),Maharashtra,Pune,Pune Mandi,2025-01-15,4377.0,5139.0,4758.0,Quintal,54.2,Agmarknet / e-NAM (synthetic)
MP000078,CROP001,Rice (Paddy),Maharashtra,Pune,Pune Mandi,2025-02-15,4729.0,5551.0,5140.0,Quintal,127.2,Agmarknet / e-NAM (synthetic)
MP000079,CROP001,Rice (Paddy),Maharashtra,Pune,Pune Mandi,2025-03-15,4124.0,4842.0,4483.0,Quintal,242.7,Agmarknet / e-NAM (synthetic)
MP000080,CROP001,Rice (Paddy),Maharashtra,Pune,Pune Mandi,2025-04-15,5071.0,5953.0,5512.0,Quintal,69.1,Agmarknet / e-NAM (synthetic)
MP000081,CROP001,Rice (Paddy),Maharashtra,Pune,Pune Mandi,2025-05-15,4794.0,5628.0,5211.0,Quintal,353.3,Agmarknet / e-NAM (synthetic)
MP000082,CROP001,Rice (Paddy),Maharashtra,Pune,Pune Mandi,2025-06-15,4721.0,5543.0,5132.0,Quintal,99.1,Agmarknet / e-NAM (synthetic)
MP000083,CROP001,Rice (Paddy),Maharashtra,Pune,Pune Mandi,2025-07-15,4368.0,5128.0,4748.0,Quintal,54.6,Agmarknet / e-NAM (synthetic)
MP000084,CROP001,Rice (Paddy),Maharashtra,Pune,Pune Mandi,2025-08-15,4243.0,4981.0,4612.0,Quintal,89.8,Agmarknet / e-NAM (synthetic)
MP000085,CROP001,Rice (Paddy),Maharashtra,Pune,Pune Mandi,2025-09-15,3826.0,4492.0,4159.0,Quintal,138.0,Agmarknet / e-NAM (synthetic)
MP000086,CROP001,Rice (Paddy),Maharashtra,Pune,Pune Mandi,2025-10-15,3979.0,4671.0,4325.0,Quintal,239.5,Agmarknet / e-NAM (synthetic)
MP000087,CROP001,Rice (Paddy),Maharashtra,Pune,Pune Mandi,2025-11-15,4130.0,4848.0,4489.0,Quintal,77.0,Agmarknet / e-NAM (synthetic)
MP000088,CROP001,Rice (Paddy),Maharashtra,Pune,Pune Mandi,2025-12-15,4626.0,5430.0,5028.0,Quintal,133.6,Agmarknet / e-NAM (synthetic)
MP000089,CROP001,Rice (Paddy),Maharashtra,Pune,Pune Mandi,2026-01-15,4907.0,5761.0,5334.0,Quintal,53.9,Agmarknet / e-NAM (synthetic)
MP000090,CROP001,Rice (Paddy),Maharashtra,Pune,Pune Mandi,2026-02-15,5271.0,6187.0,5729.0,Quintal,22.5,Agmarknet / e-NAM (synthetic)
MP000091,CROP001,Rice (Paddy),Maharashtra,Pune,Pune Mandi,2026-03-15,4814.0,5652.0,5233.0,Quintal,97.7,Agmarknet / e-NAM (synthetic)
MP000092,CROP001,Rice (Paddy),Maharashtra,Pune,Pune Mandi,2026-04-15,4977.0,5843.0,5410.0,Quintal,184.8,Agmarknet / e-NAM (synthetic)
MP000093,CROP001,Rice (Paddy),Maharashtra,Pune,Pune Mandi,2026-05-15,5168.0,6066.0,5617.0,Quintal,59.6,Agmarknet / e-NAM (synthetic)
MP000094,CROP001,Rice (Paddy),Maharashtra,Pune,Pune Mandi,2026-06-15,4790.0,5622.0,5206.0,Quintal,48.6,Agmarknet / e-NAM (synthetic)
MP000095,CROP001,Rice (Paddy),Maharashtra,Pune,Pune Mandi,2026-07-15,4206.0,4938.0,4572.0,Quintal,93.8,Agmarknet / e-NAM (synthetic)
MP000096,CROP001,Rice (Paddy),Maharashtra,Pune,Pune Mandi,2026-08-15,4259.0,4999.0,4629.0,Quintal,29.2,Agmarknet / e-NAM (synthetic)
MP000097,CROP001,Rice (Paddy),Madhya Pradesh,Indore,Indore Mandi,2024-01-15,4152.0,4874.0,4513.0,Quintal,47.9,Agmarknet / e-NAM (synthetic)
MP000098,CROP001,Rice (Paddy),Madhya Pradesh,Indore,Indore Mandi,2024-02-15,4364.0,5122.0,4743.0,Quintal,228.1,Agmarknet / e-NAM (synthetic)
MP000099,CROP001,Rice (Paddy),Madhya Pradesh,Indore,Indore Mandi,2024-03-15,5009.0,5881.0,5445.0,Quintal,39.6,Agmarknet / e-NAM (synthetic)
MP000100,CROP001,Rice (Paddy),Madhya Pradesh,Indore,Indore Mandi,2024-04-15,4235.0,4971.0,4603.0,Quintal,118.4,Agmarknet / e-NAM (synthetic)
MP000101,CROP001,Rice (Paddy),Madhya Pradesh,Indore,Indore Mandi,2024-05-15,4192.0,4920.0,4556.0,Quintal,166.6,Agmarknet / e-NAM (synthetic)
MP000102,CROP001,Rice (Paddy),Madhya Pradesh,Indore,Indore Mandi,2024-06-15,3950.0,4638.0,4294.0,Quintal,159.3,Agmarknet / e-NAM (synthetic)
MP000103,CROP001,Rice (Paddy),Madhya Pradesh,Indore,Indore Mandi,2024-07-15,3973.0,4663.0,4318.0,Quintal,150.7,Agmarknet / e-NAM (synthetic)
MP000104,CROP001,Rice (Paddy),Madhya Pradesh,Indore,Indore Mandi,2024-08-15,3666.0,4304.0,3985.0,Quintal,200.7,Agmarknet / e-NAM (synthetic)
MP000105,CROP001,Rice (Paddy),Madhya Pradesh,Indore,Indore Mandi,2024-09-15,3577.0,4199.0,3888.0,Quintal,6.1,Agmarknet / e-NAM (synthetic)
MP000106,CROP001,Rice (Paddy),Madhya Pradesh,Indore,Indore Mandi,2024-10-15,3991.0,4685.0,4338.0,Quintal,102.4,Agmarknet / e-NAM (synthetic)
MP000107,CROP001,Rice (Paddy),Madhya Pradesh,Indore,Indore Mandi,2024-11-15,3660.0,4296.0,3978.0,Quintal,105.3,Agmarknet / e-NAM (synthetic)
MP000108,CROP001,Rice (Paddy),Madhya Pradesh,Indore,Indore Mandi,2024-12-15,4315.0,5065.0,4690.0,Quintal,60.5,Agmarknet / e-NAM (synthetic)
MP000109,CROP001,Rice (Paddy),Madhya Pradesh,Indore,Indore Mandi,2025-01-15,4485.0,5265.0,4875.0,Quintal,29.3,Agmarknet / e-NAM (synthetic)
MP000110,CROP001,Rice (Paddy),Madhya Pradesh,Indore,Indore Mandi,2025-02-15,4597.0,5397.0,4997.0,Quintal,317.0,Agmarknet / e-NAM (synthetic)
MP000111,CROP001,Rice (Paddy),Madhya Pradesh,Indore,Indore Mandi,2025-03-15,5038.0,5914.0,5476.0,Quintal,135.7,Agmarknet / e-NAM (synthetic)
MP000112,CROP001,Rice (Paddy),Madhya Pradesh,Indore,Indore Mandi,2025-04-15,4972.0,5836.0,5404.0,Quintal,59.5,Agmarknet / e-NAM (synthetic)
MP000113,CROP001,Rice (Paddy),Madhya Pradesh,Indore,Indore Mandi,2025-05-15,4663.0,5473.0,5068.0,Quintal,92.8,Agmarknet / e-NAM (synthetic)
MP000114,CROP001,Rice (Paddy),Madhya Pradesh,Indore,Indore Mandi,2025-06-15,4248.0,4986.0,4617.0,Quintal,46.3,Agmarknet / e-NAM (synthetic)
MP000115,CROP001,Rice (Paddy),Madhya Pradesh,Indore,Indore Mandi,2025-07-15,3921.0,4603.0,4262.0,Quintal,179.3,Agmarknet / e-NAM (synthetic)
MP000116,CROP001,Rice (Paddy),Madhya Pradesh,Indore,Indore Mandi,2025-08-15,3902.0,4580.0,4241.0,Quintal,87.0,Agmarknet / e-NAM (synthetic)
MP000117,CROP001,Rice (Paddy),Madhya Pradesh,Indore,Indore Mandi,2025-09-15,3632.0,4264.0,3948.0,Quintal,73.9,Agmarknet / e-NAM (synthetic)
MP000118,CROP001,Rice (Paddy),Madhya Pradesh,Indore,Indore Mandi,2025-10-15,3744.0,4396.0,4070.0,Quintal,64.0,Agmarknet / e-NAM (synthetic)
MP000119,CROP001,Rice (Paddy),Madhya Pradesh,Indore,Indore Mandi,2025-11-15,4031.0,4733.0,4382.0,Quintal,92.0,Agmarknet / e-NAM (synthetic)
MP000120,CROP001,Rice (Paddy),Madhya Pradesh,Indore,Indore Mandi,2025-12-15,4288.0,5034.0,4661.0,Quintal,61.5,Agmarknet / e-NAM (synthetic)
MP000121,CROP001,Rice (Paddy),Madhya Pradesh,Indore,Indore Mandi,2026-01-15,5084.0,5968.0,5526.0,Quintal,68.0,Agmarknet / e-NAM (synthetic)
MP000122,CROP001,Rice (Paddy),Madhya Pradesh,Indore,Indore Mandi,2026-02-15,4926.0,5782.0,5354.0,Quintal,116.8,Agmarknet / e-NAM (synthetic)
MP000123,CROP001,Rice (Paddy),Madhya Pradesh,Indore,Indore Mandi,2026-03-15,5274.0,6192.0,5733.0,Quintal,175.6,Agmarknet / e-NAM (synthetic)
MP000124,CROP001,Rice (Paddy),Madhya Pradesh,Indore,Indore Mandi,2026-04-15,4755.0,5581.0,5168.0,Quintal,128.6,Agmarknet / e-NAM (synthetic)
MP000125,CROP001,Rice (Paddy),Madhya Pradesh,Indore,Indore Mandi,2026-05-15,4802.0,5638.0,5220.0,Quintal,86.7,Agmarknet / e-NAM (synthetic)
MP000126,CROP001,Rice (Paddy),Madhya Pradesh,Indore,Indore Mandi,2026-06-15,4370.0,5130.0,4750.0,Quintal,58.2,Agmarknet / e-NAM (synthetic)
MP000127,CROP001,Rice (Paddy),Madhya Pradesh,Indore,Indore Mandi,2026-07-15,4067.0,4775.0,4421.0,Quintal,82.1,Agmarknet / e-NAM (synthetic)
MP000128,CROP001,Rice (Paddy),Madhya Pradesh,Indore,Indore Mandi,2026-08-15,4198.0,4928.0,4563.0,Quintal,148.7,Agmarknet / e-NAM (synthetic)
MP000129,CROP002,Wheat,Rajasthan,Jaipur,Jaipur Mandi,2024-01-15,2644.0,3104.0,2874.0,Quintal,125.4,Agmarknet / e-NAM (synthetic)
MP000130,CROP002,Wheat,Rajasthan,Jaipur,Jaipur Mandi,2024-02-15,2781.0,3265.0,3023.0,Quintal,86.8,Agmarknet / e-NAM (synthetic)
MP000131,CROP002,Wheat,Rajasthan,Jaipur,Jaipur Mandi,2024-03-15,2509.0,2945.0,2727.0,Quintal,132.6,Agmarknet / e-NAM (synthetic)
MP000132,CROP002,Wheat,Rajasthan,Jaipur,Jaipur Mandi,2024-04-15,2682.0,3148.0,2915.0,Quintal,197.0,Agmarknet / e-NAM (synthetic)
MP000133,CROP002,Wheat,Rajasthan,Jaipur,Jaipur Mandi,2024-05-15,2568.0,3014.0,2791.0,Quintal,20.4,Agmarknet / e-NAM (synthetic)
MP000134,CROP002,Wheat,Rajasthan,Jaipur,Jaipur Mandi,2024-06-15,2386.0,2802.0,2594.0,Quintal,89.3,Agmarknet / e-NAM (synthetic)
MP000135,CROP002,Wheat,Rajasthan,Jaipur,Jaipur Mandi,2024-07-15,2347.0,2755.0,2551.0,Quintal,141.6,Agmarknet / e-NAM (synthetic)
MP000136,CROP002,Wheat,Rajasthan,Jaipur,Jaipur Mandi,2024-08-15,2236.0,2624.0,2430.0,Quintal,35.9,Agmarknet / e-NAM (synthetic)
MP000137,CROP002,Wheat,Rajasthan,Jaipur,Jaipur Mandi,2024-09-15,2385.0,2799.0,2592.0,Quintal,22.3,Agmarknet / e-NAM (synthetic)
MP000138,CROP002,Wheat,Rajasthan,Jaipur,Jaipur Mandi,2024-10-15,2513.0,2949.0,2731.0,Quintal,15.3,Agmarknet / e-NAM (synthetic)
MP000139,CROP002,Wheat,Rajasthan,Jaipur,Jaipur Mandi,2024-11-15,2511.0,2947.0,2729.0,Quintal,104.3,Agmarknet / e-NAM (synthetic)
MP000140,CROP002,Wheat,Rajasthan,Jaipur,Jaipur Mandi,2024-12-15,2571.0,3019.0,2795.0,Quintal,154.6,Agmarknet / e-NAM (synthetic)
MP000141,CROP002,Wheat,Rajasthan,Jaipur,Jaipur Mandi,2025-01-15,2800.0,3286.0,3043.0,Quintal,61.5,Agmarknet / e-NAM (synthetic)
MP000142,CROP002,Wheat,Rajasthan,Jaipur,Jaipur Mandi,2025-02-15,3254.0,3820.0,3537.0,Quintal,159.8,Agmarknet / e-NAM (synthetic)
MP000143,CROP002,Wheat,Rajasthan,Jaipur,Jaipur Mandi,2025-03-15,3075.0,3609.0,3342.0,Quintal,360.5,Agmarknet / e-NAM (synthetic)
MP000144,CROP002,Wheat,Rajasthan,Jaipur,Jaipur Mandi,2025-04-15,2795.0,3281.0,3038.0,Quintal,43.1,Agmarknet / e-NAM (synthetic)
MP000145,CROP002,Wheat,Rajasthan,Jaipur,Jaipur Mandi,2025-05-15,2864.0,3362.0,3113.0,Quintal,117.7,Agmarknet / e-NAM (synthetic)
MP000146,CROP002,Wheat,Rajasthan,Jaipur,Jaipur Mandi,2025-06-15,2624.0,3080.0,2852.0,Quintal,154.2,Agmarknet / e-NAM (synthetic)
MP000147,CROP002,Wheat,Rajasthan,Jaipur,Jaipur Mandi,2025-07-15,2494.0,2928.0,2711.0,Quintal,85.6,Agmarknet / e-NAM (synthetic)
MP000148,CROP002,Wheat,Rajasthan,Jaipur,Jaipur Mandi,2025-08-15,2164.0,2540.0,2352.0,Quintal,47.3,Agmarknet / e-NAM (synthetic)
MP000149,CROP002,Wheat,Rajasthan,Jaipur,Jaipur Mandi,2025-09-15,2409.0,2827.0,2618.0,Quintal,93.4,Agmarknet / e-NAM (synthetic)
MP000150,CROP002,Wheat,Rajasthan,Jaipur,Jaipur Mandi,2025-10-15,2225.0,2613.0,2419.0,Quintal,168.2,Agmarknet / e-NAM (synthetic)
MP000151,CROP002,Wheat,Rajasthan,Jaipur,Jaipur Mandi,2025-11-15,2655.0,3117.0,2886.0,Quintal,118.4,Agmarknet / e-NAM (synthetic)
MP000152,CROP002,Wheat,Rajasthan,Jaipur,Jaipur Mandi,2025-12-15,2614.0,3068.0,2841.0,Quintal,44.9,Agmarknet / e-NAM (synthetic)
MP000153,CROP002,Wheat,Rajasthan,Jaipur,Jaipur Mandi,2026-01-15,3032.0,3560.0,3296.0,Quintal,240.8,Agmarknet / e-NAM (synthetic)
MP000154,CROP002,Wheat,Rajasthan,Jaipur,Jaipur Mandi,2026-02-15,2820.0,3310.0,3065.0,Quintal,107.0,Agmarknet / e-NAM (synthetic)
MP000155,CROP002,Wheat,Rajasthan,Jaipur,Jaipur Mandi,2026-03-15,3304.0,3878.0,3591.0,Quintal,207.5,Agmarknet / e-NAM (synthetic)
MP000156,CROP002,Wheat,Rajasthan,Jaipur,Jaipur Mandi,2026-04-15,3438.0,4036.0,3737.0,Quintal,117.5,Agmarknet / e-NAM (synthetic)
MP000157,CROP002,Wheat,Rajasthan,Jaipur,Jaipur Mandi,2026-05-15,2919.0,3427.0,3173.0,Quintal,180.1,Agmarknet / e-NAM (synthetic)
MP000158,CROP002,Wheat,Rajasthan,Jaipur,Jaipur Mandi,2026-06-15,2751.0,3229.0,2990.0,Quintal,107.1,Agmarknet / e-NAM (synthetic)
MP000159,CROP002,Wheat,Rajasthan,Jaipur,Jaipur Mandi,2026-07-15,2717.0,3189.0,2953.0,Quintal,73.2,Agmarknet / e-NAM (synthetic)
MP000160,CROP002,Wheat,Rajasthan,Jaipur,Jaipur Mandi,2026-08-15,2326.0,2730.0,2528.0,Quintal,40.2,Agmarknet / e-NAM (synthetic)
MP000161,CROP002,Wheat,Andhra Pradesh,Krishna,Krishna Mandi,2024-01-15,2598.0,3050.0,2824.0,Quintal,71.2,Agmarknet / e-NAM (synthetic)
MP000162,CROP002,Wheat,Andhra Pradesh,Krishna,Krishna Mandi,2024-02-15,2977.0,3495.0,3236.0,Quintal,203.7,Agmarknet / e-NAM (synthetic)
MP000163,CROP002,Wheat,Andhra Pradesh,Krishna,Krishna Mandi,2024-03-15,2730.0,3204.0,2967.0,Quintal,91.1,Agmarknet / e-NAM (synthetic)
MP000164,CROP002,Wheat,Andhra Pradesh,Krishna,Krishna Mandi,2024-04-15,2996.0,3518.0,3257.0,Quintal,81.9,Agmarknet / e-NAM (synthetic)
MP000165,CROP002,Wheat,Andhra Pradesh,Krishna,Krishna Mandi,2024-05-15,2766.0,3248.0,3007.0,Quintal,150.4,Agmarknet / e-NAM (synthetic)
MP000166,CROP002,Wheat,Andhra Pradesh,Krishna,Krishna Mandi,2024-06-15,2533.0,2973.0,2753.0,Quintal,188.4,Agmarknet / e-NAM (synthetic)
MP000167,CROP002,Wheat,Andhra Pradesh,Krishna,Krishna Mandi,2024-07-15,2384.0,2798.0,2591.0,Quintal,139.0,Agmarknet / e-NAM (synthetic)
MP000168,CROP002,Wheat,Andhra Pradesh,Krishna,Krishna Mandi,2024-08-15,2273.0,2669.0,2471.0,Quintal,91.8,Agmarknet / e-NAM (synthetic)
MP000169,CROP002,Wheat,Andhra Pradesh,Krishna,Krishna Mandi,2024-09-15,2414.0,2834.0,2624.0,Quintal,202.2,Agmarknet / e-NAM (synthetic)
MP000170,CROP002,Wheat,Andhra Pradesh,Krishna,Krishna Mandi,2024-10-15,2460.0,2888.0,2674.0,Quintal,199.0,Agmarknet / e-NAM (synthetic)
MP000171,CROP002,Wheat,Andhra Pradesh,Krishna,Krishna Mandi,2024-11-15,2372.0,2784.0,2578.0,Quintal,149.8,Agmarknet / e-NAM (synthetic)
MP000172,CROP002,Wheat,Andhra Pradesh,Krishna,Krishna Mandi,2024-12-15,2549.0,2993.0,2771.0,Quintal,181.7,Agmarknet / e-NAM (synthetic)
MP000173,CROP002,Wheat,Andhra Pradesh,Krishna,Krishna Mandi,2025-01-15,2776.0,3258.0,3017.0,Quintal,88.4,Agmarknet / e-NAM (synthetic)
MP000174,CROP002,Wheat,Andhra Pradesh,Krishna,Krishna Mandi,2025-02-15,3196.0,3752.0,3474.0,Quintal,96.4,Agmarknet / e-NAM (synthetic)
MP000175,CROP002,Wheat,Andhra Pradesh,Krishna,Krishna Mandi,2025-03-15,2915.0,3423.0,3169.0,Quintal,80.9,Agmarknet / e-NAM (synthetic)
MP000176,CROP002,Wheat,Andhra Pradesh,Krishna,Krishna Mandi,2025-04-15,2954.0,3468.0,3211.0,Quintal,124.3,Agmarknet / e-NAM (synthetic)
MP000177,CROP002,Wheat,Andhra Pradesh,Krishna,Krishna Mandi,2025-05-15,2887.0,3389.0,3138.0,Quintal,180.1,Agmarknet / e-NAM (synthetic)
MP000178,CROP002,Wheat,Andhra Pradesh,Krishna,Krishna Mandi,2025-06-15,2418.0,2838.0,2628.0,Quintal,46.6,Agmarknet / e-NAM (synthetic)
MP000179,CROP002,Wheat,Andhra Pradesh,Krishna,Krishna Mandi,2025-07-15,2639.0,3099.0,2869.0,Quintal,78.6,Agmarknet / e-NAM (synthetic)
MP000180,CROP002,Wheat,Andhra Pradesh,Krishna,Krishna Mandi,2025-08-15,2398.0,2814.0,2606.0,Quintal,79.6,Agmarknet / e-NAM (synthetic)
MP000181,CROP002,Wheat,Andhra Pradesh,Krishna,Krishna Mandi,2025-09-15,2129.0,2499.0,2314.0,Quintal,83.9,Agmarknet / e-NAM (synthetic)
MP000182,CROP002,Wheat,Andhra Pradesh,Krishna,Krishna Mandi,2025-10-15,2267.0,2661.0,2464.0,Quintal,98.5,Agmarknet / e-NAM (synthetic)
MP000183,CROP002,Wheat,Andhra Pradesh,Krishna,Krishna Mandi,2025-11-15,2645.0,3105.0,2875.0,Quintal,124.7,Agmarknet / e-NAM (synthetic)
MP000184,CROP002,Wheat,Andhra Pradesh,Krishna,Krishna Mandi,2025-12-15,2824.0,3316.0,3070.0,Quintal,143.9,Agmarknet / e-NAM (synthetic)
MP000185,CROP002,Wheat,Andhra Pradesh,Krishna,Krishna Mandi,2026-01-15,3053.0,3585.0,3319.0,Quintal,90.0,Agmarknet / e-NAM (synthetic)
MP000186,CROP002,Wheat,Andhra Pradesh,Krishna,Krishna Mandi,2026-02-15,3129.0,3673.0,3401.0,Quintal,80.9,Agmarknet / e-NAM (synthetic)
MP000187,CROP002,Wheat,Andhra Pradesh,Krishna,Krishna Mandi,2026-03-15,3287.0,3859.0,3573.0,Quintal,108.9,Agmarknet / e-NAM (synthetic)
MP000188,CROP002,Wheat,Andhra Pradesh,Krishna,Krishna Mandi,2026-04-15,3398.0,3990.0,3694.0,Quintal,139.7,Agmarknet / e-NAM (synthetic)
MP000189,CROP002,Wheat,Andhra Pradesh,Krishna,Krishna Mandi,2026-05-15,3009.0,3533.0,3271.0,Quintal,103.9,Agmarknet / e-NAM (synthetic)
MP000190,CROP002,Wheat,Andhra Pradesh,Krishna,Krishna Mandi,2026-06-15,2889.0,3391.0,3140.0,Quintal,137.9,Agmarknet / e-NAM (synthetic)
MP000191,CROP002,Wheat,Andhra Pradesh,Krishna,Krishna Mandi,2026-07-15,2582.0,3030.0,2806.0,Quintal,40.0,Agmarknet / e-NAM (synthetic)
MP000192,CROP002,Wheat,Andhra Pradesh,Krishna,Krishna Mandi,2026-08-15,2390.0,2806.0,2598.0,Quintal,185.6,Agmarknet / e-NAM (synthetic)
MP000193,CROP002,Wheat,Haryana,Hisar,Hisar Mandi,2024-01-15,2708.0,3178.0,2943.0,Quintal,181.8,Agmarknet / e-NAM (synthetic)
MP000194,CROP002,Wheat,Haryana,Hisar,Hisar Mandi,2024-02-15,2782.0,3266.0,3024.0,Quintal,156.0,Agmarknet / e-NAM (synthetic)
MP000195,CROP002,Wheat,Haryana,Hisar,Hisar Mandi,2024-03-15,2869.0,3367.0,3118.0,Quintal,105.6,Agmarknet / e-NAM (synthetic)
MP000196,CROP002,Wheat,Haryana,Hisar,Hisar Mandi,2024-04-15,2786.0,3270.0,3028.0,Quintal,129.5,Agmarknet / e-NAM (synthetic)
MP000197,CROP002,Wheat,Haryana,Hisar,Hisar Mandi,2024-05-15,2911.0,3417.0,3164.0,Quintal,47.3,Agmarknet / e-NAM (synthetic)
MP000198,CROP002,Wheat,Haryana,Hisar,Hisar Mandi,2024-06-15,2605.0,3059.0,2832.0,Quintal,114.6,Agmarknet / e-NAM (synthetic)
MP000199,CROP002,Wheat,Haryana,Hisar,Hisar Mandi,2024-07-15,2423.0,2845.0,2634.0,Quintal,56.5,Agmarknet / e-NAM (synthetic)
MP000200,CROP002,Wheat,Haryana,Hisar,Hisar Mandi,2024-08-15,2313.0,2715.0,2514.0,Quintal,48.2,Agmarknet / e-NAM (synthetic)
MP000201,CROP002,Wheat,Haryana,Hisar,Hisar Mandi,2024-09-15,2248.0,2638.0,2443.0,Quintal,176.7,Agmarknet / e-NAM (synthetic)
MP000202,CROP002,Wheat,Haryana,Hisar,Hisar Mandi,2024-10-15,2214.0,2600.0,2407.0,Quintal,72.2,Agmarknet / e-NAM (synthetic)
MP000203,CROP002,Wheat,Haryana,Hisar,Hisar Mandi,2024-11-15,2288.0,2686.0,2487.0,Quintal,107.5,Agmarknet / e-NAM (synthetic)
MP000204,CROP002,Wheat,Haryana,Hisar,Hisar Mandi,2024-12-15,2398.0,2814.0,2606.0,Quintal,52.3,Agmarknet / e-NAM (synthetic)
MP000205,CROP002,Wheat,Haryana,Hisar,Hisar Mandi,2025-01-15,2686.0,3154.0,2920.0,Quintal,62.7,Agmarknet / e-NAM (synthetic)
MP000206,CROP002,Wheat,Haryana,Hisar,Hisar Mandi,2025-02-15,2488.0,2920.0,2704.0,Quintal,63.3,Agmarknet / e-NAM (synthetic)
MP000207,CROP002,Wheat,Haryana,Hisar,Hisar Mandi,2025-03-15,3081.0,3617.0,3349.0,Quintal,64.1,Agmarknet / e-NAM (synthetic)
MP000208,CROP002,Wheat,Haryana,Hisar,Hisar Mandi,2025-04-15,2870.0,3370.0,3120.0,Quintal,108.4,Agmarknet / e-NAM (synthetic)
MP000209,CROP002,Wheat,Haryana,Hisar,Hisar Mandi,2025-05-15,2823.0,3315.0,3069.0,Quintal,164.6,Agmarknet / e-NAM (synthetic)
MP000210,CROP002,Wheat,Haryana,Hisar,Hisar Mandi,2025-06-15,2614.0,3068.0,2841.0,Quintal,16.6,Agmarknet / e-NAM (synthetic)
MP000211,CROP002,Wheat,Haryana,Hisar,Hisar Mandi,2025-07-15,2650.0,3110.0,2880.0,Quintal,50.5,Agmarknet / e-NAM (synthetic)
MP000212,CROP002,Wheat,Haryana,Hisar,Hisar Mandi,2025-08-15,2320.0,2724.0,2522.0,Quintal,44.9,Agmarknet / e-NAM (synthetic)
MP000213,CROP002,Wheat,Haryana,Hisar,Hisar Mandi,2025-09-15,2333.0,2739.0,2536.0,Quintal,70.6,Agmarknet / e-NAM (synthetic)
MP000214,CROP002,Wheat,Haryana,Hisar,Hisar Mandi,2025-10-15,2228.0,2616.0,2422.0,Quintal,122.1,Agmarknet / e-NAM (synthetic)
MP000215,CROP002,Wheat,Haryana,Hisar,Hisar Mandi,2025-11-15,2490.0,2922.0,2706.0,Quintal,197.9,Agmarknet / e-NAM (synthetic)
MP000216,CROP002,Wheat,Haryana,Hisar,Hisar Mandi,2025-12-15,2860.0,3358.0,3109.0,Quintal,168.0,Agmarknet / e-NAM (synthetic)
MP000217,CROP002,Wheat,Haryana,Hisar,Hisar Mandi,2026-01-15,2672.0,3136.0,2904.0,Quintal,215.0,Agmarknet / e-NAM (synthetic)
MP000218,CROP002,Wheat,Haryana,Hisar,Hisar Mandi,2026-02-15,3021.0,3547.0,3284.0,Quintal,171.4,Agmarknet / e-NAM (synthetic)
MP000219,CROP002,Wheat,Haryana,Hisar,Hisar Mandi,2026-03-15,3062.0,3594.0,3328.0,Quintal,292.9,Agmarknet / e-NAM (synthetic)
MP000220,CROP002,Wheat,Haryana,Hisar,Hisar Mandi,2026-04-15,3212.0,3770.0,3491.0,Quintal,90.1,Agmarknet / e-NAM (synthetic)
MP000221,CROP002,Wheat,Haryana,Hisar,Hisar Mandi,2026-05-15,3122.0,3664.0,3393.0,Quintal,96.2,Agmarknet / e-NAM (synthetic)
MP000222,CROP002,Wheat,Haryana,Hisar,Hisar Mandi,2026-06-15,2667.0,3131.0,2899.0,Quintal,80.7,Agmarknet / e-NAM (synthetic)
MP000223,CROP002,Wheat,Haryana,Hisar,Hisar Mandi,2026-07-15,2683.0,3149.0,2916.0,Quintal,153.7,Agmarknet / e-NAM (synthetic)
MP000224,CROP002,Wheat,Haryana,Hisar,Hisar Mandi,2026-08-15,2556.0,3000.0,2778.0,Quintal,55.4,Agmarknet / e-NAM (synthetic)
MP000225,CROP002,Wheat,Punjab,Ludhiana,Ludhiana Mandi,2024-01-15,2863.0,3361.0,3112.0,Quintal,135.9,Agmarknet / e-NAM (synthetic)
MP000226,CROP002,Wheat,Punjab,Ludhiana,Ludhiana Mandi,2024-02-15,2728.0,3202.0,2965.0,Quintal,162.2,Agmarknet / e-NAM (synthetic)
MP000227,CROP002,Wheat,Punjab,Ludhiana,Ludhiana Mandi,2024-03-15,3014.0,3538.0,3276.0,Quintal,263.0,Agmarknet / e-NAM (synthetic)
MP000228,CROP002,Wheat,Punjab,Ludhiana,Ludhiana Mandi,2024-04-15,2803.0,3291.0,3047.0,Quintal,88.3,Agmarknet / e-NAM (synthetic)
MP000229,CROP002,Wheat,Punjab,Ludhiana,Ludhiana Mandi,2024-05-15,2911.0,3417.0,3164.0,Quintal,92.7,Agmarknet / e-NAM (synthetic)
MP000230,CROP002,Wheat,Punjab,Ludhiana,Ludhiana Mandi,2024-06-15,2708.0,3178.0,2943.0,Quintal,183.7,Agmarknet / e-NAM (synthetic)
MP000231,CROP002,Wheat,Punjab,Ludhiana,Ludhiana Mandi,2024-07-15,2478.0,2910.0,2694.0,Quintal,38.4,Agmarknet / e-NAM (synthetic)
MP000232,CROP002,Wheat,Punjab,Ludhiana,Ludhiana Mandi,2024-08-15,2227.0,2615.0,2421.0,Quintal,121.4,Agmarknet / e-NAM (synthetic)
MP000233,CROP002,Wheat,Punjab,Ludhiana,Ludhiana Mandi,2024-09-15,2231.0,2619.0,2425.0,Quintal,116.8,Agmarknet / e-NAM (synthetic)
MP000234,CROP002,Wheat,Punjab,Ludhiana,Ludhiana Mandi,2024-10-15,2128.0,2498.0,2313.0,Quintal,78.8,Agmarknet / e-NAM (synthetic)
MP000235,CROP002,Wheat,Punjab,Ludhiana,Ludhiana Mandi,2024-11-15,2557.0,3001.0,2779.0,Quintal,85.2,Agmarknet / e-NAM (synthetic)
MP000236,CROP002,Wheat,Punjab,Ludhiana,Ludhiana Mandi,2024-12-15,2512.0,2948.0,2730.0,Quintal,173.4,Agmarknet / e-NAM (synthetic)
MP000237,CROP002,Wheat,Punjab,Ludhiana,Ludhiana Mandi,2025-01-15,2769.0,3251.0,3010.0,Quintal,30.1,Agmarknet / e-NAM (synthetic)
MP000238,CROP002,Wheat,Punjab,Ludhiana,Ludhiana Mandi,2025-02-15,2927.0,3435.0,3181.0,Quintal,233.7,Agmarknet / e-NAM (synthetic)
MP000239,CROP002,Wheat,Punjab,Ludhiana,Ludhiana Mandi,2025-03-15,3132.0,3676.0,3404.0,Quintal,118.3,Agmarknet / e-NAM (synthetic)
MP000240,CROP002,Wheat,Punjab,Ludhiana,Ludhiana Mandi,2025-04-15,3060.0,3592.0,3326.0,Quintal,91.1,Agmarknet / e-NAM (synthetic)
MP000241,CROP002,Wheat,Punjab,Ludhiana,Ludhiana Mandi,2025-05-15,2830.0,3322.0,3076.0,Quintal,112.6,Agmarknet / e-NAM (synthetic)
MP000242,CROP002,Wheat,Punjab,Ludhiana,Ludhiana Mandi,2025-06-15,2769.0,3251.0,3010.0,Quintal,78.9,Agmarknet / e-NAM (synthetic)
MP000243,CROP002,Wheat,Punjab,Ludhiana,Ludhiana Mandi,2025-07-15,2519.0,2957.0,2738.0,Quintal,95.7,Agmarknet / e-NAM (synthetic)
MP000244,CROP002,Wheat,Punjab,Ludhiana,Ludhiana Mandi,2025-08-15,2264.0,2658.0,2461.0,Quintal,61.4,Agmarknet / e-NAM (synthetic)
MP000245,CROP002,Wheat,Punjab,Ludhiana,Ludhiana Mandi,2025-09-15,2624.0,3080.0,2852.0,Quintal,256.3,Agmarknet / e-NAM (synthetic)
MP000246,CROP002,Wheat,Punjab,Ludhiana,Ludhiana Mandi,2025-10-15,2293.0,2691.0,2492.0,Quintal,158.3,Agmarknet / e-NAM (synthetic)
MP000247,CROP002,Wheat,Punjab,Ludhiana,Ludhiana Mandi,2025-11-15,2467.0,2897.0,2682.0,Quintal,103.3,Agmarknet / e-NAM (synthetic)
MP000248,CROP002,Wheat,Punjab,Ludhiana,Ludhiana Mandi,2025-12-15,2652.0,3114.0,2883.0,Quintal,140.8,Agmarknet / e-NAM (synthetic)
MP000249,CROP002,Wheat,Punjab,Ludhiana,Ludhiana Mandi,2026-01-15,2768.0,3250.0,3009.0,Quintal,146.3,Agmarknet / e-NAM (synthetic)
MP000250,CROP002,Wheat,Punjab,Ludhiana,Ludhiana Mandi,2026-02-15,3147.0,3695.0,3421.0,Quintal,125.9,Agmarknet / e-NAM (synthetic)
MP000251,CROP002,Wheat,Punjab,Ludhiana,Ludhiana Mandi,2026-03-15,3079.0,3615.0,3347.0,Quintal,98.4,Agmarknet / e-NAM (synthetic)
MP000252,CROP002,Wheat,Punjab,Ludhiana,Ludhiana Mandi,2026-04-15,3140.0,3686.0,3413.0,Quintal,77.9,Agmarknet / e-NAM (synthetic)
MP000253,CROP002,Wheat,Punjab,Ludhiana,Ludhiana Mandi,2026-05-15,3156.0,3704.0,3430.0,Quintal,97.9,Agmarknet / e-NAM (synthetic)
MP000254,CROP002,Wheat,Punjab,Ludhiana,Ludhiana Mandi,2026-06-15,2975.0,3493.0,3234.0,Quintal,104.8,Agmarknet / e-NAM (synthetic)
MP000255,CROP002,Wheat,Punjab,Ludhiana,Ludhiana Mandi,2026-07-15,2639.0,3099.0,2869.0,Quintal,86.1,Agmarknet / e-NAM (synthetic)
MP000256,CROP002,Wheat,Punjab,Ludhiana,Ludhiana Mandi,2026-08-15,2348.0,2756.0,2552.0,Quintal,358.0,Agmarknet / e-NAM (synthetic)
MP000257,CROP003,Maize,Tamil Nadu,Coimbatore,Coimbatore Mandi,2024-01-15,2026.0,2378.0,2202.0,Quintal,103.4,Agmarknet / e-NAM (synthetic)
MP000258,CROP003,Maize,Tamil Nadu,Coimbatore,Coimbatore Mandi,2024-02-15,2254.0,2646.0,2450.0,Quintal,152.2,Agmarknet / e-NAM (synthetic)
MP000259,CROP003,Maize,Tamil Nadu,Coimbatore,Coimbatore Mandi,2024-03-15,2300.0,2700.0,2500.0,Quintal,154.5,Agmarknet / e-NAM (synthetic)
MP000260,CROP003,Maize,Tamil Nadu,Coimbatore,Coimbatore Mandi,2024-04-15,2295.0,2695.0,2495.0,Quintal,99.0,Agmarknet / e-NAM (synthetic)
MP000261,CROP003,Maize,Tamil Nadu,Coimbatore,Coimbatore Mandi,2024-05-15,1980.0,2324.0,2152.0,Quintal,144.6,Agmarknet / e-NAM (synthetic)
MP000262,CROP003,Maize,Tamil Nadu,Coimbatore,Coimbatore Mandi,2024-06-15,2017.0,2367.0,2192.0,Quintal,105.6,Agmarknet / e-NAM (synthetic)
MP000263,CROP003,Maize,Tamil Nadu,Coimbatore,Coimbatore Mandi,2024-07-15,1777.0,2087.0,1932.0,Quintal,133.8,Agmarknet / e-NAM (synthetic)
MP000264,CROP003,Maize,Tamil Nadu,Coimbatore,Coimbatore Mandi,2024-08-15,1697.0,1993.0,1845.0,Quintal,273.3,Agmarknet / e-NAM (synthetic)
MP000265,CROP003,Maize,Tamil Nadu,Coimbatore,Coimbatore Mandi,2024-09-15,1658.0,1946.0,1802.0,Quintal,55.1,Agmarknet / e-NAM (synthetic)
MP000266,CROP003,Maize,Tamil Nadu,Coimbatore,Coimbatore Mandi,2024-10-15,1815.0,2131.0,1973.0,Quintal,105.9,Agmarknet / e-NAM (synthetic)
MP000267,CROP003,Maize,Tamil Nadu,Coimbatore,Coimbatore Mandi,2024-11-15,1827.0,2145.0,1986.0,Quintal,53.0,Agmarknet / e-NAM (synthetic)
MP000268,CROP003,Maize,Tamil Nadu,Coimbatore,Coimbatore Mandi,2024-12-15,2027.0,2379.0,2203.0,Quintal,82.8,Agmarknet / e-NAM (synthetic)
MP000269,CROP003,Maize,Tamil Nadu,Coimbatore,Coimbatore Mandi,2025-01-15,2276.0,2672.0,2474.0,Quintal,123.3,Agmarknet / e-NAM (synthetic)
MP000270,CROP003,Maize,Tamil Nadu,Coimbatore,Coimbatore Mandi,2025-02-15,2308.0,2710.0,2509.0,Quintal,25.1,Agmarknet / e-NAM (synthetic)
MP000271,CROP003,Maize,Tamil Nadu,Coimbatore,Coimbatore Mandi,2025-03-15,2541.0,2983.0,2762.0,Quintal,81.8,Agmarknet / e-NAM (synthetic)
MP000272,CROP003,Maize,Tamil Nadu,Coimbatore,Coimbatore Mandi,2025-04-15,2397.0,2813.0,2605.0,Quintal,200.6,Agmarknet / e-NAM (synthetic)
MP000273,CROP003,Maize,Tamil Nadu,Coimbatore,Coimbatore Mandi,2025-05-15,2079.0,2441.0,2260.0,Quintal,36.7,Agmarknet / e-NAM (synthetic)
MP000274,CROP003,Maize,Tamil Nadu,Coimbatore,Coimbatore Mandi,2025-06-15,2184.0,2564.0,2374.0,Quintal,79.4,Agmarknet / e-NAM (synthetic)
MP000275,CROP003,Maize,Tamil Nadu,Coimbatore,Coimbatore Mandi,2025-07-15,2054.0,2412.0,2233.0,Quintal,90.9,Agmarknet / e-NAM (synthetic)
MP000276,CROP003,Maize,Tamil Nadu,Coimbatore,Coimbatore Mandi,2025-08-15,1920.0,2254.0,2087.0,Quintal,150.3,Agmarknet / e-NAM (synthetic)
MP000277,CROP003,Maize,Tamil Nadu,Coimbatore,Coimbatore Mandi,2025-09-15,1899.0,2229.0,2064.0,Quintal,104.8,Agmarknet / e-NAM (synthetic)
MP000278,CROP003,Maize,Tamil Nadu,Coimbatore,Coimbatore Mandi,2025-10-15,1805.0,2119.0,1962.0,Quintal,298.8,Agmarknet / e-NAM (synthetic)
MP000279,CROP003,Maize,Tamil Nadu,Coimbatore,Coimbatore Mandi,2025-11-15,2048.0,2404.0,2226.0,Quintal,94.8,Agmarknet / e-NAM (synthetic)
MP000280,CROP003,Maize,Tamil Nadu,Coimbatore,Coimbatore Mandi,2025-12-15,2256.0,2648.0,2452.0,Quintal,125.3,Agmarknet / e-NAM (synthetic)
MP000281,CROP003,Maize,Tamil Nadu,Coimbatore,Coimbatore Mandi,2026-01-15,2271.0,2665.0,2468.0,Quintal,88.8,Agmarknet / e-NAM (synthetic)
MP000282,CROP003,Maize,Tamil Nadu,Coimbatore,Coimbatore Mandi,2026-02-15,2516.0,2954.0,2735.0,Quintal,266.0,Agmarknet / e-NAM (synthetic)
MP000283,CROP003,Maize,Tamil Nadu,Coimbatore,Coimbatore Mandi,2026-03-15,2437.0,2861.0,2649.0,Quintal,23.2,Agmarknet / e-NAM (synthetic)
MP000284,CROP003,Maize,Tamil Nadu,Coimbatore,Coimbatore Mandi,2026-04-15,2391.0,2807.0,2599.0,Quintal,92.4,Agmarknet / e-NAM (synthetic)
MP000285,CROP003,Maize,Tamil Nadu,Coimbatore,Coimbatore Mandi,2026-05-15,2401.0,2819.0,2610.0,Quintal,147.2,Agmarknet / e-NAM (synthetic)
MP000286,CROP003,Maize,Tamil Nadu,Coimbatore,Coimbatore Mandi,2026-06-15,2363.0,2775.0,2569.0,Quintal,82.4,Agmarknet / e-NAM (synthetic)
MP000287,CROP003,Maize,Tamil Nadu,Coimbatore,Coimbatore Mandi,2026-07-15,1882.0,2210.0,2046.0,Quintal,189.2,Agmarknet / e-NAM (synthetic)
MP000288,CROP003,Maize,Tamil Nadu,Coimbatore,Coimbatore Mandi,2026-08-15,2067.0,2427.0,2247.0,Quintal,100.6,Agmarknet / e-NAM (synthetic)
MP000289,CROP003,Maize,Punjab,Bathinda,Bathinda Mandi,2024-01-15,2091.0,2455.0,2273.0,Quintal,71.9,Agmarknet / e-NAM (synthetic)
MP000290,CROP003,Maize,Punjab,Bathinda,Bathinda Mandi,2024-02-15,2376.0,2790.0,2583.0,Quintal,183.3,Agmarknet / e-NAM (synthetic)
MP000291,CROP003,Maize,Punjab,Bathinda,Bathinda Mandi,2024-03-15,2094.0,2458.0,2276.0,Quintal,190.5,Agmarknet / e-NAM (synthetic)
MP000292,CROP003,Maize,Punjab,Bathinda,Bathinda Mandi,2024-04-15,2173.0,2551.0,2362.0,Quintal,144.3,Agmarknet / e-NAM (synthetic)
MP000293,CROP003,Maize,Punjab,Bathinda,Bathinda Mandi,2024-05-15,2257.0,2649.0,2453.0,Quintal,105.9,Agmarknet / e-NAM (synthetic)
MP000294,CROP003,Maize,Punjab,Bathinda,Bathinda Mandi,2024-06-15,2127.0,2497.0,2312.0,Quintal,73.6,Agmarknet / e-NAM (synthetic)
MP000295,CROP003,Maize,Punjab,Bathinda,Bathinda Mandi,2024-07-15,1938.0,2276.0,2107.0,Quintal,110.4,Agmarknet / e-NAM (synthetic)
MP000296,CROP003,Maize,Punjab,Bathinda,Bathinda Mandi,2024-08-15,1815.0,2131.0,1973.0,Quintal,284.8,Agmarknet / e-NAM (synthetic)
MP000297,CROP003,Maize,Punjab,Bathinda,Bathinda Mandi,2024-09-15,1673.0,1965.0,1819.0,Quintal,174.2,Agmarknet / e-NAM (synthetic)
MP000298,CROP003,Maize,Punjab,Bathinda,Bathinda Mandi,2024-10-15,1730.0,2030.0,1880.0,Quintal,187.5,Agmarknet / e-NAM (synthetic)
MP000299,CROP003,Maize,Punjab,Bathinda,Bathinda Mandi,2024-11-15,1907.0,2239.0,2073.0,Quintal,238.3,Agmarknet / e-NAM (synthetic)
MP000300,CROP003,Maize,Punjab,Bathinda,Bathinda Mandi,2024-12-15,2059.0,2417.0,2238.0,Quintal,166.6,Agmarknet / e-NAM (synthetic)
MP000301,CROP003,Maize,Punjab,Bathinda,Bathinda Mandi,2025-01-15,2193.0,2575.0,2384.0,Quintal,56.7,Agmarknet / e-NAM (synthetic)
MP000302,CROP003,Maize,Punjab,Bathinda,Bathinda Mandi,2025-02-15,2245.0,2635.0,2440.0,Quintal,93.8,Agmarknet / e-NAM (synthetic)
MP000303,CROP003,Maize,Punjab,Bathinda,Bathinda Mandi,2025-03-15,2389.0,2805.0,2597.0,Quintal,112.4,Agmarknet / e-NAM (synthetic)
MP000304,CROP003,Maize,Punjab,Bathinda,Bathinda Mandi,2025-04-15,2407.0,2825.0,2616.0,Quintal,37.2,Agmarknet / e-NAM (synthetic)
MP000305,CROP003,Maize,Punjab,Bathinda,Bathinda Mandi,2025-05-15,2335.0,2741.0,2538.0,Quintal,259.7,Agmarknet / e-NAM (synthetic)
MP000306,CROP003,Maize,Punjab,Bathinda,Bathinda Mandi,2025-06-15,2130.0,2500.0,2315.0,Quintal,64.2,Agmarknet / e-NAM (synthetic)
MP000307,CROP003,Maize,Punjab,Bathinda,Bathinda Mandi,2025-07-15,2050.0,2406.0,2228.0,Quintal,95.8,Agmarknet / e-NAM (synthetic)
MP000308,CROP003,Maize,Punjab,Bathinda,Bathinda Mandi,2025-08-15,1857.0,2179.0,2018.0,Quintal,49.6,Agmarknet / e-NAM (synthetic)
MP000309,CROP003,Maize,Punjab,Bathinda,Bathinda Mandi,2025-09-15,1823.0,2139.0,1981.0,Quintal,133.5,Agmarknet / e-NAM (synthetic)
MP000310,CROP003,Maize,Punjab,Bathinda,Bathinda Mandi,2025-10-15,1861.0,2185.0,2023.0,Quintal,68.5,Agmarknet / e-NAM (synthetic)
MP000311,CROP003,Maize,Punjab,Bathinda,Bathinda Mandi,2025-11-15,1923.0,2257.0,2090.0,Quintal,74.7,Agmarknet / e-NAM (synthetic)
MP000312,CROP003,Maize,Punjab,Bathinda,Bathinda Mandi,2025-12-15,2222.0,2608.0,2415.0,Quintal,274.1,Agmarknet / e-NAM (synthetic)
MP000313,CROP003,Maize,Punjab,Bathinda,Bathinda Mandi,2026-01-15,2482.0,2914.0,2698.0,Quintal,47.1,Agmarknet / e-NAM (synthetic)
MP000314,CROP003,Maize,Punjab,Bathinda,Bathinda Mandi,2026-02-15,2430.0,2852.0,2641.0,Quintal,109.4,Agmarknet / e-NAM (synthetic)
MP000315,CROP003,Maize,Punjab,Bathinda,Bathinda Mandi,2026-03-15,2405.0,2823.0,2614.0,Quintal,145.7,Agmarknet / e-NAM (synthetic)
MP000316,CROP003,Maize,Punjab,Bathinda,Bathinda Mandi,2026-04-15,2394.0,2810.0,2602.0,Quintal,124.5,Agmarknet / e-NAM (synthetic)
MP000317,CROP003,Maize,Punjab,Bathinda,Bathinda Mandi,2026-05-15,2364.0,2776.0,2570.0,Quintal,148.3,Agmarknet / e-NAM (synthetic)
MP000318,CROP003,Maize,Punjab,Bathinda,Bathinda Mandi,2026-06-15,2130.0,2500.0,2315.0,Quintal,163.6,Agmarknet / e-NAM (synthetic)
MP000319,CROP003,Maize,Punjab,Bathinda,Bathinda Mandi,2026-07-15,2155.0,2529.0,2342.0,Quintal,186.4,Agmarknet / e-NAM (synthetic)
MP000320,CROP003,Maize,Punjab,Bathinda,Bathinda Mandi,2026-08-15,2132.0,2502.0,2317.0,Quintal,96.5,Agmarknet / e-NAM (synthetic)
MP000321,CROP003,Maize,Gujarat,Ahmedabad,Ahmedabad Mandi,2024-01-15,2019.0,2371.0,2195.0,Quintal,172.5,Agmarknet / e-NAM (synthetic)
MP000322,CROP003,Maize,Gujarat,Ahmedabad,Ahmedabad Mandi,2024-02-15,2199.0,2581.0,2390.0,Quintal,38.1,Agmarknet / e-NAM (synthetic)
MP000323,CROP003,Maize,Gujarat,Ahmedabad,Ahmedabad Mandi,2024-03-15,2369.0,2781.0,2575.0,Quintal,44.7,Agmarknet / e-NAM (synthetic)
MP000324,CROP003,Maize,Gujarat,Ahmedabad,Ahmedabad Mandi,2024-04-15,2205.0,2589.0,2397.0,Quintal,221.9,Agmarknet / e-NAM (synthetic)
MP000325,CROP003,Maize,Gujarat,Ahmedabad,Ahmedabad Mandi,2024-05-15,2175.0,2553.0,2364.0,Quintal,131.0,Agmarknet / e-NAM (synthetic)
MP000326,CROP003,Maize,Gujarat,Ahmedabad,Ahmedabad Mandi,2024-06-15,1889.0,2217.0,2053.0,Quintal,74.1,Agmarknet / e-NAM (synthetic)
MP000327,CROP003,Maize,Gujarat,Ahmedabad,Ahmedabad Mandi,2024-07-15,1850.0,2172.0,2011.0,Quintal,86.2,Agmarknet / e-NAM (synthetic)
MP000328,CROP003,Maize,Gujarat,Ahmedabad,Ahmedabad Mandi,2024-08-15,1872.0,2198.0,2035.0,Quintal,89.6,Agmarknet / e-NAM (synthetic)
MP000329,CROP003,Maize,Gujarat,Ahmedabad,Ahmedabad Mandi,2024-09-15,1758.0,2064.0,1911.0,Quintal,188.1,Agmarknet / e-NAM (synthetic)
MP000330,CROP003,Maize,Gujarat,Ahmedabad,Ahmedabad Mandi,2024-10-15,1712.0,2010.0,1861.0,Quintal,245.2,Agmarknet / e-NAM (synthetic)
MP000331,CROP003,Maize,Gujarat,Ahmedabad,Ahmedabad Mandi,2024-11-15,1882.0,2210.0,2046.0,Quintal,162.0,Agmarknet / e-NAM (synthetic)
MP000332,CROP003,Maize,Gujarat,Ahmedabad,Ahmedabad Mandi,2024-12-15,2099.0,2463.0,2281.0,Quintal,267.0,Agmarknet / e-NAM (synthetic)
MP000333,CROP003,Maize,Gujarat,Ahmedabad,Ahmedabad Mandi,2025-01-15,2353.0,2763.0,2558.0,Quintal,50.2,Agmarknet / e-NAM (synthetic)
MP000334,CROP003,Maize,Gujarat,Ahmedabad,Ahmedabad Mandi,2025-02-15,2410.0,2830.0,2620.0,Quintal,152.5,Agmarknet / e-NAM (synthetic)
MP000335,CROP003,Maize,Gujarat,Ahmedabad,Ahmedabad Mandi,2025-03-15,2507.0,2943.0,2725.0,Quintal,315.3,Agmarknet / e-NAM (synthetic)
MP000336,CROP003,Maize,Gujarat,Ahmedabad,Ahmedabad Mandi,2025-04-15,2389.0,2805.0,2597.0,Quintal,117.9,Agmarknet / e-NAM (synthetic)
MP000337,CROP003,Maize,Gujarat,Ahmedabad,Ahmedabad Mandi,2025-05-15,2457.0,2885.0,2671.0,Quintal,114.8,Agmarknet / e-NAM (synthetic)
MP000338,CROP003,Maize,Gujarat,Ahmedabad,Ahmedabad Mandi,2025-06-15,1995.0,2341.0,2168.0,Quintal,244.0,Agmarknet / e-NAM (synthetic)
MP000339,CROP003,Maize,Gujarat,Ahmedabad,Ahmedabad Mandi,2025-07-15,1995.0,2341.0,2168.0,Quintal,90.2,Agmarknet / e-NAM (synthetic)
MP000340,CROP003,Maize,Gujarat,Ahmedabad,Ahmedabad Mandi,2025-08-15,1814.0,2130.0,1972.0,Quintal,151.3,Agmarknet / e-NAM (synthetic)
MP000341,CROP003,Maize,Gujarat,Ahmedabad,Ahmedabad Mandi,2025-09-15,2018.0,2368.0,2193.0,Quintal,158.4,Agmarknet / e-NAM (synthetic)
MP000342,CROP003,Maize,Gujarat,Ahmedabad,Ahmedabad Mandi,2025-10-15,2003.0,2351.0,2177.0,Quintal,175.2,Agmarknet / e-NAM (synthetic)
MP000343,CROP003,Maize,Gujarat,Ahmedabad,Ahmedabad Mandi,2025-11-15,1901.0,2231.0,2066.0,Quintal,176.1,Agmarknet / e-NAM (synthetic)
MP000344,CROP003,Maize,Gujarat,Ahmedabad,Ahmedabad Mandi,2025-12-15,2257.0,2649.0,2453.0,Quintal,201.0,Agmarknet / e-NAM (synthetic)
MP000345,CROP003,Maize,Gujarat,Ahmedabad,Ahmedabad Mandi,2026-01-15,2202.0,2586.0,2394.0,Quintal,207.4,Agmarknet / e-NAM (synthetic)
MP000346,CROP003,Maize,Gujarat,Ahmedabad,Ahmedabad Mandi,2026-02-15,2485.0,2917.0,2701.0,Quintal,43.5,Agmarknet / e-NAM (synthetic)
MP000347,CROP003,Maize,Gujarat,Ahmedabad,Ahmedabad Mandi,2026-03-15,2609.0,3063.0,2836.0,Quintal,50.8,Agmarknet / e-NAM (synthetic)
MP000348,CROP003,Maize,Gujarat,Ahmedabad,Ahmedabad Mandi,2026-04-15,2401.0,2819.0,2610.0,Quintal,35.3,Agmarknet / e-NAM (synthetic)
MP000349,CROP003,Maize,Gujarat,Ahmedabad,Ahmedabad Mandi,2026-05-15,2419.0,2839.0,2629.0,Quintal,178.7,Agmarknet / e-NAM (synthetic)
MP000350,CROP003,Maize,Gujarat,Ahmedabad,Ahmedabad Mandi,2026-06-15,2225.0,2611.0,2418.0,Quintal,112.4,Agmarknet / e-NAM (synthetic)
MP000351,CROP003,Maize,Gujarat,Ahmedabad,Ahmedabad Mandi,2026-07-15,2141.0,2513.0,2327.0,Quintal,196.9,Agmarknet / e-NAM (synthetic)
MP000352,CROP003,Maize,Gujarat,Ahmedabad,Ahmedabad Mandi,2026-08-15,2040.0,2394.0,2217.0,Quintal,110.3,Agmarknet / e-NAM (synthetic)
MP000353,CROP003,Maize,Karnataka,Mysuru,Mysuru Mandi,2024-01-15,1875.0,2201.0,2038.0,Quintal,108.5,Agmarknet / e-NAM (synthetic)
MP000354,CROP003,Maize,Karnataka,Mysuru,Mysuru Mandi,2024-02-15,2362.0,2772.0,2567.0,Quintal,162.6,Agmarknet / e-NAM (synthetic)
MP000355,CROP003,Maize,Karnataka,Mysuru,Mysuru Mandi,2024-03-15,2478.0,2908.0,2693.0,Quintal,258.2,Agmarknet / e-NAM (synthetic)
MP000356,CROP003,Maize,Karnataka,Mysuru,Mysuru Mandi,2024-04-15,2263.0,2657.0,2460.0,Quintal,137.7,Agmarknet / e-NAM (synthetic)
MP000357,CROP003,Maize,Karnataka,Mysuru,Mysuru Mandi,2024-05-15,2172.0,2550.0,2361.0,Quintal,26.6,Agmarknet / e-NAM (synthetic)
MP000358,CROP003,Maize,Karnataka,Mysuru,Mysuru Mandi,2024-06-15,2102.0,2468.0,2285.0,Quintal,65.2,Agmarknet / e-NAM (synthetic)
MP000359,CROP003,Maize,Karnataka,Mysuru,Mysuru Mandi,2024-07-15,1926.0,2262.0,2094.0,Quintal,111.8,Agmarknet / e-NAM (synthetic)
MP000360,CROP003,Maize,Karnataka,Mysuru,Mysuru Mandi,2024-08-15,1945.0,2283.0,2114.0,Quintal,104.6,Agmarknet / e-NAM (synthetic)
MP000361,CROP003,Maize,Karnataka,Mysuru,Mysuru Mandi,2024-09-15,1852.0,2174.0,2013.0,Quintal,86.4,Agmarknet / e-NAM (synthetic)
MP000362,CROP003,Maize,Karnataka,Mysuru,Mysuru Mandi,2024-10-15,1811.0,2125.0,1968.0,Quintal,33.5,Agmarknet / e-NAM (synthetic)
MP000363,CROP003,Maize,Karnataka,Mysuru,Mysuru Mandi,2024-11-15,1882.0,2210.0,2046.0,Quintal,222.8,Agmarknet / e-NAM (synthetic)
MP000364,CROP003,Maize,Karnataka,Mysuru,Mysuru Mandi,2024-12-15,1985.0,2331.0,2158.0,Quintal,114.0,Agmarknet / e-NAM (synthetic)
MP000365,CROP003,Maize,Karnataka,Mysuru,Mysuru Mandi,2025-01-15,2293.0,2691.0,2492.0,Quintal,165.8,Agmarknet / e-NAM (synthetic)
MP000366,CROP003,Maize,Karnataka,Mysuru,Mysuru Mandi,2025-02-15,2212.0,2596.0,2404.0,Quintal,105.2,Agmarknet / e-NAM (synthetic)
MP000367,CROP003,Maize,Karnataka,Mysuru,Mysuru Mandi,2025-03-15,2195.0,2577.0,2386.0,Quintal,60.9,Agmarknet / e-NAM (synthetic)
MP000368,CROP003,Maize,Karnataka,Mysuru,Mysuru Mandi,2025-04-15,2456.0,2884.0,2670.0,Quintal,29.9,Agmarknet / e-NAM (synthetic)
MP000369,CROP003,Maize,Karnataka,Mysuru,Mysuru Mandi,2025-05-15,2150.0,2524.0,2337.0,Quintal,149.5,Agmarknet / e-NAM (synthetic)
MP000370,CROP003,Maize,Karnataka,Mysuru,Mysuru Mandi,2025-06-15,2248.0,2638.0,2443.0,Quintal,94.5,Agmarknet / e-NAM (synthetic)
MP000371,CROP003,Maize,Karnataka,Mysuru,Mysuru Mandi,2025-07-15,1904.0,2236.0,2070.0,Quintal,58.4,Agmarknet / e-NAM (synthetic)
MP000372,CROP003,Maize,Karnataka,Mysuru,Mysuru Mandi,2025-08-15,1922.0,2256.0,2089.0,Quintal,172.5,Agmarknet / e-NAM (synthetic)
MP000373,CROP003,Maize,Karnataka,Mysuru,Mysuru Mandi,2025-09-15,1836.0,2156.0,1996.0,Quintal,83.7,Agmarknet / e-NAM (synthetic)
MP000374,CROP003,Maize,Karnataka,Mysuru,Mysuru Mandi,2025-10-15,2001.0,2349.0,2175.0,Quintal,85.4,Agmarknet / e-NAM (synthetic)
MP000375,CROP003,Maize,Karnataka,Mysuru,Mysuru Mandi,2025-11-15,1995.0,2341.0,2168.0,Quintal,144.9,Agmarknet / e-NAM (synthetic)
MP000376,CROP003,Maize,Karnataka,Mysuru,Mysuru Mandi,2025-12-15,2021.0,2373.0,2197.0,Quintal,81.5,Agmarknet / e-NAM (synthetic)
MP000377,CROP003,Maize,Karnataka,Mysuru,Mysuru Mandi,2026-01-15,2466.0,2894.0,2680.0,Quintal,214.5,Agmarknet / e-NAM (synthetic)
MP000378,CROP003,Maize,Karnataka,Mysuru,Mysuru Mandi,2026-02-15,2501.0,2935.0,2718.0,Quintal,147.3,Agmarknet / e-NAM (synthetic)
MP000379,CROP003,Maize,Karnataka,Mysuru,Mysuru Mandi,2026-03-15,2505.0,2941.0,2723.0,Quintal,101.8,Agmarknet / e-NAM (synthetic)
MP000380,CROP003,Maize,Karnataka,Mysuru,Mysuru Mandi,2026-04-15,2556.0,3000.0,2778.0,Quintal,155.0,Agmarknet / e-NAM (synthetic)
MP000381,CROP003,Maize,Karnataka,Mysuru,Mysuru Mandi,2026-05-15,2480.0,2912.0,2696.0,Quintal,23.0,Agmarknet / e-NAM (synthetic)
MP000382,CROP003,Maize,Karnataka,Mysuru,Mysuru Mandi,2026-06-15,2445.0,2871.0,2658.0,Quintal,107.7,Agmarknet / e-NAM (synthetic)
MP000383,CROP003,Maize,Karnataka,Mysuru,Mysuru Mandi,2026-07-15,2064.0,2424.0,2244.0,Quintal,42.3,Agmarknet / e-NAM (synthetic)
MP000384,CROP003,Maize,Karnataka,Mysuru,Mysuru Mandi,2026-08-15,2113.0,2481.0,2297.0,Quintal,67.6,Agmarknet / e-NAM (synthetic)
MP000385,CROP004,Sorghum (Jowar),Karnataka,Belagavi,Belagavi Mandi,2024-01-15,2129.0,2499.0,2314.0,Quintal,103.2,Agmarknet / e-NAM (synthetic)
MP000386,CROP004,Sorghum (Jowar),Karnataka,Belagavi,Belagavi Mandi,2024-02-15,2278.0,2674.0,2476.0,Quintal,146.9,Agmarknet / e-NAM (synthetic)
MP000387,CROP004,Sorghum (Jowar),Karnataka,Belagavi,Belagavi Mandi,2024-03-15,2048.0,2404.0,2226.0,Quintal,297.6,Agmarknet / e-NAM (synthetic)
MP000388,CROP004,Sorghum (Jowar),Karnataka,Belagavi,Belagavi Mandi,2024-04-15,2116.0,2484.0,2300.0,Quintal,98.5,Agmarknet / e-NAM (synthetic)
MP000389,CROP004,Sorghum (Jowar),Karnataka,Belagavi,Belagavi Mandi,2024-05-15,2145.0,2519.0,2332.0,Quintal,240.7,Agmarknet / e-NAM (synthetic)
MP000390,CROP004,Sorghum (Jowar),Karnataka,Belagavi,Belagavi Mandi,2024-06-15,1820.0,2136.0,1978.0,Quintal,136.6,Agmarknet / e-NAM (synthetic)
MP000391,CROP004,Sorghum (Jowar),Karnataka,Belagavi,Belagavi Mandi,2024-07-15,1857.0,2181.0,2019.0,Quintal,172.9,Agmarknet / e-NAM (synthetic)
MP000392,CROP004,Sorghum (Jowar),Karnataka,Belagavi,Belagavi Mandi,2024-08-15,1818.0,2134.0,1976.0,Quintal,185.3,Agmarknet / e-NAM (synthetic)
MP000393,CROP004,Sorghum (Jowar),Karnataka,Belagavi,Belagavi Mandi,2024-09-15,1614.0,1894.0,1754.0,Quintal,54.1,Agmarknet / e-NAM (synthetic)
MP000394,CROP004,Sorghum (Jowar),Karnataka,Belagavi,Belagavi Mandi,2024-10-15,1708.0,2004.0,1856.0,Quintal,137.6,Agmarknet / e-NAM (synthetic)
MP000395,CROP004,Sorghum (Jowar),Karnataka,Belagavi,Belagavi Mandi,2024-11-15,1815.0,2131.0,1973.0,Quintal,154.9,Agmarknet / e-NAM (synthetic)
MP000396,CROP004,Sorghum (Jowar),Karnataka,Belagavi,Belagavi Mandi,2024-12-15,1963.0,2305.0,2134.0,Quintal,124.5,Agmarknet / e-NAM (synthetic)
MP000397,CROP004,Sorghum (Jowar),Karnataka,Belagavi,Belagavi Mandi,2025-01-15,2105.0,2471.0,2288.0,Quintal,38.5,Agmarknet / e-NAM (synthetic)
MP000398,CROP004,Sorghum (Jowar),Karnataka,Belagavi,Belagavi Mandi,2025-02-15,2070.0,2430.0,2250.0,Quintal,138.5,Agmarknet / e-NAM (synthetic)
MP000399,CROP004,Sorghum (Jowar),Karnataka,Belagavi,Belagavi Mandi,2025-03-15,2351.0,2759.0,2555.0,Quintal,61.2,Agmarknet / e-NAM (synthetic)
MP000400,CROP004,Sorghum (Jowar),Karnataka,Belagavi,Belagavi Mandi,2025-04-15,1852.0,2174.0,2013.0,Quintal,44.3,Agmarknet / e-NAM (synthetic)
MP000401,CROP004,Sorghum (Jowar),Karnataka,Belagavi,Belagavi Mandi,2025-05-15,2344.0,2752.0,2548.0,Quintal,286.2,Agmarknet / e-NAM (synthetic)
MP000402,CROP004,Sorghum (Jowar),Karnataka,Belagavi,Belagavi Mandi,2025-06-15,2180.0,2560.0,2370.0,Quintal,112.4,Agmarknet / e-NAM (synthetic)
MP000403,CROP004,Sorghum (Jowar),Karnataka,Belagavi,Belagavi Mandi,2025-07-15,1984.0,2330.0,2157.0,Quintal,52.1,Agmarknet / e-NAM (synthetic)
MP000404,CROP004,Sorghum (Jowar),Karnataka,Belagavi,Belagavi Mandi,2025-08-15,1922.0,2256.0,2089.0,Quintal,170.6,Agmarknet / e-NAM (synthetic)
MP000405,CROP004,Sorghum (Jowar),Karnataka,Belagavi,Belagavi Mandi,2025-09-15,1685.0,1979.0,1832.0,Quintal,236.2,Agmarknet / e-NAM (synthetic)
MP000406,CROP004,Sorghum (Jowar),Karnataka,Belagavi,Belagavi Mandi,2025-10-15,1765.0,2073.0,1919.0,Quintal,114.0,Agmarknet / e-NAM (synthetic)
MP000407,CROP004,Sorghum (Jowar),Karnataka,Belagavi,Belagavi Mandi,2025-11-15,1949.0,2289.0,2119.0,Quintal,110.9,Agmarknet / e-NAM (synthetic)
MP000408,CROP004,Sorghum (Jowar),Karnataka,Belagavi,Belagavi Mandi,2025-12-15,2111.0,2479.0,2295.0,Quintal,118.7,Agmarknet / e-NAM (synthetic)
MP000409,CROP004,Sorghum (Jowar),Karnataka,Belagavi,Belagavi Mandi,2026-01-15,2368.0,2780.0,2574.0,Quintal,57.5,Agmarknet / e-NAM (synthetic)
MP000410,CROP004,Sorghum (Jowar),Karnataka,Belagavi,Belagavi Mandi,2026-02-15,2386.0,2802.0,2594.0,Quintal,57.3,Agmarknet / e-NAM (synthetic)
MP000411,CROP004,Sorghum (Jowar),Karnataka,Belagavi,Belagavi Mandi,2026-03-15,2410.0,2830.0,2620.0,Quintal,162.4,Agmarknet / e-NAM (synthetic)
MP000412,CROP004,Sorghum (Jowar),Karnataka,Belagavi,Belagavi Mandi,2026-04-15,2458.0,2886.0,2672.0,Quintal,224.5,Agmarknet / e-NAM (synthetic)
MP000413,CROP004,Sorghum (Jowar),Karnataka,Belagavi,Belagavi Mandi,2026-05-15,2248.0,2638.0,2443.0,Quintal,117.1,Agmarknet / e-NAM (synthetic)
MP000414,CROP004,Sorghum (Jowar),Karnataka,Belagavi,Belagavi Mandi,2026-06-15,2115.0,2483.0,2299.0,Quintal,70.0,Agmarknet / e-NAM (synthetic)
MP000415,CROP004,Sorghum (Jowar),Karnataka,Belagavi,Belagavi Mandi,2026-07-15,2054.0,2412.0,2233.0,Quintal,137.6,Agmarknet / e-NAM (synthetic)
MP000416,CROP004,Sorghum (Jowar),Karnataka,Belagavi,Belagavi Mandi,2026-08-15,2010.0,2360.0,2185.0,Quintal,160.0,Agmarknet / e-NAM (synthetic)
MP000417,CROP004,Sorghum (Jowar),Tamil Nadu,Thanjavur,Thanjavur Mandi,2024-01-15,2134.0,2506.0,2320.0,Quintal,46.6,Agmarknet / e-NAM (synthetic)
MP000418,CROP004,Sorghum (Jowar),Tamil Nadu,Thanjavur,Thanjavur Mandi,2024-02-15,2347.0,2755.0,2551.0,Quintal,48.7,Agmarknet / e-NAM (synthetic)
MP000419,CROP004,Sorghum (Jowar),Tamil Nadu,Thanjavur,Thanjavur Mandi,2024-03-15,2262.0,2656.0,2459.0,Quintal,223.4,Agmarknet / e-NAM (synthetic)
MP000420,CROP004,Sorghum (Jowar),Tamil Nadu,Thanjavur,Thanjavur Mandi,2024-04-15,2205.0,2589.0,2397.0,Quintal,71.2,Agmarknet / e-NAM (synthetic)
MP000421,CROP004,Sorghum (Jowar),Tamil Nadu,Thanjavur,Thanjavur Mandi,2024-05-15,2090.0,2454.0,2272.0,Quintal,279.0,Agmarknet / e-NAM (synthetic)
MP000422,CROP004,Sorghum (Jowar),Tamil Nadu,Thanjavur,Thanjavur Mandi,2024-06-15,2074.0,2434.0,2254.0,Quintal,194.7,Agmarknet / e-NAM (synthetic)
MP000423,CROP004,Sorghum (Jowar),Tamil Nadu,Thanjavur,Thanjavur Mandi,2024-07-15,2074.0,2434.0,2254.0,Quintal,82.7,Agmarknet / e-NAM (synthetic)
MP000424,CROP004,Sorghum (Jowar),Tamil Nadu,Thanjavur,Thanjavur Mandi,2024-08-15,1743.0,2047.0,1895.0,Quintal,213.9,Agmarknet / e-NAM (synthetic)
MP000425,CROP004,Sorghum (Jowar),Tamil Nadu,Thanjavur,Thanjavur Mandi,2024-09-15,1748.0,2052.0,1900.0,Quintal,41.5,Agmarknet / e-NAM (synthetic)
MP000426,CROP004,Sorghum (Jowar),Tamil Nadu,Thanjavur,Thanjavur Mandi,2024-10-15,1686.0,1980.0,1833.0,Quintal,171.7,Agmarknet / e-NAM (synthetic)
MP000427,CROP004,Sorghum (Jowar),Tamil Nadu,Thanjavur,Thanjavur Mandi,2024-11-15,1926.0,2262.0,2094.0,Quintal,188.7,Agmarknet / e-NAM (synthetic)
MP000428,CROP004,Sorghum (Jowar),Tamil Nadu,Thanjavur,Thanjavur Mandi,2024-12-15,1968.0,2310.0,2139.0,Quintal,57.4,Agmarknet / e-NAM (synthetic)
MP000429,CROP004,Sorghum (Jowar),Tamil Nadu,Thanjavur,Thanjavur Mandi,2025-01-15,2372.0,2784.0,2578.0,Quintal,144.1,Agmarknet / e-NAM (synthetic)
MP000430,CROP004,Sorghum (Jowar),Tamil Nadu,Thanjavur,Thanjavur Mandi,2025-02-15,2278.0,2674.0,2476.0,Quintal,199.3,Agmarknet / e-NAM (synthetic)
MP000431,CROP004,Sorghum (Jowar),Tamil Nadu,Thanjavur,Thanjavur Mandi,2025-03-15,2458.0,2886.0,2672.0,Quintal,171.0,Agmarknet / e-NAM (synthetic)
MP000432,CROP004,Sorghum (Jowar),Tamil Nadu,Thanjavur,Thanjavur Mandi,2025-04-15,2369.0,2781.0,2575.0,Quintal,54.6,Agmarknet / e-NAM (synthetic)
MP000433,CROP004,Sorghum (Jowar),Tamil Nadu,Thanjavur,Thanjavur Mandi,2025-05-15,2372.0,2784.0,2578.0,Quintal,59.7,Agmarknet / e-NAM (synthetic)
MP000434,CROP004,Sorghum (Jowar),Tamil Nadu,Thanjavur,Thanjavur Mandi,2025-06-15,2069.0,2429.0,2249.0,Quintal,36.9,Agmarknet / e-NAM (synthetic)
MP000435,CROP004,Sorghum (Jowar),Tamil Nadu,Thanjavur,Thanjavur Mandi,2025-07-15,1802.0,2116.0,1959.0,Quintal,80.9,Agmarknet / e-NAM (synthetic)
MP000436,CROP004,Sorghum (Jowar),Tamil Nadu,Thanjavur,Thanjavur Mandi,2025-08-15,1856.0,2178.0,2017.0,Quintal,77.7,Agmarknet / e-NAM (synthetic)
MP000437,CROP004,Sorghum (Jowar),Tamil Nadu,Thanjavur,Thanjavur Mandi,2025-09-15,1794.0,2106.0,1950.0,Quintal,68.4,Agmarknet / e-NAM (synthetic)
MP000438,CROP004,Sorghum (Jowar),Tamil Nadu,Thanjavur,Thanjavur Mandi,2025-10-15,1888.0,2216.0,2052.0,Quintal,197.8,Agmarknet / e-NAM (synthetic)
MP000439,CROP004,Sorghum (Jowar),Tamil Nadu,Thanjavur,Thanjavur Mandi,2025-11-15,1850.0,2172.0,2011.0,Quintal,152.7,Agmarknet / e-NAM (synthetic)
MP000440,CROP004,Sorghum (Jowar),Tamil Nadu,Thanjavur,Thanjavur Mandi,2025-12-15,1957.0,2297.0,2127.0,Quintal,141.4,Agmarknet / e-NAM (synthetic)
MP000441,CROP004,Sorghum (Jowar),Tamil Nadu,Thanjavur,Thanjavur Mandi,2026-01-15,2262.0,2656.0,2459.0,Quintal,199.2,Agmarknet / e-NAM (synthetic)
MP000442,CROP004,Sorghum (Jowar),Tamil Nadu,Thanjavur,Thanjavur Mandi,2026-02-15,2264.0,2658.0,2461.0,Quintal,80.1,Agmarknet / e-NAM (synthetic)
MP000443,CROP004,Sorghum (Jowar),Tamil Nadu,Thanjavur,Thanjavur Mandi,2026-03-15,2593.0,3045.0,2819.0,Quintal,73.6,Agmarknet / e-NAM (synthetic)
MP000444,CROP004,Sorghum (Jowar),Tamil Nadu,Thanjavur,Thanjavur Mandi,2026-04-15,2509.0,2945.0,2727.0,Quintal,190.9,Agmarknet / e-NAM (synthetic)
MP000445,CROP004,Sorghum (Jowar),Tamil Nadu,Thanjavur,Thanjavur Mandi,2026-05-15,2388.0,2804.0,2596.0,Quintal,148.6,Agmarknet / e-NAM (synthetic)
MP000446,CROP004,Sorghum (Jowar),Tamil Nadu,Thanjavur,Thanjavur Mandi,2026-06-15,2283.0,2681.0,2482.0,Quintal,173.9,Agmarknet / e-NAM (synthetic)
MP000447,CROP004,Sorghum (Jowar),Tamil Nadu,Thanjavur,Thanjavur Mandi,2026-07-15,1992.0,2338.0,2165.0,Quintal,155.8,Agmarknet / e-NAM (synthetic)
MP000448,CROP004,Sorghum (Jowar),Tamil Nadu,Thanjavur,Thanjavur Mandi,2026-08-15,2041.0,2395.0,2218.0,Quintal,125.7,Agmarknet / e-NAM (synthetic)
MP000449,CROP004,Sorghum (Jowar),Haryana,Karnal,Karnal Mandi,2024-01-15,2028.0,2380.0,2204.0,Quintal,149.0,Agmarknet / e-NAM (synthetic)
MP000450,CROP004,Sorghum (Jowar),Haryana,Karnal,Karnal Mandi,2024-02-15,2137.0,2509.0,2323.0,Quintal,307.7,Agmarknet / e-NAM (synthetic)
MP000451,CROP004,Sorghum (Jowar),Haryana,Karnal,Karnal Mandi,2024-03-15,2114.0,2482.0,2298.0,Quintal,99.0,Agmarknet / e-NAM (synthetic)
MP000452,CROP004,Sorghum (Jowar),Haryana,Karnal,Karnal Mandi,2024-04-15,1972.0,2316.0,2144.0,Quintal,113.1,Agmarknet / e-NAM (synthetic)
MP000453,CROP004,Sorghum (Jowar),Haryana,Karnal,Karnal Mandi,2024-05-15,2146.0,2520.0,2333.0,Quintal,114.0,Agmarknet / e-NAM (synthetic)
MP000454,CROP004,Sorghum (Jowar),Haryana,Karnal,Karnal Mandi,2024-06-15,1931.0,2267.0,2099.0,Quintal,176.1,Agmarknet / e-NAM (synthetic)
MP000455,CROP004,Sorghum (Jowar),Haryana,Karnal,Karnal Mandi,2024-07-15,1898.0,2228.0,2063.0,Quintal,62.4,Agmarknet / e-NAM (synthetic)
MP000456,CROP004,Sorghum (Jowar),Haryana,Karnal,Karnal Mandi,2024-08-15,1650.0,1938.0,1794.0,Quintal,113.6,Agmarknet / e-NAM (synthetic)
MP000457,CROP004,Sorghum (Jowar),Haryana,Karnal,Karnal Mandi,2024-09-15,1662.0,1952.0,1807.0,Quintal,89.0,Agmarknet / e-NAM (synthetic)
MP000458,CROP004,Sorghum (Jowar),Haryana,Karnal,Karnal Mandi,2024-10-15,1742.0,2044.0,1893.0,Quintal,138.8,Agmarknet / e-NAM (synthetic)
MP000459,CROP004,Sorghum (Jowar),Haryana,Karnal,Karnal Mandi,2024-11-15,1849.0,2171.0,2010.0,Quintal,99.8,Agmarknet / e-NAM (synthetic)
MP000460,CROP004,Sorghum (Jowar),Haryana,Karnal,Karnal Mandi,2024-12-15,1911.0,2243.0,2077.0,Quintal,126.7,Agmarknet / e-NAM (synthetic)
MP000461,CROP004,Sorghum (Jowar),Haryana,Karnal,Karnal Mandi,2025-01-15,2233.0,2621.0,2427.0,Quintal,110.0,Agmarknet / e-NAM (synthetic)
MP000462,CROP004,Sorghum (Jowar),Haryana,Karnal,Karnal Mandi,2025-02-15,2363.0,2775.0,2569.0,Quintal,194.2,Agmarknet / e-NAM (synthetic)
MP000463,CROP004,Sorghum (Jowar),Haryana,Karnal,Karnal Mandi,2025-03-15,2159.0,2535.0,2347.0,Quintal,61.6,Agmarknet / e-NAM (synthetic)
MP000464,CROP004,Sorghum (Jowar),Haryana,Karnal,Karnal Mandi,2025-04-15,2165.0,2541.0,2353.0,Quintal,71.1,Agmarknet / e-NAM (synthetic)
MP000465,CROP004,Sorghum (Jowar),Haryana,Karnal,Karnal Mandi,2025-05-15,2350.0,2758.0,2554.0,Quintal,141.3,Agmarknet / e-NAM (synthetic)
MP000466,CROP004,Sorghum (Jowar),Haryana,Karnal,Karnal Mandi,2025-06-15,2074.0,2434.0,2254.0,Quintal,171.8,Agmarknet / e-NAM (synthetic)
MP000467,CROP004,Sorghum (Jowar),Haryana,Karnal,Karnal Mandi,2025-07-15,1981.0,2325.0,2153.0,Quintal,25.8,Agmarknet / e-NAM (synthetic)
MP000468,CROP004,Sorghum (Jowar),Haryana,Karnal,Karnal Mandi,2025-08-15,1780.0,2090.0,1935.0,Quintal,62.2,Agmarknet / e-NAM (synthetic)
MP000469,CROP004,Sorghum (Jowar),Haryana,Karnal,Karnal Mandi,2025-09-15,1875.0,2201.0,2038.0,Quintal,148.7,Agmarknet / e-NAM (synthetic)
MP000470,CROP004,Sorghum (Jowar),Haryana,Karnal,Karnal Mandi,2025-10-15,1517.0,1781.0,1649.0,Quintal,94.8,Agmarknet / e-NAM (synthetic)
MP000471,CROP004,Sorghum (Jowar),Haryana,Karnal,Karnal Mandi,2025-11-15,2131.0,2501.0,2316.0,Quintal,167.9,Agmarknet / e-NAM (synthetic)
MP000472,CROP004,Sorghum (Jowar),Haryana,Karnal,Karnal Mandi,2025-12-15,2092.0,2456.0,2274.0,Quintal,54.8,Agmarknet / e-NAM (synthetic)
MP000473,CROP004,Sorghum (Jowar),Haryana,Karnal,Karnal Mandi,2026-01-15,2349.0,2757.0,2553.0,Quintal,213.8,Agmarknet / e-NAM (synthetic)
MP000474,CROP004,Sorghum (Jowar),Haryana,Karnal,Karnal Mandi,2026-02-15,2392.0,2808.0,2600.0,Quintal,226.5,Agmarknet / e-NAM (synthetic)
MP000475,CROP004,Sorghum (Jowar),Haryana,Karnal,Karnal Mandi,2026-03-15,2351.0,2759.0,2555.0,Quintal,82.9,Agmarknet / e-NAM (synthetic)
MP000476,CROP004,Sorghum (Jowar),Haryana,Karnal,Karnal Mandi,2026-04-15,2304.0,2704.0,2504.0,Quintal,98.0,Agmarknet / e-NAM (synthetic)
MP000477,CROP004,Sorghum (Jowar),Haryana,Karnal,Karnal Mandi,2026-05-15,2215.0,2601.0,2408.0,Quintal,10.6,Agmarknet / e-NAM (synthetic)
MP000478,CROP004,Sorghum (Jowar),Haryana,Karnal,Karnal Mandi,2026-06-15,2284.0,2682.0,2483.0,Quintal,164.2,Agmarknet / e-NAM (synthetic)
MP000479,CROP004,Sorghum (Jowar),Haryana,Karnal,Karnal Mandi,2026-07-15,1941.0,2279.0,2110.0,Quintal,185.4,Agmarknet / e-NAM (synthetic)
MP000480,CROP004,Sorghum (Jowar),Haryana,Karnal,Karnal Mandi,2026-08-15,1896.0,2226.0,2061.0,Quintal,105.6,Agmarknet / e-NAM (synthetic)
MP000481,CROP004,Sorghum (Jowar),Uttar Pradesh,Lucknow,Lucknow Mandi,2024-01-15,2059.0,2417.0,2238.0,Quintal,68.0,Agmarknet / e-NAM (synthetic)
MP000482,CROP004,Sorghum (Jowar),Uttar Pradesh,Lucknow,Lucknow Mandi,2024-02-15,2251.0,2643.0,2447.0,Quintal,127.0,Agmarknet / e-NAM (synthetic)
MP000483,CROP004,Sorghum (Jowar),Uttar Pradesh,Lucknow,Lucknow Mandi,2024-03-15,2217.0,2603.0,2410.0,Quintal,200.7,Agmarknet / e-NAM (synthetic)
MP000484,CROP004,Sorghum (Jowar),Uttar Pradesh,Lucknow,Lucknow Mandi,2024-04-15,2169.0,2547.0,2358.0,Quintal,78.2,Agmarknet / e-NAM (synthetic)
MP000485,CROP004,Sorghum (Jowar),Uttar Pradesh,Lucknow,Lucknow Mandi,2024-05-15,2119.0,2487.0,2303.0,Quintal,128.1,Agmarknet / e-NAM (synthetic)
MP000486,CROP004,Sorghum (Jowar),Uttar Pradesh,Lucknow,Lucknow Mandi,2024-06-15,1919.0,2253.0,2086.0,Quintal,249.6,Agmarknet / e-NAM (synthetic)
MP000487,CROP004,Sorghum (Jowar),Uttar Pradesh,Lucknow,Lucknow Mandi,2024-07-15,1855.0,2177.0,2016.0,Quintal,43.0,Agmarknet / e-NAM (synthetic)
MP000488,CROP004,Sorghum (Jowar),Uttar Pradesh,Lucknow,Lucknow Mandi,2024-08-15,1478.0,1736.0,1607.0,Quintal,160.3,Agmarknet / e-NAM (synthetic)
MP000489,CROP004,Sorghum (Jowar),Uttar Pradesh,Lucknow,Lucknow Mandi,2024-09-15,1787.0,2097.0,1942.0,Quintal,238.8,Agmarknet / e-NAM (synthetic)
MP000490,CROP004,Sorghum (Jowar),Uttar Pradesh,Lucknow,Lucknow Mandi,2024-10-15,1831.0,2149.0,1990.0,Quintal,167.5,Agmarknet / e-NAM (synthetic)
MP000491,CROP004,Sorghum (Jowar),Uttar Pradesh,Lucknow,Lucknow Mandi,2024-11-15,1736.0,2038.0,1887.0,Quintal,110.2,Agmarknet / e-NAM (synthetic)
MP000492,CROP004,Sorghum (Jowar),Uttar Pradesh,Lucknow,Lucknow Mandi,2024-12-15,1957.0,2297.0,2127.0,Quintal,134.3,Agmarknet / e-NAM (synthetic)
MP000493,CROP004,Sorghum (Jowar),Uttar Pradesh,Lucknow,Lucknow Mandi,2025-01-15,2100.0,2466.0,2283.0,Quintal,54.5,Agmarknet / e-NAM (synthetic)
MP000494,CROP004,Sorghum (Jowar),Uttar Pradesh,Lucknow,Lucknow Mandi,2025-02-15,2352.0,2760.0,2556.0,Quintal,68.8,Agmarknet / e-NAM (synthetic)
MP000495,CROP004,Sorghum (Jowar),Uttar Pradesh,Lucknow,Lucknow Mandi,2025-03-15,2195.0,2577.0,2386.0,Quintal,68.0,Agmarknet / e-NAM (synthetic)
MP000496,CROP004,Sorghum (Jowar),Uttar Pradesh,Lucknow,Lucknow Mandi,2025-04-15,2194.0,2576.0,2385.0,Quintal,140.6,Agmarknet / e-NAM (synthetic)
MP000497,CROP004,Sorghum (Jowar),Uttar Pradesh,Lucknow,Lucknow Mandi,2025-05-15,2049.0,2405.0,2227.0,Quintal,126.5,Agmarknet / e-NAM (synthetic)
MP000498,CROP004,Sorghum (Jowar),Uttar Pradesh,Lucknow,Lucknow Mandi,2025-06-15,2244.0,2634.0,2439.0,Quintal,106.9,Agmarknet / e-NAM (synthetic)
MP000499,CROP004,Sorghum (Jowar),Uttar Pradesh,Lucknow,Lucknow Mandi,2025-07-15,1962.0,2304.0,2133.0,Quintal,128.1,Agmarknet / e-NAM (synthetic)
MP000500,CROP004,Sorghum (Jowar),Uttar Pradesh,Lucknow,Lucknow Mandi,2025-08-15,1900.0,2230.0,2065.0,Quintal,31.8,Agmarknet / e-NAM (synthetic)
MP000501,CROP004,Sorghum (Jowar),Uttar Pradesh,Lucknow,Lucknow Mandi,2025-09-15,1687.0,1981.0,1834.0,Quintal,82.3,Agmarknet / e-NAM (synthetic)
MP000502,CROP004,Sorghum (Jowar),Uttar Pradesh,Lucknow,Lucknow Mandi,2025-10-15,1896.0,2226.0,2061.0,Quintal,95.4,Agmarknet / e-NAM (synthetic)
MP000503,CROP004,Sorghum (Jowar),Uttar Pradesh,Lucknow,Lucknow Mandi,2025-11-15,1997.0,2345.0,2171.0,Quintal,50.7,Agmarknet / e-NAM (synthetic)
MP000504,CROP004,Sorghum (Jowar),Uttar Pradesh,Lucknow,Lucknow Mandi,2025-12-15,2196.0,2578.0,2387.0,Quintal,57.9,Agmarknet / e-NAM (synthetic)
MP000505,CROP004,Sorghum (Jowar),Uttar Pradesh,Lucknow,Lucknow Mandi,2026-01-15,2341.0,2749.0,2545.0,Quintal,151.0,Agmarknet / e-NAM (synthetic)
MP000506,CROP004,Sorghum (Jowar),Uttar Pradesh,Lucknow,Lucknow Mandi,2026-02-15,2348.0,2756.0,2552.0,Quintal,149.0,Agmarknet / e-NAM (synthetic)
MP000507,CROP004,Sorghum (Jowar),Uttar Pradesh,Lucknow,Lucknow Mandi,2026-03-15,2554.0,2998.0,2776.0,Quintal,126.5,Agmarknet / e-NAM (synthetic)
MP000508,CROP004,Sorghum (Jowar),Uttar Pradesh,Lucknow,Lucknow Mandi,2026-04-15,2431.0,2853.0,2642.0,Quintal,134.0,Agmarknet / e-NAM (synthetic)
MP000509,CROP004,Sorghum (Jowar),Uttar Pradesh,Lucknow,Lucknow Mandi,2026-05-15,2253.0,2645.0,2449.0,Quintal,72.6,Agmarknet / e-NAM (synthetic)
MP000510,CROP004,Sorghum (Jowar),Uttar Pradesh,Lucknow,Lucknow Mandi,2026-06-15,2092.0,2456.0,2274.0,Quintal,47.2,Agmarknet / e-NAM (synthetic)
MP000511,CROP004,Sorghum (Jowar),Uttar Pradesh,Lucknow,Lucknow Mandi,2026-07-15,2052.0,2408.0,2230.0,Quintal,119.0,Agmarknet / e-NAM (synthetic)
MP000512,CROP004,Sorghum (Jowar),Uttar Pradesh,Lucknow,Lucknow Mandi,2026-08-15,1751.0,2055.0,1903.0,Quintal,109.0,Agmarknet / e-NAM (synthetic)
MP000513,CROP005,Pearl Millet (Bajra),Haryana,Hisar,Hisar Mandi,2024-01-15,6311.0,7409.0,6860.0,Quintal,139.1,Agmarknet / e-NAM (synthetic)
MP000514,CROP005,Pearl Millet (Bajra),Haryana,Hisar,Hisar Mandi,2024-02-15,6067.0,7123.0,6595.0,Quintal,167.2,Agmarknet / e-NAM (synthetic)
MP000515,CROP005,Pearl Millet (Bajra),Haryana,Hisar,Hisar Mandi,2024-03-15,6158.0,7228.0,6693.0,Quintal,127.1,Agmarknet / e-NAM (synthetic)
MP000516,CROP005,Pearl Millet (Bajra),Haryana,Hisar,Hisar Mandi,2024-04-15,5404.0,6344.0,5874.0,Quintal,117.9,Agmarknet / e-NAM (synthetic)
MP000517,CROP005,Pearl Millet (Bajra),Haryana,Hisar,Hisar Mandi,2024-05-15,5375.0,6309.0,5842.0,Quintal,65.0,Agmarknet / e-NAM (synthetic)
MP000518,CROP005,Pearl Millet (Bajra),Haryana,Hisar,Hisar Mandi,2024-06-15,5107.0,5995.0,5551.0,Quintal,100.1,Agmarknet / e-NAM (synthetic)
MP000519,CROP005,Pearl Millet (Bajra),Haryana,Hisar,Hisar Mandi,2024-07-15,5054.0,5932.0,5493.0,Quintal,133.1,Agmarknet / e-NAM (synthetic)
MP000520,CROP005,Pearl Millet (Bajra),Haryana,Hisar,Hisar Mandi,2024-08-15,4957.0,5819.0,5388.0,Quintal,31.3,Agmarknet / e-NAM (synthetic)
MP000521,CROP005,Pearl Millet (Bajra),Haryana,Hisar,Hisar Mandi,2024-09-15,4412.0,5180.0,4796.0,Quintal,186.7,Agmarknet / e-NAM (synthetic)
MP000522,CROP005,Pearl Millet (Bajra),Haryana,Hisar,Hisar Mandi,2024-10-15,5166.0,6064.0,5615.0,Quintal,130.0,Agmarknet / e-NAM (synthetic)
MP000523,CROP005,Pearl Millet (Bajra),Haryana,Hisar,Hisar Mandi,2024-11-15,4983.0,5849.0,5416.0,Quintal,78.3,Agmarknet / e-NAM (synthetic)
MP000524,CROP005,Pearl Millet (Bajra),Haryana,Hisar,Hisar Mandi,2024-12-15,4978.0,5844.0,5411.0,Quintal,98.2,Agmarknet / e-NAM (synthetic)
MP000525,CROP005,Pearl Millet (Bajra),Haryana,Hisar,Hisar Mandi,2025-01-15,6320.0,7420.0,6870.0,Quintal,115.3,Agmarknet / e-NAM (synthetic)
MP000526,CROP005,Pearl Millet (Bajra),Haryana,Hisar,Hisar Mandi,2025-02-15,6421.0,7537.0,6979.0,Quintal,82.5,Agmarknet / e-NAM (synthetic)
MP000527,CROP005,Pearl Millet (Bajra),Haryana,Hisar,Hisar Mandi,2025-03-15,6434.0,7554.0,6994.0,Quintal,153.3,Agmarknet / e-NAM (synthetic)
MP000528,CROP005,Pearl Millet (Bajra),Haryana,Hisar,Hisar Mandi,2025-04-15,6553.0,7693.0,7123.0,Quintal,72.6,Agmarknet / e-NAM (synthetic)
MP000529,CROP005,Pearl Millet (Bajra),Haryana,Hisar,Hisar Mandi,2025-05-15,5103.0,5991.0,5547.0,Quintal,75.6,Agmarknet / e-NAM (synthetic)
MP000530,CROP005,Pearl Millet (Bajra),Haryana,Hisar,Hisar Mandi,2025-06-15,6262.0,7352.0,6807.0,Quintal,120.4,Agmarknet / e-NAM (synthetic)
MP000531,CROP005,Pearl Millet (Bajra),Haryana,Hisar,Hisar Mandi,2025-07-15,4832.0,5672.0,5252.0,Quintal,90.9,Agmarknet / e-NAM (synthetic)
MP000532,CROP005,Pearl Millet (Bajra),Haryana,Hisar,Hisar Mandi,2025-08-15,5284.0,6204.0,5744.0,Quintal,107.4,Agmarknet / e-NAM (synthetic)
MP000533,CROP005,Pearl Millet (Bajra),Haryana,Hisar,Hisar Mandi,2025-09-15,5367.0,6301.0,5834.0,Quintal,140.1,Agmarknet / e-NAM (synthetic)
MP000534,CROP005,Pearl Millet (Bajra),Haryana,Hisar,Hisar Mandi,2025-10-15,5369.0,6303.0,5836.0,Quintal,25.4,Agmarknet / e-NAM (synthetic)
MP000535,CROP005,Pearl Millet (Bajra),Haryana,Hisar,Hisar Mandi,2025-11-15,5469.0,6421.0,5945.0,Quintal,141.7,Agmarknet / e-NAM (synthetic)
MP000536,CROP005,Pearl Millet (Bajra),Haryana,Hisar,Hisar Mandi,2025-12-15,6225.0,7307.0,6766.0,Quintal,199.6,Agmarknet / e-NAM (synthetic)
MP000537,CROP005,Pearl Millet (Bajra),Haryana,Hisar,Hisar Mandi,2026-01-15,6104.0,7166.0,6635.0,Quintal,25.7,Agmarknet / e-NAM (synthetic)
MP000538,CROP005,Pearl Millet (Bajra),Haryana,Hisar,Hisar Mandi,2026-02-15,6121.0,7185.0,6653.0,Quintal,87.9,Agmarknet / e-NAM (synthetic)
MP000539,CROP005,Pearl Millet (Bajra),Haryana,Hisar,Hisar Mandi,2026-03-15,7137.0,8379.0,7758.0,Quintal,81.5,Agmarknet / e-NAM (synthetic)
MP000540,CROP005,Pearl Millet (Bajra),Haryana,Hisar,Hisar Mandi,2026-04-15,6480.0,7606.0,7043.0,Quintal,119.2,Agmarknet / e-NAM (synthetic)
MP000541,CROP005,Pearl Millet (Bajra),Haryana,Hisar,Hisar Mandi,2026-05-15,6093.0,7153.0,6623.0,Quintal,94.4,Agmarknet / e-NAM (synthetic)
MP000542,CROP005,Pearl Millet (Bajra),Haryana,Hisar,Hisar Mandi,2026-06-15,5650.0,6632.0,6141.0,Quintal,232.8,Agmarknet / e-NAM (synthetic)
MP000543,CROP005,Pearl Millet (Bajra),Haryana,Hisar,Hisar Mandi,2026-07-15,5706.0,6698.0,6202.0,Quintal,99.1,Agmarknet / e-NAM (synthetic)
MP000544,CROP005,Pearl Millet (Bajra),Haryana,Hisar,Hisar Mandi,2026-08-15,5447.0,6395.0,5921.0,Quintal,379.0,Agmarknet / e-NAM (synthetic)
MP000545,CROP005,Pearl Millet (Bajra),Maharashtra,Nashik,Nashik Mandi,2024-01-15,5906.0,6934.0,6420.0,Quintal,72.9,Agmarknet / e-NAM (synthetic)
MP000546,CROP005,Pearl Millet (Bajra),Maharashtra,Nashik,Nashik Mandi,2024-02-15,6076.0,7132.0,6604.0,Quintal,51.8,Agmarknet / e-NAM (synthetic)
MP000547,CROP005,Pearl Millet (Bajra),Maharashtra,Nashik,Nashik Mandi,2024-03-15,6084.0,7142.0,6613.0,Quintal,101.4,Agmarknet / e-NAM (synthetic)
MP000548,CROP005,Pearl Millet (Bajra),Maharashtra,Nashik,Nashik Mandi,2024-04-15,6411.0,7525.0,6968.0,Quintal,34.5,Agmarknet / e-NAM (synthetic)
MP000549,CROP005,Pearl Millet (Bajra),Maharashtra,Nashik,Nashik Mandi,2024-05-15,5604.0,6578.0,6091.0,Quintal,46.4,Agmarknet / e-NAM (synthetic)
MP000550,CROP005,Pearl Millet (Bajra),Maharashtra,Nashik,Nashik Mandi,2024-06-15,5752.0,6752.0,6252.0,Quintal,200.6,Agmarknet / e-NAM (synthetic)
MP000551,CROP005,Pearl Millet (Bajra),Maharashtra,Nashik,Nashik Mandi,2024-07-15,4630.0,5436.0,5033.0,Quintal,62.0,Agmarknet / e-NAM (synthetic)
MP000552,CROP005,Pearl Millet (Bajra),Maharashtra,Nashik,Nashik Mandi,2024-08-15,4962.0,5824.0,5393.0,Quintal,164.5,Agmarknet / e-NAM (synthetic)
MP000553,CROP005,Pearl Millet (Bajra),Maharashtra,Nashik,Nashik Mandi,2024-09-15,5082.0,5966.0,5524.0,Quintal,56.1,Agmarknet / e-NAM (synthetic)
MP000554,CROP005,Pearl Millet (Bajra),Maharashtra,Nashik,Nashik Mandi,2024-10-15,4732.0,5556.0,5144.0,Quintal,61.3,Agmarknet / e-NAM (synthetic)
MP000555,CROP005,Pearl Millet (Bajra),Maharashtra,Nashik,Nashik Mandi,2024-11-15,5172.0,6072.0,5622.0,Quintal,148.0,Agmarknet / e-NAM (synthetic)
MP000556,CROP005,Pearl Millet (Bajra),Maharashtra,Nashik,Nashik Mandi,2024-12-15,5118.0,6008.0,5563.0,Quintal,42.1,Agmarknet / e-NAM (synthetic)
MP000557,CROP005,Pearl Millet (Bajra),Maharashtra,Nashik,Nashik Mandi,2025-01-15,6382.0,7492.0,6937.0,Quintal,81.3,Agmarknet / e-NAM (synthetic)
MP000558,CROP005,Pearl Millet (Bajra),Maharashtra,Nashik,Nashik Mandi,2025-02-15,6480.0,7606.0,7043.0,Quintal,111.6,Agmarknet / e-NAM (synthetic)
MP000559,CROP005,Pearl Millet (Bajra),Maharashtra,Nashik,Nashik Mandi,2025-03-15,6108.0,7170.0,6639.0,Quintal,243.6,Agmarknet / e-NAM (synthetic)
MP000560,CROP005,Pearl Millet (Bajra),Maharashtra,Nashik,Nashik Mandi,2025-04-15,6178.0,7252.0,6715.0,Quintal,88.3,Agmarknet / e-NAM (synthetic)
MP000561,CROP005,Pearl Millet (Bajra),Maharashtra,Nashik,Nashik Mandi,2025-05-15,6020.0,7066.0,6543.0,Quintal,137.2,Agmarknet / e-NAM (synthetic)
MP000562,CROP005,Pearl Millet (Bajra),Maharashtra,Nashik,Nashik Mandi,2025-06-15,5838.0,6854.0,6346.0,Quintal,32.7,Agmarknet / e-NAM (synthetic)
MP000563,CROP005,Pearl Millet (Bajra),Maharashtra,Nashik,Nashik Mandi,2025-07-15,5462.0,6412.0,5937.0,Quintal,101.6,Agmarknet / e-NAM (synthetic)
MP000564,CROP005,Pearl Millet (Bajra),Maharashtra,Nashik,Nashik Mandi,2025-08-15,5617.0,6593.0,6105.0,Quintal,93.1,Agmarknet / e-NAM (synthetic)
MP000565,CROP005,Pearl Millet (Bajra),Maharashtra,Nashik,Nashik Mandi,2025-09-15,4840.0,5682.0,5261.0,Quintal,68.3,Agmarknet / e-NAM (synthetic)
MP000566,CROP005,Pearl Millet (Bajra),Maharashtra,Nashik,Nashik Mandi,2025-10-15,5682.0,6670.0,6176.0,Quintal,120.7,Agmarknet / e-NAM (synthetic)
MP000567,CROP005,Pearl Millet (Bajra),Maharashtra,Nashik,Nashik Mandi,2025-11-15,4837.0,5679.0,5258.0,Quintal,167.0,Agmarknet / e-NAM (synthetic)
MP000568,CROP005,Pearl Millet (Bajra),Maharashtra,Nashik,Nashik Mandi,2025-12-15,5813.0,6823.0,6318.0,Quintal,172.4,Agmarknet / e-NAM (synthetic)
MP000569,CROP005,Pearl Millet (Bajra),Maharashtra,Nashik,Nashik Mandi,2026-01-15,5830.0,6844.0,6337.0,Quintal,236.1,Agmarknet / e-NAM (synthetic)
MP000570,CROP005,Pearl Millet (Bajra),Maharashtra,Nashik,Nashik Mandi,2026-02-15,6961.0,8171.0,7566.0,Quintal,124.9,Agmarknet / e-NAM (synthetic)
MP000571,CROP005,Pearl Millet (Bajra),Maharashtra,Nashik,Nashik Mandi,2026-03-15,6924.0,8128.0,7526.0,Quintal,120.8,Agmarknet / e-NAM (synthetic)
MP000572,CROP005,Pearl Millet (Bajra),Maharashtra,Nashik,Nashik Mandi,2026-04-15,6541.0,7679.0,7110.0,Quintal,99.0,Agmarknet / e-NAM (synthetic)
MP000573,CROP005,Pearl Millet (Bajra),Maharashtra,Nashik,Nashik Mandi,2026-05-15,6827.0,8015.0,7421.0,Quintal,128.5,Agmarknet / e-NAM (synthetic)
MP000574,CROP005,Pearl Millet (Bajra),Maharashtra,Nashik,Nashik Mandi,2026-06-15,6262.0,7352.0,6807.0,Quintal,139.8,Agmarknet / e-NAM (synthetic)
MP000575,CROP005,Pearl Millet (Bajra),Maharashtra,Nashik,Nashik Mandi,2026-07-15,5472.0,6424.0,5948.0,Quintal,168.3,Agmarknet / e-NAM (synthetic)
MP000576,CROP005,Pearl Millet (Bajra),Maharashtra,Nashik,Nashik Mandi,2026-08-15,4466.0,5242.0,4854.0,Quintal,100.3,Agmarknet / e-NAM (synthetic)
MP000577,CROP005,Pearl Millet (Bajra),Bihar,Gaya,Gaya Mandi,2024-01-15,6056.0,7110.0,6583.0,Quintal,225.0,Agmarknet / e-NAM (synthetic)
MP000578,CROP005,Pearl Millet (Bajra),Bihar,Gaya,Gaya Mandi,2024-02-15,6147.0,7217.0,6682.0,Quintal,125.0,Agmarknet / e-NAM (synthetic)
MP000579,CROP005,Pearl Millet (Bajra),Bihar,Gaya,Gaya Mandi,2024-03-15,5874.0,6896.0,6385.0,Quintal,67.6,Agmarknet / e-NAM (synthetic)
MP000580,CROP005,Pearl Millet (Bajra),Bihar,Gaya,Gaya Mandi,2024-04-15,5279.0,6197.0,5738.0,Quintal,75.0,Agmarknet / e-NAM (synthetic)
MP000581,CROP005,Pearl Millet (Bajra),Bihar,Gaya,Gaya Mandi,2024-05-15,5978.0,7018.0,6498.0,Quintal,115.4,Agmarknet / e-NAM (synthetic)
MP000582,CROP005,Pearl Millet (Bajra),Bihar,Gaya,Gaya Mandi,2024-06-15,5865.0,6885.0,6375.0,Quintal,60.5,Agmarknet / e-NAM (synthetic)
MP000583,CROP005,Pearl Millet (Bajra),Bihar,Gaya,Gaya Mandi,2024-07-15,5031.0,5907.0,5469.0,Quintal,211.4,Agmarknet / e-NAM (synthetic)
MP000584,CROP005,Pearl Millet (Bajra),Bihar,Gaya,Gaya Mandi,2024-08-15,4916.0,5770.0,5343.0,Quintal,64.4,Agmarknet / e-NAM (synthetic)
MP000585,CROP005,Pearl Millet (Bajra),Bihar,Gaya,Gaya Mandi,2024-09-15,4573.0,5369.0,4971.0,Quintal,198.5,Agmarknet / e-NAM (synthetic)
MP000586,CROP005,Pearl Millet (Bajra),Bihar,Gaya,Gaya Mandi,2024-10-15,4988.0,5856.0,5422.0,Quintal,21.5,Agmarknet / e-NAM (synthetic)
MP000587,CROP005,Pearl Millet (Bajra),Bihar,Gaya,Gaya Mandi,2024-11-15,5167.0,6065.0,5616.0,Quintal,132.0,Agmarknet / e-NAM (synthetic)
MP000588,CROP005,Pearl Millet (Bajra),Bihar,Gaya,Gaya Mandi,2024-12-15,5273.0,6189.0,5731.0,Quintal,107.2,Agmarknet / e-NAM (synthetic)
MP000589,CROP005,Pearl Millet (Bajra),Bihar,Gaya,Gaya Mandi,2025-01-15,5977.0,7017.0,6497.0,Quintal,159.0,Agmarknet / e-NAM (synthetic)
MP000590,CROP005,Pearl Millet (Bajra),Bihar,Gaya,Gaya Mandi,2025-02-15,6475.0,7601.0,7038.0,Quintal,99.0,Agmarknet / e-NAM (synthetic)
MP000591,CROP005,Pearl Millet (Bajra),Bihar,Gaya,Gaya Mandi,2025-03-15,6941.0,8149.0,7545.0,Quintal,115.2,Agmarknet / e-NAM (synthetic)
MP000592,CROP005,Pearl Millet (Bajra),Bihar,Gaya,Gaya Mandi,2025-04-15,6475.0,7601.0,7038.0,Quintal,123.8,Agmarknet / e-NAM (synthetic)
MP000593,CROP005,Pearl Millet (Bajra),Bihar,Gaya,Gaya Mandi,2025-05-15,6091.0,7151.0,6621.0,Quintal,186.3,Agmarknet / e-NAM (synthetic)
MP000594,CROP005,Pearl Millet (Bajra),Bihar,Gaya,Gaya Mandi,2025-06-15,5685.0,6673.0,6179.0,Quintal,127.6,Agmarknet / e-NAM (synthetic)
MP000595,CROP005,Pearl Millet (Bajra),Bihar,Gaya,Gaya Mandi,2025-07-15,5376.0,6310.0,5843.0,Quintal,73.6,Agmarknet / e-NAM (synthetic)
MP000596,CROP005,Pearl Millet (Bajra),Bihar,Gaya,Gaya Mandi,2025-08-15,4972.0,5836.0,5404.0,Quintal,190.7,Agmarknet / e-NAM (synthetic)
MP000597,CROP005,Pearl Millet (Bajra),Bihar,Gaya,Gaya Mandi,2025-09-15,4752.0,5578.0,5165.0,Quintal,97.9,Agmarknet / e-NAM (synthetic)
MP000598,CROP005,Pearl Millet (Bajra),Bihar,Gaya,Gaya Mandi,2025-10-15,5400.0,6340.0,5870.0,Quintal,98.5,Agmarknet / e-NAM (synthetic)
MP000599,CROP005,Pearl Millet (Bajra),Bihar,Gaya,Gaya Mandi,2025-11-15,5516.0,6476.0,5996.0,Quintal,81.9,Agmarknet / e-NAM (synthetic)
MP000600,CROP005,Pearl Millet (Bajra),Bihar,Gaya,Gaya Mandi,2025-12-15,5433.0,6377.0,5905.0,Quintal,198.4,Agmarknet / e-NAM (synthetic)
MP000601,CROP005,Pearl Millet (Bajra),Bihar,Gaya,Gaya Mandi,2026-01-15,6330.0,7430.0,6880.0,Quintal,58.9,Agmarknet / e-NAM (synthetic)
MP000602,CROP005,Pearl Millet (Bajra),Bihar,Gaya,Gaya Mandi,2026-02-15,6335.0,7437.0,6886.0,Quintal,120.6,Agmarknet / e-NAM (synthetic)
MP000603,CROP005,Pearl Millet (Bajra),Bihar,Gaya,Gaya Mandi,2026-03-15,7091.0,8325.0,7708.0,Quintal,147.6,Agmarknet / e-NAM (synthetic)
MP000604,CROP005,Pearl Millet (Bajra),Bihar,Gaya,Gaya Mandi,2026-04-15,6009.0,7053.0,6531.0,Quintal,190.2,Agmarknet / e-NAM (synthetic)
MP000605,CROP005,Pearl Millet (Bajra),Bihar,Gaya,Gaya Mandi,2026-05-15,6043.0,7093.0,6568.0,Quintal,100.3,Agmarknet / e-NAM (synthetic)
MP000606,CROP005,Pearl Millet (Bajra),Bihar,Gaya,Gaya Mandi,2026-06-15,6250.0,7338.0,6794.0,Quintal,293.9,Agmarknet / e-NAM (synthetic)
MP000607,CROP005,Pearl Millet (Bajra),Bihar,Gaya,Gaya Mandi,2026-07-15,5572.0,6542.0,6057.0,Quintal,79.9,Agmarknet / e-NAM (synthetic)
MP000608,CROP005,Pearl Millet (Bajra),Bihar,Gaya,Gaya Mandi,2026-08-15,5464.0,6414.0,5939.0,Quintal,322.5,Agmarknet / e-NAM (synthetic)
MP000609,CROP005,Pearl Millet (Bajra),Andhra Pradesh,Krishna,Krishna Mandi,2024-01-15,5768.0,6772.0,6270.0,Quintal,128.3,Agmarknet / e-NAM (synthetic)
MP000610,CROP005,Pearl Millet (Bajra),Andhra Pradesh,Krishna,Krishna Mandi,2024-02-15,5975.0,7015.0,6495.0,Quintal,132.6,Agmarknet / e-NAM (synthetic)
MP000611,CROP005,Pearl Millet (Bajra),Andhra Pradesh,Krishna,Krishna Mandi,2024-03-15,6236.0,7320.0,6778.0,Quintal,84.7,Agmarknet / e-NAM (synthetic)
MP000612,CROP005,Pearl Millet (Bajra),Andhra Pradesh,Krishna,Krishna Mandi,2024-04-15,6091.0,7151.0,6621.0,Quintal,107.6,Agmarknet / e-NAM (synthetic)
MP000613,CROP005,Pearl Millet (Bajra),Andhra Pradesh,Krishna,Krishna Mandi,2024-05-15,5688.0,6678.0,6183.0,Quintal,109.9,Agmarknet / e-NAM (synthetic)
MP000614,CROP005,Pearl Millet (Bajra),Andhra Pradesh,Krishna,Krishna Mandi,2024-06-15,5622.0,6600.0,6111.0,Quintal,60.4,Agmarknet / e-NAM (synthetic)
MP000615,CROP005,Pearl Millet (Bajra),Andhra Pradesh,Krishna,Krishna Mandi,2024-07-15,5059.0,5939.0,5499.0,Quintal,92.8,Agmarknet / e-NAM (synthetic)
MP000616,CROP005,Pearl Millet (Bajra),Andhra Pradesh,Krishna,Krishna Mandi,2024-08-15,5319.0,6245.0,5782.0,Quintal,138.4,Agmarknet / e-NAM (synthetic)
MP000617,CROP005,Pearl Millet (Bajra),Andhra Pradesh,Krishna,Krishna Mandi,2024-09-15,4676.0,5490.0,5083.0,Quintal,147.0,Agmarknet / e-NAM (synthetic)
MP000618,CROP005,Pearl Millet (Bajra),Andhra Pradesh,Krishna,Krishna Mandi,2024-10-15,5005.0,5875.0,5440.0,Quintal,163.3,Agmarknet / e-NAM (synthetic)
MP000619,CROP005,Pearl Millet (Bajra),Andhra Pradesh,Krishna,Krishna Mandi,2024-11-15,5081.0,5965.0,5523.0,Quintal,51.2,Agmarknet / e-NAM (synthetic)
MP000620,CROP005,Pearl Millet (Bajra),Andhra Pradesh,Krishna,Krishna Mandi,2024-12-15,5776.0,6780.0,6278.0,Quintal,90.7,Agmarknet / e-NAM (synthetic)
MP000621,CROP005,Pearl Millet (Bajra),Andhra Pradesh,Krishna,Krishna Mandi,2025-01-15,5699.0,6691.0,6195.0,Quintal,73.2,Agmarknet / e-NAM (synthetic)
MP000622,CROP005,Pearl Millet (Bajra),Andhra Pradesh,Krishna,Krishna Mandi,2025-02-15,6567.0,7709.0,7138.0,Quintal,29.9,Agmarknet / e-NAM (synthetic)
MP000623,CROP005,Pearl Millet (Bajra),Andhra Pradesh,Krishna,Krishna Mandi,2025-03-15,5853.0,6871.0,6362.0,Quintal,76.1,Agmarknet / e-NAM (synthetic)
MP000624,CROP005,Pearl Millet (Bajra),Andhra Pradesh,Krishna,Krishna Mandi,2025-04-15,5822.0,6834.0,6328.0,Quintal,135.2,Agmarknet / e-NAM (synthetic)
MP000625,CROP005,Pearl Millet (Bajra),Andhra Pradesh,Krishna,Krishna Mandi,2025-05-15,5556.0,6522.0,6039.0,Quintal,227.0,Agmarknet / e-NAM (synthetic)
MP000626,CROP005,Pearl Millet (Bajra),Andhra Pradesh,Krishna,Krishna Mandi,2025-06-15,5822.0,6834.0,6328.0,Quintal,154.3,Agmarknet / e-NAM (synthetic)
MP000627,CROP005,Pearl Millet (Bajra),Andhra Pradesh,Krishna,Krishna Mandi,2025-07-15,4990.0,5858.0,5424.0,Quintal,256.6,Agmarknet / e-NAM (synthetic)
MP000628,CROP005,Pearl Millet (Bajra),Andhra Pradesh,Krishna,Krishna Mandi,2025-08-15,4969.0,5833.0,5401.0,Quintal,126.9,Agmarknet / e-NAM (synthetic)
MP000629,CROP005,Pearl Millet (Bajra),Andhra Pradesh,Krishna,Krishna Mandi,2025-09-15,5001.0,5871.0,5436.0,Quintal,109.9,Agmarknet / e-NAM (synthetic)
MP000630,CROP005,Pearl Millet (Bajra),Andhra Pradesh,Krishna,Krishna Mandi,2025-10-15,5440.0,6386.0,5913.0,Quintal,64.7,Agmarknet / e-NAM (synthetic)
MP000631,CROP005,Pearl Millet (Bajra),Andhra Pradesh,Krishna,Krishna Mandi,2025-11-15,5513.0,6471.0,5992.0,Quintal,69.2,Agmarknet / e-NAM (synthetic)
MP000632,CROP005,Pearl Millet (Bajra),Andhra Pradesh,Krishna,Krishna Mandi,2025-12-15,5847.0,6863.0,6355.0,Quintal,208.9,Agmarknet / e-NAM (synthetic)
MP000633,CROP005,Pearl Millet (Bajra),Andhra Pradesh,Krishna,Krishna Mandi,2026-01-15,5619.0,6597.0,6108.0,Quintal,135.0,Agmarknet / e-NAM (synthetic)
MP000634,CROP005,Pearl Millet (Bajra),Andhra Pradesh,Krishna,Krishna Mandi,2026-02-15,6269.0,7359.0,6814.0,Quintal,107.6,Agmarknet / e-NAM (synthetic)
MP000635,CROP005,Pearl Millet (Bajra),Andhra Pradesh,Krishna,Krishna Mandi,2026-03-15,6598.0,7746.0,7172.0,Quintal,99.5,Agmarknet / e-NAM (synthetic)
MP000636,CROP005,Pearl Millet (Bajra),Andhra Pradesh,Krishna,Krishna Mandi,2026-04-15,6950.0,8158.0,7554.0,Quintal,93.9,Agmarknet / e-NAM (synthetic)
MP000637,CROP005,Pearl Millet (Bajra),Andhra Pradesh,Krishna,Krishna Mandi,2026-05-15,6741.0,7913.0,7327.0,Quintal,42.0,Agmarknet / e-NAM (synthetic)
MP000638,CROP005,Pearl Millet (Bajra),Andhra Pradesh,Krishna,Krishna Mandi,2026-06-15,6042.0,7092.0,6567.0,Quintal,116.0,Agmarknet / e-NAM (synthetic)
MP000639,CROP005,Pearl Millet (Bajra),Andhra Pradesh,Krishna,Krishna Mandi,2026-07-15,5727.0,6723.0,6225.0,Quintal,76.2,Agmarknet / e-NAM (synthetic)
MP000640,CROP005,Pearl Millet (Bajra),Andhra Pradesh,Krishna,Krishna Mandi,2026-08-15,5427.0,6371.0,5899.0,Quintal,88.1,Agmarknet / e-NAM (synthetic)
MP000641,CROP006,Barley,Andhra Pradesh,Krishna,Krishna Mandi,2024-01-15,1771.0,2079.0,1925.0,Quintal,199.1,Agmarknet / e-NAM (synthetic)
MP000642,CROP006,Barley,Andhra Pradesh,Krishna,Krishna Mandi,2024-02-15,1852.0,2174.0,2013.0,Quintal,103.1,Agmarknet / e-NAM (synthetic)
MP000643,CROP006,Barley,Andhra Pradesh,Krishna,Krishna Mandi,2024-03-15,1765.0,2071.0,1918.0,Quintal,85.8,Agmarknet / e-NAM (synthetic)
MP000644,CROP006,Barley,Andhra Pradesh,Krishna,Krishna Mandi,2024-04-15,1997.0,2345.0,2171.0,Quintal,133.7,Agmarknet / e-NAM (synthetic)
MP000645,CROP006,Barley,Andhra Pradesh,Krishna,Krishna Mandi,2024-05-15,1828.0,2146.0,1987.0,Quintal,152.7,Agmarknet / e-NAM (synthetic)
MP000646,CROP006,Barley,Andhra Pradesh,Krishna,Krishna Mandi,2024-06-15,1655.0,1943.0,1799.0,Quintal,44.6,Agmarknet / e-NAM (synthetic)
MP000647,CROP006,Barley,Andhra Pradesh,Krishna,Krishna Mandi,2024-07-15,1496.0,1756.0,1626.0,Quintal,123.0,Agmarknet / e-NAM (synthetic)
MP000648,CROP006,Barley,Andhra Pradesh,Krishna,Krishna Mandi,2024-08-15,1460.0,1714.0,1587.0,Quintal,289.0,Agmarknet / e-NAM (synthetic)
MP000649,CROP006,Barley,Andhra Pradesh,Krishna,Krishna Mandi,2024-09-15,1386.0,1628.0,1507.0,Quintal,212.5,Agmarknet / e-NAM (synthetic)
MP000650,CROP006,Barley,Andhra Pradesh,Krishna,Krishna Mandi,2024-10-15,1473.0,1729.0,1601.0,Quintal,105.8,Agmarknet / e-NAM (synthetic)
MP000651,CROP006,Barley,Andhra Pradesh,Krishna,Krishna Mandi,2024-11-15,1616.0,1896.0,1756.0,Quintal,43.2,Agmarknet / e-NAM (synthetic)
MP000652,CROP006,Barley,Andhra Pradesh,Krishna,Krishna Mandi,2024-12-15,1762.0,2068.0,1915.0,Quintal,87.5,Agmarknet / e-NAM (synthetic)
MP000653,CROP006,Barley,Andhra Pradesh,Krishna,Krishna Mandi,2025-01-15,1903.0,2235.0,2069.0,Quintal,147.6,Agmarknet / e-NAM (synthetic)
MP000654,CROP006,Barley,Andhra Pradesh,Krishna,Krishna Mandi,2025-02-15,1806.0,2120.0,1963.0,Quintal,164.5,Agmarknet / e-NAM (synthetic)
MP000655,CROP006,Barley,Andhra Pradesh,Krishna,Krishna Mandi,2025-03-15,1897.0,2227.0,2062.0,Quintal,345.1,Agmarknet / e-NAM (synthetic)
MP000656,CROP006,Barley,Andhra Pradesh,Krishna,Krishna Mandi,2025-04-15,1952.0,2292.0,2122.0,Quintal,91.4,Agmarknet / e-NAM (synthetic)
MP000657,CROP006,Barley,Andhra Pradesh,Krishna,Krishna Mandi,2025-05-15,1731.0,2031.0,1881.0,Quintal,118.1,Agmarknet / e-NAM (synthetic)
MP000658,CROP006,Barley,Andhra Pradesh,Krishna,Krishna Mandi,2025-06-15,1760.0,2066.0,1913.0,Quintal,157.1,Agmarknet / e-NAM (synthetic)
MP000659,CROP006,Barley,Andhra Pradesh,Krishna,Krishna Mandi,2025-07-15,1610.0,1890.0,1750.0,Quintal,134.1,Agmarknet / e-NAM (synthetic)
MP000660,CROP006,Barley,Andhra Pradesh,Krishna,Krishna Mandi,2025-08-15,1504.0,1766.0,1635.0,Quintal,164.0,Agmarknet / e-NAM (synthetic)
MP000661,CROP006,Barley,Andhra Pradesh,Krishna,Krishna Mandi,2025-09-15,1478.0,1734.0,1606.0,Quintal,278.2,Agmarknet / e-NAM (synthetic)
MP000662,CROP006,Barley,Andhra Pradesh,Krishna,Krishna Mandi,2025-10-15,1610.0,1890.0,1750.0,Quintal,132.0,Agmarknet / e-NAM (synthetic)
MP000663,CROP006,Barley,Andhra Pradesh,Krishna,Krishna Mandi,2025-11-15,1569.0,1841.0,1705.0,Quintal,164.9,Agmarknet / e-NAM (synthetic)
MP000664,CROP006,Barley,Andhra Pradesh,Krishna,Krishna Mandi,2025-12-15,1772.0,2080.0,1926.0,Quintal,160.3,Agmarknet / e-NAM (synthetic)
MP000665,CROP006,Barley,Andhra Pradesh,Krishna,Krishna Mandi,2026-01-15,1817.0,2133.0,1975.0,Quintal,102.3,Agmarknet / e-NAM (synthetic)
MP000666,CROP006,Barley,Andhra Pradesh,Krishna,Krishna Mandi,2026-02-15,1963.0,2305.0,2134.0,Quintal,95.7,Agmarknet / e-NAM (synthetic)
MP000667,CROP006,Barley,Andhra Pradesh,Krishna,Krishna Mandi,2026-03-15,2093.0,2457.0,2275.0,Quintal,18.1,Agmarknet / e-NAM (synthetic)
MP000668,CROP006,Barley,Andhra Pradesh,Krishna,Krishna Mandi,2026-04-15,2031.0,2385.0,2208.0,Quintal,164.1,Agmarknet / e-NAM (synthetic)
MP000669,CROP006,Barley,Andhra Pradesh,Krishna,Krishna Mandi,2026-05-15,1997.0,2345.0,2171.0,Quintal,140.9,Agmarknet / e-NAM (synthetic)
MP000670,CROP006,Barley,Andhra Pradesh,Krishna,Krishna Mandi,2026-06-15,1744.0,2048.0,1896.0,Quintal,77.5,Agmarknet / e-NAM (synthetic)
MP000671,CROP006,Barley,Andhra Pradesh,Krishna,Krishna Mandi,2026-07-15,1618.0,1900.0,1759.0,Quintal,113.9,Agmarknet / e-NAM (synthetic)
MP000672,CROP006,Barley,Andhra Pradesh,Krishna,Krishna Mandi,2026-08-15,1651.0,1939.0,1795.0,Quintal,225.5,Agmarknet / e-NAM (synthetic)
MP000673,CROP006,Barley,Uttar Pradesh,Meerut,Meerut Mandi,2024-01-15,1719.0,2019.0,1869.0,Quintal,78.1,Agmarknet / e-NAM (synthetic)
MP000674,CROP006,Barley,Uttar Pradesh,Meerut,Meerut Mandi,2024-02-15,1815.0,2131.0,1973.0,Quintal,201.7,Agmarknet / e-NAM (synthetic)
MP000675,CROP006,Barley,Uttar Pradesh,Meerut,Meerut Mandi,2024-03-15,1788.0,2098.0,1943.0,Quintal,107.2,Agmarknet / e-NAM (synthetic)
MP000676,CROP006,Barley,Uttar Pradesh,Meerut,Meerut Mandi,2024-04-15,1880.0,2208.0,2044.0,Quintal,74.1,Agmarknet / e-NAM (synthetic)
MP000677,CROP006,Barley,Uttar Pradesh,Meerut,Meerut Mandi,2024-05-15,1748.0,2052.0,1900.0,Quintal,173.6,Agmarknet / e-NAM (synthetic)
MP000678,CROP006,Barley,Uttar Pradesh,Meerut,Meerut Mandi,2024-06-15,1724.0,2024.0,1874.0,Quintal,319.3,Agmarknet / e-NAM (synthetic)
MP000679,CROP006,Barley,Uttar Pradesh,Meerut,Meerut Mandi,2024-07-15,1512.0,1776.0,1644.0,Quintal,61.5,Agmarknet / e-NAM (synthetic)
MP000680,CROP006,Barley,Uttar Pradesh,Meerut,Meerut Mandi,2024-08-15,1581.0,1855.0,1718.0,Quintal,160.9,Agmarknet / e-NAM (synthetic)
MP000681,CROP006,Barley,Uttar Pradesh,Meerut,Meerut Mandi,2024-09-15,1293.0,1517.0,1405.0,Quintal,65.0,Agmarknet / e-NAM (synthetic)
MP000682,CROP006,Barley,Uttar Pradesh,Meerut,Meerut Mandi,2024-10-15,1427.0,1675.0,1551.0,Quintal,28.8,Agmarknet / e-NAM (synthetic)
MP000683,CROP006,Barley,Uttar Pradesh,Meerut,Meerut Mandi,2024-11-15,1595.0,1873.0,1734.0,Quintal,72.9,Agmarknet / e-NAM (synthetic)
MP000684,CROP006,Barley,Uttar Pradesh,Meerut,Meerut Mandi,2024-12-15,1714.0,2012.0,1863.0,Quintal,102.7,Agmarknet / e-NAM (synthetic)
MP000685,CROP006,Barley,Uttar Pradesh,Meerut,Meerut Mandi,2025-01-15,1880.0,2206.0,2043.0,Quintal,108.0,Agmarknet / e-NAM (synthetic)
MP000686,CROP006,Barley,Uttar Pradesh,Meerut,Meerut Mandi,2025-02-15,1903.0,2235.0,2069.0,Quintal,169.5,Agmarknet / e-NAM (synthetic)
MP000687,CROP006,Barley,Uttar Pradesh,Meerut,Meerut Mandi,2025-03-15,1746.0,2050.0,1898.0,Quintal,58.5,Agmarknet / e-NAM (synthetic)
MP000688,CROP006,Barley,Uttar Pradesh,Meerut,Meerut Mandi,2025-04-15,1931.0,2267.0,2099.0,Quintal,186.2,Agmarknet / e-NAM (synthetic)
MP000689,CROP006,Barley,Uttar Pradesh,Meerut,Meerut Mandi,2025-05-15,1879.0,2205.0,2042.0,Quintal,168.2,Agmarknet / e-NAM (synthetic)
MP000690,CROP006,Barley,Uttar Pradesh,Meerut,Meerut Mandi,2025-06-15,1584.0,1860.0,1722.0,Quintal,46.9,Agmarknet / e-NAM (synthetic)
MP000691,CROP006,Barley,Uttar Pradesh,Meerut,Meerut Mandi,2025-07-15,1504.0,1766.0,1635.0,Quintal,119.5,Agmarknet / e-NAM (synthetic)
MP000692,CROP006,Barley,Uttar Pradesh,Meerut,Meerut Mandi,2025-08-15,1656.0,1944.0,1800.0,Quintal,59.3,Agmarknet / e-NAM (synthetic)
MP000693,CROP006,Barley,Uttar Pradesh,Meerut,Meerut Mandi,2025-09-15,1457.0,1711.0,1584.0,Quintal,103.0,Agmarknet / e-NAM (synthetic)
MP000694,CROP006,Barley,Uttar Pradesh,Meerut,Meerut Mandi,2025-10-15,1625.0,1907.0,1766.0,Quintal,133.3,Agmarknet / e-NAM (synthetic)
MP000695,CROP006,Barley,Uttar Pradesh,Meerut,Meerut Mandi,2025-11-15,1636.0,1920.0,1778.0,Quintal,124.5,Agmarknet / e-NAM (synthetic)
MP000696,CROP006,Barley,Uttar Pradesh,Meerut,Meerut Mandi,2025-12-15,1720.0,2020.0,1870.0,Quintal,115.0,Agmarknet / e-NAM (synthetic)
MP000697,CROP006,Barley,Uttar Pradesh,Meerut,Meerut Mandi,2026-01-15,1774.0,2082.0,1928.0,Quintal,210.9,Agmarknet / e-NAM (synthetic)
MP000698,CROP006,Barley,Uttar Pradesh,Meerut,Meerut Mandi,2026-02-15,2081.0,2443.0,2262.0,Quintal,121.0,Agmarknet / e-NAM (synthetic)
MP000699,CROP006,Barley,Uttar Pradesh,Meerut,Meerut Mandi,2026-03-15,2140.0,2512.0,2326.0,Quintal,156.4,Agmarknet / e-NAM (synthetic)
MP000700,CROP006,Barley,Uttar Pradesh,Meerut,Meerut Mandi,2026-04-15,2073.0,2433.0,2253.0,Quintal,190.8,Agmarknet / e-NAM (synthetic)
MP000701,CROP006,Barley,Uttar Pradesh,Meerut,Meerut Mandi,2026-05-15,1812.0,2128.0,1970.0,Quintal,160.6,Agmarknet / e-NAM (synthetic)
MP000702,CROP006,Barley,Uttar Pradesh,Meerut,Meerut Mandi,2026-06-15,1692.0,1986.0,1839.0,Quintal,30.1,Agmarknet / e-NAM (synthetic)
MP000703,CROP006,Barley,Uttar Pradesh,Meerut,Meerut Mandi,2026-07-15,1646.0,1932.0,1789.0,Quintal,191.0,Agmarknet / e-NAM (synthetic)
MP000704,CROP006,Barley,Uttar Pradesh,Meerut,Meerut Mandi,2026-08-15,1557.0,1827.0,1692.0,Quintal,19.5,Agmarknet / e-NAM (synthetic)
MP000705,CROP006,Barley,Rajasthan,Kota,Kota Mandi,2024-01-15,1744.0,2048.0,1896.0,Quintal,98.7,Agmarknet / e-NAM (synthetic)
MP000706,CROP006,Barley,Rajasthan,Kota,Kota Mandi,2024-02-15,1761.0,2067.0,1914.0,Quintal,87.7,Agmarknet / e-NAM (synthetic)
MP000707,CROP006,Barley,Rajasthan,Kota,Kota Mandi,2024-03-15,1786.0,2096.0,1941.0,Quintal,95.4,Agmarknet / e-NAM (synthetic)
MP000708,CROP006,Barley,Rajasthan,Kota,Kota Mandi,2024-04-15,1772.0,2080.0,1926.0,Quintal,75.8,Agmarknet / e-NAM (synthetic)
MP000709,CROP006,Barley,Rajasthan,Kota,Kota Mandi,2024-05-15,1656.0,1944.0,1800.0,Quintal,41.8,Agmarknet / e-NAM (synthetic)
MP000710,CROP006,Barley,Rajasthan,Kota,Kota Mandi,2024-06-15,1757.0,2063.0,1910.0,Quintal,252.4,Agmarknet / e-NAM (synthetic)
MP000711,CROP006,Barley,Rajasthan,Kota,Kota Mandi,2024-07-15,1525.0,1791.0,1658.0,Quintal,78.4,Agmarknet / e-NAM (synthetic)
MP000712,CROP006,Barley,Rajasthan,Kota,Kota Mandi,2024-08-15,1493.0,1753.0,1623.0,Quintal,113.4,Agmarknet / e-NAM (synthetic)
MP000713,CROP006,Barley,Rajasthan,Kota,Kota Mandi,2024-09-15,1498.0,1758.0,1628.0,Quintal,28.5,Agmarknet / e-NAM (synthetic)
MP000714,CROP006,Barley,Rajasthan,Kota,Kota Mandi,2024-10-15,1469.0,1725.0,1597.0,Quintal,157.8,Agmarknet / e-NAM (synthetic)
MP000715,CROP006,Barley,Rajasthan,Kota,Kota Mandi,2024-11-15,1767.0,2075.0,1921.0,Quintal,64.8,Agmarknet / e-NAM (synthetic)
MP000716,CROP006,Barley,Rajasthan,Kota,Kota Mandi,2024-12-15,1642.0,1928.0,1785.0,Quintal,162.5,Agmarknet / e-NAM (synthetic)
MP000717,CROP006,Barley,Rajasthan,Kota,Kota Mandi,2025-01-15,1811.0,2127.0,1969.0,Quintal,153.7,Agmarknet / e-NAM (synthetic)
MP000718,CROP006,Barley,Rajasthan,Kota,Kota Mandi,2025-02-15,1926.0,2262.0,2094.0,Quintal,85.8,Agmarknet / e-NAM (synthetic)
MP000719,CROP006,Barley,Rajasthan,Kota,Kota Mandi,2025-03-15,1841.0,2161.0,2001.0,Quintal,102.6,Agmarknet / e-NAM (synthetic)
MP000720,CROP006,Barley,Rajasthan,Kota,Kota Mandi,2025-04-15,1776.0,2084.0,1930.0,Quintal,84.3,Agmarknet / e-NAM (synthetic)
MP000721,CROP006,Barley,Rajasthan,Kota,Kota Mandi,2025-05-15,1783.0,2093.0,1938.0,Quintal,176.4,Agmarknet / e-NAM (synthetic)
MP000722,CROP006,Barley,Rajasthan,Kota,Kota Mandi,2025-06-15,1836.0,2156.0,1996.0,Quintal,100.7,Agmarknet / e-NAM (synthetic)
MP000723,CROP006,Barley,Rajasthan,Kota,Kota Mandi,2025-07-15,1511.0,1773.0,1642.0,Quintal,25.8,Agmarknet / e-NAM (synthetic)
MP000724,CROP006,Barley,Rajasthan,Kota,Kota Mandi,2025-08-15,1427.0,1675.0,1551.0,Quintal,126.6,Agmarknet / e-NAM (synthetic)
MP000725,CROP006,Barley,Rajasthan,Kota,Kota Mandi,2025-09-15,1496.0,1756.0,1626.0,Quintal,112.9,Agmarknet / e-NAM (synthetic)
MP000726,CROP006,Barley,Rajasthan,Kota,Kota Mandi,2025-10-15,1622.0,1904.0,1763.0,Quintal,87.3,Agmarknet / e-NAM (synthetic)
MP000727,CROP006,Barley,Rajasthan,Kota,Kota Mandi,2025-11-15,1714.0,2012.0,1863.0,Quintal,81.9,Agmarknet / e-NAM (synthetic)
MP000728,CROP006,Barley,Rajasthan,Kota,Kota Mandi,2025-12-15,1639.0,1923.0,1781.0,Quintal,65.9,Agmarknet / e-NAM (synthetic)
MP000729,CROP006,Barley,Rajasthan,Kota,Kota Mandi,2026-01-15,1860.0,2184.0,2022.0,Quintal,127.7,Agmarknet / e-NAM (synthetic)
MP000730,CROP006,Barley,Rajasthan,Kota,Kota Mandi,2026-02-15,1944.0,2282.0,2113.0,Quintal,80.8,Agmarknet / e-NAM (synthetic)
MP000731,CROP006,Barley,Rajasthan,Kota,Kota Mandi,2026-03-15,1906.0,2238.0,2072.0,Quintal,73.6,Agmarknet / e-NAM (synthetic)
MP000732,CROP006,Barley,Rajasthan,Kota,Kota Mandi,2026-04-15,2053.0,2409.0,2231.0,Quintal,149.8,Agmarknet / e-NAM (synthetic)
MP000733,CROP006,Barley,Rajasthan,Kota,Kota Mandi,2026-05-15,1923.0,2257.0,2090.0,Quintal,15.2,Agmarknet / e-NAM (synthetic)
MP000734,CROP006,Barley,Rajasthan,Kota,Kota Mandi,2026-06-15,1776.0,2084.0,1930.0,Quintal,185.7,Agmarknet / e-NAM (synthetic)
MP000735,CROP006,Barley,Rajasthan,Kota,Kota Mandi,2026-07-15,1712.0,2010.0,1861.0,Quintal,102.0,Agmarknet / e-NAM (synthetic)
MP000736,CROP006,Barley,Rajasthan,Kota,Kota Mandi,2026-08-15,1695.0,1989.0,1842.0,Quintal,130.3,Agmarknet / e-NAM (synthetic)
MP000737,CROP006,Barley,Karnataka,Mysuru,Mysuru Mandi,2024-01-15,1731.0,2031.0,1881.0,Quintal,42.6,Agmarknet / e-NAM (synthetic)
MP000738,CROP006,Barley,Karnataka,Mysuru,Mysuru Mandi,2024-02-15,1842.0,2162.0,2002.0,Quintal,60.8,Agmarknet / e-NAM (synthetic)
MP000739,CROP006,Barley,Karnataka,Mysuru,Mysuru Mandi,2024-03-15,1890.0,2218.0,2054.0,Quintal,53.1,Agmarknet / e-NAM (synthetic)
MP000740,CROP006,Barley,Karnataka,Mysuru,Mysuru Mandi,2024-04-15,1818.0,2134.0,1976.0,Quintal,41.3,Agmarknet / e-NAM (synthetic)
MP000741,CROP006,Barley,Karnataka,Mysuru,Mysuru Mandi,2024-05-15,1844.0,2164.0,2004.0,Quintal,100.7,Agmarknet / e-NAM (synthetic)
MP000742,CROP006,Barley,Karnataka,Mysuru,Mysuru Mandi,2024-06-15,1702.0,1998.0,1850.0,Quintal,270.0,Agmarknet / e-NAM (synthetic)
MP000743,CROP006,Barley,Karnataka,Mysuru,Mysuru Mandi,2024-07-15,1542.0,1810.0,1676.0,Quintal,55.7,Agmarknet / e-NAM (synthetic)
MP000744,CROP006,Barley,Karnataka,Mysuru,Mysuru Mandi,2024-08-15,1581.0,1855.0,1718.0,Quintal,167.0,Agmarknet / e-NAM (synthetic)
MP000745,CROP006,Barley,Karnataka,Mysuru,Mysuru Mandi,2024-09-15,1500.0,1760.0,1630.0,Quintal,67.2,Agmarknet / e-NAM (synthetic)
MP000746,CROP006,Barley,Karnataka,Mysuru,Mysuru Mandi,2024-10-15,1477.0,1733.0,1605.0,Quintal,65.4,Agmarknet / e-NAM (synthetic)
MP000747,CROP006,Barley,Karnataka,Mysuru,Mysuru Mandi,2024-11-15,1604.0,1882.0,1743.0,Quintal,177.9,Agmarknet / e-NAM (synthetic)
MP000748,CROP006,Barley,Karnataka,Mysuru,Mysuru Mandi,2024-12-15,1683.0,1975.0,1829.0,Quintal,114.2,Agmarknet / e-NAM (synthetic)
MP000749,CROP006,Barley,Karnataka,Mysuru,Mysuru Mandi,2025-01-15,2054.0,2412.0,2233.0,Quintal,200.0,Agmarknet / e-NAM (synthetic)
MP000750,CROP006,Barley,Karnataka,Mysuru,Mysuru Mandi,2025-02-15,1901.0,2231.0,2066.0,Quintal,100.9,Agmarknet / e-NAM (synthetic)
MP000751,CROP006,Barley,Karnataka,Mysuru,Mysuru Mandi,2025-03-15,1987.0,2333.0,2160.0,Quintal,86.1,Agmarknet / e-NAM (synthetic)
MP000752,CROP006,Barley,Karnataka,Mysuru,Mysuru Mandi,2025-04-15,2056.0,2414.0,2235.0,Quintal,200.4,Agmarknet / e-NAM (synthetic)
MP000753,CROP006,Barley,Karnataka,Mysuru,Mysuru Mandi,2025-05-15,1781.0,2091.0,1936.0,Quintal,66.5,Agmarknet / e-NAM (synthetic)
MP000754,CROP006,Barley,Karnataka,Mysuru,Mysuru Mandi,2025-06-15,1759.0,2065.0,1912.0,Quintal,53.9,Agmarknet / e-NAM (synthetic)
MP000755,CROP006,Barley,Karnataka,Mysuru,Mysuru Mandi,2025-07-15,1644.0,1930.0,1787.0,Quintal,161.3,Agmarknet / e-NAM (synthetic)
MP000756,CROP006,Barley,Karnataka,Mysuru,Mysuru Mandi,2025-08-15,1508.0,1770.0,1639.0,Quintal,186.7,Agmarknet / e-NAM (synthetic)
MP000757,CROP006,Barley,Karnataka,Mysuru,Mysuru Mandi,2025-09-15,1611.0,1891.0,1751.0,Quintal,187.3,Agmarknet / e-NAM (synthetic)
MP000758,CROP006,Barley,Karnataka,Mysuru,Mysuru Mandi,2025-10-15,1478.0,1734.0,1606.0,Quintal,286.7,Agmarknet / e-NAM (synthetic)
MP000759,CROP006,Barley,Karnataka,Mysuru,Mysuru Mandi,2025-11-15,1639.0,1923.0,1781.0,Quintal,110.7,Agmarknet / e-NAM (synthetic)
MP000760,CROP006,Barley,Karnataka,Mysuru,Mysuru Mandi,2025-12-15,1780.0,2090.0,1935.0,Quintal,136.2,Agmarknet / e-NAM (synthetic)
MP000761,CROP006,Barley,Karnataka,Mysuru,Mysuru Mandi,2026-01-15,1888.0,2216.0,2052.0,Quintal,66.8,Agmarknet / e-NAM (synthetic)
MP000762,CROP006,Barley,Karnataka,Mysuru,Mysuru Mandi,2026-02-15,2098.0,2462.0,2280.0,Quintal,62.1,Agmarknet / e-NAM (synthetic)
MP000763,CROP006,Barley,Karnataka,Mysuru,Mysuru Mandi,2026-03-15,1970.0,2312.0,2141.0,Quintal,94.0,Agmarknet / e-NAM (synthetic)
MP000764,CROP006,Barley,Karnataka,Mysuru,Mysuru Mandi,2026-04-15,2148.0,2522.0,2335.0,Quintal,51.9,Agmarknet / e-NAM (synthetic)
MP000765,CROP006,Barley,Karnataka,Mysuru,Mysuru Mandi,2026-05-15,2077.0,2439.0,2258.0,Quintal,133.4,Agmarknet / e-NAM (synthetic)
MP000766,CROP006,Barley,Karnataka,Mysuru,Mysuru Mandi,2026-06-15,1846.0,2168.0,2007.0,Quintal,85.5,Agmarknet / e-NAM (synthetic)
MP000767,CROP006,Barley,Karnataka,Mysuru,Mysuru Mandi,2026-07-15,1690.0,1984.0,1837.0,Quintal,196.9,Agmarknet / e-NAM (synthetic)
MP000768,CROP006,Barley,Karnataka,Mysuru,Mysuru Mandi,2026-08-15,1504.0,1766.0,1635.0,Quintal,108.3,Agmarknet / e-NAM (synthetic)
MP000769,CROP007,Chickpea (Gram),Uttar Pradesh,Varanasi,Varanasi Mandi,2024-01-15,3793.0,4453.0,4123.0,Quintal,41.5,Agmarknet / e-NAM (synthetic)
MP000770,CROP007,Chickpea (Gram),Uttar Pradesh,Varanasi,Varanasi Mandi,2024-02-15,3931.0,4615.0,4273.0,Quintal,104.8,Agmarknet / e-NAM (synthetic)
MP000771,CROP007,Chickpea (Gram),Uttar Pradesh,Varanasi,Varanasi Mandi,2024-03-15,3984.0,4676.0,4330.0,Quintal,94.0,Agmarknet / e-NAM (synthetic)
MP000772,CROP007,Chickpea (Gram),Uttar Pradesh,Varanasi,Varanasi Mandi,2024-04-15,3974.0,4666.0,4320.0,Quintal,155.0,Agmarknet / e-NAM (synthetic)
MP000773,CROP007,Chickpea (Gram),Uttar Pradesh,Varanasi,Varanasi Mandi,2024-05-15,4106.0,4820.0,4463.0,Quintal,130.1,Agmarknet / e-NAM (synthetic)
MP000774,CROP007,Chickpea (Gram),Uttar Pradesh,Varanasi,Varanasi Mandi,2024-06-15,3666.0,4304.0,3985.0,Quintal,92.0,Agmarknet / e-NAM (synthetic)
MP000775,CROP007,Chickpea (Gram),Uttar Pradesh,Varanasi,Varanasi Mandi,2024-07-15,3690.0,4332.0,4011.0,Quintal,186.7,Agmarknet / e-NAM (synthetic)
MP000776,CROP007,Chickpea (Gram),Uttar Pradesh,Varanasi,Varanasi Mandi,2024-08-15,3493.0,4101.0,3797.0,Quintal,130.1,Agmarknet / e-NAM (synthetic)
MP000777,CROP007,Chickpea (Gram),Uttar Pradesh,Varanasi,Varanasi Mandi,2024-09-15,3036.0,3564.0,3300.0,Quintal,209.4,Agmarknet / e-NAM (synthetic)
MP000778,CROP007,Chickpea (Gram),Uttar Pradesh,Varanasi,Varanasi Mandi,2024-10-15,3127.0,3671.0,3399.0,Quintal,333.2,Agmarknet / e-NAM (synthetic)
MP000779,CROP007,Chickpea (Gram),Uttar Pradesh,Varanasi,Varanasi Mandi,2024-11-15,3273.0,3843.0,3558.0,Quintal,78.7,Agmarknet / e-NAM (synthetic)
MP000780,CROP007,Chickpea (Gram),Uttar Pradesh,Varanasi,Varanasi Mandi,2024-12-15,3445.0,4045.0,3745.0,Quintal,86.6,Agmarknet / e-NAM (synthetic)
MP000781,CROP007,Chickpea (Gram),Uttar Pradesh,Varanasi,Varanasi Mandi,2025-01-15,4095.0,4807.0,4451.0,Quintal,72.1,Agmarknet / e-NAM (synthetic)
MP000782,CROP007,Chickpea (Gram),Uttar Pradesh,Varanasi,Varanasi Mandi,2025-02-15,4333.0,5087.0,4710.0,Quintal,122.3,Agmarknet / e-NAM (synthetic)
MP000783,CROP007,Chickpea (Gram),Uttar Pradesh,Varanasi,Varanasi Mandi,2025-03-15,4044.0,4748.0,4396.0,Quintal,61.2,Agmarknet / e-NAM (synthetic)
MP000784,CROP007,Chickpea (Gram),Uttar Pradesh,Varanasi,Varanasi Mandi,2025-04-15,4230.0,4966.0,4598.0,Quintal,136.5,Agmarknet / e-NAM (synthetic)
MP000785,CROP007,Chickpea (Gram),Uttar Pradesh,Varanasi,Varanasi Mandi,2025-05-15,3870.0,4544.0,4207.0,Quintal,191.9,Agmarknet / e-NAM (synthetic)
MP000786,CROP007,Chickpea (Gram),Uttar Pradesh,Varanasi,Varanasi Mandi,2025-06-15,3947.0,4633.0,4290.0,Quintal,174.1,Agmarknet / e-NAM (synthetic)
MP000787,CROP007,Chickpea (Gram),Uttar Pradesh,Varanasi,Varanasi Mandi,2025-07-15,3619.0,4249.0,3934.0,Quintal,53.1,Agmarknet / e-NAM (synthetic)
MP000788,CROP007,Chickpea (Gram),Uttar Pradesh,Varanasi,Varanasi Mandi,2025-08-15,3646.0,4280.0,3963.0,Quintal,87.6,Agmarknet / e-NAM (synthetic)
MP000789,CROP007,Chickpea (Gram),Uttar Pradesh,Varanasi,Varanasi Mandi,2025-09-15,3543.0,4159.0,3851.0,Quintal,178.7,Agmarknet / e-NAM (synthetic)
MP000790,CROP007,Chickpea (Gram),Uttar Pradesh,Varanasi,Varanasi Mandi,2025-10-15,3506.0,4116.0,3811.0,Quintal,75.4,Agmarknet / e-NAM (synthetic)
MP000791,CROP007,Chickpea (Gram),Uttar Pradesh,Varanasi,Varanasi Mandi,2025-11-15,3491.0,4099.0,3795.0,Quintal,307.6,Agmarknet / e-NAM (synthetic)
MP000792,CROP007,Chickpea (Gram),Uttar Pradesh,Varanasi,Varanasi Mandi,2025-12-15,3904.0,4584.0,4244.0,Quintal,48.2,Agmarknet / e-NAM (synthetic)
MP000793,CROP007,Chickpea (Gram),Uttar Pradesh,Varanasi,Varanasi Mandi,2026-01-15,4407.0,5173.0,4790.0,Quintal,26.0,Agmarknet / e-NAM (synthetic)
MP000794,CROP007,Chickpea (Gram),Uttar Pradesh,Varanasi,Varanasi Mandi,2026-02-15,3978.0,4670.0,4324.0,Quintal,175.4,Agmarknet / e-NAM (synthetic)
MP000795,CROP007,Chickpea (Gram),Uttar Pradesh,Varanasi,Varanasi Mandi,2026-03-15,4321.0,5073.0,4697.0,Quintal,23.6,Agmarknet / e-NAM (synthetic)
MP000796,CROP007,Chickpea (Gram),Uttar Pradesh,Varanasi,Varanasi Mandi,2026-04-15,4549.0,5341.0,4945.0,Quintal,49.5,Agmarknet / e-NAM (synthetic)
MP000797,CROP007,Chickpea (Gram),Uttar Pradesh,Varanasi,Varanasi Mandi,2026-05-15,4265.0,5007.0,4636.0,Quintal,45.5,Agmarknet / e-NAM (synthetic)
MP000798,CROP007,Chickpea (Gram),Uttar Pradesh,Varanasi,Varanasi Mandi,2026-06-15,3912.0,4592.0,4252.0,Quintal,183.7,Agmarknet / e-NAM (synthetic)
MP000799,CROP007,Chickpea (Gram),Uttar Pradesh,Varanasi,Varanasi Mandi,2026-07-15,3676.0,4316.0,3996.0,Quintal,57.0,Agmarknet / e-NAM (synthetic)
MP000800,CROP007,Chickpea (Gram),Uttar Pradesh,Varanasi,Varanasi Mandi,2026-08-15,3735.0,4385.0,4060.0,Quintal,250.1,Agmarknet / e-NAM (synthetic)
MP000801,CROP007,Chickpea (Gram),Punjab,Bathinda,Bathinda Mandi,2024-01-15,3511.0,4121.0,3816.0,Quintal,237.0,Agmarknet / e-NAM (synthetic)
MP000802,CROP007,Chickpea (Gram),Punjab,Bathinda,Bathinda Mandi,2024-02-15,4022.0,4722.0,4372.0,Quintal,157.7,Agmarknet / e-NAM (synthetic)
MP000803,CROP007,Chickpea (Gram),Punjab,Bathinda,Bathinda Mandi,2024-03-15,4191.0,4919.0,4555.0,Quintal,184.8,Agmarknet / e-NAM (synthetic)
MP000804,CROP007,Chickpea (Gram),Punjab,Bathinda,Bathinda Mandi,2024-04-15,4392.0,5156.0,4774.0,Quintal,154.7,Agmarknet / e-NAM (synthetic)
MP000805,CROP007,Chickpea (Gram),Punjab,Bathinda,Bathinda Mandi,2024-05-15,3797.0,4457.0,4127.0,Quintal,73.1,Agmarknet / e-NAM (synthetic)
MP000806,CROP007,Chickpea (Gram),Punjab,Bathinda,Bathinda Mandi,2024-06-15,3717.0,4363.0,4040.0,Quintal,149.3,Agmarknet / e-NAM (synthetic)
MP000807,CROP007,Chickpea (Gram),Punjab,Bathinda,Bathinda Mandi,2024-07-15,3446.0,4046.0,3746.0,Quintal,107.0,Agmarknet / e-NAM (synthetic)
MP000808,CROP007,Chickpea (Gram),Punjab,Bathinda,Bathinda Mandi,2024-08-15,3276.0,3846.0,3561.0,Quintal,154.3,Agmarknet / e-NAM (synthetic)
MP000809,CROP007,Chickpea (Gram),Punjab,Bathinda,Bathinda Mandi,2024-09-15,2994.0,3514.0,3254.0,Quintal,204.8,Agmarknet / e-NAM (synthetic)
MP000810,CROP007,Chickpea (Gram),Punjab,Bathinda,Bathinda Mandi,2024-10-15,3265.0,3833.0,3549.0,Quintal,89.1,Agmarknet / e-NAM (synthetic)
MP000811,CROP007,Chickpea (Gram),Punjab,Bathinda,Bathinda Mandi,2024-11-15,3331.0,3911.0,3621.0,Quintal,279.7,Agmarknet / e-NAM (synthetic)
MP000812,CROP007,Chickpea (Gram),Punjab,Bathinda,Bathinda Mandi,2024-12-15,3817.0,4481.0,4149.0,Quintal,101.3,Agmarknet / e-NAM (synthetic)
MP000813,CROP007,Chickpea (Gram),Punjab,Bathinda,Bathinda Mandi,2025-01-15,3927.0,4609.0,4268.0,Quintal,111.1,Agmarknet / e-NAM (synthetic)
MP000814,CROP007,Chickpea (Gram),Punjab,Bathinda,Bathinda Mandi,2025-02-15,4053.0,4757.0,4405.0,Quintal,98.4,Agmarknet / e-NAM (synthetic)
MP000815,CROP007,Chickpea (Gram),Punjab,Bathinda,Bathinda Mandi,2025-03-15,4145.0,4865.0,4505.0,Quintal,95.6,Agmarknet / e-NAM (synthetic)
MP000816,CROP007,Chickpea (Gram),Punjab,Bathinda,Bathinda Mandi,2025-04-15,4270.0,5012.0,4641.0,Quintal,225.2,Agmarknet / e-NAM (synthetic)
MP000817,CROP007,Chickpea (Gram),Punjab,Bathinda,Bathinda Mandi,2025-05-15,4368.0,5128.0,4748.0,Quintal,38.6,Agmarknet / e-NAM (synthetic)
MP000818,CROP007,Chickpea (Gram),Punjab,Bathinda,Bathinda Mandi,2025-06-15,3823.0,4487.0,4155.0,Quintal,77.0,Agmarknet / e-NAM (synthetic)
MP000819,CROP007,Chickpea (Gram),Punjab,Bathinda,Bathinda Mandi,2025-07-15,3306.0,3882.0,3594.0,Quintal,73.1,Agmarknet / e-NAM (synthetic)
MP000820,CROP007,Chickpea (Gram),Punjab,Bathinda,Bathinda Mandi,2025-08-15,3693.0,4335.0,4014.0,Quintal,260.0,Agmarknet / e-NAM (synthetic)
MP000821,CROP007,Chickpea (Gram),Punjab,Bathinda,Bathinda Mandi,2025-09-15,3389.0,3979.0,3684.0,Quintal,25.1,Agmarknet / e-NAM (synthetic)
MP000822,CROP007,Chickpea (Gram),Punjab,Bathinda,Bathinda Mandi,2025-10-15,3261.0,3829.0,3545.0,Quintal,86.9,Agmarknet / e-NAM (synthetic)
MP000823,CROP007,Chickpea (Gram),Punjab,Bathinda,Bathinda Mandi,2025-11-15,3207.0,3765.0,3486.0,Quintal,273.2,Agmarknet / e-NAM (synthetic)
MP000824,CROP007,Chickpea (Gram),Punjab,Bathinda,Bathinda Mandi,2025-12-15,3640.0,4274.0,3957.0,Quintal,147.7,Agmarknet / e-NAM (synthetic)
MP000825,CROP007,Chickpea (Gram),Punjab,Bathinda,Bathinda Mandi,2026-01-15,4315.0,5065.0,4690.0,Quintal,128.3,Agmarknet / e-NAM (synthetic)
MP000826,CROP007,Chickpea (Gram),Punjab,Bathinda,Bathinda Mandi,2026-02-15,4525.0,5311.0,4918.0,Quintal,120.0,Agmarknet / e-NAM (synthetic)
MP000827,CROP007,Chickpea (Gram),Punjab,Bathinda,Bathinda Mandi,2026-03-15,4197.0,4927.0,4562.0,Quintal,169.6,Agmarknet / e-NAM (synthetic)
MP000828,CROP007,Chickpea (Gram),Punjab,Bathinda,Bathinda Mandi,2026-04-15,4461.0,5237.0,4849.0,Quintal,93.8,Agmarknet / e-NAM (synthetic)
MP000829,CROP007,Chickpea (Gram),Punjab,Bathinda,Bathinda Mandi,2026-05-15,4388.0,5152.0,4770.0,Quintal,177.1,Agmarknet / e-NAM (synthetic)
MP000830,CROP007,Chickpea (Gram),Punjab,Bathinda,Bathinda Mandi,2026-06-15,3788.0,4446.0,4117.0,Quintal,137.2,Agmarknet / e-NAM (synthetic)
MP000831,CROP007,Chickpea (Gram),Punjab,Bathinda,Bathinda Mandi,2026-07-15,3898.0,4576.0,4237.0,Quintal,109.0,Agmarknet / e-NAM (synthetic)
MP000832,CROP007,Chickpea (Gram),Punjab,Bathinda,Bathinda Mandi,2026-08-15,3820.0,4484.0,4152.0,Quintal,94.6,Agmarknet / e-NAM (synthetic)
MP000833,CROP007,Chickpea (Gram),Tamil Nadu,Thanjavur,Thanjavur Mandi,2024-01-15,3824.0,4488.0,4156.0,Quintal,245.1,Agmarknet / e-NAM (synthetic)
MP000834,CROP007,Chickpea (Gram),Tamil Nadu,Thanjavur,Thanjavur Mandi,2024-02-15,4315.0,5065.0,4690.0,Quintal,67.1,Agmarknet / e-NAM (synthetic)
MP000835,CROP007,Chickpea (Gram),Tamil Nadu,Thanjavur,Thanjavur Mandi,2024-03-15,3986.0,4680.0,4333.0,Quintal,128.8,Agmarknet / e-NAM (synthetic)
MP000836,CROP007,Chickpea (Gram),Tamil Nadu,Thanjavur,Thanjavur Mandi,2024-04-15,4055.0,4761.0,4408.0,Quintal,158.2,Agmarknet / e-NAM (synthetic)
MP000837,CROP007,Chickpea (Gram),Tamil Nadu,Thanjavur,Thanjavur Mandi,2024-05-15,4111.0,4825.0,4468.0,Quintal,56.4,Agmarknet / e-NAM (synthetic)
MP000838,CROP007,Chickpea (Gram),Tamil Nadu,Thanjavur,Thanjavur Mandi,2024-06-15,3753.0,4405.0,4079.0,Quintal,238.1,Agmarknet / e-NAM (synthetic)
MP000839,CROP007,Chickpea (Gram),Tamil Nadu,Thanjavur,Thanjavur Mandi,2024-07-15,3443.0,4041.0,3742.0,Quintal,110.6,Agmarknet / e-NAM (synthetic)
MP000840,CROP007,Chickpea (Gram),Tamil Nadu,Thanjavur,Thanjavur Mandi,2024-08-15,3186.0,3740.0,3463.0,Quintal,244.6,Agmarknet / e-NAM (synthetic)
MP000841,CROP007,Chickpea (Gram),Tamil Nadu,Thanjavur,Thanjavur Mandi,2024-09-15,3127.0,3671.0,3399.0,Quintal,98.9,Agmarknet / e-NAM (synthetic)
MP000842,CROP007,Chickpea (Gram),Tamil Nadu,Thanjavur,Thanjavur Mandi,2024-10-15,3640.0,4274.0,3957.0,Quintal,51.2,Agmarknet / e-NAM (synthetic)
MP000843,CROP007,Chickpea (Gram),Tamil Nadu,Thanjavur,Thanjavur Mandi,2024-11-15,3264.0,3832.0,3548.0,Quintal,209.3,Agmarknet / e-NAM (synthetic)
MP000844,CROP007,Chickpea (Gram),Tamil Nadu,Thanjavur,Thanjavur Mandi,2024-12-15,3711.0,4357.0,4034.0,Quintal,41.2,Agmarknet / e-NAM (synthetic)
MP000845,CROP007,Chickpea (Gram),Tamil Nadu,Thanjavur,Thanjavur Mandi,2025-01-15,4086.0,4796.0,4441.0,Quintal,213.6,Agmarknet / e-NAM (synthetic)
MP000846,CROP007,Chickpea (Gram),Tamil Nadu,Thanjavur,Thanjavur Mandi,2025-02-15,4346.0,5102.0,4724.0,Quintal,85.0,Agmarknet / e-NAM (synthetic)
MP000847,CROP007,Chickpea (Gram),Tamil Nadu,Thanjavur,Thanjavur Mandi,2025-03-15,4143.0,4863.0,4503.0,Quintal,163.4,Agmarknet / e-NAM (synthetic)
MP000848,CROP007,Chickpea (Gram),Tamil Nadu,Thanjavur,Thanjavur Mandi,2025-04-15,4349.0,5105.0,4727.0,Quintal,123.9,Agmarknet / e-NAM (synthetic)
MP000849,CROP007,Chickpea (Gram),Tamil Nadu,Thanjavur,Thanjavur Mandi,2025-05-15,4100.0,4814.0,4457.0,Quintal,145.8,Agmarknet / e-NAM (synthetic)
MP000850,CROP007,Chickpea (Gram),Tamil Nadu,Thanjavur,Thanjavur Mandi,2025-06-15,3647.0,4281.0,3964.0,Quintal,202.1,Agmarknet / e-NAM (synthetic)
MP000851,CROP007,Chickpea (Gram),Tamil Nadu,Thanjavur,Thanjavur Mandi,2025-07-15,3509.0,4119.0,3814.0,Quintal,75.5,Agmarknet / e-NAM (synthetic)
MP000852,CROP007,Chickpea (Gram),Tamil Nadu,Thanjavur,Thanjavur Mandi,2025-08-15,3375.0,3961.0,3668.0,Quintal,103.6,Agmarknet / e-NAM (synthetic)
MP000853,CROP007,Chickpea (Gram),Tamil Nadu,Thanjavur,Thanjavur Mandi,2025-09-15,3212.0,3770.0,3491.0,Quintal,89.4,Agmarknet / e-NAM (synthetic)
MP000854,CROP007,Chickpea (Gram),Tamil Nadu,Thanjavur,Thanjavur Mandi,2025-10-15,3334.0,3914.0,3624.0,Quintal,101.4,Agmarknet / e-NAM (synthetic)
MP000855,CROP007,Chickpea (Gram),Tamil Nadu,Thanjavur,Thanjavur Mandi,2025-11-15,3362.0,3946.0,3654.0,Quintal,145.6,Agmarknet / e-NAM (synthetic)
MP000856,CROP007,Chickpea (Gram),Tamil Nadu,Thanjavur,Thanjavur Mandi,2025-12-15,3571.0,4191.0,3881.0,Quintal,243.4,Agmarknet / e-NAM (synthetic)
MP000857,CROP007,Chickpea (Gram),Tamil Nadu,Thanjavur,Thanjavur Mandi,2026-01-15,4059.0,4765.0,4412.0,Quintal,139.1,Agmarknet / e-NAM (synthetic)
MP000858,CROP007,Chickpea (Gram),Tamil Nadu,Thanjavur,Thanjavur Mandi,2026-02-15,4612.0,5414.0,5013.0,Quintal,260.0,Agmarknet / e-NAM (synthetic)
MP000859,CROP007,Chickpea (Gram),Tamil Nadu,Thanjavur,Thanjavur Mandi,2026-03-15,4762.0,5590.0,5176.0,Quintal,68.4,Agmarknet / e-NAM (synthetic)
MP000860,CROP007,Chickpea (Gram),Tamil Nadu,Thanjavur,Thanjavur Mandi,2026-04-15,4315.0,5065.0,4690.0,Quintal,52.8,Agmarknet / e-NAM (synthetic)
MP000861,CROP007,Chickpea (Gram),Tamil Nadu,Thanjavur,Thanjavur Mandi,2026-05-15,4537.0,5325.0,4931.0,Quintal,117.2,Agmarknet / e-NAM (synthetic)
MP000862,CROP007,Chickpea (Gram),Tamil Nadu,Thanjavur,Thanjavur Mandi,2026-06-15,3836.0,4504.0,4170.0,Quintal,99.5,Agmarknet / e-NAM (synthetic)
MP000863,CROP007,Chickpea (Gram),Tamil Nadu,Thanjavur,Thanjavur Mandi,2026-07-15,3627.0,4257.0,3942.0,Quintal,91.1,Agmarknet / e-NAM (synthetic)
MP000864,CROP007,Chickpea (Gram),Tamil Nadu,Thanjavur,Thanjavur Mandi,2026-08-15,3337.0,3917.0,3627.0,Quintal,145.3,Agmarknet / e-NAM (synthetic)
MP000865,CROP007,Chickpea (Gram),West Bengal,Nadia,Nadia Mandi,2024-01-15,3694.0,4336.0,4015.0,Quintal,210.7,Agmarknet / e-NAM (synthetic)
MP000866,CROP007,Chickpea (Gram),West Bengal,Nadia,Nadia Mandi,2024-02-15,4059.0,4765.0,4412.0,Quintal,120.7,Agmarknet / e-NAM (synthetic)
MP000867,CROP007,Chickpea (Gram),West Bengal,Nadia,Nadia Mandi,2024-03-15,3969.0,4659.0,4314.0,Quintal,78.4,Agmarknet / e-NAM (synthetic)
MP000868,CROP007,Chickpea (Gram),West Bengal,Nadia,Nadia Mandi,2024-04-15,3939.0,4623.0,4281.0,Quintal,72.5,Agmarknet / e-NAM (synthetic)
MP000869,CROP007,Chickpea (Gram),West Bengal,Nadia,Nadia Mandi,2024-05-15,4179.0,4905.0,4542.0,Quintal,41.4,Agmarknet / e-NAM (synthetic)
MP000870,CROP007,Chickpea (Gram),West Bengal,Nadia,Nadia Mandi,2024-06-15,3776.0,4432.0,4104.0,Quintal,164.3,Agmarknet / e-NAM (synthetic)
MP000871,CROP007,Chickpea (Gram),West Bengal,Nadia,Nadia Mandi,2024-07-15,3700.0,4344.0,4022.0,Quintal,89.0,Agmarknet / e-NAM (synthetic)
MP000872,CROP007,Chickpea (Gram),West Bengal,Nadia,Nadia Mandi,2024-08-15,3551.0,4169.0,3860.0,Quintal,131.1,Agmarknet / e-NAM (synthetic)
MP000873,CROP007,Chickpea (Gram),West Bengal,Nadia,Nadia Mandi,2024-09-15,2992.0,3512.0,3252.0,Quintal,226.1,Agmarknet / e-NAM (synthetic)
MP000874,CROP007,Chickpea (Gram),West Bengal,Nadia,Nadia Mandi,2024-10-15,3446.0,4046.0,3746.0,Quintal,162.1,Agmarknet / e-NAM (synthetic)
MP000875,CROP007,Chickpea (Gram),West Bengal,Nadia,Nadia Mandi,2024-11-15,3540.0,4156.0,3848.0,Quintal,18.1,Agmarknet / e-NAM (synthetic)
MP000876,CROP007,Chickpea (Gram),West Bengal,Nadia,Nadia Mandi,2024-12-15,3613.0,4241.0,3927.0,Quintal,41.9,Agmarknet / e-NAM (synthetic)
MP000877,CROP007,Chickpea (Gram),West Bengal,Nadia,Nadia Mandi,2025-01-15,3965.0,4655.0,4310.0,Quintal,267.0,Agmarknet / e-NAM (synthetic)
MP000878,CROP007,Chickpea (Gram),West Bengal,Nadia,Nadia Mandi,2025-02-15,3858.0,4530.0,4194.0,Quintal,139.8,Agmarknet / e-NAM (synthetic)
MP000879,CROP007,Chickpea (Gram),West Bengal,Nadia,Nadia Mandi,2025-03-15,4222.0,4956.0,4589.0,Quintal,18.8,Agmarknet / e-NAM (synthetic)
MP000880,CROP007,Chickpea (Gram),West Bengal,Nadia,Nadia Mandi,2025-04-15,3843.0,4511.0,4177.0,Quintal,72.4,Agmarknet / e-NAM (synthetic)
MP000881,CROP007,Chickpea (Gram),West Bengal,Nadia,Nadia Mandi,2025-05-15,4077.0,4787.0,4432.0,Quintal,55.6,Agmarknet / e-NAM (synthetic)
MP000882,CROP007,Chickpea (Gram),West Bengal,Nadia,Nadia Mandi,2025-06-15,4212.0,4944.0,4578.0,Quintal,110.3,Agmarknet / e-NAM (synthetic)
MP000883,CROP007,Chickpea (Gram),West Bengal,Nadia,Nadia Mandi,2025-07-15,3677.0,4317.0,3997.0,Quintal,188.3,Agmarknet / e-NAM (synthetic)
MP000884,CROP007,Chickpea (Gram),West Bengal,Nadia,Nadia Mandi,2025-08-15,3381.0,3969.0,3675.0,Quintal,288.4,Agmarknet / e-NAM (synthetic)
MP000885,CROP007,Chickpea (Gram),West Bengal,Nadia,Nadia Mandi,2025-09-15,3309.0,3885.0,3597.0,Quintal,87.2,Agmarknet / e-NAM (synthetic)
MP000886,CROP007,Chickpea (Gram),West Bengal,Nadia,Nadia Mandi,2025-10-15,3345.0,3927.0,3636.0,Quintal,159.6,Agmarknet / e-NAM (synthetic)
MP000887,CROP007,Chickpea (Gram),West Bengal,Nadia,Nadia Mandi,2025-11-15,3561.0,4181.0,3871.0,Quintal,83.3,Agmarknet / e-NAM (synthetic)
MP000888,CROP007,Chickpea (Gram),West Bengal,Nadia,Nadia Mandi,2025-12-15,3665.0,4303.0,3984.0,Quintal,167.0,Agmarknet / e-NAM (synthetic)
MP000889,CROP007,Chickpea (Gram),West Bengal,Nadia,Nadia Mandi,2026-01-15,4295.0,5043.0,4669.0,Quintal,62.2,Agmarknet / e-NAM (synthetic)
MP000890,CROP007,Chickpea (Gram),West Bengal,Nadia,Nadia Mandi,2026-02-15,4332.0,5086.0,4709.0,Quintal,69.7,Agmarknet / e-NAM (synthetic)
MP000891,CROP007,Chickpea (Gram),West Bengal,Nadia,Nadia Mandi,2026-03-15,4461.0,5237.0,4849.0,Quintal,176.4,Agmarknet / e-NAM (synthetic)
MP000892,CROP007,Chickpea (Gram),West Bengal,Nadia,Nadia Mandi,2026-04-15,4558.0,5350.0,4954.0,Quintal,36.5,Agmarknet / e-NAM (synthetic)
MP000893,CROP007,Chickpea (Gram),West Bengal,Nadia,Nadia Mandi,2026-05-15,4234.0,4970.0,4602.0,Quintal,88.7,Agmarknet / e-NAM (synthetic)
MP000894,CROP007,Chickpea (Gram),West Bengal,Nadia,Nadia Mandi,2026-06-15,3950.0,4638.0,4294.0,Quintal,85.3,Agmarknet / e-NAM (synthetic)
MP000895,CROP007,Chickpea (Gram),West Bengal,Nadia,Nadia Mandi,2026-07-15,3311.0,3887.0,3599.0,Quintal,200.1,Agmarknet / e-NAM (synthetic)
MP000896,CROP007,Chickpea (Gram),West Bengal,Nadia,Nadia Mandi,2026-08-15,3564.0,4184.0,3874.0,Quintal,111.4,Agmarknet / e-NAM (synthetic)
MP000897,CROP008,Pigeon Pea (Tur),Gujarat,Ahmedabad,Ahmedabad Mandi,2024-01-15,2082.0,2444.0,2263.0,Quintal,227.7,Agmarknet / e-NAM (synthetic)
MP000898,CROP008,Pigeon Pea (Tur),Gujarat,Ahmedabad,Ahmedabad Mandi,2024-02-15,1978.0,2322.0,2150.0,Quintal,94.1,Agmarknet / e-NAM (synthetic)
MP000899,CROP008,Pigeon Pea (Tur),Gujarat,Ahmedabad,Ahmedabad Mandi,2024-03-15,2156.0,2530.0,2343.0,Quintal,277.5,Agmarknet / e-NAM (synthetic)
MP000900,CROP008,Pigeon Pea (Tur),Gujarat,Ahmedabad,Ahmedabad Mandi,2024-04-15,2041.0,2397.0,2219.0,Quintal,61.6,Agmarknet / e-NAM (synthetic)
MP000901,CROP008,Pigeon Pea (Tur),Gujarat,Ahmedabad,Ahmedabad Mandi,2024-05-15,2149.0,2523.0,2336.0,Quintal,94.8,Agmarknet / e-NAM (synthetic)
MP000902,CROP008,Pigeon Pea (Tur),Gujarat,Ahmedabad,Ahmedabad Mandi,2024-06-15,1818.0,2134.0,1976.0,Quintal,45.3,Agmarknet / e-NAM (synthetic)
MP000903,CROP008,Pigeon Pea (Tur),Gujarat,Ahmedabad,Ahmedabad Mandi,2024-07-15,1631.0,1915.0,1773.0,Quintal,181.6,Agmarknet / e-NAM (synthetic)
MP000904,CROP008,Pigeon Pea (Tur),Gujarat,Ahmedabad,Ahmedabad Mandi,2024-08-15,1724.0,2024.0,1874.0,Quintal,52.9,Agmarknet / e-NAM (synthetic)
MP000905,CROP008,Pigeon Pea (Tur),Gujarat,Ahmedabad,Ahmedabad Mandi,2024-09-15,1671.0,1961.0,1816.0,Quintal,72.5,Agmarknet / e-NAM (synthetic)
MP000906,CROP008,Pigeon Pea (Tur),Gujarat,Ahmedabad,Ahmedabad Mandi,2024-10-15,1978.0,2322.0,2150.0,Quintal,161.8,Agmarknet / e-NAM (synthetic)
MP000907,CROP008,Pigeon Pea (Tur),Gujarat,Ahmedabad,Ahmedabad Mandi,2024-11-15,1744.0,2048.0,1896.0,Quintal,46.2,Agmarknet / e-NAM (synthetic)
MP000908,CROP008,Pigeon Pea (Tur),Gujarat,Ahmedabad,Ahmedabad Mandi,2024-12-15,2002.0,2350.0,2176.0,Quintal,36.8,Agmarknet / e-NAM (synthetic)
MP000909,CROP008,Pigeon Pea (Tur),Gujarat,Ahmedabad,Ahmedabad Mandi,2025-01-15,2062.0,2420.0,2241.0,Quintal,83.4,Agmarknet / e-NAM (synthetic)
MP000910,CROP008,Pigeon Pea (Tur),Gujarat,Ahmedabad,Ahmedabad Mandi,2025-02-15,2365.0,2777.0,2571.0,Quintal,80.7,Agmarknet / e-NAM (synthetic)
MP000911,CROP008,Pigeon Pea (Tur),Gujarat,Ahmedabad,Ahmedabad Mandi,2025-03-15,2237.0,2625.0,2431.0,Quintal,55.9,Agmarknet / e-NAM (synthetic)
MP000912,CROP008,Pigeon Pea (Tur),Gujarat,Ahmedabad,Ahmedabad Mandi,2025-04-15,2191.0,2573.0,2382.0,Quintal,183.0,Agmarknet / e-NAM (synthetic)
MP000913,CROP008,Pigeon Pea (Tur),Gujarat,Ahmedabad,Ahmedabad Mandi,2025-05-15,1968.0,2310.0,2139.0,Quintal,49.4,Agmarknet / e-NAM (synthetic)
MP000914,CROP008,Pigeon Pea (Tur),Gujarat,Ahmedabad,Ahmedabad Mandi,2025-06-15,1868.0,2192.0,2030.0,Quintal,181.2,Agmarknet / e-NAM (synthetic)
MP000915,CROP008,Pigeon Pea (Tur),Gujarat,Ahmedabad,Ahmedabad Mandi,2025-07-15,1761.0,2067.0,1914.0,Quintal,118.5,Agmarknet / e-NAM (synthetic)
MP000916,CROP008,Pigeon Pea (Tur),Gujarat,Ahmedabad,Ahmedabad Mandi,2025-08-15,1704.0,2000.0,1852.0,Quintal,14.4,Agmarknet / e-NAM (synthetic)
MP000917,CROP008,Pigeon Pea (Tur),Gujarat,Ahmedabad,Ahmedabad Mandi,2025-09-15,1584.0,1860.0,1722.0,Quintal,85.1,Agmarknet / e-NAM (synthetic)
MP000918,CROP008,Pigeon Pea (Tur),Gujarat,Ahmedabad,Ahmedabad Mandi,2025-10-15,1810.0,2124.0,1967.0,Quintal,23.3,Agmarknet / e-NAM (synthetic)
MP000919,CROP008,Pigeon Pea (Tur),Gujarat,Ahmedabad,Ahmedabad Mandi,2025-11-15,1688.0,1982.0,1835.0,Quintal,89.6,Agmarknet / e-NAM (synthetic)
MP000920,CROP008,Pigeon Pea (Tur),Gujarat,Ahmedabad,Ahmedabad Mandi,2025-12-15,2136.0,2508.0,2322.0,Quintal,195.8,Agmarknet / e-NAM (synthetic)
MP000921,CROP008,Pigeon Pea (Tur),Gujarat,Ahmedabad,Ahmedabad Mandi,2026-01-15,2112.0,2480.0,2296.0,Quintal,79.4,Agmarknet / e-NAM (synthetic)
MP000922,CROP008,Pigeon Pea (Tur),Gujarat,Ahmedabad,Ahmedabad Mandi,2026-02-15,2408.0,2826.0,2617.0,Quintal,60.4,Agmarknet / e-NAM (synthetic)
MP000923,CROP008,Pigeon Pea (Tur),Gujarat,Ahmedabad,Ahmedabad Mandi,2026-03-15,2252.0,2644.0,2448.0,Quintal,52.4,Agmarknet / e-NAM (synthetic)
MP000924,CROP008,Pigeon Pea (Tur),Gujarat,Ahmedabad,Ahmedabad Mandi,2026-04-15,2253.0,2645.0,2449.0,Quintal,63.3,Agmarknet / e-NAM (synthetic)
MP000925,CROP008,Pigeon Pea (Tur),Gujarat,Ahmedabad,Ahmedabad Mandi,2026-05-15,2259.0,2651.0,2455.0,Quintal,84.8,Agmarknet / e-NAM (synthetic)
MP000926,CROP008,Pigeon Pea (Tur),Gujarat,Ahmedabad,Ahmedabad Mandi,2026-06-15,2143.0,2515.0,2329.0,Quintal,31.8,Agmarknet / e-NAM (synthetic)
MP000927,CROP008,Pigeon Pea (Tur),Gujarat,Ahmedabad,Ahmedabad Mandi,2026-07-15,1979.0,2323.0,2151.0,Quintal,21.8,Agmarknet / e-NAM (synthetic)
MP000928,CROP008,Pigeon Pea (Tur),Gujarat,Ahmedabad,Ahmedabad Mandi,2026-08-15,1937.0,2273.0,2105.0,Quintal,96.0,Agmarknet / e-NAM (synthetic)
MP000929,CROP008,Pigeon Pea (Tur),Andhra Pradesh,Guntur,Guntur Mandi,2024-01-15,1987.0,2333.0,2160.0,Quintal,336.5,Agmarknet / e-NAM (synthetic)
MP000930,CROP008,Pigeon Pea (Tur),Andhra Pradesh,Guntur,Guntur Mandi,2024-02-15,2045.0,2401.0,2223.0,Quintal,52.2,Agmarknet / e-NAM (synthetic)
MP000931,CROP008,Pigeon Pea (Tur),Andhra Pradesh,Guntur,Guntur Mandi,2024-03-15,2047.0,2403.0,2225.0,Quintal,71.5,Agmarknet / e-NAM (synthetic)
MP000932,CROP008,Pigeon Pea (Tur),Andhra Pradesh,Guntur,Guntur Mandi,2024-04-15,2092.0,2456.0,2274.0,Quintal,109.7,Agmarknet / e-NAM (synthetic)
MP000933,CROP008,Pigeon Pea (Tur),Andhra Pradesh,Guntur,Guntur Mandi,2024-05-15,1937.0,2273.0,2105.0,Quintal,190.1,Agmarknet / e-NAM (synthetic)
MP000934,CROP008,Pigeon Pea (Tur),Andhra Pradesh,Guntur,Guntur Mandi,2024-06-15,1670.0,1960.0,1815.0,Quintal,122.8,Agmarknet / e-NAM (synthetic)
MP000935,CROP008,Pigeon Pea (Tur),Andhra Pradesh,Guntur,Guntur Mandi,2024-07-15,1794.0,2106.0,1950.0,Quintal,34.6,Agmarknet / e-NAM (synthetic)
MP000936,CROP008,Pigeon Pea (Tur),Andhra Pradesh,Guntur,Guntur Mandi,2024-08-15,1694.0,1988.0,1841.0,Quintal,180.0,Agmarknet / e-NAM (synthetic)
MP000937,CROP008,Pigeon Pea (Tur),Andhra Pradesh,Guntur,Guntur Mandi,2024-09-15,1636.0,1920.0,1778.0,Quintal,35.4,Agmarknet / e-NAM (synthetic)
MP000938,CROP008,Pigeon Pea (Tur),Andhra Pradesh,Guntur,Guntur Mandi,2024-10-15,1832.0,2150.0,1991.0,Quintal,103.5,Agmarknet / e-NAM (synthetic)
MP000939,CROP008,Pigeon Pea (Tur),Andhra Pradesh,Guntur,Guntur Mandi,2024-11-15,1641.0,1927.0,1784.0,Quintal,102.1,Agmarknet / e-NAM (synthetic)
MP000940,CROP008,Pigeon Pea (Tur),Andhra Pradesh,Guntur,Guntur Mandi,2024-12-15,1837.0,2157.0,1997.0,Quintal,189.5,Agmarknet / e-NAM (synthetic)
MP000941,CROP008,Pigeon Pea (Tur),Andhra Pradesh,Guntur,Guntur Mandi,2025-01-15,2063.0,2421.0,2242.0,Quintal,79.5,Agmarknet / e-NAM (synthetic)
MP000942,CROP008,Pigeon Pea (Tur),Andhra Pradesh,Guntur,Guntur Mandi,2025-02-15,2168.0,2544.0,2356.0,Quintal,178.7,Agmarknet / e-NAM (synthetic)
MP000943,CROP008,Pigeon Pea (Tur),Andhra Pradesh,Guntur,Guntur Mandi,2025-03-15,2065.0,2425.0,2245.0,Quintal,188.6,Agmarknet / e-NAM (synthetic)
MP000944,CROP008,Pigeon Pea (Tur),Andhra Pradesh,Guntur,Guntur Mandi,2025-04-15,2361.0,2771.0,2566.0,Quintal,42.4,Agmarknet / e-NAM (synthetic)
MP000945,CROP008,Pigeon Pea (Tur),Andhra Pradesh,Guntur,Guntur Mandi,2025-05-15,1995.0,2341.0,2168.0,Quintal,74.5,Agmarknet / e-NAM (synthetic)
MP000946,CROP008,Pigeon Pea (Tur),Andhra Pradesh,Guntur,Guntur Mandi,2025-06-15,1985.0,2331.0,2158.0,Quintal,122.2,Agmarknet / e-NAM (synthetic)
MP000947,CROP008,Pigeon Pea (Tur),Andhra Pradesh,Guntur,Guntur Mandi,2025-07-15,1823.0,2141.0,1982.0,Quintal,54.6,Agmarknet / e-NAM (synthetic)
MP000948,CROP008,Pigeon Pea (Tur),Andhra Pradesh,Guntur,Guntur Mandi,2025-08-15,1600.0,1878.0,1739.0,Quintal,130.5,Agmarknet / e-NAM (synthetic)
MP000949,CROP008,Pigeon Pea (Tur),Andhra Pradesh,Guntur,Guntur Mandi,2025-09-15,1583.0,1859.0,1721.0,Quintal,69.3,Agmarknet / e-NAM (synthetic)
MP000950,CROP008,Pigeon Pea (Tur),Andhra Pradesh,Guntur,Guntur Mandi,2025-10-15,1723.0,2023.0,1873.0,Quintal,190.7,Agmarknet / e-NAM (synthetic)
MP000951,CROP008,Pigeon Pea (Tur),Andhra Pradesh,Guntur,Guntur Mandi,2025-11-15,1892.0,2222.0,2057.0,Quintal,153.5,Agmarknet / e-NAM (synthetic)
MP000952,CROP008,Pigeon Pea (Tur),Andhra Pradesh,Guntur,Guntur Mandi,2025-12-15,1944.0,2282.0,2113.0,Quintal,12.7,Agmarknet / e-NAM (synthetic)
MP000953,CROP008,Pigeon Pea (Tur),Andhra Pradesh,Guntur,Guntur Mandi,2026-01-15,2231.0,2619.0,2425.0,Quintal,55.9,Agmarknet / e-NAM (synthetic)
MP000954,CROP008,Pigeon Pea (Tur),Andhra Pradesh,Guntur,Guntur Mandi,2026-02-15,2378.0,2792.0,2585.0,Quintal,125.3,Agmarknet / e-NAM (synthetic)
MP000955,CROP008,Pigeon Pea (Tur),Andhra Pradesh,Guntur,Guntur Mandi,2026-03-15,2370.0,2782.0,2576.0,Quintal,173.7,Agmarknet / e-NAM (synthetic)
MP000956,CROP008,Pigeon Pea (Tur),Andhra Pradesh,Guntur,Guntur Mandi,2026-04-15,2379.0,2793.0,2586.0,Quintal,66.9,Agmarknet / e-NAM (synthetic)
MP000957,CROP008,Pigeon Pea (Tur),Andhra Pradesh,Guntur,Guntur Mandi,2026-05-15,2213.0,2597.0,2405.0,Quintal,97.6,Agmarknet / e-NAM (synthetic)
MP000958,CROP008,Pigeon Pea (Tur),Andhra Pradesh,Guntur,Guntur Mandi,2026-06-15,2138.0,2510.0,2324.0,Quintal,5.9,Agmarknet / e-NAM (synthetic)
MP000959,CROP008,Pigeon Pea (Tur),Andhra Pradesh,Guntur,Guntur Mandi,2026-07-15,1926.0,2262.0,2094.0,Quintal,123.5,Agmarknet / e-NAM (synthetic)
MP000960,CROP008,Pigeon Pea (Tur),Andhra Pradesh,Guntur,Guntur Mandi,2026-08-15,1694.0,1988.0,1841.0,Quintal,116.3,Agmarknet / e-NAM (synthetic)
MP000961,CROP008,Pigeon Pea (Tur),Bihar,Patna,Patna Mandi,2024-01-15,2034.0,2388.0,2211.0,Quintal,96.1,Agmarknet / e-NAM (synthetic)
MP000962,CROP008,Pigeon Pea (Tur),Bihar,Patna,Patna Mandi,2024-02-15,2008.0,2358.0,2183.0,Quintal,78.3,Agmarknet / e-NAM (synthetic)
MP000963,CROP008,Pigeon Pea (Tur),Bihar,Patna,Patna Mandi,2024-03-15,2136.0,2508.0,2322.0,Quintal,162.0,Agmarknet / e-NAM (synthetic)
MP000964,CROP008,Pigeon Pea (Tur),Bihar,Patna,Patna Mandi,2024-04-15,1906.0,2238.0,2072.0,Quintal,59.4,Agmarknet / e-NAM (synthetic)
MP000965,CROP008,Pigeon Pea (Tur),Bihar,Patna,Patna Mandi,2024-05-15,1869.0,2193.0,2031.0,Quintal,111.7,Agmarknet / e-NAM (synthetic)
MP000966,CROP008,Pigeon Pea (Tur),Bihar,Patna,Patna Mandi,2024-06-15,1803.0,2117.0,1960.0,Quintal,66.2,Agmarknet / e-NAM (synthetic)
MP000967,CROP008,Pigeon Pea (Tur),Bihar,Patna,Patna Mandi,2024-07-15,1718.0,2016.0,1867.0,Quintal,76.1,Agmarknet / e-NAM (synthetic)
MP000968,CROP008,Pigeon Pea (Tur),Bihar,Patna,Patna Mandi,2024-08-15,1694.0,1988.0,1841.0,Quintal,80.7,Agmarknet / e-NAM (synthetic)
MP000969,CROP008,Pigeon Pea (Tur),Bihar,Patna,Patna Mandi,2024-09-15,1900.0,2230.0,2065.0,Quintal,184.7,Agmarknet / e-NAM (synthetic)
MP000970,CROP008,Pigeon Pea (Tur),Bihar,Patna,Patna Mandi,2024-10-15,1549.0,1819.0,1684.0,Quintal,88.7,Agmarknet / e-NAM (synthetic)
MP000971,CROP008,Pigeon Pea (Tur),Bihar,Patna,Patna Mandi,2024-11-15,1744.0,2048.0,1896.0,Quintal,160.6,Agmarknet / e-NAM (synthetic)
MP000972,CROP008,Pigeon Pea (Tur),Bihar,Patna,Patna Mandi,2024-12-15,1922.0,2256.0,2089.0,Quintal,108.0,Agmarknet / e-NAM (synthetic)
MP000973,CROP008,Pigeon Pea (Tur),Bihar,Patna,Patna Mandi,2025-01-15,2195.0,2577.0,2386.0,Quintal,91.9,Agmarknet / e-NAM (synthetic)
MP000974,CROP008,Pigeon Pea (Tur),Bihar,Patna,Patna Mandi,2025-02-15,2165.0,2541.0,2353.0,Quintal,76.9,Agmarknet / e-NAM (synthetic)
MP000975,CROP008,Pigeon Pea (Tur),Bihar,Patna,Patna Mandi,2025-03-15,2110.0,2476.0,2293.0,Quintal,170.3,Agmarknet / e-NAM (synthetic)
MP000976,CROP008,Pigeon Pea (Tur),Bihar,Patna,Patna Mandi,2025-04-15,2115.0,2483.0,2299.0,Quintal,47.3,Agmarknet / e-NAM (synthetic)
MP000977,CROP008,Pigeon Pea (Tur),Bihar,Patna,Patna Mandi,2025-05-15,2145.0,2519.0,2332.0,Quintal,92.7,Agmarknet / e-NAM (synthetic)
MP000978,CROP008,Pigeon Pea (Tur),Bihar,Patna,Patna Mandi,2025-06-15,1893.0,2223.0,2058.0,Quintal,114.0,Agmarknet / e-NAM (synthetic)
MP000979,CROP008,Pigeon Pea (Tur),Bihar,Patna,Patna Mandi,2025-07-15,1767.0,2075.0,1921.0,Quintal,91.5,Agmarknet / e-NAM (synthetic)
MP000980,CROP008,Pigeon Pea (Tur),Bihar,Patna,Patna Mandi,2025-08-15,1770.0,2078.0,1924.0,Quintal,74.4,Agmarknet / e-NAM (synthetic)
MP000981,CROP008,Pigeon Pea (Tur),Bihar,Patna,Patna Mandi,2025-09-15,1791.0,2103.0,1947.0,Quintal,168.0,Agmarknet / e-NAM (synthetic)
MP000982,CROP008,Pigeon Pea (Tur),Bihar,Patna,Patna Mandi,2025-10-15,1633.0,1917.0,1775.0,Quintal,157.6,Agmarknet / e-NAM (synthetic)
MP000983,CROP008,Pigeon Pea (Tur),Bihar,Patna,Patna Mandi,2025-11-15,1958.0,2298.0,2128.0,Quintal,112.1,Agmarknet / e-NAM (synthetic)
MP000984,CROP008,Pigeon Pea (Tur),Bihar,Patna,Patna Mandi,2025-12-15,1762.0,2068.0,1915.0,Quintal,106.0,Agmarknet / e-NAM (synthetic)
MP000985,CROP008,Pigeon Pea (Tur),Bihar,Patna,Patna Mandi,2026-01-15,2262.0,2656.0,2459.0,Quintal,139.1,Agmarknet / e-NAM (synthetic)
MP000986,CROP008,Pigeon Pea (Tur),Bihar,Patna,Patna Mandi,2026-02-15,2086.0,2448.0,2267.0,Quintal,62.9,Agmarknet / e-NAM (synthetic)
MP000987,CROP008,Pigeon Pea (Tur),Bihar,Patna,Patna Mandi,2026-03-15,2175.0,2553.0,2364.0,Quintal,11.6,Agmarknet / e-NAM (synthetic)
MP000988,CROP008,Pigeon Pea (Tur),Bihar,Patna,Patna Mandi,2026-04-15,2362.0,2772.0,2567.0,Quintal,56.2,Agmarknet / e-NAM (synthetic)
MP000989,CROP008,Pigeon Pea (Tur),Bihar,Patna,Patna Mandi,2026-05-15,2208.0,2592.0,2400.0,Quintal,105.0,Agmarknet / e-NAM (synthetic)
MP000990,CROP008,Pigeon Pea (Tur),Bihar,Patna,Patna Mandi,2026-06-15,2189.0,2569.0,2379.0,Quintal,84.5,Agmarknet / e-NAM (synthetic)
MP000991,CROP008,Pigeon Pea (Tur),Bihar,Patna,Patna Mandi,2026-07-15,1958.0,2298.0,2128.0,Quintal,49.6,Agmarknet / e-NAM (synthetic)
MP000992,CROP008,Pigeon Pea (Tur),Bihar,Patna,Patna Mandi,2026-08-15,1815.0,2131.0,1973.0,Quintal,60.0,Agmarknet / e-NAM (synthetic)
MP000993,CROP008,Pigeon Pea (Tur),Uttar Pradesh,Meerut,Meerut Mandi,2024-01-15,1949.0,2289.0,2119.0,Quintal,103.7,Agmarknet / e-NAM (synthetic)
MP000994,CROP008,Pigeon Pea (Tur),Uttar Pradesh,Meerut,Meerut Mandi,2024-02-15,2412.0,2832.0,2622.0,Quintal,121.5,Agmarknet / e-NAM (synthetic)
MP000995,CROP008,Pigeon Pea (Tur),Uttar Pradesh,Meerut,Meerut Mandi,2024-03-15,2133.0,2503.0,2318.0,Quintal,142.2,Agmarknet / e-NAM (synthetic)
MP000996,CROP008,Pigeon Pea (Tur),Uttar Pradesh,Meerut,Meerut Mandi,2024-04-15,2274.0,2670.0,2472.0,Quintal,67.7,Agmarknet / e-NAM (synthetic)
MP000997,CROP008,Pigeon Pea (Tur),Uttar Pradesh,Meerut,Meerut Mandi,2024-05-15,2163.0,2539.0,2351.0,Quintal,161.6,Agmarknet / e-NAM (synthetic)
MP000998,CROP008,Pigeon Pea (Tur),Uttar Pradesh,Meerut,Meerut Mandi,2024-06-15,1912.0,2244.0,2078.0,Quintal,48.8,Agmarknet / e-NAM (synthetic)
MP000999,CROP008,Pigeon Pea (Tur),Uttar Pradesh,Meerut,Meerut Mandi,2024-07-15,1857.0,2179.0,2018.0,Quintal,96.9,Agmarknet / e-NAM (synthetic)
MP001000,CROP008,Pigeon Pea (Tur),Uttar Pradesh,Meerut,Meerut Mandi,2024-08-15,1626.0,1908.0,1767.0,Quintal,235.9,Agmarknet / e-NAM (synthetic)
MP001001,CROP008,Pigeon Pea (Tur),Uttar Pradesh,Meerut,Meerut Mandi,2024-09-15,1541.0,1809.0,1675.0,Quintal,167.5,Agmarknet / e-NAM (synthetic)
MP001002,CROP008,Pigeon Pea (Tur),Uttar Pradesh,Meerut,Meerut Mandi,2024-10-15,1691.0,1985.0,1838.0,Quintal,129.3,Agmarknet / e-NAM (synthetic)
MP001003,CROP008,Pigeon Pea (Tur),Uttar Pradesh,Meerut,Meerut Mandi,2024-11-15,1764.0,2070.0,1917.0,Quintal,44.7,Agmarknet / e-NAM (synthetic)
MP001004,CROP008,Pigeon Pea (Tur),Uttar Pradesh,Meerut,Meerut Mandi,2024-12-15,1861.0,2185.0,2023.0,Quintal,66.4,Agmarknet / e-NAM (synthetic)
MP001005,CROP008,Pigeon Pea (Tur),Uttar Pradesh,Meerut,Meerut Mandi,2025-01-15,1916.0,2250.0,2083.0,Quintal,67.7,Agmarknet / e-NAM (synthetic)
MP001006,CROP008,Pigeon Pea (Tur),Uttar Pradesh,Meerut,Meerut Mandi,2025-02-15,2209.0,2593.0,2401.0,Quintal,83.1,Agmarknet / e-NAM (synthetic)
MP001007,CROP008,Pigeon Pea (Tur),Uttar Pradesh,Meerut,Meerut Mandi,2025-03-15,2352.0,2760.0,2556.0,Quintal,214.4,Agmarknet / e-NAM (synthetic)
MP001008,CROP008,Pigeon Pea (Tur),Uttar Pradesh,Meerut,Meerut Mandi,2025-04-15,2214.0,2600.0,2407.0,Quintal,192.6,Agmarknet / e-NAM (synthetic)
MP001009,CROP008,Pigeon Pea (Tur),Uttar Pradesh,Meerut,Meerut Mandi,2025-05-15,1955.0,2295.0,2125.0,Quintal,119.5,Agmarknet / e-NAM (synthetic)
MP001010,CROP008,Pigeon Pea (Tur),Uttar Pradesh,Meerut,Meerut Mandi,2025-06-15,1933.0,2269.0,2101.0,Quintal,40.0,Agmarknet / e-NAM (synthetic)
MP001011,CROP008,Pigeon Pea (Tur),Uttar Pradesh,Meerut,Meerut Mandi,2025-07-15,1913.0,2245.0,2079.0,Quintal,59.8,Agmarknet / e-NAM (synthetic)
MP001012,CROP008,Pigeon Pea (Tur),Uttar Pradesh,Meerut,Meerut Mandi,2025-08-15,1787.0,2097.0,1942.0,Quintal,143.4,Agmarknet / e-NAM (synthetic)
MP001013,CROP008,Pigeon Pea (Tur),Uttar Pradesh,Meerut,Meerut Mandi,2025-09-15,1656.0,1944.0,1800.0,Quintal,82.5,Agmarknet / e-NAM (synthetic)
MP001014,CROP008,Pigeon Pea (Tur),Uttar Pradesh,Meerut,Meerut Mandi,2025-10-15,1843.0,2163.0,2003.0,Quintal,151.7,Agmarknet / e-NAM (synthetic)
MP001015,CROP008,Pigeon Pea (Tur),Uttar Pradesh,Meerut,Meerut Mandi,2025-11-15,1971.0,2313.0,2142.0,Quintal,35.2,Agmarknet / e-NAM (synthetic)
MP001016,CROP008,Pigeon Pea (Tur),Uttar Pradesh,Meerut,Meerut Mandi,2025-12-15,2053.0,2411.0,2232.0,Quintal,147.3,Agmarknet / e-NAM (synthetic)
MP001017,CROP008,Pigeon Pea (Tur),Uttar Pradesh,Meerut,Meerut Mandi,2026-01-15,2271.0,2667.0,2469.0,Quintal,26.6,Agmarknet / e-NAM (synthetic)
MP001018,CROP008,Pigeon Pea (Tur),Uttar Pradesh,Meerut,Meerut Mandi,2026-02-15,2396.0,2812.0,2604.0,Quintal,112.2,Agmarknet / e-NAM (synthetic)
MP001019,CROP008,Pigeon Pea (Tur),Uttar Pradesh,Meerut,Meerut Mandi,2026-03-15,2147.0,2521.0,2334.0,Quintal,52.2,Agmarknet / e-NAM (synthetic)
MP001020,CROP008,Pigeon Pea (Tur),Uttar Pradesh,Meerut,Meerut Mandi,2026-04-15,2094.0,2458.0,2276.0,Quintal,109.6,Agmarknet / e-NAM (synthetic)
MP001021,CROP008,Pigeon Pea (Tur),Uttar Pradesh,Meerut,Meerut Mandi,2026-05-15,2211.0,2595.0,2403.0,Quintal,152.4,Agmarknet / e-NAM (synthetic)
MP001022,CROP008,Pigeon Pea (Tur),Uttar Pradesh,Meerut,Meerut Mandi,2026-06-15,2107.0,2473.0,2290.0,Quintal,105.4,Agmarknet / e-NAM (synthetic)
MP001023,CROP008,Pigeon Pea (Tur),Uttar Pradesh,Meerut,Meerut Mandi,2026-07-15,1832.0,2150.0,1991.0,Quintal,82.0,Agmarknet / e-NAM (synthetic)
MP001024,CROP008,Pigeon Pea (Tur),Uttar Pradesh,Meerut,Meerut Mandi,2026-08-15,1745.0,2049.0,1897.0,Quintal,19.7,Agmarknet / e-NAM (synthetic)
MP001025,CROP009,Green Gram (Moong),West Bengal,Bardhaman,Bardhaman Mandi,2024-01-15,2978.0,3496.0,3237.0,Quintal,77.2,Agmarknet / e-NAM (synthetic)
MP001026,CROP009,Green Gram (Moong),West Bengal,Bardhaman,Bardhaman Mandi,2024-02-15,3336.0,3916.0,3626.0,Quintal,188.3,Agmarknet / e-NAM (synthetic)
MP001027,CROP009,Green Gram (Moong),West Bengal,Bardhaman,Bardhaman Mandi,2024-03-15,3210.0,3768.0,3489.0,Quintal,139.0,Agmarknet / e-NAM (synthetic)
MP001028,CROP009,Green Gram (Moong),West Bengal,Bardhaman,Bardhaman Mandi,2024-04-15,3669.0,4307.0,3988.0,Quintal,111.2,Agmarknet / e-NAM (synthetic)
MP001029,CROP009,Green Gram (Moong),West Bengal,Bardhaman,Bardhaman Mandi,2024-05-15,3581.0,4203.0,3892.0,Quintal,127.2,Agmarknet / e-NAM (synthetic)
MP001030,CROP009,Green Gram (Moong),West Bengal,Bardhaman,Bardhaman Mandi,2024-06-15,2994.0,3514.0,3254.0,Quintal,147.7,Agmarknet / e-NAM (synthetic)
MP001031,CROP009,Green Gram (Moong),West Bengal,Bardhaman,Bardhaman Mandi,2024-07-15,2887.0,3389.0,3138.0,Quintal,143.6,Agmarknet / e-NAM (synthetic)
MP001032,CROP009,Green Gram (Moong),West Bengal,Bardhaman,Bardhaman Mandi,2024-08-15,2348.0,2756.0,2552.0,Quintal,28.6,Agmarknet / e-NAM (synthetic)
MP001033,CROP009,Green Gram (Moong),West Bengal,Bardhaman,Bardhaman Mandi,2024-09-15,2640.0,3100.0,2870.0,Quintal,21.4,Agmarknet / e-NAM (synthetic)
MP001034,CROP009,Green Gram (Moong),West Bengal,Bardhaman,Bardhaman Mandi,2024-10-15,2610.0,3064.0,2837.0,Quintal,33.8,Agmarknet / e-NAM (synthetic)
MP001035,CROP009,Green Gram (Moong),West Bengal,Bardhaman,Bardhaman Mandi,2024-11-15,2718.0,3190.0,2954.0,Quintal,94.1,Agmarknet / e-NAM (synthetic)
MP001036,CROP009,Green Gram (Moong),West Bengal,Bardhaman,Bardhaman Mandi,2024-12-15,2800.0,3288.0,3044.0,Quintal,51.8,Agmarknet / e-NAM (synthetic)
MP001037,CROP009,Green Gram (Moong),West Bengal,Bardhaman,Bardhaman Mandi,2025-01-15,3094.0,3632.0,3363.0,Quintal,154.3,Agmarknet / e-NAM (synthetic)
MP001038,CROP009,Green Gram (Moong),West Bengal,Bardhaman,Bardhaman Mandi,2025-02-15,3705.0,4349.0,4027.0,Quintal,285.5,Agmarknet / e-NAM (synthetic)
MP001039,CROP009,Green Gram (Moong),West Bengal,Bardhaman,Bardhaman Mandi,2025-03-15,3694.0,4336.0,4015.0,Quintal,103.2,Agmarknet / e-NAM (synthetic)
MP001040,CROP009,Green Gram (Moong),West Bengal,Bardhaman,Bardhaman Mandi,2025-04-15,3152.0,3700.0,3426.0,Quintal,86.1,Agmarknet / e-NAM (synthetic)
MP001041,CROP009,Green Gram (Moong),West Bengal,Bardhaman,Bardhaman Mandi,2025-05-15,3311.0,3887.0,3599.0,Quintal,36.9,Agmarknet / e-NAM (synthetic)
MP001042,CROP009,Green Gram (Moong),West Bengal,Bardhaman,Bardhaman Mandi,2025-06-15,3076.0,3610.0,3343.0,Quintal,131.8,Agmarknet / e-NAM (synthetic)
MP001043,CROP009,Green Gram (Moong),West Bengal,Bardhaman,Bardhaman Mandi,2025-07-15,2938.0,3448.0,3193.0,Quintal,92.1,Agmarknet / e-NAM (synthetic)
MP001044,CROP009,Green Gram (Moong),West Bengal,Bardhaman,Bardhaman Mandi,2025-08-15,2666.0,3130.0,2898.0,Quintal,51.8,Agmarknet / e-NAM (synthetic)
MP001045,CROP009,Green Gram (Moong),West Bengal,Bardhaman,Bardhaman Mandi,2025-09-15,2653.0,3115.0,2884.0,Quintal,241.0,Agmarknet / e-NAM (synthetic)
MP001046,CROP009,Green Gram (Moong),West Bengal,Bardhaman,Bardhaman Mandi,2025-10-15,2780.0,3264.0,3022.0,Quintal,114.2,Agmarknet / e-NAM (synthetic)
MP001047,CROP009,Green Gram (Moong),West Bengal,Bardhaman,Bardhaman Mandi,2025-11-15,2932.0,3442.0,3187.0,Quintal,81.2,Agmarknet / e-NAM (synthetic)
MP001048,CROP009,Green Gram (Moong),West Bengal,Bardhaman,Bardhaman Mandi,2025-12-15,3375.0,3963.0,3669.0,Quintal,130.4,Agmarknet / e-NAM (synthetic)
MP001049,CROP009,Green Gram (Moong),West Bengal,Bardhaman,Bardhaman Mandi,2026-01-15,3403.0,3995.0,3699.0,Quintal,25.6,Agmarknet / e-NAM (synthetic)
MP001050,CROP009,Green Gram (Moong),West Bengal,Bardhaman,Bardhaman Mandi,2026-02-15,3701.0,4345.0,4023.0,Quintal,65.6,Agmarknet / e-NAM (synthetic)
MP001051,CROP009,Green Gram (Moong),West Bengal,Bardhaman,Bardhaman Mandi,2026-03-15,3405.0,3997.0,3701.0,Quintal,226.4,Agmarknet / e-NAM (synthetic)
MP001052,CROP009,Green Gram (Moong),West Bengal,Bardhaman,Bardhaman Mandi,2026-04-15,3215.0,3775.0,3495.0,Quintal,183.4,Agmarknet / e-NAM (synthetic)
MP001053,CROP009,Green Gram (Moong),West Bengal,Bardhaman,Bardhaman Mandi,2026-05-15,3627.0,4257.0,3942.0,Quintal,53.1,Agmarknet / e-NAM (synthetic)
MP001054,CROP009,Green Gram (Moong),West Bengal,Bardhaman,Bardhaman Mandi,2026-06-15,3353.0,3937.0,3645.0,Quintal,155.1,Agmarknet / e-NAM (synthetic)
MP001055,CROP009,Green Gram (Moong),West Bengal,Bardhaman,Bardhaman Mandi,2026-07-15,3021.0,3547.0,3284.0,Quintal,149.2,Agmarknet / e-NAM (synthetic)
MP001056,CROP009,Green Gram (Moong),West Bengal,Bardhaman,Bardhaman Mandi,2026-08-15,2927.0,3437.0,3182.0,Quintal,79.9,Agmarknet / e-NAM (synthetic)
MP001057,CROP009,Green Gram (Moong),Gujarat,Ahmedabad,Ahmedabad Mandi,2024-01-15,3134.0,3680.0,3407.0,Quintal,40.2,Agmarknet / e-NAM (synthetic)
MP001058,CROP009,Green Gram (Moong),Gujarat,Ahmedabad,Ahmedabad Mandi,2024-02-15,3197.0,3753.0,3475.0,Quintal,269.1,Agmarknet / e-NAM (synthetic)
MP001059,CROP009,Green Gram (Moong),Gujarat,Ahmedabad,Ahmedabad Mandi,2024-03-15,2982.0,3500.0,3241.0,Quintal,144.6,Agmarknet / e-NAM (synthetic)
MP001060,CROP009,Green Gram (Moong),Gujarat,Ahmedabad,Ahmedabad Mandi,2024-04-15,3021.0,3547.0,3284.0,Quintal,67.4,Agmarknet / e-NAM (synthetic)
MP001061,CROP009,Green Gram (Moong),Gujarat,Ahmedabad,Ahmedabad Mandi,2024-05-15,3173.0,3725.0,3449.0,Quintal,86.1,Agmarknet / e-NAM (synthetic)
MP001062,CROP009,Green Gram (Moong),Gujarat,Ahmedabad,Ahmedabad Mandi,2024-06-15,2893.0,3397.0,3145.0,Quintal,129.0,Agmarknet / e-NAM (synthetic)
MP001063,CROP009,Green Gram (Moong),Gujarat,Ahmedabad,Ahmedabad Mandi,2024-07-15,2734.0,3210.0,2972.0,Quintal,58.2,Agmarknet / e-NAM (synthetic)
MP001064,CROP009,Green Gram (Moong),Gujarat,Ahmedabad,Ahmedabad Mandi,2024-08-15,2479.0,2911.0,2695.0,Quintal,256.2,Agmarknet / e-NAM (synthetic)
MP001065,CROP009,Green Gram (Moong),Gujarat,Ahmedabad,Ahmedabad Mandi,2024-09-15,2627.0,3083.0,2855.0,Quintal,252.0,Agmarknet / e-NAM (synthetic)
MP001066,CROP009,Green Gram (Moong),Gujarat,Ahmedabad,Ahmedabad Mandi,2024-10-15,2582.0,3030.0,2806.0,Quintal,170.9,Agmarknet / e-NAM (synthetic)
MP001067,CROP009,Green Gram (Moong),Gujarat,Ahmedabad,Ahmedabad Mandi,2024-11-15,2696.0,3164.0,2930.0,Quintal,132.4,Agmarknet / e-NAM (synthetic)
MP001068,CROP009,Green Gram (Moong),Gujarat,Ahmedabad,Ahmedabad Mandi,2024-12-15,2875.0,3375.0,3125.0,Quintal,144.8,Agmarknet / e-NAM (synthetic)
MP001069,CROP009,Green Gram (Moong),Gujarat,Ahmedabad,Ahmedabad Mandi,2025-01-15,3395.0,3985.0,3690.0,Quintal,226.0,Agmarknet / e-NAM (synthetic)
MP001070,CROP009,Green Gram (Moong),Gujarat,Ahmedabad,Ahmedabad Mandi,2025-02-15,3285.0,3857.0,3571.0,Quintal,89.3,Agmarknet / e-NAM (synthetic)
MP001071,CROP009,Green Gram (Moong),Gujarat,Ahmedabad,Ahmedabad Mandi,2025-03-15,3528.0,4142.0,3835.0,Quintal,205.2,Agmarknet / e-NAM (synthetic)
MP001072,CROP009,Green Gram (Moong),Gujarat,Ahmedabad,Ahmedabad Mandi,2025-04-15,3647.0,4281.0,3964.0,Quintal,66.0,Agmarknet / e-NAM (synthetic)
MP001073,CROP009,Green Gram (Moong),Gujarat,Ahmedabad,Ahmedabad Mandi,2025-05-15,2944.0,3456.0,3200.0,Quintal,65.9,Agmarknet / e-NAM (synthetic)
MP001074,CROP009,Green Gram (Moong),Gujarat,Ahmedabad,Ahmedabad Mandi,2025-06-15,2973.0,3491.0,3232.0,Quintal,73.0,Agmarknet / e-NAM (synthetic)
MP001075,CROP009,Green Gram (Moong),Gujarat,Ahmedabad,Ahmedabad Mandi,2025-07-15,2616.0,3072.0,2844.0,Quintal,39.9,Agmarknet / e-NAM (synthetic)
MP001076,CROP009,Green Gram (Moong),Gujarat,Ahmedabad,Ahmedabad Mandi,2025-08-15,2738.0,3214.0,2976.0,Quintal,97.0,Agmarknet / e-NAM (synthetic)
MP001077,CROP009,Green Gram (Moong),Gujarat,Ahmedabad,Ahmedabad Mandi,2025-09-15,2772.0,3254.0,3013.0,Quintal,71.6,Agmarknet / e-NAM (synthetic)
MP001078,CROP009,Green Gram (Moong),Gujarat,Ahmedabad,Ahmedabad Mandi,2025-10-15,2665.0,3129.0,2897.0,Quintal,64.2,Agmarknet / e-NAM (synthetic)
MP001079,CROP009,Green Gram (Moong),Gujarat,Ahmedabad,Ahmedabad Mandi,2025-11-15,2618.0,3074.0,2846.0,Quintal,61.7,Agmarknet / e-NAM (synthetic)
MP001080,CROP009,Green Gram (Moong),Gujarat,Ahmedabad,Ahmedabad Mandi,2025-12-15,3067.0,3601.0,3334.0,Quintal,313.2,Agmarknet / e-NAM (synthetic)
MP001081,CROP009,Green Gram (Moong),Gujarat,Ahmedabad,Ahmedabad Mandi,2026-01-15,3073.0,3607.0,3340.0,Quintal,87.5,Agmarknet / e-NAM (synthetic)
MP001082,CROP009,Green Gram (Moong),Gujarat,Ahmedabad,Ahmedabad Mandi,2026-02-15,3295.0,3869.0,3582.0,Quintal,117.3,Agmarknet / e-NAM (synthetic)
MP001083,CROP009,Green Gram (Moong),Gujarat,Ahmedabad,Ahmedabad Mandi,2026-03-15,3621.0,4251.0,3936.0,Quintal,90.9,Agmarknet / e-NAM (synthetic)
MP001084,CROP009,Green Gram (Moong),Gujarat,Ahmedabad,Ahmedabad Mandi,2026-04-15,3671.0,4309.0,3990.0,Quintal,82.1,Agmarknet / e-NAM (synthetic)
MP001085,CROP009,Green Gram (Moong),Gujarat,Ahmedabad,Ahmedabad Mandi,2026-05-15,3130.0,3674.0,3402.0,Quintal,174.6,Agmarknet / e-NAM (synthetic)
MP001086,CROP009,Green Gram (Moong),Gujarat,Ahmedabad,Ahmedabad Mandi,2026-06-15,3288.0,3860.0,3574.0,Quintal,92.3,Agmarknet / e-NAM (synthetic)
MP001087,CROP009,Green Gram (Moong),Gujarat,Ahmedabad,Ahmedabad Mandi,2026-07-15,3179.0,3731.0,3455.0,Quintal,59.3,Agmarknet / e-NAM (synthetic)
MP001088,CROP009,Green Gram (Moong),Gujarat,Ahmedabad,Ahmedabad Mandi,2026-08-15,2753.0,3231.0,2992.0,Quintal,168.3,Agmarknet / e-NAM (synthetic)
MP001089,CROP009,Green Gram (Moong),Bihar,Patna,Patna Mandi,2024-01-15,3239.0,3803.0,3521.0,Quintal,13.7,Agmarknet / e-NAM (synthetic)
MP001090,CROP009,Green Gram (Moong),Bihar,Patna,Patna Mandi,2024-02-15,3502.0,4112.0,3807.0,Quintal,126.2,Agmarknet / e-NAM (synthetic)
MP001091,CROP009,Green Gram (Moong),Bihar,Patna,Patna Mandi,2024-03-15,2838.0,3332.0,3085.0,Quintal,99.0,Agmarknet / e-NAM (synthetic)
MP001092,CROP009,Green Gram (Moong),Bihar,Patna,Patna Mandi,2024-04-15,3404.0,3996.0,3700.0,Quintal,88.3,Agmarknet / e-NAM (synthetic)
MP001093,CROP009,Green Gram (Moong),Bihar,Patna,Patna Mandi,2024-05-15,3140.0,3686.0,3413.0,Quintal,71.9,Agmarknet / e-NAM (synthetic)
MP001094,CROP009,Green Gram (Moong),Bihar,Patna,Patna Mandi,2024-06-15,3138.0,3684.0,3411.0,Quintal,116.2,Agmarknet / e-NAM (synthetic)
MP001095,CROP009,Green Gram (Moong),Bihar,Patna,Patna Mandi,2024-07-15,2728.0,3202.0,2965.0,Quintal,21.9,Agmarknet / e-NAM (synthetic)
MP001096,CROP009,Green Gram (Moong),Bihar,Patna,Patna Mandi,2024-08-15,2585.0,3035.0,2810.0,Quintal,138.0,Agmarknet / e-NAM (synthetic)
MP001097,CROP009,Green Gram (Moong),Bihar,Patna,Patna Mandi,2024-09-15,2406.0,2824.0,2615.0,Quintal,48.8,Agmarknet / e-NAM (synthetic)
MP001098,CROP009,Green Gram (Moong),Bihar,Patna,Patna Mandi,2024-10-15,2826.0,3318.0,3072.0,Quintal,147.3,Agmarknet / e-NAM (synthetic)
MP001099,CROP009,Green Gram (Moong),Bihar,Patna,Patna Mandi,2024-11-15,2448.0,2874.0,2661.0,Quintal,97.7,Agmarknet / e-NAM (synthetic)
MP001100,CROP009,Green Gram (Moong),Bihar,Patna,Patna Mandi,2024-12-15,2621.0,3077.0,2849.0,Quintal,87.3,Agmarknet / e-NAM (synthetic)
MP001101,CROP009,Green Gram (Moong),Bihar,Patna,Patna Mandi,2025-01-15,3212.0,3770.0,3491.0,Quintal,67.8,Agmarknet / e-NAM (synthetic)
MP001102,CROP009,Green Gram (Moong),Bihar,Patna,Patna Mandi,2025-02-15,3231.0,3793.0,3512.0,Quintal,178.3,Agmarknet / e-NAM (synthetic)
MP001103,CROP009,Green Gram (Moong),Bihar,Patna,Patna Mandi,2025-03-15,3643.0,4277.0,3960.0,Quintal,86.1,Agmarknet / e-NAM (synthetic)
MP001104,CROP009,Green Gram (Moong),Bihar,Patna,Patna Mandi,2025-04-15,3430.0,4026.0,3728.0,Quintal,110.3,Agmarknet / e-NAM (synthetic)
MP001105,CROP009,Green Gram (Moong),Bihar,Patna,Patna Mandi,2025-05-15,3236.0,3798.0,3517.0,Quintal,54.9,Agmarknet / e-NAM (synthetic)
MP001106,CROP009,Green Gram (Moong),Bihar,Patna,Patna Mandi,2025-06-15,2977.0,3495.0,3236.0,Quintal,233.9,Agmarknet / e-NAM (synthetic)
MP001107,CROP009,Green Gram (Moong),Bihar,Patna,Patna Mandi,2025-07-15,2813.0,3303.0,3058.0,Quintal,62.3,Agmarknet / e-NAM (synthetic)
MP001108,CROP009,Green Gram (Moong),Bihar,Patna,Patna Mandi,2025-08-15,2737.0,3213.0,2975.0,Quintal,143.2,Agmarknet / e-NAM (synthetic)
MP001109,CROP009,Green Gram (Moong),Bihar,Patna,Patna Mandi,2025-09-15,2868.0,3366.0,3117.0,Quintal,50.3,Agmarknet / e-NAM (synthetic)
MP001110,CROP009,Green Gram (Moong),Bihar,Patna,Patna Mandi,2025-10-15,2736.0,3212.0,2974.0,Quintal,64.3,Agmarknet / e-NAM (synthetic)
MP001111,CROP009,Green Gram (Moong),Bihar,Patna,Patna Mandi,2025-11-15,3040.0,3568.0,3304.0,Quintal,129.3,Agmarknet / e-NAM (synthetic)
MP001112,CROP009,Green Gram (Moong),Bihar,Patna,Patna Mandi,2025-12-15,3030.0,3558.0,3294.0,Quintal,13.7,Agmarknet / e-NAM (synthetic)
MP001113,CROP009,Green Gram (Moong),Bihar,Patna,Patna Mandi,2026-01-15,3814.0,4478.0,4146.0,Quintal,68.6,Agmarknet / e-NAM (synthetic)
MP001114,CROP009,Green Gram (Moong),Bihar,Patna,Patna Mandi,2026-02-15,3600.0,4226.0,3913.0,Quintal,87.9,Agmarknet / e-NAM (synthetic)
MP001115,CROP009,Green Gram (Moong),Bihar,Patna,Patna Mandi,2026-03-15,3295.0,3867.0,3581.0,Quintal,125.3,Agmarknet / e-NAM (synthetic)
MP001116,CROP009,Green Gram (Moong),Bihar,Patna,Patna Mandi,2026-04-15,3622.0,4252.0,3937.0,Quintal,160.8,Agmarknet / e-NAM (synthetic)
MP001117,CROP009,Green Gram (Moong),Bihar,Patna,Patna Mandi,2026-05-15,3278.0,3848.0,3563.0,Quintal,115.7,Agmarknet / e-NAM (synthetic)
MP001118,CROP009,Green Gram (Moong),Bihar,Patna,Patna Mandi,2026-06-15,3262.0,3830.0,3546.0,Quintal,74.4,Agmarknet / e-NAM (synthetic)
MP001119,CROP009,Green Gram (Moong),Bihar,Patna,Patna Mandi,2026-07-15,3102.0,3642.0,3372.0,Quintal,95.7,Agmarknet / e-NAM (synthetic)
MP001120,CROP009,Green Gram (Moong),Bihar,Patna,Patna Mandi,2026-08-15,3121.0,3663.0,3392.0,Quintal,28.3,Agmarknet / e-NAM (synthetic)
MP001121,CROP009,Green Gram (Moong),Tamil Nadu,Thanjavur,Thanjavur Mandi,2024-01-15,3141.0,3687.0,3414.0,Quintal,207.0,Agmarknet / e-NAM (synthetic)
MP001122,CROP009,Green Gram (Moong),Tamil Nadu,Thanjavur,Thanjavur Mandi,2024-02-15,3556.0,4174.0,3865.0,Quintal,84.4,Agmarknet / e-NAM (synthetic)
MP001123,CROP009,Green Gram (Moong),Tamil Nadu,Thanjavur,Thanjavur Mandi,2024-03-15,3268.0,3836.0,3552.0,Quintal,124.6,Agmarknet / e-NAM (synthetic)
MP001124,CROP009,Green Gram (Moong),Tamil Nadu,Thanjavur,Thanjavur Mandi,2024-04-15,3072.0,3606.0,3339.0,Quintal,111.2,Agmarknet / e-NAM (synthetic)
MP001125,CROP009,Green Gram (Moong),Tamil Nadu,Thanjavur,Thanjavur Mandi,2024-05-15,3127.0,3671.0,3399.0,Quintal,75.2,Agmarknet / e-NAM (synthetic)
MP001126,CROP009,Green Gram (Moong),Tamil Nadu,Thanjavur,Thanjavur Mandi,2024-06-15,2484.0,2916.0,2700.0,Quintal,219.1,Agmarknet / e-NAM (synthetic)
MP001127,CROP009,Green Gram (Moong),Tamil Nadu,Thanjavur,Thanjavur Mandi,2024-07-15,2886.0,3388.0,3137.0,Quintal,140.6,Agmarknet / e-NAM (synthetic)
MP001128,CROP009,Green Gram (Moong),Tamil Nadu,Thanjavur,Thanjavur Mandi,2024-08-15,2527.0,2967.0,2747.0,Quintal,32.5,Agmarknet / e-NAM (synthetic)
MP001129,CROP009,Green Gram (Moong),Tamil Nadu,Thanjavur,Thanjavur Mandi,2024-09-15,2367.0,2779.0,2573.0,Quintal,9.0,Agmarknet / e-NAM (synthetic)
MP001130,CROP009,Green Gram (Moong),Tamil Nadu,Thanjavur,Thanjavur Mandi,2024-10-15,2765.0,3245.0,3005.0,Quintal,293.1,Agmarknet / e-NAM (synthetic)
MP001131,CROP009,Green Gram (Moong),Tamil Nadu,Thanjavur,Thanjavur Mandi,2024-11-15,2761.0,3241.0,3001.0,Quintal,150.6,Agmarknet / e-NAM (synthetic)
MP001132,CROP009,Green Gram (Moong),Tamil Nadu,Thanjavur,Thanjavur Mandi,2024-12-15,2855.0,3351.0,3103.0,Quintal,44.3,Agmarknet / e-NAM (synthetic)
MP001133,CROP009,Green Gram (Moong),Tamil Nadu,Thanjavur,Thanjavur Mandi,2025-01-15,3224.0,3784.0,3504.0,Quintal,353.8,Agmarknet / e-NAM (synthetic)
MP001134,CROP009,Green Gram (Moong),Tamil Nadu,Thanjavur,Thanjavur Mandi,2025-02-15,3712.0,4358.0,4035.0,Quintal,173.7,Agmarknet / e-NAM (synthetic)
MP001135,CROP009,Green Gram (Moong),Tamil Nadu,Thanjavur,Thanjavur Mandi,2025-03-15,3237.0,3799.0,3518.0,Quintal,119.9,Agmarknet / e-NAM (synthetic)
MP001136,CROP009,Green Gram (Moong),Tamil Nadu,Thanjavur,Thanjavur Mandi,2025-04-15,3508.0,4118.0,3813.0,Quintal,37.8,Agmarknet / e-NAM (synthetic)
MP001137,CROP009,Green Gram (Moong),Tamil Nadu,Thanjavur,Thanjavur Mandi,2025-05-15,3349.0,3931.0,3640.0,Quintal,200.1,Agmarknet / e-NAM (synthetic)
MP001138,CROP009,Green Gram (Moong),Tamil Nadu,Thanjavur,Thanjavur Mandi,2025-06-15,3080.0,3616.0,3348.0,Quintal,136.1,Agmarknet / e-NAM (synthetic)
MP001139,CROP009,Green Gram (Moong),Tamil Nadu,Thanjavur,Thanjavur Mandi,2025-07-15,2657.0,3119.0,2888.0,Quintal,134.9,Agmarknet / e-NAM (synthetic)
MP001140,CROP009,Green Gram (Moong),Tamil Nadu,Thanjavur,Thanjavur Mandi,2025-08-15,2826.0,3318.0,3072.0,Quintal,97.2,Agmarknet / e-NAM (synthetic)
MP001141,CROP009,Green Gram (Moong),Tamil Nadu,Thanjavur,Thanjavur Mandi,2025-09-15,2735.0,3211.0,2973.0,Quintal,75.8,Agmarknet / e-NAM (synthetic)
MP001142,CROP009,Green Gram (Moong),Tamil Nadu,Thanjavur,Thanjavur Mandi,2025-10-15,2917.0,3425.0,3171.0,Quintal,145.6,Agmarknet / e-NAM (synthetic)
MP001143,CROP009,Green Gram (Moong),Tamil Nadu,Thanjavur,Thanjavur Mandi,2025-11-15,2950.0,3464.0,3207.0,Quintal,93.7,Agmarknet / e-NAM (synthetic)
MP001144,CROP009,Green Gram (Moong),Tamil Nadu,Thanjavur,Thanjavur Mandi,2025-12-15,2886.0,3388.0,3137.0,Quintal,75.0,Agmarknet / e-NAM (synthetic)
MP001145,CROP009,Green Gram (Moong),Tamil Nadu,Thanjavur,Thanjavur Mandi,2026-01-15,3578.0,4200.0,3889.0,Quintal,66.7,Agmarknet / e-NAM (synthetic)
MP001146,CROP009,Green Gram (Moong),Tamil Nadu,Thanjavur,Thanjavur Mandi,2026-02-15,3589.0,4213.0,3901.0,Quintal,138.9,Agmarknet / e-NAM (synthetic)
MP001147,CROP009,Green Gram (Moong),Tamil Nadu,Thanjavur,Thanjavur Mandi,2026-03-15,3627.0,4257.0,3942.0,Quintal,88.5,Agmarknet / e-NAM (synthetic)
MP001148,CROP009,Green Gram (Moong),Tamil Nadu,Thanjavur,Thanjavur Mandi,2026-04-15,3314.0,3890.0,3602.0,Quintal,134.4,Agmarknet / e-NAM (synthetic)
MP001149,CROP009,Green Gram (Moong),Tamil Nadu,Thanjavur,Thanjavur Mandi,2026-05-15,3284.0,3856.0,3570.0,Quintal,81.5,Agmarknet / e-NAM (synthetic)
MP001150,CROP009,Green Gram (Moong),Tamil Nadu,Thanjavur,Thanjavur Mandi,2026-06-15,3087.0,3623.0,3355.0,Quintal,158.4,Agmarknet / e-NAM (synthetic)
MP001151,CROP009,Green Gram (Moong),Tamil Nadu,Thanjavur,Thanjavur Mandi,2026-07-15,3225.0,3785.0,3505.0,Quintal,113.1,Agmarknet / e-NAM (synthetic)
MP001152,CROP009,Green Gram (Moong),Tamil Nadu,Thanjavur,Thanjavur Mandi,2026-08-15,2772.0,3254.0,3013.0,Quintal,74.0,Agmarknet / e-NAM (synthetic)
MP001153,CROP010,Black Gram (Urad),Madhya Pradesh,Ujjain,Ujjain Mandi,2024-01-15,2485.0,2917.0,2701.0,Quintal,62.3,Agmarknet / e-NAM (synthetic)
MP001154,CROP010,Black Gram (Urad),Madhya Pradesh,Ujjain,Ujjain Mandi,2024-02-15,2547.0,2991.0,2769.0,Quintal,141.6,Agmarknet / e-NAM (synthetic)
MP001155,CROP010,Black Gram (Urad),Madhya Pradesh,Ujjain,Ujjain Mandi,2024-03-15,2662.0,3124.0,2893.0,Quintal,115.1,Agmarknet / e-NAM (synthetic)
MP001156,CROP010,Black Gram (Urad),Madhya Pradesh,Ujjain,Ujjain Mandi,2024-04-15,2633.0,3091.0,2862.0,Quintal,55.9,Agmarknet / e-NAM (synthetic)
MP001157,CROP010,Black Gram (Urad),Madhya Pradesh,Ujjain,Ujjain Mandi,2024-05-15,2708.0,3180.0,2944.0,Quintal,214.8,Agmarknet / e-NAM (synthetic)
MP001158,CROP010,Black Gram (Urad),Madhya Pradesh,Ujjain,Ujjain Mandi,2024-06-15,2268.0,2662.0,2465.0,Quintal,38.8,Agmarknet / e-NAM (synthetic)
MP001159,CROP010,Black Gram (Urad),Madhya Pradesh,Ujjain,Ujjain Mandi,2024-07-15,2249.0,2641.0,2445.0,Quintal,141.8,Agmarknet / e-NAM (synthetic)
MP001160,CROP010,Black Gram (Urad),Madhya Pradesh,Ujjain,Ujjain Mandi,2024-08-15,1801.0,2115.0,1958.0,Quintal,142.2,Agmarknet / e-NAM (synthetic)
MP001161,CROP010,Black Gram (Urad),Madhya Pradesh,Ujjain,Ujjain Mandi,2024-09-15,1992.0,2338.0,2165.0,Quintal,238.2,Agmarknet / e-NAM (synthetic)
MP001162,CROP010,Black Gram (Urad),Madhya Pradesh,Ujjain,Ujjain Mandi,2024-10-15,2102.0,2468.0,2285.0,Quintal,73.6,Agmarknet / e-NAM (synthetic)
MP001163,CROP010,Black Gram (Urad),Madhya Pradesh,Ujjain,Ujjain Mandi,2024-11-15,2169.0,2547.0,2358.0,Quintal,103.0,Agmarknet / e-NAM (synthetic)
MP001164,CROP010,Black Gram (Urad),Madhya Pradesh,Ujjain,Ujjain Mandi,2024-12-15,2390.0,2806.0,2598.0,Quintal,59.5,Agmarknet / e-NAM (synthetic)
MP001165,CROP010,Black Gram (Urad),Madhya Pradesh,Ujjain,Ujjain Mandi,2025-01-15,2554.0,2998.0,2776.0,Quintal,119.0,Agmarknet / e-NAM (synthetic)
MP001166,CROP010,Black Gram (Urad),Madhya Pradesh,Ujjain,Ujjain Mandi,2025-02-15,2749.0,3227.0,2988.0,Quintal,85.0,Agmarknet / e-NAM (synthetic)
MP001167,CROP010,Black Gram (Urad),Madhya Pradesh,Ujjain,Ujjain Mandi,2025-03-15,2801.0,3289.0,3045.0,Quintal,207.4,Agmarknet / e-NAM (synthetic)
MP001168,CROP010,Black Gram (Urad),Madhya Pradesh,Ujjain,Ujjain Mandi,2025-04-15,2407.0,2825.0,2616.0,Quintal,151.1,Agmarknet / e-NAM (synthetic)
MP001169,CROP010,Black Gram (Urad),Madhya Pradesh,Ujjain,Ujjain Mandi,2025-05-15,2653.0,3115.0,2884.0,Quintal,85.2,Agmarknet / e-NAM (synthetic)
MP001170,CROP010,Black Gram (Urad),Madhya Pradesh,Ujjain,Ujjain Mandi,2025-06-15,2604.0,3056.0,2830.0,Quintal,65.8,Agmarknet / e-NAM (synthetic)
MP001171,CROP010,Black Gram (Urad),Madhya Pradesh,Ujjain,Ujjain Mandi,2025-07-15,2103.0,2469.0,2286.0,Quintal,44.4,Agmarknet / e-NAM (synthetic)
MP001172,CROP010,Black Gram (Urad),Madhya Pradesh,Ujjain,Ujjain Mandi,2025-08-15,2396.0,2812.0,2604.0,Quintal,51.7,Agmarknet / e-NAM (synthetic)
MP001173,CROP010,Black Gram (Urad),Madhya Pradesh,Ujjain,Ujjain Mandi,2025-09-15,2082.0,2444.0,2263.0,Quintal,51.8,Agmarknet / e-NAM (synthetic)
MP001174,CROP010,Black Gram (Urad),Madhya Pradesh,Ujjain,Ujjain Mandi,2025-10-15,2486.0,2918.0,2702.0,Quintal,123.3,Agmarknet / e-NAM (synthetic)
MP001175,CROP010,Black Gram (Urad),Madhya Pradesh,Ujjain,Ujjain Mandi,2025-11-15,2383.0,2797.0,2590.0,Quintal,31.1,Agmarknet / e-NAM (synthetic)
MP001176,CROP010,Black Gram (Urad),Madhya Pradesh,Ujjain,Ujjain Mandi,2025-12-15,2520.0,2958.0,2739.0,Quintal,227.3,Agmarknet / e-NAM (synthetic)
MP001177,CROP010,Black Gram (Urad),Madhya Pradesh,Ujjain,Ujjain Mandi,2026-01-15,2634.0,3092.0,2863.0,Quintal,83.6,Agmarknet / e-NAM (synthetic)
MP001178,CROP010,Black Gram (Urad),Madhya Pradesh,Ujjain,Ujjain Mandi,2026-02-15,2738.0,3214.0,2976.0,Quintal,136.5,Agmarknet / e-NAM (synthetic)
MP001179,CROP010,Black Gram (Urad),Madhya Pradesh,Ujjain,Ujjain Mandi,2026-03-15,2729.0,3203.0,2966.0,Quintal,34.9,Agmarknet / e-NAM (synthetic)
MP001180,CROP010,Black Gram (Urad),Madhya Pradesh,Ujjain,Ujjain Mandi,2026-04-15,3002.0,3524.0,3263.0,Quintal,152.2,Agmarknet / e-NAM (synthetic)
MP001181,CROP010,Black Gram (Urad),Madhya Pradesh,Ujjain,Ujjain Mandi,2026-05-15,2887.0,3389.0,3138.0,Quintal,126.3,Agmarknet / e-NAM (synthetic)
MP001182,CROP010,Black Gram (Urad),Madhya Pradesh,Ujjain,Ujjain Mandi,2026-06-15,2490.0,2924.0,2707.0,Quintal,76.7,Agmarknet / e-NAM (synthetic)
MP001183,CROP010,Black Gram (Urad),Madhya Pradesh,Ujjain,Ujjain Mandi,2026-07-15,2393.0,2809.0,2601.0,Quintal,150.9,Agmarknet / e-NAM (synthetic)
MP001184,CROP010,Black Gram (Urad),Madhya Pradesh,Ujjain,Ujjain Mandi,2026-08-15,2357.0,2767.0,2562.0,Quintal,42.4,Agmarknet / e-NAM (synthetic)
MP001185,CROP010,Black Gram (Urad),Haryana,Hisar,Hisar Mandi,2024-01-15,2754.0,3234.0,2994.0,Quintal,79.8,Agmarknet / e-NAM (synthetic)
MP001186,CROP010,Black Gram (Urad),Haryana,Hisar,Hisar Mandi,2024-02-15,2574.0,3022.0,2798.0,Quintal,130.3,Agmarknet / e-NAM (synthetic)
MP001187,CROP010,Black Gram (Urad),Haryana,Hisar,Hisar Mandi,2024-03-15,2493.0,2927.0,2710.0,Quintal,269.0,Agmarknet / e-NAM (synthetic)
MP001188,CROP010,Black Gram (Urad),Haryana,Hisar,Hisar Mandi,2024-04-15,2568.0,3014.0,2791.0,Quintal,32.8,Agmarknet / e-NAM (synthetic)
MP001189,CROP010,Black Gram (Urad),Haryana,Hisar,Hisar Mandi,2024-05-15,2539.0,2981.0,2760.0,Quintal,185.0,Agmarknet / e-NAM (synthetic)
MP001190,CROP010,Black Gram (Urad),Haryana,Hisar,Hisar Mandi,2024-06-15,2535.0,2975.0,2755.0,Quintal,106.3,Agmarknet / e-NAM (synthetic)
MP001191,CROP010,Black Gram (Urad),Haryana,Hisar,Hisar Mandi,2024-07-15,2307.0,2709.0,2508.0,Quintal,163.3,Agmarknet / e-NAM (synthetic)
MP001192,CROP010,Black Gram (Urad),Haryana,Hisar,Hisar Mandi,2024-08-15,2068.0,2428.0,2248.0,Quintal,109.3,Agmarknet / e-NAM (synthetic)
MP001193,CROP010,Black Gram (Urad),Haryana,Hisar,Hisar Mandi,2024-09-15,1963.0,2305.0,2134.0,Quintal,76.7,Agmarknet / e-NAM (synthetic)
MP001194,CROP010,Black Gram (Urad),Haryana,Hisar,Hisar Mandi,2024-10-15,2141.0,2513.0,2327.0,Quintal,101.5,Agmarknet / e-NAM (synthetic)
MP001195,CROP010,Black Gram (Urad),Haryana,Hisar,Hisar Mandi,2024-11-15,2265.0,2659.0,2462.0,Quintal,44.6,Agmarknet / e-NAM (synthetic)
MP001196,CROP010,Black Gram (Urad),Haryana,Hisar,Hisar Mandi,2024-12-15,2352.0,2762.0,2557.0,Quintal,168.6,Agmarknet / e-NAM (synthetic)
MP001197,CROP010,Black Gram (Urad),Haryana,Hisar,Hisar Mandi,2025-01-15,2558.0,3002.0,2780.0,Quintal,75.0,Agmarknet / e-NAM (synthetic)
MP001198,CROP010,Black Gram (Urad),Haryana,Hisar,Hisar Mandi,2025-02-15,2716.0,3188.0,2952.0,Quintal,69.0,Agmarknet / e-NAM (synthetic)
MP001199,CROP010,Black Gram (Urad),Haryana,Hisar,Hisar Mandi,2025-03-15,2764.0,3244.0,3004.0,Quintal,106.5,Agmarknet / e-NAM (synthetic)
MP001200,CROP010,Black Gram (Urad),Haryana,Hisar,Hisar Mandi,2025-04-15,2851.0,3347.0,3099.0,Quintal,233.1,Agmarknet / e-NAM (synthetic)
MP001201,CROP010,Black Gram (Urad),Haryana,Hisar,Hisar Mandi,2025-05-15,2675.0,3141.0,2908.0,Quintal,35.7,Agmarknet / e-NAM (synthetic)
MP001202,CROP010,Black Gram (Urad),Haryana,Hisar,Hisar Mandi,2025-06-15,2184.0,2564.0,2374.0,Quintal,267.2,Agmarknet / e-NAM (synthetic)
MP001203,CROP010,Black Gram (Urad),Haryana,Hisar,Hisar Mandi,2025-07-15,2121.0,2489.0,2305.0,Quintal,22.6,Agmarknet / e-NAM (synthetic)
MP001204,CROP010,Black Gram (Urad),Haryana,Hisar,Hisar Mandi,2025-08-15,2341.0,2749.0,2545.0,Quintal,247.8,Agmarknet / e-NAM (synthetic)
MP001205,CROP010,Black Gram (Urad),Haryana,Hisar,Hisar Mandi,2025-09-15,2248.0,2638.0,2443.0,Quintal,76.7,Agmarknet / e-NAM (synthetic)
MP001206,CROP010,Black Gram (Urad),Haryana,Hisar,Hisar Mandi,2025-10-15,2390.0,2806.0,2598.0,Quintal,131.1,Agmarknet / e-NAM (synthetic)
MP001207,CROP010,Black Gram (Urad),Haryana,Hisar,Hisar Mandi,2025-11-15,2173.0,2551.0,2362.0,Quintal,159.6,Agmarknet / e-NAM (synthetic)
MP001208,CROP010,Black Gram (Urad),Haryana,Hisar,Hisar Mandi,2025-12-15,2528.0,2968.0,2748.0,Quintal,102.4,Agmarknet / e-NAM (synthetic)
MP001209,CROP010,Black Gram (Urad),Haryana,Hisar,Hisar Mandi,2026-01-15,2645.0,3105.0,2875.0,Quintal,38.4,Agmarknet / e-NAM (synthetic)
MP001210,CROP010,Black Gram (Urad),Haryana,Hisar,Hisar Mandi,2026-02-15,2885.0,3387.0,3136.0,Quintal,206.9,Agmarknet / e-NAM (synthetic)
MP001211,CROP010,Black Gram (Urad),Haryana,Hisar,Hisar Mandi,2026-03-15,3015.0,3539.0,3277.0,Quintal,172.0,Agmarknet / e-NAM (synthetic)
MP001212,CROP010,Black Gram (Urad),Haryana,Hisar,Hisar Mandi,2026-04-15,2817.0,3307.0,3062.0,Quintal,241.0,Agmarknet / e-NAM (synthetic)
MP001213,CROP010,Black Gram (Urad),Haryana,Hisar,Hisar Mandi,2026-05-15,2685.0,3153.0,2919.0,Quintal,460.5,Agmarknet / e-NAM (synthetic)
MP001214,CROP010,Black Gram (Urad),Haryana,Hisar,Hisar Mandi,2026-06-15,2557.0,3001.0,2779.0,Quintal,89.5,Agmarknet / e-NAM (synthetic)
MP001215,CROP010,Black Gram (Urad),Haryana,Hisar,Hisar Mandi,2026-07-15,2494.0,2928.0,2711.0,Quintal,122.0,Agmarknet / e-NAM (synthetic)
MP001216,CROP010,Black Gram (Urad),Haryana,Hisar,Hisar Mandi,2026-08-15,2294.0,2694.0,2494.0,Quintal,128.0,Agmarknet / e-NAM (synthetic)
MP001217,CROP010,Black Gram (Urad),Bihar,Patna,Patna Mandi,2024-01-15,2636.0,3094.0,2865.0,Quintal,91.5,Agmarknet / e-NAM (synthetic)
MP001218,CROP010,Black Gram (Urad),Bihar,Patna,Patna Mandi,2024-02-15,2682.0,3148.0,2915.0,Quintal,278.4,Agmarknet / e-NAM (synthetic)
MP001219,CROP010,Black Gram (Urad),Bihar,Patna,Patna Mandi,2024-03-15,2713.0,3185.0,2949.0,Quintal,145.2,Agmarknet / e-NAM (synthetic)
MP001220,CROP010,Black Gram (Urad),Bihar,Patna,Patna Mandi,2024-04-15,2831.0,3323.0,3077.0,Quintal,60.4,Agmarknet / e-NAM (synthetic)
MP001221,CROP010,Black Gram (Urad),Bihar,Patna,Patna Mandi,2024-05-15,2685.0,3151.0,2918.0,Quintal,101.4,Agmarknet / e-NAM (synthetic)
MP001222,CROP010,Black Gram (Urad),Bihar,Patna,Patna Mandi,2024-06-15,2312.0,2714.0,2513.0,Quintal,115.1,Agmarknet / e-NAM (synthetic)
MP001223,CROP010,Black Gram (Urad),Bihar,Patna,Patna Mandi,2024-07-15,2082.0,2444.0,2263.0,Quintal,89.3,Agmarknet / e-NAM (synthetic)
MP001224,CROP010,Black Gram (Urad),Bihar,Patna,Patna Mandi,2024-08-15,2157.0,2533.0,2345.0,Quintal,72.4,Agmarknet / e-NAM (synthetic)
MP001225,CROP010,Black Gram (Urad),Bihar,Patna,Patna Mandi,2024-09-15,2276.0,2672.0,2474.0,Quintal,235.1,Agmarknet / e-NAM (synthetic)
MP001226,CROP010,Black Gram (Urad),Bihar,Patna,Patna Mandi,2024-10-15,2293.0,2691.0,2492.0,Quintal,37.0,Agmarknet / e-NAM (synthetic)
MP001227,CROP010,Black Gram (Urad),Bihar,Patna,Patna Mandi,2024-11-15,2195.0,2577.0,2386.0,Quintal,186.6,Agmarknet / e-NAM (synthetic)
MP001228,CROP010,Black Gram (Urad),Bihar,Patna,Patna Mandi,2024-12-15,2304.0,2704.0,2504.0,Quintal,107.9,Agmarknet / e-NAM (synthetic)
MP001229,CROP010,Black Gram (Urad),Bihar,Patna,Patna Mandi,2025-01-15,2656.0,3118.0,2887.0,Quintal,431.6,Agmarknet / e-NAM (synthetic)
MP001230,CROP010,Black Gram (Urad),Bihar,Patna,Patna Mandi,2025-02-15,2641.0,3101.0,2871.0,Quintal,78.3,Agmarknet / e-NAM (synthetic)
MP001231,CROP010,Black Gram (Urad),Bihar,Patna,Patna Mandi,2025-03-15,2984.0,3502.0,3243.0,Quintal,121.5,Agmarknet / e-NAM (synthetic)
MP001232,CROP010,Black Gram (Urad),Bihar,Patna,Patna Mandi,2025-04-15,2772.0,3254.0,3013.0,Quintal,150.3,Agmarknet / e-NAM (synthetic)
MP001233,CROP010,Black Gram (Urad),Bihar,Patna,Patna Mandi,2025-05-15,2645.0,3105.0,2875.0,Quintal,46.7,Agmarknet / e-NAM (synthetic)
MP001234,CROP010,Black Gram (Urad),Bihar,Patna,Patna Mandi,2025-06-15,2541.0,2983.0,2762.0,Quintal,152.5,Agmarknet / e-NAM (synthetic)
MP001235,CROP010,Black Gram (Urad),Bihar,Patna,Patna Mandi,2025-07-15,2226.0,2614.0,2420.0,Quintal,75.9,Agmarknet / e-NAM (synthetic)
MP001236,CROP010,Black Gram (Urad),Bihar,Patna,Patna Mandi,2025-08-15,2130.0,2500.0,2315.0,Quintal,49.3,Agmarknet / e-NAM (synthetic)
MP001237,CROP010,Black Gram (Urad),Bihar,Patna,Patna Mandi,2025-09-15,2043.0,2399.0,2221.0,Quintal,48.5,Agmarknet / e-NAM (synthetic)
MP001238,CROP010,Black Gram (Urad),Bihar,Patna,Patna Mandi,2025-10-15,2186.0,2566.0,2376.0,Quintal,52.2,Agmarknet / e-NAM (synthetic)
MP001239,CROP010,Black Gram (Urad),Bihar,Patna,Patna Mandi,2025-11-15,2367.0,2779.0,2573.0,Quintal,133.5,Agmarknet / e-NAM (synthetic)
MP001240,CROP010,Black Gram (Urad),Bihar,Patna,Patna Mandi,2025-12-15,2429.0,2851.0,2640.0,Quintal,176.0,Agmarknet / e-NAM (synthetic)
MP001241,CROP010,Black Gram (Urad),Bihar,Patna,Patna Mandi,2026-01-15,2849.0,3345.0,3097.0,Quintal,104.8,Agmarknet / e-NAM (synthetic)
MP001242,CROP010,Black Gram (Urad),Bihar,Patna,Patna Mandi,2026-02-15,2913.0,3419.0,3166.0,Quintal,34.2,Agmarknet / e-NAM (synthetic)
MP001243,CROP010,Black Gram (Urad),Bihar,Patna,Patna Mandi,2026-03-15,2959.0,3473.0,3216.0,Quintal,83.0,Agmarknet / e-NAM (synthetic)
MP001244,CROP010,Black Gram (Urad),Bihar,Patna,Patna Mandi,2026-04-15,2833.0,3325.0,3079.0,Quintal,148.7,Agmarknet / e-NAM (synthetic)
MP001245,CROP010,Black Gram (Urad),Bihar,Patna,Patna Mandi,2026-05-15,2748.0,3226.0,2987.0,Quintal,38.2,Agmarknet / e-NAM (synthetic)
MP001246,CROP010,Black Gram (Urad),Bihar,Patna,Patna Mandi,2026-06-15,2507.0,2943.0,2725.0,Quintal,55.4,Agmarknet / e-NAM (synthetic)
MP001247,CROP010,Black Gram (Urad),Bihar,Patna,Patna Mandi,2026-07-15,2559.0,3003.0,2781.0,Quintal,52.4,Agmarknet / e-NAM (synthetic)
MP001248,CROP010,Black Gram (Urad),Bihar,Patna,Patna Mandi,2026-08-15,2477.0,2907.0,2692.0,Quintal,100.6,Agmarknet / e-NAM (synthetic)
MP001249,CROP010,Black Gram (Urad),Maharashtra,Pune,Pune Mandi,2024-01-15,2555.0,2999.0,2777.0,Quintal,78.9,Agmarknet / e-NAM (synthetic)
MP001250,CROP010,Black Gram (Urad),Maharashtra,Pune,Pune Mandi,2024-02-15,2697.0,3167.0,2932.0,Quintal,70.0,Agmarknet / e-NAM (synthetic)
MP001251,CROP010,Black Gram (Urad),Maharashtra,Pune,Pune Mandi,2024-03-15,2725.0,3199.0,2962.0,Quintal,72.7,Agmarknet / e-NAM (synthetic)
MP001252,CROP010,Black Gram (Urad),Maharashtra,Pune,Pune Mandi,2024-04-15,2455.0,2883.0,2669.0,Quintal,121.4,Agmarknet / e-NAM (synthetic)
MP001253,CROP010,Black Gram (Urad),Maharashtra,Pune,Pune Mandi,2024-05-15,2625.0,3081.0,2853.0,Quintal,171.3,Agmarknet / e-NAM (synthetic)
MP001254,CROP010,Black Gram (Urad),Maharashtra,Pune,Pune Mandi,2024-06-15,2415.0,2835.0,2625.0,Quintal,69.1,Agmarknet / e-NAM (synthetic)
MP001255,CROP010,Black Gram (Urad),Maharashtra,Pune,Pune Mandi,2024-07-15,2066.0,2426.0,2246.0,Quintal,110.8,Agmarknet / e-NAM (synthetic)
MP001256,CROP010,Black Gram (Urad),Maharashtra,Pune,Pune Mandi,2024-08-15,2027.0,2379.0,2203.0,Quintal,173.8,Agmarknet / e-NAM (synthetic)
MP001257,CROP010,Black Gram (Urad),Maharashtra,Pune,Pune Mandi,2024-09-15,2310.0,2712.0,2511.0,Quintal,159.4,Agmarknet / e-NAM (synthetic)
MP001258,CROP010,Black Gram (Urad),Maharashtra,Pune,Pune Mandi,2024-10-15,2043.0,2399.0,2221.0,Quintal,118.9,Agmarknet / e-NAM (synthetic)
MP001259,CROP010,Black Gram (Urad),Maharashtra,Pune,Pune Mandi,2024-11-15,2163.0,2539.0,2351.0,Quintal,180.2,Agmarknet / e-NAM (synthetic)
MP001260,CROP010,Black Gram (Urad),Maharashtra,Pune,Pune Mandi,2024-12-15,2424.0,2846.0,2635.0,Quintal,33.3,Agmarknet / e-NAM (synthetic)
MP001261,CROP010,Black Gram (Urad),Maharashtra,Pune,Pune Mandi,2025-01-15,2582.0,3032.0,2807.0,Quintal,116.5,Agmarknet / e-NAM (synthetic)
MP001262,CROP010,Black Gram (Urad),Maharashtra,Pune,Pune Mandi,2025-02-15,2972.0,3488.0,3230.0,Quintal,107.4,Agmarknet / e-NAM (synthetic)
MP001263,CROP010,Black Gram (Urad),Maharashtra,Pune,Pune Mandi,2025-03-15,2582.0,3032.0,2807.0,Quintal,125.1,Agmarknet / e-NAM (synthetic)
MP001264,CROP010,Black Gram (Urad),Maharashtra,Pune,Pune Mandi,2025-04-15,2686.0,3154.0,2920.0,Quintal,89.4,Agmarknet / e-NAM (synthetic)
MP001265,CROP010,Black Gram (Urad),Maharashtra,Pune,Pune Mandi,2025-05-15,2502.0,2938.0,2720.0,Quintal,180.5,Agmarknet / e-NAM (synthetic)
MP001266,CROP010,Black Gram (Urad),Maharashtra,Pune,Pune Mandi,2025-06-15,2487.0,2919.0,2703.0,Quintal,73.2,Agmarknet / e-NAM (synthetic)
MP001267,CROP010,Black Gram (Urad),Maharashtra,Pune,Pune Mandi,2025-07-15,2328.0,2732.0,2530.0,Quintal,117.0,Agmarknet / e-NAM (synthetic)
MP001268,CROP010,Black Gram (Urad),Maharashtra,Pune,Pune Mandi,2025-08-15,2087.0,2449.0,2268.0,Quintal,176.4,Agmarknet / e-NAM (synthetic)
MP001269,CROP010,Black Gram (Urad),Maharashtra,Pune,Pune Mandi,2025-09-15,2016.0,2366.0,2191.0,Quintal,89.3,Agmarknet / e-NAM (synthetic)
MP001270,CROP010,Black Gram (Urad),Maharashtra,Pune,Pune Mandi,2025-10-15,2162.0,2538.0,2350.0,Quintal,117.8,Agmarknet / e-NAM (synthetic)
MP001271,CROP010,Black Gram (Urad),Maharashtra,Pune,Pune Mandi,2025-11-15,2115.0,2483.0,2299.0,Quintal,57.2,Agmarknet / e-NAM (synthetic)
MP001272,CROP010,Black Gram (Urad),Maharashtra,Pune,Pune Mandi,2025-12-15,2436.0,2860.0,2648.0,Quintal,208.3,Agmarknet / e-NAM (synthetic)
MP001273,CROP010,Black Gram (Urad),Maharashtra,Pune,Pune Mandi,2026-01-15,2829.0,3321.0,3075.0,Quintal,167.4,Agmarknet / e-NAM (synthetic)
MP001274,CROP010,Black Gram (Urad),Maharashtra,Pune,Pune Mandi,2026-02-15,2841.0,3335.0,3088.0,Quintal,286.8,Agmarknet / e-NAM (synthetic)
MP001275,CROP010,Black Gram (Urad),Maharashtra,Pune,Pune Mandi,2026-03-15,2634.0,3092.0,2863.0,Quintal,62.0,Agmarknet / e-NAM (synthetic)
MP001276,CROP010,Black Gram (Urad),Maharashtra,Pune,Pune Mandi,2026-04-15,2865.0,3363.0,3114.0,Quintal,155.9,Agmarknet / e-NAM (synthetic)
MP001277,CROP010,Black Gram (Urad),Maharashtra,Pune,Pune Mandi,2026-05-15,2786.0,3270.0,3028.0,Quintal,82.7,Agmarknet / e-NAM (synthetic)
MP001278,CROP010,Black Gram (Urad),Maharashtra,Pune,Pune Mandi,2026-06-15,2700.0,3170.0,2935.0,Quintal,39.6,Agmarknet / e-NAM (synthetic)
MP001279,CROP010,Black Gram (Urad),Maharashtra,Pune,Pune Mandi,2026-07-15,2207.0,2591.0,2399.0,Quintal,169.9,Agmarknet / e-NAM (synthetic)
MP001280,CROP010,Black Gram (Urad),Maharashtra,Pune,Pune Mandi,2026-08-15,2161.0,2537.0,2349.0,Quintal,143.5,Agmarknet / e-NAM (synthetic)
MP001281,CROP011,Soybean,Maharashtra,Nashik,Nashik Mandi,2024-01-15,4867.0,5713.0,5290.0,Quintal,80.2,Agmarknet / e-NAM (synthetic)
MP001282,CROP011,Soybean,Maharashtra,Nashik,Nashik Mandi,2024-02-15,5206.0,6112.0,5659.0,Quintal,161.8,Agmarknet / e-NAM (synthetic)
MP001283,CROP011,Soybean,Maharashtra,Nashik,Nashik Mandi,2024-03-15,4970.0,5834.0,5402.0,Quintal,155.9,Agmarknet / e-NAM (synthetic)
MP001284,CROP011,Soybean,Maharashtra,Nashik,Nashik Mandi,2024-04-15,5156.0,6052.0,5604.0,Quintal,112.9,Agmarknet / e-NAM (synthetic)
MP001285,CROP011,Soybean,Maharashtra,Nashik,Nashik Mandi,2024-05-15,4705.0,5523.0,5114.0,Quintal,72.7,Agmarknet / e-NAM (synthetic)
MP001286,CROP011,Soybean,Maharashtra,Nashik,Nashik Mandi,2024-06-15,5001.0,5871.0,5436.0,Quintal,138.2,Agmarknet / e-NAM (synthetic)
MP001287,CROP011,Soybean,Maharashtra,Nashik,Nashik Mandi,2024-07-15,4216.0,4950.0,4583.0,Quintal,140.1,Agmarknet / e-NAM (synthetic)
MP001288,CROP011,Soybean,Maharashtra,Nashik,Nashik Mandi,2024-08-15,3860.0,4532.0,4196.0,Quintal,94.9,Agmarknet / e-NAM (synthetic)
MP001289,CROP011,Soybean,Maharashtra,Nashik,Nashik Mandi,2024-09-15,3995.0,4689.0,4342.0,Quintal,133.0,Agmarknet / e-NAM (synthetic)
MP001290,CROP011,Soybean,Maharashtra,Nashik,Nashik Mandi,2024-10-15,4237.0,4973.0,4605.0,Quintal,77.9,Agmarknet / e-NAM (synthetic)
MP001291,CROP011,Soybean,Maharashtra,Nashik,Nashik Mandi,2024-11-15,3799.0,4459.0,4129.0,Quintal,124.3,Agmarknet / e-NAM (synthetic)
MP001292,CROP011,Soybean,Maharashtra,Nashik,Nashik Mandi,2024-12-15,5017.0,5889.0,5453.0,Quintal,60.3,Agmarknet / e-NAM (synthetic)
MP001293,CROP011,Soybean,Maharashtra,Nashik,Nashik Mandi,2025-01-15,5192.0,6094.0,5643.0,Quintal,238.5,Agmarknet / e-NAM (synthetic)
MP001294,CROP011,Soybean,Maharashtra,Nashik,Nashik Mandi,2025-02-15,5316.0,6240.0,5778.0,Quintal,81.8,Agmarknet / e-NAM (synthetic)
MP001295,CROP011,Soybean,Maharashtra,Nashik,Nashik Mandi,2025-03-15,5583.0,6553.0,6068.0,Quintal,99.4,Agmarknet / e-NAM (synthetic)
MP001296,CROP011,Soybean,Maharashtra,Nashik,Nashik Mandi,2025-04-15,5305.0,6227.0,5766.0,Quintal,184.8,Agmarknet / e-NAM (synthetic)
MP001297,CROP011,Soybean,Maharashtra,Nashik,Nashik Mandi,2025-05-15,5319.0,6243.0,5781.0,Quintal,62.4,Agmarknet / e-NAM (synthetic)
MP001298,CROP011,Soybean,Maharashtra,Nashik,Nashik Mandi,2025-06-15,4294.0,5040.0,4667.0,Quintal,102.0,Agmarknet / e-NAM (synthetic)
MP001299,CROP011,Soybean,Maharashtra,Nashik,Nashik Mandi,2025-07-15,4578.0,5374.0,4976.0,Quintal,72.3,Agmarknet / e-NAM (synthetic)
MP001300,CROP011,Soybean,Maharashtra,Nashik,Nashik Mandi,2025-08-15,4164.0,4888.0,4526.0,Quintal,202.2,Agmarknet / e-NAM (synthetic)
MP001301,CROP011,Soybean,Maharashtra,Nashik,Nashik Mandi,2025-09-15,4456.0,5230.0,4843.0,Quintal,110.9,Agmarknet / e-NAM (synthetic)
MP001302,CROP011,Soybean,Maharashtra,Nashik,Nashik Mandi,2025-10-15,4383.0,5145.0,4764.0,Quintal,136.5,Agmarknet / e-NAM (synthetic)
MP001303,CROP011,Soybean,Maharashtra,Nashik,Nashik Mandi,2025-11-15,4427.0,5197.0,4812.0,Quintal,173.8,Agmarknet / e-NAM (synthetic)
MP001304,CROP011,Soybean,Maharashtra,Nashik,Nashik Mandi,2025-12-15,5180.0,6080.0,5630.0,Quintal,211.3,Agmarknet / e-NAM (synthetic)
MP001305,CROP011,Soybean,Maharashtra,Nashik,Nashik Mandi,2026-01-15,5394.0,6332.0,5863.0,Quintal,65.3,Agmarknet / e-NAM (synthetic)
MP001306,CROP011,Soybean,Maharashtra,Nashik,Nashik Mandi,2026-02-15,5119.0,6009.0,5564.0,Quintal,137.0,Agmarknet / e-NAM (synthetic)
MP001307,CROP011,Soybean,Maharashtra,Nashik,Nashik Mandi,2026-03-15,6360.0,7466.0,6913.0,Quintal,78.2,Agmarknet / e-NAM (synthetic)
MP001308,CROP011,Soybean,Maharashtra,Nashik,Nashik Mandi,2026-04-15,5790.0,6796.0,6293.0,Quintal,87.1,Agmarknet / e-NAM (synthetic)
MP001309,CROP011,Soybean,Maharashtra,Nashik,Nashik Mandi,2026-05-15,5673.0,6659.0,6166.0,Quintal,103.9,Agmarknet / e-NAM (synthetic)
MP001310,CROP011,Soybean,Maharashtra,Nashik,Nashik Mandi,2026-06-15,5404.0,6344.0,5874.0,Quintal,75.7,Agmarknet / e-NAM (synthetic)
MP001311,CROP011,Soybean,Maharashtra,Nashik,Nashik Mandi,2026-07-15,4656.0,5466.0,5061.0,Quintal,170.5,Agmarknet / e-NAM (synthetic)
MP001312,CROP011,Soybean,Maharashtra,Nashik,Nashik Mandi,2026-08-15,4387.0,5151.0,4769.0,Quintal,43.7,Agmarknet / e-NAM (synthetic)
MP001313,CROP011,Soybean,Uttar Pradesh,Lucknow,Lucknow Mandi,2024-01-15,4870.0,5716.0,5293.0,Quintal,110.9,Agmarknet / e-NAM (synthetic)
MP001314,CROP011,Soybean,Uttar Pradesh,Lucknow,Lucknow Mandi,2024-02-15,4855.0,5699.0,5277.0,Quintal,76.3,Agmarknet / e-NAM (synthetic)
MP001315,CROP011,Soybean,Uttar Pradesh,Lucknow,Lucknow Mandi,2024-03-15,4637.0,5443.0,5040.0,Quintal,216.3,Agmarknet / e-NAM (synthetic)
MP001316,CROP011,Soybean,Uttar Pradesh,Lucknow,Lucknow Mandi,2024-04-15,4784.0,5616.0,5200.0,Quintal,186.0,Agmarknet / e-NAM (synthetic)
MP001317,CROP011,Soybean,Uttar Pradesh,Lucknow,Lucknow Mandi,2024-05-15,5077.0,5961.0,5519.0,Quintal,124.8,Agmarknet / e-NAM (synthetic)
MP001318,CROP011,Soybean,Uttar Pradesh,Lucknow,Lucknow Mandi,2024-06-15,4544.0,5334.0,4939.0,Quintal,181.2,Agmarknet / e-NAM (synthetic)
MP001319,CROP011,Soybean,Uttar Pradesh,Lucknow,Lucknow Mandi,2024-07-15,3949.0,4635.0,4292.0,Quintal,69.9,Agmarknet / e-NAM (synthetic)
MP001320,CROP011,Soybean,Uttar Pradesh,Lucknow,Lucknow Mandi,2024-08-15,3929.0,4613.0,4271.0,Quintal,162.0,Agmarknet / e-NAM (synthetic)
MP001321,CROP011,Soybean,Uttar Pradesh,Lucknow,Lucknow Mandi,2024-09-15,3965.0,4655.0,4310.0,Quintal,137.7,Agmarknet / e-NAM (synthetic)
MP001322,CROP011,Soybean,Uttar Pradesh,Lucknow,Lucknow Mandi,2024-10-15,4203.0,4933.0,4568.0,Quintal,88.1,Agmarknet / e-NAM (synthetic)
MP001323,CROP011,Soybean,Uttar Pradesh,Lucknow,Lucknow Mandi,2024-11-15,4638.0,5444.0,5041.0,Quintal,315.8,Agmarknet / e-NAM (synthetic)
MP001324,CROP011,Soybean,Uttar Pradesh,Lucknow,Lucknow Mandi,2024-12-15,4438.0,5210.0,4824.0,Quintal,93.6,Agmarknet / e-NAM (synthetic)
MP001325,CROP011,Soybean,Uttar Pradesh,Lucknow,Lucknow Mandi,2025-01-15,5297.0,6219.0,5758.0,Quintal,116.0,Agmarknet / e-NAM (synthetic)
MP001326,CROP011,Soybean,Uttar Pradesh,Lucknow,Lucknow Mandi,2025-02-15,5214.0,6120.0,5667.0,Quintal,144.3,Agmarknet / e-NAM (synthetic)
MP001327,CROP011,Soybean,Uttar Pradesh,Lucknow,Lucknow Mandi,2025-03-15,5150.0,6046.0,5598.0,Quintal,149.9,Agmarknet / e-NAM (synthetic)
MP001328,CROP011,Soybean,Uttar Pradesh,Lucknow,Lucknow Mandi,2025-04-15,5562.0,6530.0,6046.0,Quintal,94.5,Agmarknet / e-NAM (synthetic)
MP001329,CROP011,Soybean,Uttar Pradesh,Lucknow,Lucknow Mandi,2025-05-15,4662.0,5472.0,5067.0,Quintal,74.7,Agmarknet / e-NAM (synthetic)
MP001330,CROP011,Soybean,Uttar Pradesh,Lucknow,Lucknow Mandi,2025-06-15,4890.0,5740.0,5315.0,Quintal,66.8,Agmarknet / e-NAM (synthetic)
MP001331,CROP011,Soybean,Uttar Pradesh,Lucknow,Lucknow Mandi,2025-07-15,4744.0,5568.0,5156.0,Quintal,112.0,Agmarknet / e-NAM (synthetic)
MP001332,CROP011,Soybean,Uttar Pradesh,Lucknow,Lucknow Mandi,2025-08-15,4133.0,4851.0,4492.0,Quintal,107.9,Agmarknet / e-NAM (synthetic)
MP001333,CROP011,Soybean,Uttar Pradesh,Lucknow,Lucknow Mandi,2025-09-15,4289.0,5035.0,4662.0,Quintal,159.9,Agmarknet / e-NAM (synthetic)
MP001334,CROP011,Soybean,Uttar Pradesh,Lucknow,Lucknow Mandi,2025-10-15,4468.0,5244.0,4856.0,Quintal,188.9,Agmarknet / e-NAM (synthetic)
MP001335,CROP011,Soybean,Uttar Pradesh,Lucknow,Lucknow Mandi,2025-11-15,4684.0,5498.0,5091.0,Quintal,71.8,Agmarknet / e-NAM (synthetic)
MP001336,CROP011,Soybean,Uttar Pradesh,Lucknow,Lucknow Mandi,2025-12-15,5070.0,5952.0,5511.0,Quintal,63.7,Agmarknet / e-NAM (synthetic)
MP001337,CROP011,Soybean,Uttar Pradesh,Lucknow,Lucknow Mandi,2026-01-15,5197.0,6101.0,5649.0,Quintal,144.4,Agmarknet / e-NAM (synthetic)
MP001338,CROP011,Soybean,Uttar Pradesh,Lucknow,Lucknow Mandi,2026-02-15,5403.0,6343.0,5873.0,Quintal,120.1,Agmarknet / e-NAM (synthetic)
MP001339,CROP011,Soybean,Uttar Pradesh,Lucknow,Lucknow Mandi,2026-03-15,5784.0,6790.0,6287.0,Quintal,49.1,Agmarknet / e-NAM (synthetic)
MP001340,CROP011,Soybean,Uttar Pradesh,Lucknow,Lucknow Mandi,2026-04-15,5585.0,6557.0,6071.0,Quintal,107.1,Agmarknet / e-NAM (synthetic)
MP001341,CROP011,Soybean,Uttar Pradesh,Lucknow,Lucknow Mandi,2026-05-15,5349.0,6279.0,5814.0,Quintal,120.8,Agmarknet / e-NAM (synthetic)
MP001342,CROP011,Soybean,Uttar Pradesh,Lucknow,Lucknow Mandi,2026-06-15,4926.0,5782.0,5354.0,Quintal,25.4,Agmarknet / e-NAM (synthetic)
MP001343,CROP011,Soybean,Uttar Pradesh,Lucknow,Lucknow Mandi,2026-07-15,4877.0,5725.0,5301.0,Quintal,224.6,Agmarknet / e-NAM (synthetic)
MP001344,CROP011,Soybean,Uttar Pradesh,Lucknow,Lucknow Mandi,2026-08-15,4765.0,5593.0,5179.0,Quintal,195.9,Agmarknet / e-NAM (synthetic)
MP001345,CROP011,Soybean,Gujarat,Rajkot,Rajkot Mandi,2024-01-15,5119.0,6009.0,5564.0,Quintal,26.2,Agmarknet / e-NAM (synthetic)
MP001346,CROP011,Soybean,Gujarat,Rajkot,Rajkot Mandi,2024-02-15,5071.0,5953.0,5512.0,Quintal,41.3,Agmarknet / e-NAM (synthetic)
MP001347,CROP011,Soybean,Gujarat,Rajkot,Rajkot Mandi,2024-03-15,4885.0,5735.0,5310.0,Quintal,69.4,Agmarknet / e-NAM (synthetic)
MP001348,CROP011,Soybean,Gujarat,Rajkot,Rajkot Mandi,2024-04-15,4868.0,5714.0,5291.0,Quintal,78.4,Agmarknet / e-NAM (synthetic)
MP001349,CROP011,Soybean,Gujarat,Rajkot,Rajkot Mandi,2024-05-15,4852.0,5696.0,5274.0,Quintal,53.7,Agmarknet / e-NAM (synthetic)
MP001350,CROP011,Soybean,Gujarat,Rajkot,Rajkot Mandi,2024-06-15,4638.0,5444.0,5041.0,Quintal,239.4,Agmarknet / e-NAM (synthetic)
MP001351,CROP011,Soybean,Gujarat,Rajkot,Rajkot Mandi,2024-07-15,4281.0,5025.0,4653.0,Quintal,44.4,Agmarknet / e-NAM (synthetic)
MP001352,CROP011,Soybean,Gujarat,Rajkot,Rajkot Mandi,2024-08-15,4376.0,5136.0,4756.0,Quintal,114.2,Agmarknet / e-NAM (synthetic)
MP001353,CROP011,Soybean,Gujarat,Rajkot,Rajkot Mandi,2024-09-15,3855.0,4525.0,4190.0,Quintal,40.3,Agmarknet / e-NAM (synthetic)
MP001354,CROP011,Soybean,Gujarat,Rajkot,Rajkot Mandi,2024-10-15,4285.0,5031.0,4658.0,Quintal,236.7,Agmarknet / e-NAM (synthetic)
MP001355,CROP011,Soybean,Gujarat,Rajkot,Rajkot Mandi,2024-11-15,4226.0,4960.0,4593.0,Quintal,50.5,Agmarknet / e-NAM (synthetic)
MP001356,CROP011,Soybean,Gujarat,Rajkot,Rajkot Mandi,2024-12-15,4404.0,5170.0,4787.0,Quintal,323.2,Agmarknet / e-NAM (synthetic)
MP001357,CROP011,Soybean,Gujarat,Rajkot,Rajkot Mandi,2025-01-15,5629.0,6607.0,6118.0,Quintal,107.1,Agmarknet / e-NAM (synthetic)
MP001358,CROP011,Soybean,Gujarat,Rajkot,Rajkot Mandi,2025-02-15,5255.0,6169.0,5712.0,Quintal,94.2,Agmarknet / e-NAM (synthetic)
MP001359,CROP011,Soybean,Gujarat,Rajkot,Rajkot Mandi,2025-03-15,5329.0,6255.0,5792.0,Quintal,110.7,Agmarknet / e-NAM (synthetic)
MP001360,CROP011,Soybean,Gujarat,Rajkot,Rajkot Mandi,2025-04-15,4893.0,5745.0,5319.0,Quintal,95.1,Agmarknet / e-NAM (synthetic)
MP001361,CROP011,Soybean,Gujarat,Rajkot,Rajkot Mandi,2025-05-15,5304.0,6226.0,5765.0,Quintal,127.8,Agmarknet / e-NAM (synthetic)
MP001362,CROP011,Soybean,Gujarat,Rajkot,Rajkot Mandi,2025-06-15,5070.0,5952.0,5511.0,Quintal,298.9,Agmarknet / e-NAM (synthetic)
MP001363,CROP011,Soybean,Gujarat,Rajkot,Rajkot Mandi,2025-07-15,4170.0,4896.0,4533.0,Quintal,91.5,Agmarknet / e-NAM (synthetic)
MP001364,CROP011,Soybean,Gujarat,Rajkot,Rajkot Mandi,2025-08-15,4056.0,4762.0,4409.0,Quintal,66.9,Agmarknet / e-NAM (synthetic)
MP001365,CROP011,Soybean,Gujarat,Rajkot,Rajkot Mandi,2025-09-15,4197.0,4927.0,4562.0,Quintal,63.4,Agmarknet / e-NAM (synthetic)
MP001366,CROP011,Soybean,Gujarat,Rajkot,Rajkot Mandi,2025-10-15,3970.0,4660.0,4315.0,Quintal,57.0,Agmarknet / e-NAM (synthetic)
MP001367,CROP011,Soybean,Gujarat,Rajkot,Rajkot Mandi,2025-11-15,4985.0,5851.0,5418.0,Quintal,122.1,Agmarknet / e-NAM (synthetic)
MP001368,CROP011,Soybean,Gujarat,Rajkot,Rajkot Mandi,2025-12-15,5382.0,6318.0,5850.0,Quintal,91.5,Agmarknet / e-NAM (synthetic)
MP001369,CROP011,Soybean,Gujarat,Rajkot,Rajkot Mandi,2026-01-15,5676.0,6664.0,6170.0,Quintal,225.5,Agmarknet / e-NAM (synthetic)
MP001370,CROP011,Soybean,Gujarat,Rajkot,Rajkot Mandi,2026-02-15,5544.0,6508.0,6026.0,Quintal,267.6,Agmarknet / e-NAM (synthetic)
MP001371,CROP011,Soybean,Gujarat,Rajkot,Rajkot Mandi,2026-03-15,5328.0,6254.0,5791.0,Quintal,91.7,Agmarknet / e-NAM (synthetic)
MP001372,CROP011,Soybean,Gujarat,Rajkot,Rajkot Mandi,2026-04-15,5238.0,6150.0,5694.0,Quintal,109.5,Agmarknet / e-NAM (synthetic)
MP001373,CROP011,Soybean,Gujarat,Rajkot,Rajkot Mandi,2026-05-15,5273.0,6189.0,5731.0,Quintal,65.9,Agmarknet / e-NAM (synthetic)
MP001374,CROP011,Soybean,Gujarat,Rajkot,Rajkot Mandi,2026-06-15,5281.0,6199.0,5740.0,Quintal,14.9,Agmarknet / e-NAM (synthetic)
MP001375,CROP011,Soybean,Gujarat,Rajkot,Rajkot Mandi,2026-07-15,4600.0,5400.0,5000.0,Quintal,60.2,Agmarknet / e-NAM (synthetic)
MP001376,CROP011,Soybean,Gujarat,Rajkot,Rajkot Mandi,2026-08-15,4113.0,4829.0,4471.0,Quintal,80.6,Agmarknet / e-NAM (synthetic)
MP001377,CROP011,Soybean,Bihar,Patna,Patna Mandi,2024-01-15,4911.0,5765.0,5338.0,Quintal,21.8,Agmarknet / e-NAM (synthetic)
MP001378,CROP011,Soybean,Bihar,Patna,Patna Mandi,2024-02-15,4944.0,5804.0,5374.0,Quintal,27.2,Agmarknet / e-NAM (synthetic)
MP001379,CROP011,Soybean,Bihar,Patna,Patna Mandi,2024-03-15,5146.0,6042.0,5594.0,Quintal,53.7,Agmarknet / e-NAM (synthetic)
MP001380,CROP011,Soybean,Bihar,Patna,Patna Mandi,2024-04-15,4772.0,5602.0,5187.0,Quintal,306.2,Agmarknet / e-NAM (synthetic)
MP001381,CROP011,Soybean,Bihar,Patna,Patna Mandi,2024-05-15,4997.0,5865.0,5431.0,Quintal,27.2,Agmarknet / e-NAM (synthetic)
MP001382,CROP011,Soybean,Bihar,Patna,Patna Mandi,2024-06-15,4643.0,5451.0,5047.0,Quintal,93.5,Agmarknet / e-NAM (synthetic)
MP001383,CROP011,Soybean,Bihar,Patna,Patna Mandi,2024-07-15,4016.0,4714.0,4365.0,Quintal,60.4,Agmarknet / e-NAM (synthetic)
MP001384,CROP011,Soybean,Bihar,Patna,Patna Mandi,2024-08-15,3841.0,4509.0,4175.0,Quintal,225.4,Agmarknet / e-NAM (synthetic)
MP001385,CROP011,Soybean,Bihar,Patna,Patna Mandi,2024-09-15,3862.0,4534.0,4198.0,Quintal,82.5,Agmarknet / e-NAM (synthetic)
MP001386,CROP011,Soybean,Bihar,Patna,Patna Mandi,2024-10-15,4326.0,5078.0,4702.0,Quintal,92.0,Agmarknet / e-NAM (synthetic)
MP001387,CROP011,Soybean,Bihar,Patna,Patna Mandi,2024-11-15,4504.0,5288.0,4896.0,Quintal,56.3,Agmarknet / e-NAM (synthetic)
MP001388,CROP011,Soybean,Bihar,Patna,Patna Mandi,2024-12-15,4389.0,5153.0,4771.0,Quintal,118.9,Agmarknet / e-NAM (synthetic)
MP001389,CROP011,Soybean,Bihar,Patna,Patna Mandi,2025-01-15,5207.0,6113.0,5660.0,Quintal,187.6,Agmarknet / e-NAM (synthetic)
MP001390,CROP011,Soybean,Bihar,Patna,Patna Mandi,2025-02-15,5457.0,6407.0,5932.0,Quintal,44.3,Agmarknet / e-NAM (synthetic)
MP001391,CROP011,Soybean,Bihar,Patna,Patna Mandi,2025-03-15,5411.0,6353.0,5882.0,Quintal,59.4,Agmarknet / e-NAM (synthetic)
MP001392,CROP011,Soybean,Bihar,Patna,Patna Mandi,2025-04-15,5132.0,6024.0,5578.0,Quintal,156.8,Agmarknet / e-NAM (synthetic)
MP001393,CROP011,Soybean,Bihar,Patna,Patna Mandi,2025-05-15,5089.0,5973.0,5531.0,Quintal,311.0,Agmarknet / e-NAM (synthetic)
MP001394,CROP011,Soybean,Bihar,Patna,Patna Mandi,2025-06-15,4676.0,5490.0,5083.0,Quintal,185.5,Agmarknet / e-NAM (synthetic)
MP001395,CROP011,Soybean,Bihar,Patna,Patna Mandi,2025-07-15,4675.0,5487.0,5081.0,Quintal,100.3,Agmarknet / e-NAM (synthetic)
MP001396,CROP011,Soybean,Bihar,Patna,Patna Mandi,2025-08-15,4244.0,4982.0,4613.0,Quintal,128.6,Agmarknet / e-NAM (synthetic)
MP001397,CROP011,Soybean,Bihar,Patna,Patna Mandi,2025-09-15,4196.0,4926.0,4561.0,Quintal,157.1,Agmarknet / e-NAM (synthetic)
MP001398,CROP011,Soybean,Bihar,Patna,Patna Mandi,2025-10-15,4280.0,5024.0,4652.0,Quintal,230.4,Agmarknet / e-NAM (synthetic)
MP001399,CROP011,Soybean,Bihar,Patna,Patna Mandi,2025-11-15,4522.0,5308.0,4915.0,Quintal,164.9,Agmarknet / e-NAM (synthetic)
MP001400,CROP011,Soybean,Bihar,Patna,Patna Mandi,2025-12-15,4553.0,5345.0,4949.0,Quintal,121.5,Agmarknet / e-NAM (synthetic)
MP001401,CROP011,Soybean,Bihar,Patna,Patna Mandi,2026-01-15,5477.0,6429.0,5953.0,Quintal,95.0,Agmarknet / e-NAM (synthetic)
MP001402,CROP011,Soybean,Bihar,Patna,Patna Mandi,2026-02-15,4919.0,5775.0,5347.0,Quintal,214.0,Agmarknet / e-NAM (synthetic)
MP001403,CROP011,Soybean,Bihar,Patna,Patna Mandi,2026-03-15,5816.0,6828.0,6322.0,Quintal,215.4,Agmarknet / e-NAM (synthetic)
MP001404,CROP011,Soybean,Bihar,Patna,Patna Mandi,2026-04-15,5006.0,5876.0,5441.0,Quintal,130.3,Agmarknet / e-NAM (synthetic)
MP001405,CROP011,Soybean,Bihar,Patna,Patna Mandi,2026-05-15,5434.0,6378.0,5906.0,Quintal,113.6,Agmarknet / e-NAM (synthetic)
MP001406,CROP011,Soybean,Bihar,Patna,Patna Mandi,2026-06-15,5001.0,5871.0,5436.0,Quintal,74.3,Agmarknet / e-NAM (synthetic)
MP001407,CROP011,Soybean,Bihar,Patna,Patna Mandi,2026-07-15,4271.0,5013.0,4642.0,Quintal,45.0,Agmarknet / e-NAM (synthetic)
MP001408,CROP011,Soybean,Bihar,Patna,Patna Mandi,2026-08-15,4332.0,5086.0,4709.0,Quintal,82.3,Agmarknet / e-NAM (synthetic)
MP001409,CROP012,Groundnut,Gujarat,Ahmedabad,Ahmedabad Mandi,2024-01-15,4347.0,5103.0,4725.0,Quintal,61.9,Agmarknet / e-NAM (synthetic)
MP001410,CROP012,Groundnut,Gujarat,Ahmedabad,Ahmedabad Mandi,2024-02-15,4572.0,5368.0,4970.0,Quintal,84.7,Agmarknet / e-NAM (synthetic)
MP001411,CROP012,Groundnut,Gujarat,Ahmedabad,Ahmedabad Mandi,2024-03-15,4542.0,5332.0,4937.0,Quintal,94.0,Agmarknet / e-NAM (synthetic)
MP001412,CROP012,Groundnut,Gujarat,Ahmedabad,Ahmedabad Mandi,2024-04-15,4596.0,5396.0,4996.0,Quintal,209.0,Agmarknet / e-NAM (synthetic)
MP001413,CROP012,Groundnut,Gujarat,Ahmedabad,Ahmedabad Mandi,2024-05-15,4925.0,5781.0,5353.0,Quintal,105.3,Agmarknet / e-NAM (synthetic)
MP001414,CROP012,Groundnut,Gujarat,Ahmedabad,Ahmedabad Mandi,2024-06-15,4235.0,4971.0,4603.0,Quintal,73.2,Agmarknet / e-NAM (synthetic)
MP001415,CROP012,Groundnut,Gujarat,Ahmedabad,Ahmedabad Mandi,2024-07-15,4256.0,4996.0,4626.0,Quintal,224.6,Agmarknet / e-NAM (synthetic)
MP001416,CROP012,Groundnut,Gujarat,Ahmedabad,Ahmedabad Mandi,2024-08-15,3825.0,4491.0,4158.0,Quintal,110.3,Agmarknet / e-NAM (synthetic)
MP001417,CROP012,Groundnut,Gujarat,Ahmedabad,Ahmedabad Mandi,2024-09-15,4019.0,4719.0,4369.0,Quintal,113.7,Agmarknet / e-NAM (synthetic)
MP001418,CROP012,Groundnut,Gujarat,Ahmedabad,Ahmedabad Mandi,2024-10-15,3636.0,4268.0,3952.0,Quintal,49.5,Agmarknet / e-NAM (synthetic)
MP001419,CROP012,Groundnut,Gujarat,Ahmedabad,Ahmedabad Mandi,2024-11-15,3880.0,4554.0,4217.0,Quintal,57.0,Agmarknet / e-NAM (synthetic)
MP001420,CROP012,Groundnut,Gujarat,Ahmedabad,Ahmedabad Mandi,2024-12-15,3836.0,4504.0,4170.0,Quintal,95.8,Agmarknet / e-NAM (synthetic)
MP001421,CROP012,Groundnut,Gujarat,Ahmedabad,Ahmedabad Mandi,2025-01-15,4698.0,5514.0,5106.0,Quintal,104.1,Agmarknet / e-NAM (synthetic)
MP001422,CROP012,Groundnut,Gujarat,Ahmedabad,Ahmedabad Mandi,2025-02-15,5161.0,6059.0,5610.0,Quintal,48.7,Agmarknet / e-NAM (synthetic)
MP001423,CROP012,Groundnut,Gujarat,Ahmedabad,Ahmedabad Mandi,2025-03-15,5063.0,5943.0,5503.0,Quintal,67.8,Agmarknet / e-NAM (synthetic)
MP001424,CROP012,Groundnut,Gujarat,Ahmedabad,Ahmedabad Mandi,2025-04-15,4817.0,5655.0,5236.0,Quintal,55.3,Agmarknet / e-NAM (synthetic)
MP001425,CROP012,Groundnut,Gujarat,Ahmedabad,Ahmedabad Mandi,2025-05-15,4709.0,5527.0,5118.0,Quintal,42.9,Agmarknet / e-NAM (synthetic)
MP001426,CROP012,Groundnut,Gujarat,Ahmedabad,Ahmedabad Mandi,2025-06-15,5017.0,5889.0,5453.0,Quintal,52.8,Agmarknet / e-NAM (synthetic)
MP001427,CROP012,Groundnut,Gujarat,Ahmedabad,Ahmedabad Mandi,2025-07-15,4548.0,5338.0,4943.0,Quintal,126.1,Agmarknet / e-NAM (synthetic)
MP001428,CROP012,Groundnut,Gujarat,Ahmedabad,Ahmedabad Mandi,2025-08-15,4134.0,4854.0,4494.0,Quintal,377.6,Agmarknet / e-NAM (synthetic)
MP001429,CROP012,Groundnut,Gujarat,Ahmedabad,Ahmedabad Mandi,2025-09-15,4245.0,4983.0,4614.0,Quintal,85.6,Agmarknet / e-NAM (synthetic)
MP001430,CROP012,Groundnut,Gujarat,Ahmedabad,Ahmedabad Mandi,2025-10-15,4378.0,5140.0,4759.0,Quintal,69.5,Agmarknet / e-NAM (synthetic)
MP001431,CROP012,Groundnut,Gujarat,Ahmedabad,Ahmedabad Mandi,2025-11-15,4456.0,5230.0,4843.0,Quintal,122.8,Agmarknet / e-NAM (synthetic)
MP001432,CROP012,Groundnut,Gujarat,Ahmedabad,Ahmedabad Mandi,2025-12-15,4240.0,4978.0,4609.0,Quintal,218.0,Agmarknet / e-NAM (synthetic)
MP001433,CROP012,Groundnut,Gujarat,Ahmedabad,Ahmedabad Mandi,2026-01-15,5360.0,6292.0,5826.0,Quintal,82.4,Agmarknet / e-NAM (synthetic)
MP001434,CROP012,Groundnut,Gujarat,Ahmedabad,Ahmedabad Mandi,2026-02-15,4830.0,5670.0,5250.0,Quintal,68.9,Agmarknet / e-NAM (synthetic)
MP001435,CROP012,Groundnut,Gujarat,Ahmedabad,Ahmedabad Mandi,2026-03-15,5597.0,6571.0,6084.0,Quintal,216.8,Agmarknet / e-NAM (synthetic)
MP001436,CROP012,Groundnut,Gujarat,Ahmedabad,Ahmedabad Mandi,2026-04-15,5394.0,6332.0,5863.0,Quintal,66.2,Agmarknet / e-NAM (synthetic)
MP001437,CROP012,Groundnut,Gujarat,Ahmedabad,Ahmedabad Mandi,2026-05-15,5052.0,5930.0,5491.0,Quintal,205.0,Agmarknet / e-NAM (synthetic)
MP001438,CROP012,Groundnut,Gujarat,Ahmedabad,Ahmedabad Mandi,2026-06-15,4882.0,5732.0,5307.0,Quintal,113.7,Agmarknet / e-NAM (synthetic)
MP001439,CROP012,Groundnut,Gujarat,Ahmedabad,Ahmedabad Mandi,2026-07-15,4955.0,5817.0,5386.0,Quintal,154.1,Agmarknet / e-NAM (synthetic)
MP001440,CROP012,Groundnut,Gujarat,Ahmedabad,Ahmedabad Mandi,2026-08-15,3913.0,4593.0,4253.0,Quintal,145.1,Agmarknet / e-NAM (synthetic)
MP001441,CROP012,Groundnut,Maharashtra,Pune,Pune Mandi,2024-01-15,4784.0,5616.0,5200.0,Quintal,212.1,Agmarknet / e-NAM (synthetic)
MP001442,CROP012,Groundnut,Maharashtra,Pune,Pune Mandi,2024-02-15,4719.0,5539.0,5129.0,Quintal,173.7,Agmarknet / e-NAM (synthetic)
MP001443,CROP012,Groundnut,Maharashtra,Pune,Pune Mandi,2024-03-15,4082.0,4792.0,4437.0,Quintal,128.6,Agmarknet / e-NAM (synthetic)
MP001444,CROP012,Groundnut,Maharashtra,Pune,Pune Mandi,2024-04-15,4583.0,5379.0,4981.0,Quintal,325.4,Agmarknet / e-NAM (synthetic)
MP001445,CROP012,Groundnut,Maharashtra,Pune,Pune Mandi,2024-05-15,4305.0,5053.0,4679.0,Quintal,160.6,Agmarknet / e-NAM (synthetic)
MP001446,CROP012,Groundnut,Maharashtra,Pune,Pune Mandi,2024-06-15,4438.0,5210.0,4824.0,Quintal,34.9,Agmarknet / e-NAM (synthetic)
MP001447,CROP012,Groundnut,Maharashtra,Pune,Pune Mandi,2024-07-15,3827.0,4493.0,4160.0,Quintal,145.2,Agmarknet / e-NAM (synthetic)
MP001448,CROP012,Groundnut,Maharashtra,Pune,Pune Mandi,2024-08-15,3758.0,4412.0,4085.0,Quintal,159.6,Agmarknet / e-NAM (synthetic)
MP001449,CROP012,Groundnut,Maharashtra,Pune,Pune Mandi,2024-09-15,3606.0,4234.0,3920.0,Quintal,126.4,Agmarknet / e-NAM (synthetic)
MP001450,CROP012,Groundnut,Maharashtra,Pune,Pune Mandi,2024-10-15,3766.0,4422.0,4094.0,Quintal,76.5,Agmarknet / e-NAM (synthetic)
MP001451,CROP012,Groundnut,Maharashtra,Pune,Pune Mandi,2024-11-15,4089.0,4801.0,4445.0,Quintal,119.8,Agmarknet / e-NAM (synthetic)
MP001452,CROP012,Groundnut,Maharashtra,Pune,Pune Mandi,2024-12-15,4476.0,5254.0,4865.0,Quintal,95.0,Agmarknet / e-NAM (synthetic)
MP001453,CROP012,Groundnut,Maharashtra,Pune,Pune Mandi,2025-01-15,4989.0,5857.0,5423.0,Quintal,91.7,Agmarknet / e-NAM (synthetic)
MP001454,CROP012,Groundnut,Maharashtra,Pune,Pune Mandi,2025-02-15,4863.0,5709.0,5286.0,Quintal,92.0,Agmarknet / e-NAM (synthetic)
MP001455,CROP012,Groundnut,Maharashtra,Pune,Pune Mandi,2025-03-15,4992.0,5860.0,5426.0,Quintal,107.6,Agmarknet / e-NAM (synthetic)
MP001456,CROP012,Groundnut,Maharashtra,Pune,Pune Mandi,2025-04-15,4796.0,5630.0,5213.0,Quintal,112.2,Agmarknet / e-NAM (synthetic)
MP001457,CROP012,Groundnut,Maharashtra,Pune,Pune Mandi,2025-05-15,4571.0,5365.0,4968.0,Quintal,87.3,Agmarknet / e-NAM (synthetic)
MP001458,CROP012,Groundnut,Maharashtra,Pune,Pune Mandi,2025-06-15,4480.0,5260.0,4870.0,Quintal,236.2,Agmarknet / e-NAM (synthetic)
MP001459,CROP012,Groundnut,Maharashtra,Pune,Pune Mandi,2025-07-15,4168.0,4892.0,4530.0,Quintal,243.1,Agmarknet / e-NAM (synthetic)
MP001460,CROP012,Groundnut,Maharashtra,Pune,Pune Mandi,2025-08-15,3939.0,4625.0,4282.0,Quintal,106.5,Agmarknet / e-NAM (synthetic)
MP001461,CROP012,Groundnut,Maharashtra,Pune,Pune Mandi,2025-09-15,4069.0,4777.0,4423.0,Quintal,262.5,Agmarknet / e-NAM (synthetic)
MP001462,CROP012,Groundnut,Maharashtra,Pune,Pune Mandi,2025-10-15,3998.0,4694.0,4346.0,Quintal,76.0,Agmarknet / e-NAM (synthetic)
MP001463,CROP012,Groundnut,Maharashtra,Pune,Pune Mandi,2025-11-15,4198.0,4928.0,4563.0,Quintal,78.5,Agmarknet / e-NAM (synthetic)
MP001464,CROP012,Groundnut,Maharashtra,Pune,Pune Mandi,2025-12-15,4343.0,5099.0,4721.0,Quintal,57.5,Agmarknet / e-NAM (synthetic)
MP001465,CROP012,Groundnut,Maharashtra,Pune,Pune Mandi,2026-01-15,4946.0,5806.0,5376.0,Quintal,40.1,Agmarknet / e-NAM (synthetic)
MP001466,CROP012,Groundnut,Maharashtra,Pune,Pune Mandi,2026-02-15,5060.0,5940.0,5500.0,Quintal,138.0,Agmarknet / e-NAM (synthetic)
MP001467,CROP012,Groundnut,Maharashtra,Pune,Pune Mandi,2026-03-15,5595.0,6567.0,6081.0,Quintal,151.4,Agmarknet / e-NAM (synthetic)
MP001468,CROP012,Groundnut,Maharashtra,Pune,Pune Mandi,2026-04-15,5083.0,5967.0,5525.0,Quintal,87.6,Agmarknet / e-NAM (synthetic)
MP001469,CROP012,Groundnut,Maharashtra,Pune,Pune Mandi,2026-05-15,4593.0,5391.0,4992.0,Quintal,56.0,Agmarknet / e-NAM (synthetic)
MP001470,CROP012,Groundnut,Maharashtra,Pune,Pune Mandi,2026-06-15,4439.0,5211.0,4825.0,Quintal,62.3,Agmarknet / e-NAM (synthetic)
MP001471,CROP012,Groundnut,Maharashtra,Pune,Pune Mandi,2026-07-15,4416.0,5184.0,4800.0,Quintal,150.6,Agmarknet / e-NAM (synthetic)
MP001472,CROP012,Groundnut,Maharashtra,Pune,Pune Mandi,2026-08-15,4162.0,4886.0,4524.0,Quintal,113.2,Agmarknet / e-NAM (synthetic)
MP001473,CROP012,Groundnut,Uttar Pradesh,Varanasi,Varanasi Mandi,2024-01-15,4190.0,4918.0,4554.0,Quintal,90.1,Agmarknet / e-NAM (synthetic)
MP001474,CROP012,Groundnut,Uttar Pradesh,Varanasi,Varanasi Mandi,2024-02-15,4745.0,5571.0,5158.0,Quintal,98.9,Agmarknet / e-NAM (synthetic)
MP001475,CROP012,Groundnut,Uttar Pradesh,Varanasi,Varanasi Mandi,2024-03-15,4533.0,5321.0,4927.0,Quintal,51.7,Agmarknet / e-NAM (synthetic)
MP001476,CROP012,Groundnut,Uttar Pradesh,Varanasi,Varanasi Mandi,2024-04-15,4689.0,5505.0,5097.0,Quintal,130.6,Agmarknet / e-NAM (synthetic)
MP001477,CROP012,Groundnut,Uttar Pradesh,Varanasi,Varanasi Mandi,2024-05-15,4873.0,5721.0,5297.0,Quintal,166.3,Agmarknet / e-NAM (synthetic)
MP001478,CROP012,Groundnut,Uttar Pradesh,Varanasi,Varanasi Mandi,2024-06-15,4458.0,5234.0,4846.0,Quintal,25.5,Agmarknet / e-NAM (synthetic)
MP001479,CROP012,Groundnut,Uttar Pradesh,Varanasi,Varanasi Mandi,2024-07-15,4262.0,5004.0,4633.0,Quintal,127.5,Agmarknet / e-NAM (synthetic)
MP001480,CROP012,Groundnut,Uttar Pradesh,Varanasi,Varanasi Mandi,2024-08-15,3697.0,4341.0,4019.0,Quintal,97.6,Agmarknet / e-NAM (synthetic)
MP001481,CROP012,Groundnut,Uttar Pradesh,Varanasi,Varanasi Mandi,2024-09-15,3871.0,4545.0,4208.0,Quintal,147.8,Agmarknet / e-NAM (synthetic)
MP001482,CROP012,Groundnut,Uttar Pradesh,Varanasi,Varanasi Mandi,2024-10-15,3698.0,4342.0,4020.0,Quintal,327.8,Agmarknet / e-NAM (synthetic)
MP001483,CROP012,Groundnut,Uttar Pradesh,Varanasi,Varanasi Mandi,2024-11-15,3813.0,4477.0,4145.0,Quintal,190.7,Agmarknet / e-NAM (synthetic)
MP001484,CROP012,Groundnut,Uttar Pradesh,Varanasi,Varanasi Mandi,2024-12-15,4261.0,5001.0,4631.0,Quintal,152.1,Agmarknet / e-NAM (synthetic)
MP001485,CROP012,Groundnut,Uttar Pradesh,Varanasi,Varanasi Mandi,2025-01-15,4286.0,5032.0,4659.0,Quintal,125.1,Agmarknet / e-NAM (synthetic)
MP001486,CROP012,Groundnut,Uttar Pradesh,Varanasi,Varanasi Mandi,2025-02-15,4467.0,5243.0,4855.0,Quintal,170.1,Agmarknet / e-NAM (synthetic)
MP001487,CROP012,Groundnut,Uttar Pradesh,Varanasi,Varanasi Mandi,2025-03-15,5093.0,5979.0,5536.0,Quintal,89.9,Agmarknet / e-NAM (synthetic)
MP001488,CROP012,Groundnut,Uttar Pradesh,Varanasi,Varanasi Mandi,2025-04-15,4719.0,5539.0,5129.0,Quintal,242.7,Agmarknet / e-NAM (synthetic)
MP001489,CROP012,Groundnut,Uttar Pradesh,Varanasi,Varanasi Mandi,2025-05-15,4678.0,5492.0,5085.0,Quintal,41.0,Agmarknet / e-NAM (synthetic)
MP001490,CROP012,Groundnut,Uttar Pradesh,Varanasi,Varanasi Mandi,2025-06-15,4694.0,5510.0,5102.0,Quintal,251.8,Agmarknet / e-NAM (synthetic)
MP001491,CROP012,Groundnut,Uttar Pradesh,Varanasi,Varanasi Mandi,2025-07-15,4056.0,4762.0,4409.0,Quintal,152.8,Agmarknet / e-NAM (synthetic)
MP001492,CROP012,Groundnut,Uttar Pradesh,Varanasi,Varanasi Mandi,2025-08-15,3706.0,4350.0,4028.0,Quintal,143.3,Agmarknet / e-NAM (synthetic)
MP001493,CROP012,Groundnut,Uttar Pradesh,Varanasi,Varanasi Mandi,2025-09-15,4368.0,5128.0,4748.0,Quintal,41.8,Agmarknet / e-NAM (synthetic)
MP001494,CROP012,Groundnut,Uttar Pradesh,Varanasi,Varanasi Mandi,2025-10-15,3923.0,4605.0,4264.0,Quintal,166.4,Agmarknet / e-NAM (synthetic)
MP001495,CROP012,Groundnut,Uttar Pradesh,Varanasi,Varanasi Mandi,2025-11-15,4557.0,5349.0,4953.0,Quintal,69.9,Agmarknet / e-NAM (synthetic)
MP001496,CROP012,Groundnut,Uttar Pradesh,Varanasi,Varanasi Mandi,2025-12-15,4324.0,5076.0,4700.0,Quintal,452.6,Agmarknet / e-NAM (synthetic)
MP001497,CROP012,Groundnut,Uttar Pradesh,Varanasi,Varanasi Mandi,2026-01-15,5087.0,5971.0,5529.0,Quintal,130.3,Agmarknet / e-NAM (synthetic)
MP001498,CROP012,Groundnut,Uttar Pradesh,Varanasi,Varanasi Mandi,2026-02-15,5055.0,5935.0,5495.0,Quintal,25.5,Agmarknet / e-NAM (synthetic)
MP001499,CROP012,Groundnut,Uttar Pradesh,Varanasi,Varanasi Mandi,2026-03-15,5061.0,5941.0,5501.0,Quintal,126.8,Agmarknet / e-NAM (synthetic)
MP001500,CROP012,Groundnut,Uttar Pradesh,Varanasi,Varanasi Mandi,2026-04-15,5150.0,6046.0,5598.0,Quintal,31.8,Agmarknet / e-NAM (synthetic)
MP001501,CROP012,Groundnut,Uttar Pradesh,Varanasi,Varanasi Mandi,2026-05-15,5273.0,6189.0,5731.0,Quintal,120.3,Agmarknet / e-NAM (synthetic)
MP001502,CROP012,Groundnut,Uttar Pradesh,Varanasi,Varanasi Mandi,2026-06-15,5268.0,6184.0,5726.0,Quintal,150.4,Agmarknet / e-NAM (synthetic)
MP001503,CROP012,Groundnut,Uttar Pradesh,Varanasi,Varanasi Mandi,2026-07-15,4452.0,5226.0,4839.0,Quintal,394.9,Agmarknet / e-NAM (synthetic)
MP001504,CROP012,Groundnut,Uttar Pradesh,Varanasi,Varanasi Mandi,2026-08-15,4297.0,5045.0,4671.0,Quintal,127.6,Agmarknet / e-NAM (synthetic)
MP001505,CROP012,Groundnut,West Bengal,Bardhaman,Bardhaman Mandi,2024-01-15,4603.0,5403.0,5003.0,Quintal,45.6,Agmarknet / e-NAM (synthetic)
MP001506,CROP012,Groundnut,West Bengal,Bardhaman,Bardhaman Mandi,2024-02-15,4839.0,5681.0,5260.0,Quintal,138.7,Agmarknet / e-NAM (synthetic)
MP001507,CROP012,Groundnut,West Bengal,Bardhaman,Bardhaman Mandi,2024-03-15,4596.0,5396.0,4996.0,Quintal,89.5,Agmarknet / e-NAM (synthetic)
MP001508,CROP012,Groundnut,West Bengal,Bardhaman,Bardhaman Mandi,2024-04-15,4808.0,5644.0,5226.0,Quintal,80.5,Agmarknet / e-NAM (synthetic)
MP001509,CROP012,Groundnut,West Bengal,Bardhaman,Bardhaman Mandi,2024-05-15,4427.0,5197.0,4812.0,Quintal,93.6,Agmarknet / e-NAM (synthetic)
MP001510,CROP012,Groundnut,West Bengal,Bardhaman,Bardhaman Mandi,2024-06-15,3958.0,4646.0,4302.0,Quintal,135.7,Agmarknet / e-NAM (synthetic)
MP001511,CROP012,Groundnut,West Bengal,Bardhaman,Bardhaman Mandi,2024-07-15,4239.0,4977.0,4608.0,Quintal,116.7,Agmarknet / e-NAM (synthetic)
MP001512,CROP012,Groundnut,West Bengal,Bardhaman,Bardhaman Mandi,2024-08-15,3984.0,4676.0,4330.0,Quintal,139.7,Agmarknet / e-NAM (synthetic)
MP001513,CROP012,Groundnut,West Bengal,Bardhaman,Bardhaman Mandi,2024-09-15,3824.0,4488.0,4156.0,Quintal,20.3,Agmarknet / e-NAM (synthetic)
MP001514,CROP012,Groundnut,West Bengal,Bardhaman,Bardhaman Mandi,2024-10-15,3611.0,4239.0,3925.0,Quintal,140.8,Agmarknet / e-NAM (synthetic)
MP001515,CROP012,Groundnut,West Bengal,Bardhaman,Bardhaman Mandi,2024-11-15,4335.0,5089.0,4712.0,Quintal,136.0,Agmarknet / e-NAM (synthetic)
MP001516,CROP012,Groundnut,West Bengal,Bardhaman,Bardhaman Mandi,2024-12-15,4324.0,5076.0,4700.0,Quintal,317.0,Agmarknet / e-NAM (synthetic)
MP001517,CROP012,Groundnut,West Bengal,Bardhaman,Bardhaman Mandi,2025-01-15,4496.0,5278.0,4887.0,Quintal,196.3,Agmarknet / e-NAM (synthetic)
MP001518,CROP012,Groundnut,West Bengal,Bardhaman,Bardhaman Mandi,2025-02-15,4930.0,5788.0,5359.0,Quintal,79.2,Agmarknet / e-NAM (synthetic)
MP001519,CROP012,Groundnut,West Bengal,Bardhaman,Bardhaman Mandi,2025-03-15,5419.0,6361.0,5890.0,Quintal,110.6,Agmarknet / e-NAM (synthetic)
MP001520,CROP012,Groundnut,West Bengal,Bardhaman,Bardhaman Mandi,2025-04-15,4767.0,5595.0,5181.0,Quintal,206.4,Agmarknet / e-NAM (synthetic)
MP001521,CROP012,Groundnut,West Bengal,Bardhaman,Bardhaman Mandi,2025-05-15,4499.0,5281.0,4890.0,Quintal,82.5,Agmarknet / e-NAM (synthetic)
MP001522,CROP012,Groundnut,West Bengal,Bardhaman,Bardhaman Mandi,2025-06-15,4215.0,4949.0,4582.0,Quintal,71.6,Agmarknet / e-NAM (synthetic)
MP001523,CROP012,Groundnut,West Bengal,Bardhaman,Bardhaman Mandi,2025-07-15,4050.0,4754.0,4402.0,Quintal,75.8,Agmarknet / e-NAM (synthetic)
MP001524,CROP012,Groundnut,West Bengal,Bardhaman,Bardhaman Mandi,2025-08-15,3899.0,4577.0,4238.0,Quintal,89.9,Agmarknet / e-NAM (synthetic)
MP001525,CROP012,Groundnut,West Bengal,Bardhaman,Bardhaman Mandi,2025-09-15,3775.0,4431.0,4103.0,Quintal,160.1,Agmarknet / e-NAM (synthetic)
MP001526,CROP012,Groundnut,West Bengal,Bardhaman,Bardhaman Mandi,2025-10-15,4015.0,4713.0,4364.0,Quintal,110.0,Agmarknet / e-NAM (synthetic)
MP001527,CROP012,Groundnut,West Bengal,Bardhaman,Bardhaman Mandi,2025-11-15,3967.0,4657.0,4312.0,Quintal,187.8,Agmarknet / e-NAM (synthetic)
MP001528,CROP012,Groundnut,West Bengal,Bardhaman,Bardhaman Mandi,2025-12-15,5004.0,5874.0,5439.0,Quintal,198.9,Agmarknet / e-NAM (synthetic)
MP001529,CROP012,Groundnut,West Bengal,Bardhaman,Bardhaman Mandi,2026-01-15,5157.0,6053.0,5605.0,Quintal,120.0,Agmarknet / e-NAM (synthetic)
MP001530,CROP012,Groundnut,West Bengal,Bardhaman,Bardhaman Mandi,2026-02-15,5003.0,5873.0,5438.0,Quintal,59.2,Agmarknet / e-NAM (synthetic)
MP001531,CROP012,Groundnut,West Bengal,Bardhaman,Bardhaman Mandi,2026-03-15,5457.0,6407.0,5932.0,Quintal,178.8,Agmarknet / e-NAM (synthetic)
MP001532,CROP012,Groundnut,West Bengal,Bardhaman,Bardhaman Mandi,2026-04-15,4565.0,5359.0,4962.0,Quintal,98.6,Agmarknet / e-NAM (synthetic)
MP001533,CROP012,Groundnut,West Bengal,Bardhaman,Bardhaman Mandi,2026-05-15,5123.0,6013.0,5568.0,Quintal,181.6,Agmarknet / e-NAM (synthetic)
MP001534,CROP012,Groundnut,West Bengal,Bardhaman,Bardhaman Mandi,2026-06-15,4285.0,5031.0,4658.0,Quintal,115.0,Agmarknet / e-NAM (synthetic)
MP001535,CROP012,Groundnut,West Bengal,Bardhaman,Bardhaman Mandi,2026-07-15,4261.0,5001.0,4631.0,Quintal,203.9,Agmarknet / e-NAM (synthetic)
MP001536,CROP012,Groundnut,West Bengal,Bardhaman,Bardhaman Mandi,2026-08-15,3727.0,4375.0,4051.0,Quintal,44.0,Agmarknet / e-NAM (synthetic)
MP001537,CROP013,Mustard,West Bengal,Nadia,Nadia Mandi,2024-01-15,1904.0,2236.0,2070.0,Quintal,240.6,Agmarknet / e-NAM (synthetic)
MP001538,CROP013,Mustard,West Bengal,Nadia,Nadia Mandi,2024-02-15,2272.0,2668.0,2470.0,Quintal,65.4,Agmarknet / e-NAM (synthetic)
MP001539,CROP013,Mustard,West Bengal,Nadia,Nadia Mandi,2024-03-15,2260.0,2654.0,2457.0,Quintal,91.3,Agmarknet / e-NAM (synthetic)
MP001540,CROP013,Mustard,West Bengal,Nadia,Nadia Mandi,2024-04-15,2034.0,2388.0,2211.0,Quintal,127.8,Agmarknet / e-NAM (synthetic)
MP001541,CROP013,Mustard,West Bengal,Nadia,Nadia Mandi,2024-05-15,2083.0,2445.0,2264.0,Quintal,315.9,Agmarknet / e-NAM (synthetic)
MP001542,CROP013,Mustard,West Bengal,Nadia,Nadia Mandi,2024-06-15,1976.0,2320.0,2148.0,Quintal,114.8,Agmarknet / e-NAM (synthetic)
MP001543,CROP013,Mustard,West Bengal,Nadia,Nadia Mandi,2024-07-15,1726.0,2026.0,1876.0,Quintal,48.8,Agmarknet / e-NAM (synthetic)
MP001544,CROP013,Mustard,West Bengal,Nadia,Nadia Mandi,2024-08-15,1788.0,2098.0,1943.0,Quintal,115.4,Agmarknet / e-NAM (synthetic)
MP001545,CROP013,Mustard,West Bengal,Nadia,Nadia Mandi,2024-09-15,1559.0,1831.0,1695.0,Quintal,66.3,Agmarknet / e-NAM (synthetic)
MP001546,CROP013,Mustard,West Bengal,Nadia,Nadia Mandi,2024-10-15,1785.0,2095.0,1940.0,Quintal,116.3,Agmarknet / e-NAM (synthetic)
MP001547,CROP013,Mustard,West Bengal,Nadia,Nadia Mandi,2024-11-15,1858.0,2182.0,2020.0,Quintal,67.1,Agmarknet / e-NAM (synthetic)
MP001548,CROP013,Mustard,West Bengal,Nadia,Nadia Mandi,2024-12-15,1942.0,2280.0,2111.0,Quintal,88.2,Agmarknet / e-NAM (synthetic)
MP001549,CROP013,Mustard,West Bengal,Nadia,Nadia Mandi,2025-01-15,2062.0,2420.0,2241.0,Quintal,48.0,Agmarknet / e-NAM (synthetic)
MP001550,CROP013,Mustard,West Bengal,Nadia,Nadia Mandi,2025-02-15,2029.0,2381.0,2205.0,Quintal,86.6,Agmarknet / e-NAM (synthetic)
MP001551,CROP013,Mustard,West Bengal,Nadia,Nadia Mandi,2025-03-15,2407.0,2825.0,2616.0,Quintal,87.7,Agmarknet / e-NAM (synthetic)
MP001552,CROP013,Mustard,West Bengal,Nadia,Nadia Mandi,2025-04-15,2215.0,2601.0,2408.0,Quintal,111.9,Agmarknet / e-NAM (synthetic)
MP001553,CROP013,Mustard,West Bengal,Nadia,Nadia Mandi,2025-05-15,2207.0,2591.0,2399.0,Quintal,237.8,Agmarknet / e-NAM (synthetic)
MP001554,CROP013,Mustard,West Bengal,Nadia,Nadia Mandi,2025-06-15,1856.0,2178.0,2017.0,Quintal,130.5,Agmarknet / e-NAM (synthetic)
MP001555,CROP013,Mustard,West Bengal,Nadia,Nadia Mandi,2025-07-15,1924.0,2258.0,2091.0,Quintal,72.9,Agmarknet / e-NAM (synthetic)
MP001556,CROP013,Mustard,West Bengal,Nadia,Nadia Mandi,2025-08-15,1741.0,2043.0,1892.0,Quintal,117.1,Agmarknet / e-NAM (synthetic)
MP001557,CROP013,Mustard,West Bengal,Nadia,Nadia Mandi,2025-09-15,1831.0,2149.0,1990.0,Quintal,103.2,Agmarknet / e-NAM (synthetic)
MP001558,CROP013,Mustard,West Bengal,Nadia,Nadia Mandi,2025-10-15,1701.0,1997.0,1849.0,Quintal,67.9,Agmarknet / e-NAM (synthetic)
MP001559,CROP013,Mustard,West Bengal,Nadia,Nadia Mandi,2025-11-15,2021.0,2373.0,2197.0,Quintal,95.9,Agmarknet / e-NAM (synthetic)
MP001560,CROP013,Mustard,West Bengal,Nadia,Nadia Mandi,2025-12-15,1984.0,2328.0,2156.0,Quintal,65.8,Agmarknet / e-NAM (synthetic)
MP001561,CROP013,Mustard,West Bengal,Nadia,Nadia Mandi,2026-01-15,2233.0,2621.0,2427.0,Quintal,45.0,Agmarknet / e-NAM (synthetic)
MP001562,CROP013,Mustard,West Bengal,Nadia,Nadia Mandi,2026-02-15,2295.0,2695.0,2495.0,Quintal,67.4,Agmarknet / e-NAM (synthetic)
MP001563,CROP013,Mustard,West Bengal,Nadia,Nadia Mandi,2026-03-15,2383.0,2797.0,2590.0,Quintal,289.5,Agmarknet / e-NAM (synthetic)
MP001564,CROP013,Mustard,West Bengal,Nadia,Nadia Mandi,2026-04-15,2346.0,2754.0,2550.0,Quintal,44.2,Agmarknet / e-NAM (synthetic)
MP001565,CROP013,Mustard,West Bengal,Nadia,Nadia Mandi,2026-05-15,2157.0,2533.0,2345.0,Quintal,136.0,Agmarknet / e-NAM (synthetic)
MP001566,CROP013,Mustard,West Bengal,Nadia,Nadia Mandi,2026-06-15,2110.0,2478.0,2294.0,Quintal,20.8,Agmarknet / e-NAM (synthetic)
MP001567,CROP013,Mustard,West Bengal,Nadia,Nadia Mandi,2026-07-15,2045.0,2401.0,2223.0,Quintal,75.4,Agmarknet / e-NAM (synthetic)
MP001568,CROP013,Mustard,West Bengal,Nadia,Nadia Mandi,2026-08-15,1881.0,2209.0,2045.0,Quintal,54.1,Agmarknet / e-NAM (synthetic)
MP001569,CROP013,Mustard,Punjab,Amritsar,Amritsar Mandi,2024-01-15,2130.0,2500.0,2315.0,Quintal,91.6,Agmarknet / e-NAM (synthetic)
MP001570,CROP013,Mustard,Punjab,Amritsar,Amritsar Mandi,2024-02-15,2043.0,2399.0,2221.0,Quintal,85.2,Agmarknet / e-NAM (synthetic)
MP001571,CROP013,Mustard,Punjab,Amritsar,Amritsar Mandi,2024-03-15,2098.0,2462.0,2280.0,Quintal,93.6,Agmarknet / e-NAM (synthetic)
MP001572,CROP013,Mustard,Punjab,Amritsar,Amritsar Mandi,2024-04-15,2211.0,2595.0,2403.0,Quintal,101.3,Agmarknet / e-NAM (synthetic)
MP001573,CROP013,Mustard,Punjab,Amritsar,Amritsar Mandi,2024-05-15,2222.0,2608.0,2415.0,Quintal,115.9,Agmarknet / e-NAM (synthetic)
MP001574,CROP013,Mustard,Punjab,Amritsar,Amritsar Mandi,2024-06-15,1904.0,2236.0,2070.0,Quintal,95.9,Agmarknet / e-NAM (synthetic)
MP001575,CROP013,Mustard,Punjab,Amritsar,Amritsar Mandi,2024-07-15,2019.0,2371.0,2195.0,Quintal,32.4,Agmarknet / e-NAM (synthetic)
MP001576,CROP013,Mustard,Punjab,Amritsar,Amritsar Mandi,2024-08-15,1750.0,2054.0,1902.0,Quintal,192.7,Agmarknet / e-NAM (synthetic)
MP001577,CROP013,Mustard,Punjab,Amritsar,Amritsar Mandi,2024-09-15,1696.0,1990.0,1843.0,Quintal,59.0,Agmarknet / e-NAM (synthetic)
MP001578,CROP013,Mustard,Punjab,Amritsar,Amritsar Mandi,2024-10-15,1766.0,2074.0,1920.0,Quintal,64.8,Agmarknet / e-NAM (synthetic)
MP001579,CROP013,Mustard,Punjab,Amritsar,Amritsar Mandi,2024-11-15,1720.0,2020.0,1870.0,Quintal,233.2,Agmarknet / e-NAM (synthetic)
MP001580,CROP013,Mustard,Punjab,Amritsar,Amritsar Mandi,2024-12-15,1849.0,2171.0,2010.0,Quintal,96.0,Agmarknet / e-NAM (synthetic)
MP001581,CROP013,Mustard,Punjab,Amritsar,Amritsar Mandi,2025-01-15,2190.0,2570.0,2380.0,Quintal,132.1,Agmarknet / e-NAM (synthetic)
MP001582,CROP013,Mustard,Punjab,Amritsar,Amritsar Mandi,2025-02-15,2380.0,2794.0,2587.0,Quintal,141.7,Agmarknet / e-NAM (synthetic)
MP001583,CROP013,Mustard,Punjab,Amritsar,Amritsar Mandi,2025-03-15,2445.0,2871.0,2658.0,Quintal,46.6,Agmarknet / e-NAM (synthetic)
MP001584,CROP013,Mustard,Punjab,Amritsar,Amritsar Mandi,2025-04-15,2149.0,2523.0,2336.0,Quintal,135.6,Agmarknet / e-NAM (synthetic)
MP001585,CROP013,Mustard,Punjab,Amritsar,Amritsar Mandi,2025-05-15,2301.0,2701.0,2501.0,Quintal,189.6,Agmarknet / e-NAM (synthetic)
MP001586,CROP013,Mustard,Punjab,Amritsar,Amritsar Mandi,2025-06-15,1858.0,2182.0,2020.0,Quintal,103.1,Agmarknet / e-NAM (synthetic)
MP001587,CROP013,Mustard,Punjab,Amritsar,Amritsar Mandi,2025-07-15,2016.0,2366.0,2191.0,Quintal,120.7,Agmarknet / e-NAM (synthetic)
MP001588,CROP013,Mustard,Punjab,Amritsar,Amritsar Mandi,2025-08-15,1697.0,1993.0,1845.0,Quintal,123.6,Agmarknet / e-NAM (synthetic)
MP001589,CROP013,Mustard,Punjab,Amritsar,Amritsar Mandi,2025-09-15,1685.0,1977.0,1831.0,Quintal,55.8,Agmarknet / e-NAM (synthetic)
MP001590,CROP013,Mustard,Punjab,Amritsar,Amritsar Mandi,2025-10-15,1767.0,2075.0,1921.0,Quintal,42.3,Agmarknet / e-NAM (synthetic)
MP001591,CROP013,Mustard,Punjab,Amritsar,Amritsar Mandi,2025-11-15,1821.0,2137.0,1979.0,Quintal,336.7,Agmarknet / e-NAM (synthetic)
MP001592,CROP013,Mustard,Punjab,Amritsar,Amritsar Mandi,2025-12-15,2098.0,2462.0,2280.0,Quintal,134.4,Agmarknet / e-NAM (synthetic)
MP001593,CROP013,Mustard,Punjab,Amritsar,Amritsar Mandi,2026-01-15,2205.0,2589.0,2397.0,Quintal,66.4,Agmarknet / e-NAM (synthetic)
MP001594,CROP013,Mustard,Punjab,Amritsar,Amritsar Mandi,2026-02-15,2238.0,2628.0,2433.0,Quintal,266.0,Agmarknet / e-NAM (synthetic)
MP001595,CROP013,Mustard,Punjab,Amritsar,Amritsar Mandi,2026-03-15,2348.0,2756.0,2552.0,Quintal,92.9,Agmarknet / e-NAM (synthetic)
MP001596,CROP013,Mustard,Punjab,Amritsar,Amritsar Mandi,2026-04-15,2423.0,2845.0,2634.0,Quintal,89.4,Agmarknet / e-NAM (synthetic)
MP001597,CROP013,Mustard,Punjab,Amritsar,Amritsar Mandi,2026-05-15,2164.0,2540.0,2352.0,Quintal,141.2,Agmarknet / e-NAM (synthetic)
MP001598,CROP013,Mustard,Punjab,Amritsar,Amritsar Mandi,2026-06-15,2097.0,2461.0,2279.0,Quintal,61.7,Agmarknet / e-NAM (synthetic)
MP001599,CROP013,Mustard,Punjab,Amritsar,Amritsar Mandi,2026-07-15,1996.0,2344.0,2170.0,Quintal,285.0,Agmarknet / e-NAM (synthetic)
MP001600,CROP013,Mustard,Punjab,Amritsar,Amritsar Mandi,2026-08-15,1828.0,2146.0,1987.0,Quintal,163.4,Agmarknet / e-NAM (synthetic)
MP001601,CROP013,Mustard,Uttar Pradesh,Lucknow,Lucknow Mandi,2024-01-15,1989.0,2335.0,2162.0,Quintal,224.6,Agmarknet / e-NAM (synthetic)
MP001602,CROP013,Mustard,Uttar Pradesh,Lucknow,Lucknow Mandi,2024-02-15,2247.0,2637.0,2442.0,Quintal,142.1,Agmarknet / e-NAM (synthetic)
MP001603,CROP013,Mustard,Uttar Pradesh,Lucknow,Lucknow Mandi,2024-03-15,2180.0,2560.0,2370.0,Quintal,23.2,Agmarknet / e-NAM (synthetic)
MP001604,CROP013,Mustard,Uttar Pradesh,Lucknow,Lucknow Mandi,2024-04-15,2224.0,2610.0,2417.0,Quintal,103.0,Agmarknet / e-NAM (synthetic)
MP001605,CROP013,Mustard,Uttar Pradesh,Lucknow,Lucknow Mandi,2024-05-15,2087.0,2449.0,2268.0,Quintal,85.5,Agmarknet / e-NAM (synthetic)
MP001606,CROP013,Mustard,Uttar Pradesh,Lucknow,Lucknow Mandi,2024-06-15,2012.0,2362.0,2187.0,Quintal,96.4,Agmarknet / e-NAM (synthetic)
MP001607,CROP013,Mustard,Uttar Pradesh,Lucknow,Lucknow Mandi,2024-07-15,1769.0,2077.0,1923.0,Quintal,186.1,Agmarknet / e-NAM (synthetic)
MP001608,CROP013,Mustard,Uttar Pradesh,Lucknow,Lucknow Mandi,2024-08-15,1766.0,2074.0,1920.0,Quintal,38.8,Agmarknet / e-NAM (synthetic)
MP001609,CROP013,Mustard,Uttar Pradesh,Lucknow,Lucknow Mandi,2024-09-15,1643.0,1929.0,1786.0,Quintal,54.6,Agmarknet / e-NAM (synthetic)
MP001610,CROP013,Mustard,Uttar Pradesh,Lucknow,Lucknow Mandi,2024-10-15,2025.0,2377.0,2201.0,Quintal,65.6,Agmarknet / e-NAM (synthetic)
MP001611,CROP013,Mustard,Uttar Pradesh,Lucknow,Lucknow Mandi,2024-11-15,1889.0,2217.0,2053.0,Quintal,50.9,Agmarknet / e-NAM (synthetic)
MP001612,CROP013,Mustard,Uttar Pradesh,Lucknow,Lucknow Mandi,2024-12-15,2011.0,2361.0,2186.0,Quintal,93.8,Agmarknet / e-NAM (synthetic)
MP001613,CROP013,Mustard,Uttar Pradesh,Lucknow,Lucknow Mandi,2025-01-15,2275.0,2671.0,2473.0,Quintal,194.9,Agmarknet / e-NAM (synthetic)
MP001614,CROP013,Mustard,Uttar Pradesh,Lucknow,Lucknow Mandi,2025-02-15,2332.0,2738.0,2535.0,Quintal,190.4,Agmarknet / e-NAM (synthetic)
MP001615,CROP013,Mustard,Uttar Pradesh,Lucknow,Lucknow Mandi,2025-03-15,2152.0,2526.0,2339.0,Quintal,40.9,Agmarknet / e-NAM (synthetic)
MP001616,CROP013,Mustard,Uttar Pradesh,Lucknow,Lucknow Mandi,2025-04-15,2238.0,2628.0,2433.0,Quintal,138.6,Agmarknet / e-NAM (synthetic)
MP001617,CROP013,Mustard,Uttar Pradesh,Lucknow,Lucknow Mandi,2025-05-15,2145.0,2517.0,2331.0,Quintal,46.9,Agmarknet / e-NAM (synthetic)
MP001618,CROP013,Mustard,Uttar Pradesh,Lucknow,Lucknow Mandi,2025-06-15,1915.0,2249.0,2082.0,Quintal,47.1,Agmarknet / e-NAM (synthetic)
MP001619,CROP013,Mustard,Uttar Pradesh,Lucknow,Lucknow Mandi,2025-07-15,1947.0,2285.0,2116.0,Quintal,224.7,Agmarknet / e-NAM (synthetic)
MP001620,CROP013,Mustard,Uttar Pradesh,Lucknow,Lucknow Mandi,2025-08-15,1823.0,2139.0,1981.0,Quintal,250.5,Agmarknet / e-NAM (synthetic)
MP001621,CROP013,Mustard,Uttar Pradesh,Lucknow,Lucknow Mandi,2025-09-15,1758.0,2064.0,1911.0,Quintal,131.0,Agmarknet / e-NAM (synthetic)
MP001622,CROP013,Mustard,Uttar Pradesh,Lucknow,Lucknow Mandi,2025-10-15,1785.0,2095.0,1940.0,Quintal,123.6,Agmarknet / e-NAM (synthetic)
MP001623,CROP013,Mustard,Uttar Pradesh,Lucknow,Lucknow Mandi,2025-11-15,2006.0,2354.0,2180.0,Quintal,68.6,Agmarknet / e-NAM (synthetic)
MP001624,CROP013,Mustard,Uttar Pradesh,Lucknow,Lucknow Mandi,2025-12-15,2087.0,2449.0,2268.0,Quintal,124.8,Agmarknet / e-NAM (synthetic)
MP001625,CROP013,Mustard,Uttar Pradesh,Lucknow,Lucknow Mandi,2026-01-15,2101.0,2467.0,2284.0,Quintal,60.6,Agmarknet / e-NAM (synthetic)
MP001626,CROP013,Mustard,Uttar Pradesh,Lucknow,Lucknow Mandi,2026-02-15,2390.0,2806.0,2598.0,Quintal,142.8,Agmarknet / e-NAM (synthetic)
MP001627,CROP013,Mustard,Uttar Pradesh,Lucknow,Lucknow Mandi,2026-03-15,2517.0,2955.0,2736.0,Quintal,126.1,Agmarknet / e-NAM (synthetic)
MP001628,CROP013,Mustard,Uttar Pradesh,Lucknow,Lucknow Mandi,2026-04-15,2376.0,2790.0,2583.0,Quintal,133.6,Agmarknet / e-NAM (synthetic)
MP001629,CROP013,Mustard,Uttar Pradesh,Lucknow,Lucknow Mandi,2026-05-15,2193.0,2575.0,2384.0,Quintal,80.5,Agmarknet / e-NAM (synthetic)
MP001630,CROP013,Mustard,Uttar Pradesh,Lucknow,Lucknow Mandi,2026-06-15,2140.0,2512.0,2326.0,Quintal,214.0,Agmarknet / e-NAM (synthetic)
MP001631,CROP013,Mustard,Uttar Pradesh,Lucknow,Lucknow Mandi,2026-07-15,2218.0,2604.0,2411.0,Quintal,53.0,Agmarknet / e-NAM (synthetic)
MP001632,CROP013,Mustard,Uttar Pradesh,Lucknow,Lucknow Mandi,2026-08-15,2162.0,2538.0,2350.0,Quintal,133.8,Agmarknet / e-NAM (synthetic)
MP001633,CROP013,Mustard,Uttar Pradesh,Meerut,Meerut Mandi,2024-01-15,2111.0,2479.0,2295.0,Quintal,393.1,Agmarknet / e-NAM (synthetic)
MP001634,CROP013,Mustard,Uttar Pradesh,Meerut,Meerut Mandi,2024-02-15,2131.0,2501.0,2316.0,Quintal,164.7,Agmarknet / e-NAM (synthetic)
MP001635,CROP013,Mustard,Uttar Pradesh,Meerut,Meerut Mandi,2024-03-15,2198.0,2580.0,2389.0,Quintal,194.6,Agmarknet / e-NAM (synthetic)
MP001636,CROP013,Mustard,Uttar Pradesh,Meerut,Meerut Mandi,2024-04-15,2072.0,2432.0,2252.0,Quintal,272.4,Agmarknet / e-NAM (synthetic)
MP001637,CROP013,Mustard,Uttar Pradesh,Meerut,Meerut Mandi,2024-05-15,2051.0,2407.0,2229.0,Quintal,136.9,Agmarknet / e-NAM (synthetic)
MP001638,CROP013,Mustard,Uttar Pradesh,Meerut,Meerut Mandi,2024-06-15,1951.0,2291.0,2121.0,Quintal,78.9,Agmarknet / e-NAM (synthetic)
MP001639,CROP013,Mustard,Uttar Pradesh,Meerut,Meerut Mandi,2024-07-15,1784.0,2094.0,1939.0,Quintal,95.7,Agmarknet / e-NAM (synthetic)
MP001640,CROP013,Mustard,Uttar Pradesh,Meerut,Meerut Mandi,2024-08-15,1760.0,2066.0,1913.0,Quintal,136.9,Agmarknet / e-NAM (synthetic)
MP001641,CROP013,Mustard,Uttar Pradesh,Meerut,Meerut Mandi,2024-09-15,1631.0,1915.0,1773.0,Quintal,83.9,Agmarknet / e-NAM (synthetic)
MP001642,CROP013,Mustard,Uttar Pradesh,Meerut,Meerut Mandi,2024-10-15,1832.0,2150.0,1991.0,Quintal,91.4,Agmarknet / e-NAM (synthetic)
MP001643,CROP013,Mustard,Uttar Pradesh,Meerut,Meerut Mandi,2024-11-15,1775.0,2083.0,1929.0,Quintal,222.0,Agmarknet / e-NAM (synthetic)
MP001644,CROP013,Mustard,Uttar Pradesh,Meerut,Meerut Mandi,2024-12-15,2012.0,2362.0,2187.0,Quintal,77.5,Agmarknet / e-NAM (synthetic)
MP001645,CROP013,Mustard,Uttar Pradesh,Meerut,Meerut Mandi,2025-01-15,2186.0,2566.0,2376.0,Quintal,147.0,Agmarknet / e-NAM (synthetic)
MP001646,CROP013,Mustard,Uttar Pradesh,Meerut,Meerut Mandi,2025-02-15,2333.0,2739.0,2536.0,Quintal,50.5,Agmarknet / e-NAM (synthetic)
MP001647,CROP013,Mustard,Uttar Pradesh,Meerut,Meerut Mandi,2025-03-15,2154.0,2528.0,2341.0,Quintal,64.2,Agmarknet / e-NAM (synthetic)
MP001648,CROP013,Mustard,Uttar Pradesh,Meerut,Meerut Mandi,2025-04-15,2145.0,2519.0,2332.0,Quintal,118.3,Agmarknet / e-NAM (synthetic)
MP001649,CROP013,Mustard,Uttar Pradesh,Meerut,Meerut Mandi,2025-05-15,2206.0,2590.0,2398.0,Quintal,226.3,Agmarknet / e-NAM (synthetic)
MP001650,CROP013,Mustard,Uttar Pradesh,Meerut,Meerut Mandi,2025-06-15,2234.0,2622.0,2428.0,Quintal,182.0,Agmarknet / e-NAM (synthetic)
MP001651,CROP013,Mustard,Uttar Pradesh,Meerut,Meerut Mandi,2025-07-15,1948.0,2286.0,2117.0,Quintal,156.4,Agmarknet / e-NAM (synthetic)
MP001652,CROP013,Mustard,Uttar Pradesh,Meerut,Meerut Mandi,2025-08-15,1742.0,2046.0,1894.0,Quintal,106.9,Agmarknet / e-NAM (synthetic)
MP001653,CROP013,Mustard,Uttar Pradesh,Meerut,Meerut Mandi,2025-09-15,1781.0,2091.0,1936.0,Quintal,96.3,Agmarknet / e-NAM (synthetic)
MP001654,CROP013,Mustard,Uttar Pradesh,Meerut,Meerut Mandi,2025-10-15,1620.0,1902.0,1761.0,Quintal,76.0,Agmarknet / e-NAM (synthetic)
MP001655,CROP013,Mustard,Uttar Pradesh,Meerut,Meerut Mandi,2025-11-15,1909.0,2241.0,2075.0,Quintal,107.0,Agmarknet / e-NAM (synthetic)
MP001656,CROP013,Mustard,Uttar Pradesh,Meerut,Meerut Mandi,2025-12-15,2018.0,2370.0,2194.0,Quintal,35.8,Agmarknet / e-NAM (synthetic)
MP001657,CROP013,Mustard,Uttar Pradesh,Meerut,Meerut Mandi,2026-01-15,2275.0,2671.0,2473.0,Quintal,120.1,Agmarknet / e-NAM (synthetic)
MP001658,CROP013,Mustard,Uttar Pradesh,Meerut,Meerut Mandi,2026-02-15,2329.0,2733.0,2531.0,Quintal,37.9,Agmarknet / e-NAM (synthetic)
MP001659,CROP013,Mustard,Uttar Pradesh,Meerut,Meerut Mandi,2026-03-15,2582.0,3032.0,2807.0,Quintal,52.4,Agmarknet / e-NAM (synthetic)
MP001660,CROP013,Mustard,Uttar Pradesh,Meerut,Meerut Mandi,2026-04-15,2208.0,2592.0,2400.0,Quintal,101.0,Agmarknet / e-NAM (synthetic)
MP001661,CROP013,Mustard,Uttar Pradesh,Meerut,Meerut Mandi,2026-05-15,2412.0,2832.0,2622.0,Quintal,184.6,Agmarknet / e-NAM (synthetic)
MP001662,CROP013,Mustard,Uttar Pradesh,Meerut,Meerut Mandi,2026-06-15,2049.0,2405.0,2227.0,Quintal,187.1,Agmarknet / e-NAM (synthetic)
MP001663,CROP013,Mustard,Uttar Pradesh,Meerut,Meerut Mandi,2026-07-15,1963.0,2305.0,2134.0,Quintal,240.7,Agmarknet / e-NAM (synthetic)
MP001664,CROP013,Mustard,Uttar Pradesh,Meerut,Meerut Mandi,2026-08-15,1986.0,2332.0,2159.0,Quintal,47.8,Agmarknet / e-NAM (synthetic)
MP001665,CROP014,Sunflower,Madhya Pradesh,Indore,Indore Mandi,2024-01-15,1721.0,2021.0,1871.0,Quintal,105.5,Agmarknet / e-NAM (synthetic)
MP001666,CROP014,Sunflower,Madhya Pradesh,Indore,Indore Mandi,2024-02-15,1710.0,2008.0,1859.0,Quintal,158.6,Agmarknet / e-NAM (synthetic)
MP001667,CROP014,Sunflower,Madhya Pradesh,Indore,Indore Mandi,2024-03-15,1888.0,2216.0,2052.0,Quintal,113.6,Agmarknet / e-NAM (synthetic)
MP001668,CROP014,Sunflower,Madhya Pradesh,Indore,Indore Mandi,2024-04-15,1765.0,2071.0,1918.0,Quintal,119.2,Agmarknet / e-NAM (synthetic)
MP001669,CROP014,Sunflower,Madhya Pradesh,Indore,Indore Mandi,2024-05-15,1777.0,2087.0,1932.0,Quintal,48.1,Agmarknet / e-NAM (synthetic)
MP001670,CROP014,Sunflower,Madhya Pradesh,Indore,Indore Mandi,2024-06-15,1661.0,1949.0,1805.0,Quintal,71.6,Agmarknet / e-NAM (synthetic)
MP001671,CROP014,Sunflower,Madhya Pradesh,Indore,Indore Mandi,2024-07-15,1489.0,1749.0,1619.0,Quintal,87.3,Agmarknet / e-NAM (synthetic)
MP001672,CROP014,Sunflower,Madhya Pradesh,Indore,Indore Mandi,2024-08-15,1356.0,1592.0,1474.0,Quintal,115.4,Agmarknet / e-NAM (synthetic)
MP001673,CROP014,Sunflower,Madhya Pradesh,Indore,Indore Mandi,2024-09-15,1288.0,1512.0,1400.0,Quintal,197.5,Agmarknet / e-NAM (synthetic)
MP001674,CROP014,Sunflower,Madhya Pradesh,Indore,Indore Mandi,2024-10-15,1488.0,1746.0,1617.0,Quintal,82.1,Agmarknet / e-NAM (synthetic)
MP001675,CROP014,Sunflower,Madhya Pradesh,Indore,Indore Mandi,2024-11-15,1420.0,1666.0,1543.0,Quintal,191.5,Agmarknet / e-NAM (synthetic)
MP001676,CROP014,Sunflower,Madhya Pradesh,Indore,Indore Mandi,2024-12-15,1673.0,1963.0,1818.0,Quintal,168.7,Agmarknet / e-NAM (synthetic)
MP001677,CROP014,Sunflower,Madhya Pradesh,Indore,Indore Mandi,2025-01-15,1794.0,2106.0,1950.0,Quintal,196.4,Agmarknet / e-NAM (synthetic)
MP001678,CROP014,Sunflower,Madhya Pradesh,Indore,Indore Mandi,2025-02-15,1850.0,2172.0,2011.0,Quintal,125.4,Agmarknet / e-NAM (synthetic)
MP001679,CROP014,Sunflower,Madhya Pradesh,Indore,Indore Mandi,2025-03-15,1893.0,2223.0,2058.0,Quintal,61.4,Agmarknet / e-NAM (synthetic)
MP001680,CROP014,Sunflower,Madhya Pradesh,Indore,Indore Mandi,2025-04-15,1914.0,2246.0,2080.0,Quintal,113.4,Agmarknet / e-NAM (synthetic)
MP001681,CROP014,Sunflower,Madhya Pradesh,Indore,Indore Mandi,2025-05-15,1671.0,1961.0,1816.0,Quintal,46.2,Agmarknet / e-NAM (synthetic)
MP001682,CROP014,Sunflower,Madhya Pradesh,Indore,Indore Mandi,2025-06-15,1682.0,1974.0,1828.0,Quintal,183.1,Agmarknet / e-NAM (synthetic)
MP001683,CROP014,Sunflower,Madhya Pradesh,Indore,Indore Mandi,2025-07-15,1662.0,1950.0,1806.0,Quintal,37.4,Agmarknet / e-NAM (synthetic)
MP001684,CROP014,Sunflower,Madhya Pradesh,Indore,Indore Mandi,2025-08-15,1525.0,1791.0,1658.0,Quintal,136.7,Agmarknet / e-NAM (synthetic)
MP001685,CROP014,Sunflower,Madhya Pradesh,Indore,Indore Mandi,2025-09-15,1442.0,1692.0,1567.0,Quintal,54.5,Agmarknet / e-NAM (synthetic)
MP001686,CROP014,Sunflower,Madhya Pradesh,Indore,Indore Mandi,2025-10-15,1507.0,1769.0,1638.0,Quintal,94.0,Agmarknet / e-NAM (synthetic)
MP001687,CROP014,Sunflower,Madhya Pradesh,Indore,Indore Mandi,2025-11-15,1512.0,1774.0,1643.0,Quintal,185.3,Agmarknet / e-NAM (synthetic)
MP001688,CROP014,Sunflower,Madhya Pradesh,Indore,Indore Mandi,2025-12-15,1722.0,2022.0,1872.0,Quintal,64.3,Agmarknet / e-NAM (synthetic)
MP001689,CROP014,Sunflower,Madhya Pradesh,Indore,Indore Mandi,2026-01-15,1777.0,2085.0,1931.0,Quintal,49.1,Agmarknet / e-NAM (synthetic)
MP001690,CROP014,Sunflower,Madhya Pradesh,Indore,Indore Mandi,2026-02-15,1890.0,2218.0,2054.0,Quintal,222.0,Agmarknet / e-NAM (synthetic)
MP001691,CROP014,Sunflower,Madhya Pradesh,Indore,Indore Mandi,2026-03-15,1958.0,2298.0,2128.0,Quintal,75.2,Agmarknet / e-NAM (synthetic)
MP001692,CROP014,Sunflower,Madhya Pradesh,Indore,Indore Mandi,2026-04-15,1826.0,2144.0,1985.0,Quintal,173.3,Agmarknet / e-NAM (synthetic)
MP001693,CROP014,Sunflower,Madhya Pradesh,Indore,Indore Mandi,2026-05-15,1663.0,1953.0,1808.0,Quintal,107.9,Agmarknet / e-NAM (synthetic)
MP001694,CROP014,Sunflower,Madhya Pradesh,Indore,Indore Mandi,2026-06-15,1738.0,2040.0,1889.0,Quintal,117.6,Agmarknet / e-NAM (synthetic)
MP001695,CROP014,Sunflower,Madhya Pradesh,Indore,Indore Mandi,2026-07-15,1612.0,1892.0,1752.0,Quintal,72.9,Agmarknet / e-NAM (synthetic)
MP001696,CROP014,Sunflower,Madhya Pradesh,Indore,Indore Mandi,2026-08-15,1632.0,1916.0,1774.0,Quintal,171.8,Agmarknet / e-NAM (synthetic)
MP001697,CROP014,Sunflower,Uttar Pradesh,Meerut,Meerut Mandi,2024-01-15,1646.0,1932.0,1789.0,Quintal,67.2,Agmarknet / e-NAM (synthetic)
MP001698,CROP014,Sunflower,Uttar Pradesh,Meerut,Meerut Mandi,2024-02-15,1744.0,2048.0,1896.0,Quintal,63.1,Agmarknet / e-NAM (synthetic)
MP001699,CROP014,Sunflower,Uttar Pradesh,Meerut,Meerut Mandi,2024-03-15,1779.0,2089.0,1934.0,Quintal,308.2,Agmarknet / e-NAM (synthetic)
MP001700,CROP014,Sunflower,Uttar Pradesh,Meerut,Meerut Mandi,2024-04-15,1777.0,2085.0,1931.0,Quintal,34.3,Agmarknet / e-NAM (synthetic)
MP001701,CROP014,Sunflower,Uttar Pradesh,Meerut,Meerut Mandi,2024-05-15,1637.0,1921.0,1779.0,Quintal,123.1,Agmarknet / e-NAM (synthetic)
MP001702,CROP014,Sunflower,Uttar Pradesh,Meerut,Meerut Mandi,2024-06-15,1590.0,1866.0,1728.0,Quintal,105.2,Agmarknet / e-NAM (synthetic)
MP001703,CROP014,Sunflower,Uttar Pradesh,Meerut,Meerut Mandi,2024-07-15,1465.0,1719.0,1592.0,Quintal,107.0,Agmarknet / e-NAM (synthetic)
MP001704,CROP014,Sunflower,Uttar Pradesh,Meerut,Meerut Mandi,2024-08-15,1493.0,1753.0,1623.0,Quintal,55.8,Agmarknet / e-NAM (synthetic)
MP001705,CROP014,Sunflower,Uttar Pradesh,Meerut,Meerut Mandi,2024-09-15,1364.0,1602.0,1483.0,Quintal,519.1,Agmarknet / e-NAM (synthetic)
MP001706,CROP014,Sunflower,Uttar Pradesh,Meerut,Meerut Mandi,2024-10-15,1360.0,1596.0,1478.0,Quintal,211.8,Agmarknet / e-NAM (synthetic)
MP001707,CROP014,Sunflower,Uttar Pradesh,Meerut,Meerut Mandi,2024-11-15,1443.0,1693.0,1568.0,Quintal,150.3,Agmarknet / e-NAM (synthetic)
MP001708,CROP014,Sunflower,Uttar Pradesh,Meerut,Meerut Mandi,2024-12-15,1539.0,1807.0,1673.0,Quintal,137.1,Agmarknet / e-NAM (synthetic)
MP001709,CROP014,Sunflower,Uttar Pradesh,Meerut,Meerut Mandi,2025-01-15,1745.0,2049.0,1897.0,Quintal,105.9,Agmarknet / e-NAM (synthetic)
MP001710,CROP014,Sunflower,Uttar Pradesh,Meerut,Meerut Mandi,2025-02-15,1748.0,2052.0,1900.0,Quintal,70.9,Agmarknet / e-NAM (synthetic)
MP001711,CROP014,Sunflower,Uttar Pradesh,Meerut,Meerut Mandi,2025-03-15,1804.0,2118.0,1961.0,Quintal,56.4,Agmarknet / e-NAM (synthetic)
MP001712,CROP014,Sunflower,Uttar Pradesh,Meerut,Meerut Mandi,2025-04-15,1903.0,2235.0,2069.0,Quintal,174.3,Agmarknet / e-NAM (synthetic)
MP001713,CROP014,Sunflower,Uttar Pradesh,Meerut,Meerut Mandi,2025-05-15,1784.0,2094.0,1939.0,Quintal,168.8,Agmarknet / e-NAM (synthetic)
MP001714,CROP014,Sunflower,Uttar Pradesh,Meerut,Meerut Mandi,2025-06-15,1750.0,2054.0,1902.0,Quintal,159.5,Agmarknet / e-NAM (synthetic)
MP001715,CROP014,Sunflower,Uttar Pradesh,Meerut,Meerut Mandi,2025-07-15,1547.0,1817.0,1682.0,Quintal,67.0,Agmarknet / e-NAM (synthetic)
MP001716,CROP014,Sunflower,Uttar Pradesh,Meerut,Meerut Mandi,2025-08-15,1532.0,1798.0,1665.0,Quintal,67.8,Agmarknet / e-NAM (synthetic)
MP001717,CROP014,Sunflower,Uttar Pradesh,Meerut,Meerut Mandi,2025-09-15,1384.0,1624.0,1504.0,Quintal,105.4,Agmarknet / e-NAM (synthetic)
MP001718,CROP014,Sunflower,Uttar Pradesh,Meerut,Meerut Mandi,2025-10-15,1362.0,1598.0,1480.0,Quintal,85.6,Agmarknet / e-NAM (synthetic)
MP001719,CROP014,Sunflower,Uttar Pradesh,Meerut,Meerut Mandi,2025-11-15,1665.0,1955.0,1810.0,Quintal,90.5,Agmarknet / e-NAM (synthetic)
MP001720,CROP014,Sunflower,Uttar Pradesh,Meerut,Meerut Mandi,2025-12-15,1696.0,1990.0,1843.0,Quintal,80.7,Agmarknet / e-NAM (synthetic)
MP001721,CROP014,Sunflower,Uttar Pradesh,Meerut,Meerut Mandi,2026-01-15,1951.0,2291.0,2121.0,Quintal,101.4,Agmarknet / e-NAM (synthetic)
MP001722,CROP014,Sunflower,Uttar Pradesh,Meerut,Meerut Mandi,2026-02-15,1999.0,2347.0,2173.0,Quintal,159.1,Agmarknet / e-NAM (synthetic)
MP001723,CROP014,Sunflower,Uttar Pradesh,Meerut,Meerut Mandi,2026-03-15,2174.0,2552.0,2363.0,Quintal,64.9,Agmarknet / e-NAM (synthetic)
MP001724,CROP014,Sunflower,Uttar Pradesh,Meerut,Meerut Mandi,2026-04-15,2049.0,2405.0,2227.0,Quintal,206.9,Agmarknet / e-NAM (synthetic)
MP001725,CROP014,Sunflower,Uttar Pradesh,Meerut,Meerut Mandi,2026-05-15,2003.0,2351.0,2177.0,Quintal,65.8,Agmarknet / e-NAM (synthetic)
MP001726,CROP014,Sunflower,Uttar Pradesh,Meerut,Meerut Mandi,2026-06-15,1576.0,1850.0,1713.0,Quintal,138.8,Agmarknet / e-NAM (synthetic)
MP001727,CROP014,Sunflower,Uttar Pradesh,Meerut,Meerut Mandi,2026-07-15,1559.0,1831.0,1695.0,Quintal,137.6,Agmarknet / e-NAM (synthetic)
MP001728,CROP014,Sunflower,Uttar Pradesh,Meerut,Meerut Mandi,2026-08-15,1578.0,1852.0,1715.0,Quintal,78.9,Agmarknet / e-NAM (synthetic)
MP001729,CROP014,Sunflower,Rajasthan,Jaipur,Jaipur Mandi,2024-01-15,1736.0,2038.0,1887.0,Quintal,231.7,Agmarknet / e-NAM (synthetic)
MP001730,CROP014,Sunflower,Rajasthan,Jaipur,Jaipur Mandi,2024-02-15,1807.0,2121.0,1964.0,Quintal,37.6,Agmarknet / e-NAM (synthetic)
MP001731,CROP014,Sunflower,Rajasthan,Jaipur,Jaipur Mandi,2024-03-15,1786.0,2096.0,1941.0,Quintal,131.5,Agmarknet / e-NAM (synthetic)
MP001732,CROP014,Sunflower,Rajasthan,Jaipur,Jaipur Mandi,2024-04-15,1750.0,2054.0,1902.0,Quintal,63.1,Agmarknet / e-NAM (synthetic)
MP001733,CROP014,Sunflower,Rajasthan,Jaipur,Jaipur Mandi,2024-05-15,1708.0,2004.0,1856.0,Quintal,102.7,Agmarknet / e-NAM (synthetic)
MP001734,CROP014,Sunflower,Rajasthan,Jaipur,Jaipur Mandi,2024-06-15,1604.0,1884.0,1744.0,Quintal,70.6,Agmarknet / e-NAM (synthetic)
MP001735,CROP014,Sunflower,Rajasthan,Jaipur,Jaipur Mandi,2024-07-15,1451.0,1703.0,1577.0,Quintal,226.3,Agmarknet / e-NAM (synthetic)
MP001736,CROP014,Sunflower,Rajasthan,Jaipur,Jaipur Mandi,2024-08-15,1334.0,1566.0,1450.0,Quintal,114.8,Agmarknet / e-NAM (synthetic)
MP001737,CROP014,Sunflower,Rajasthan,Jaipur,Jaipur Mandi,2024-09-15,1396.0,1638.0,1517.0,Quintal,128.4,Agmarknet / e-NAM (synthetic)
MP001738,CROP014,Sunflower,Rajasthan,Jaipur,Jaipur Mandi,2024-10-15,1406.0,1650.0,1528.0,Quintal,20.8,Agmarknet / e-NAM (synthetic)
MP001739,CROP014,Sunflower,Rajasthan,Jaipur,Jaipur Mandi,2024-11-15,1576.0,1850.0,1713.0,Quintal,132.5,Agmarknet / e-NAM (synthetic)
MP001740,CROP014,Sunflower,Rajasthan,Jaipur,Jaipur Mandi,2024-12-15,1636.0,1920.0,1778.0,Quintal,104.4,Agmarknet / e-NAM (synthetic)
MP001741,CROP014,Sunflower,Rajasthan,Jaipur,Jaipur Mandi,2025-01-15,1751.0,2055.0,1903.0,Quintal,67.7,Agmarknet / e-NAM (synthetic)
MP001742,CROP014,Sunflower,Rajasthan,Jaipur,Jaipur Mandi,2025-02-15,1846.0,2168.0,2007.0,Quintal,175.0,Agmarknet / e-NAM (synthetic)
MP001743,CROP014,Sunflower,Rajasthan,Jaipur,Jaipur Mandi,2025-03-15,1947.0,2285.0,2116.0,Quintal,74.3,Agmarknet / e-NAM (synthetic)
MP001744,CROP014,Sunflower,Rajasthan,Jaipur,Jaipur Mandi,2025-04-15,1789.0,2101.0,1945.0,Quintal,68.9,Agmarknet / e-NAM (synthetic)
MP001745,CROP014,Sunflower,Rajasthan,Jaipur,Jaipur Mandi,2025-05-15,1660.0,1948.0,1804.0,Quintal,162.7,Agmarknet / e-NAM (synthetic)
MP001746,CROP014,Sunflower,Rajasthan,Jaipur,Jaipur Mandi,2025-06-15,1717.0,2015.0,1866.0,Quintal,91.1,Agmarknet / e-NAM (synthetic)
MP001747,CROP014,Sunflower,Rajasthan,Jaipur,Jaipur Mandi,2025-07-15,1515.0,1779.0,1647.0,Quintal,103.6,Agmarknet / e-NAM (synthetic)
MP001748,CROP014,Sunflower,Rajasthan,Jaipur,Jaipur Mandi,2025-08-15,1522.0,1786.0,1654.0,Quintal,39.3,Agmarknet / e-NAM (synthetic)
MP001749,CROP014,Sunflower,Rajasthan,Jaipur,Jaipur Mandi,2025-09-15,1603.0,1881.0,1742.0,Quintal,136.6,Agmarknet / e-NAM (synthetic)
MP001750,CROP014,Sunflower,Rajasthan,Jaipur,Jaipur Mandi,2025-10-15,1521.0,1785.0,1653.0,Quintal,63.2,Agmarknet / e-NAM (synthetic)
MP001751,CROP014,Sunflower,Rajasthan,Jaipur,Jaipur Mandi,2025-11-15,1510.0,1772.0,1641.0,Quintal,45.2,Agmarknet / e-NAM (synthetic)
MP001752,CROP014,Sunflower,Rajasthan,Jaipur,Jaipur Mandi,2025-12-15,1703.0,1999.0,1851.0,Quintal,177.9,Agmarknet / e-NAM (synthetic)
MP001753,CROP014,Sunflower,Rajasthan,Jaipur,Jaipur Mandi,2026-01-15,1905.0,2237.0,2071.0,Quintal,58.1,Agmarknet / e-NAM (synthetic)
MP001754,CROP014,Sunflower,Rajasthan,Jaipur,Jaipur Mandi,2026-02-15,2049.0,2405.0,2227.0,Quintal,104.5,Agmarknet / e-NAM (synthetic)
MP001755,CROP014,Sunflower,Rajasthan,Jaipur,Jaipur Mandi,2026-03-15,2099.0,2463.0,2281.0,Quintal,122.3,Agmarknet / e-NAM (synthetic)
MP001756,CROP014,Sunflower,Rajasthan,Jaipur,Jaipur Mandi,2026-04-15,1920.0,2254.0,2087.0,Quintal,52.4,Agmarknet / e-NAM (synthetic)
MP001757,CROP014,Sunflower,Rajasthan,Jaipur,Jaipur Mandi,2026-05-15,1899.0,2229.0,2064.0,Quintal,131.5,Agmarknet / e-NAM (synthetic)
MP001758,CROP014,Sunflower,Rajasthan,Jaipur,Jaipur Mandi,2026-06-15,1678.0,1970.0,1824.0,Quintal,160.0,Agmarknet / e-NAM (synthetic)
MP001759,CROP014,Sunflower,Rajasthan,Jaipur,Jaipur Mandi,2026-07-15,1644.0,1930.0,1787.0,Quintal,83.9,Agmarknet / e-NAM (synthetic)
MP001760,CROP014,Sunflower,Rajasthan,Jaipur,Jaipur Mandi,2026-08-15,1561.0,1833.0,1697.0,Quintal,166.4,Agmarknet / e-NAM (synthetic)
MP001761,CROP014,Sunflower,Bihar,Patna,Patna Mandi,2024-01-15,1685.0,1979.0,1832.0,Quintal,138.3,Agmarknet / e-NAM (synthetic)
MP001762,CROP014,Sunflower,Bihar,Patna,Patna Mandi,2024-02-15,1680.0,1972.0,1826.0,Quintal,69.1,Agmarknet / e-NAM (synthetic)
MP001763,CROP014,Sunflower,Bihar,Patna,Patna Mandi,2024-03-15,1933.0,2269.0,2101.0,Quintal,86.2,Agmarknet / e-NAM (synthetic)
MP001764,CROP014,Sunflower,Bihar,Patna,Patna Mandi,2024-04-15,1613.0,1893.0,1753.0,Quintal,56.7,Agmarknet / e-NAM (synthetic)
MP001765,CROP014,Sunflower,Bihar,Patna,Patna Mandi,2024-05-15,1701.0,1997.0,1849.0,Quintal,77.7,Agmarknet / e-NAM (synthetic)
MP001766,CROP014,Sunflower,Bihar,Patna,Patna Mandi,2024-06-15,1648.0,1934.0,1791.0,Quintal,49.5,Agmarknet / e-NAM (synthetic)
MP001767,CROP014,Sunflower,Bihar,Patna,Patna Mandi,2024-07-15,1303.0,1529.0,1416.0,Quintal,97.3,Agmarknet / e-NAM (synthetic)
MP001768,CROP014,Sunflower,Bihar,Patna,Patna Mandi,2024-08-15,1358.0,1594.0,1476.0,Quintal,198.9,Agmarknet / e-NAM (synthetic)
MP001769,CROP014,Sunflower,Bihar,Patna,Patna Mandi,2024-09-15,1294.0,1520.0,1407.0,Quintal,63.3,Agmarknet / e-NAM (synthetic)
MP001770,CROP014,Sunflower,Bihar,Patna,Patna Mandi,2024-10-15,1409.0,1655.0,1532.0,Quintal,94.0,Agmarknet / e-NAM (synthetic)
MP001771,CROP014,Sunflower,Bihar,Patna,Patna Mandi,2024-11-15,1327.0,1557.0,1442.0,Quintal,108.8,Agmarknet / e-NAM (synthetic)
MP001772,CROP014,Sunflower,Bihar,Patna,Patna Mandi,2024-12-15,1729.0,2029.0,1879.0,Quintal,152.5,Agmarknet / e-NAM (synthetic)
MP001773,CROP014,Sunflower,Bihar,Patna,Patna Mandi,2025-01-15,1679.0,1971.0,1825.0,Quintal,185.4,Agmarknet / e-NAM (synthetic)
MP001774,CROP014,Sunflower,Bihar,Patna,Patna Mandi,2025-02-15,2027.0,2379.0,2203.0,Quintal,209.1,Agmarknet / e-NAM (synthetic)
MP001775,CROP014,Sunflower,Bihar,Patna,Patna Mandi,2025-03-15,1857.0,2179.0,2018.0,Quintal,181.9,Agmarknet / e-NAM (synthetic)
MP001776,CROP014,Sunflower,Bihar,Patna,Patna Mandi,2025-04-15,1742.0,2046.0,1894.0,Quintal,154.3,Agmarknet / e-NAM (synthetic)
MP001777,CROP014,Sunflower,Bihar,Patna,Patna Mandi,2025-05-15,1631.0,1915.0,1773.0,Quintal,73.9,Agmarknet / e-NAM (synthetic)
MP001778,CROP014,Sunflower,Bihar,Patna,Patna Mandi,2025-06-15,1651.0,1939.0,1795.0,Quintal,153.4,Agmarknet / e-NAM (synthetic)
MP001779,CROP014,Sunflower,Bihar,Patna,Patna Mandi,2025-07-15,1617.0,1899.0,1758.0,Quintal,201.4,Agmarknet / e-NAM (synthetic)
MP001780,CROP014,Sunflower,Bihar,Patna,Patna Mandi,2025-08-15,1459.0,1713.0,1586.0,Quintal,126.7,Agmarknet / e-NAM (synthetic)
MP001781,CROP014,Sunflower,Bihar,Patna,Patna Mandi,2025-09-15,1406.0,1650.0,1528.0,Quintal,173.0,Agmarknet / e-NAM (synthetic)
MP001782,CROP014,Sunflower,Bihar,Patna,Patna Mandi,2025-10-15,1423.0,1671.0,1547.0,Quintal,75.5,Agmarknet / e-NAM (synthetic)
MP001783,CROP014,Sunflower,Bihar,Patna,Patna Mandi,2025-11-15,1591.0,1867.0,1729.0,Quintal,128.9,Agmarknet / e-NAM (synthetic)
MP001784,CROP014,Sunflower,Bihar,Patna,Patna Mandi,2025-12-15,1543.0,1811.0,1677.0,Quintal,91.8,Agmarknet / e-NAM (synthetic)
MP001785,CROP014,Sunflower,Bihar,Patna,Patna Mandi,2026-01-15,1888.0,2216.0,2052.0,Quintal,207.8,Agmarknet / e-NAM (synthetic)
MP001786,CROP014,Sunflower,Bihar,Patna,Patna Mandi,2026-02-15,1889.0,2217.0,2053.0,Quintal,206.1,Agmarknet / e-NAM (synthetic)
MP001787,CROP014,Sunflower,Bihar,Patna,Patna Mandi,2026-03-15,1947.0,2285.0,2116.0,Quintal,94.7,Agmarknet / e-NAM (synthetic)
MP001788,CROP014,Sunflower,Bihar,Patna,Patna Mandi,2026-04-15,2088.0,2452.0,2270.0,Quintal,79.6,Agmarknet / e-NAM (synthetic)
MP001789,CROP014,Sunflower,Bihar,Patna,Patna Mandi,2026-05-15,1752.0,2056.0,1904.0,Quintal,259.5,Agmarknet / e-NAM (synthetic)
MP001790,CROP014,Sunflower,Bihar,Patna,Patna Mandi,2026-06-15,1714.0,2012.0,1863.0,Quintal,85.4,Agmarknet / e-NAM (synthetic)
MP001791,CROP014,Sunflower,Bihar,Patna,Patna Mandi,2026-07-15,1369.0,1607.0,1488.0,Quintal,114.9,Agmarknet / e-NAM (synthetic)
MP001792,CROP014,Sunflower,Bihar,Patna,Patna Mandi,2026-08-15,1560.0,1832.0,1696.0,Quintal,129.0,Agmarknet / e-NAM (synthetic)
MP001793,CROP015,Sesame,Rajasthan,Kota,Kota Mandi,2024-01-15,3056.0,3588.0,3322.0,Quintal,174.1,Agmarknet / e-NAM (synthetic)
MP001794,CROP015,Sesame,Rajasthan,Kota,Kota Mandi,2024-02-15,3193.0,3749.0,3471.0,Quintal,174.8,Agmarknet / e-NAM (synthetic)
MP001795,CROP015,Sesame,Rajasthan,Kota,Kota Mandi,2024-03-15,3374.0,3960.0,3667.0,Quintal,138.7,Agmarknet / e-NAM (synthetic)
MP001796,CROP015,Sesame,Rajasthan,Kota,Kota Mandi,2024-04-15,3149.0,3697.0,3423.0,Quintal,177.0,Agmarknet / e-NAM (synthetic)
MP001797,CROP015,Sesame,Rajasthan,Kota,Kota Mandi,2024-05-15,3057.0,3589.0,3323.0,Quintal,60.2,Agmarknet / e-NAM (synthetic)
MP001798,CROP015,Sesame,Rajasthan,Kota,Kota Mandi,2024-06-15,2742.0,3218.0,2980.0,Quintal,84.6,Agmarknet / e-NAM (synthetic)
MP001799,CROP015,Sesame,Rajasthan,Kota,Kota Mandi,2024-07-15,2607.0,3061.0,2834.0,Quintal,75.4,Agmarknet / e-NAM (synthetic)
MP001800,CROP015,Sesame,Rajasthan,Kota,Kota Mandi,2024-08-15,2614.0,3068.0,2841.0,Quintal,212.7,Agmarknet / e-NAM (synthetic)
MP001801,CROP015,Sesame,Rajasthan,Kota,Kota Mandi,2024-09-15,2329.0,2735.0,2532.0,Quintal,86.7,Agmarknet / e-NAM (synthetic)
MP001802,CROP015,Sesame,Rajasthan,Kota,Kota Mandi,2024-10-15,2432.0,2854.0,2643.0,Quintal,137.7,Agmarknet / e-NAM (synthetic)
MP001803,CROP015,Sesame,Rajasthan,Kota,Kota Mandi,2024-11-15,2626.0,3082.0,2854.0,Quintal,110.9,Agmarknet / e-NAM (synthetic)
MP001804,CROP015,Sesame,Rajasthan,Kota,Kota Mandi,2024-12-15,2877.0,3377.0,3127.0,Quintal,93.9,Agmarknet / e-NAM (synthetic)
MP001805,CROP015,Sesame,Rajasthan,Kota,Kota Mandi,2025-01-15,3049.0,3579.0,3314.0,Quintal,82.8,Agmarknet / e-NAM (synthetic)
MP001806,CROP015,Sesame,Rajasthan,Kota,Kota Mandi,2025-02-15,3058.0,3590.0,3324.0,Quintal,36.1,Agmarknet / e-NAM (synthetic)
MP001807,CROP015,Sesame,Rajasthan,Kota,Kota Mandi,2025-03-15,3205.0,3763.0,3484.0,Quintal,147.7,Agmarknet / e-NAM (synthetic)
MP001808,CROP015,Sesame,Rajasthan,Kota,Kota Mandi,2025-04-15,3278.0,3848.0,3563.0,Quintal,56.8,Agmarknet / e-NAM (synthetic)
MP001809,CROP015,Sesame,Rajasthan,Kota,Kota Mandi,2025-05-15,3065.0,3599.0,3332.0,Quintal,124.2,Agmarknet / e-NAM (synthetic)
MP001810,CROP015,Sesame,Rajasthan,Kota,Kota Mandi,2025-06-15,3065.0,3597.0,3331.0,Quintal,104.2,Agmarknet / e-NAM (synthetic)
MP001811,CROP015,Sesame,Rajasthan,Kota,Kota Mandi,2025-07-15,2921.0,3429.0,3175.0,Quintal,175.9,Agmarknet / e-NAM (synthetic)
MP001812,CROP015,Sesame,Rajasthan,Kota,Kota Mandi,2025-08-15,2569.0,3015.0,2792.0,Quintal,109.7,Agmarknet / e-NAM (synthetic)
MP001813,CROP015,Sesame,Rajasthan,Kota,Kota Mandi,2025-09-15,2577.0,3025.0,2801.0,Quintal,137.8,Agmarknet / e-NAM (synthetic)
MP001814,CROP015,Sesame,Rajasthan,Kota,Kota Mandi,2025-10-15,2556.0,3000.0,2778.0,Quintal,62.6,Agmarknet / e-NAM (synthetic)
MP001815,CROP015,Sesame,Rajasthan,Kota,Kota Mandi,2025-11-15,2663.0,3127.0,2895.0,Quintal,123.4,Agmarknet / e-NAM (synthetic)
MP001816,CROP015,Sesame,Rajasthan,Kota,Kota Mandi,2025-12-15,2951.0,3465.0,3208.0,Quintal,54.9,Agmarknet / e-NAM (synthetic)
MP001817,CROP015,Sesame,Rajasthan,Kota,Kota Mandi,2026-01-15,3277.0,3847.0,3562.0,Quintal,157.4,Agmarknet / e-NAM (synthetic)
MP001818,CROP015,Sesame,Rajasthan,Kota,Kota Mandi,2026-02-15,3464.0,4066.0,3765.0,Quintal,115.0,Agmarknet / e-NAM (synthetic)
MP001819,CROP015,Sesame,Rajasthan,Kota,Kota Mandi,2026-03-15,3423.0,4019.0,3721.0,Quintal,205.7,Agmarknet / e-NAM (synthetic)
MP001820,CROP015,Sesame,Rajasthan,Kota,Kota Mandi,2026-04-15,3412.0,4006.0,3709.0,Quintal,74.8,Agmarknet / e-NAM (synthetic)
MP001821,CROP015,Sesame,Rajasthan,Kota,Kota Mandi,2026-05-15,3272.0,3842.0,3557.0,Quintal,169.2,Agmarknet / e-NAM (synthetic)
MP001822,CROP015,Sesame,Rajasthan,Kota,Kota Mandi,2026-06-15,3222.0,3782.0,3502.0,Quintal,42.3,Agmarknet / e-NAM (synthetic)
MP001823,CROP015,Sesame,Rajasthan,Kota,Kota Mandi,2026-07-15,2891.0,3393.0,3142.0,Quintal,61.3,Agmarknet / e-NAM (synthetic)
MP001824,CROP015,Sesame,Rajasthan,Kota,Kota Mandi,2026-08-15,2938.0,3450.0,3194.0,Quintal,66.8,Agmarknet / e-NAM (synthetic)
MP001825,CROP015,Sesame,West Bengal,Bardhaman,Bardhaman Mandi,2024-01-15,2893.0,3397.0,3145.0,Quintal,76.8,Agmarknet / e-NAM (synthetic)
MP001826,CROP015,Sesame,West Bengal,Bardhaman,Bardhaman Mandi,2024-02-15,3205.0,3763.0,3484.0,Quintal,107.4,Agmarknet / e-NAM (synthetic)
MP001827,CROP015,Sesame,West Bengal,Bardhaman,Bardhaman Mandi,2024-03-15,3134.0,3680.0,3407.0,Quintal,158.3,Agmarknet / e-NAM (synthetic)
MP001828,CROP015,Sesame,West Bengal,Bardhaman,Bardhaman Mandi,2024-04-15,3341.0,3921.0,3631.0,Quintal,74.5,Agmarknet / e-NAM (synthetic)
MP001829,CROP015,Sesame,West Bengal,Bardhaman,Bardhaman Mandi,2024-05-15,3024.0,3550.0,3287.0,Quintal,165.7,Agmarknet / e-NAM (synthetic)
MP001830,CROP015,Sesame,West Bengal,Bardhaman,Bardhaman Mandi,2024-06-15,2712.0,3184.0,2948.0,Quintal,42.9,Agmarknet / e-NAM (synthetic)
MP001831,CROP015,Sesame,West Bengal,Bardhaman,Bardhaman Mandi,2024-07-15,2822.0,3312.0,3067.0,Quintal,242.8,Agmarknet / e-NAM (synthetic)
MP001832,CROP015,Sesame,West Bengal,Bardhaman,Bardhaman Mandi,2024-08-15,2716.0,3188.0,2952.0,Quintal,144.0,Agmarknet / e-NAM (synthetic)
MP001833,CROP015,Sesame,West Bengal,Bardhaman,Bardhaman Mandi,2024-09-15,2439.0,2863.0,2651.0,Quintal,104.6,Agmarknet / e-NAM (synthetic)
MP001834,CROP015,Sesame,West Bengal,Bardhaman,Bardhaman Mandi,2024-10-15,2679.0,3145.0,2912.0,Quintal,219.3,Agmarknet / e-NAM (synthetic)
MP001835,CROP015,Sesame,West Bengal,Bardhaman,Bardhaman Mandi,2024-11-15,2444.0,2868.0,2656.0,Quintal,118.2,Agmarknet / e-NAM (synthetic)
MP001836,CROP015,Sesame,West Bengal,Bardhaman,Bardhaman Mandi,2024-12-15,2835.0,3329.0,3082.0,Quintal,146.3,Agmarknet / e-NAM (synthetic)
MP001837,CROP015,Sesame,West Bengal,Bardhaman,Bardhaman Mandi,2025-01-15,3251.0,3817.0,3534.0,Quintal,38.4,Agmarknet / e-NAM (synthetic)
MP001838,CROP015,Sesame,West Bengal,Bardhaman,Bardhaman Mandi,2025-02-15,3231.0,3793.0,3512.0,Quintal,172.4,Agmarknet / e-NAM (synthetic)
MP001839,CROP015,Sesame,West Bengal,Bardhaman,Bardhaman Mandi,2025-03-15,3368.0,3954.0,3661.0,Quintal,142.4,Agmarknet / e-NAM (synthetic)
MP001840,CROP015,Sesame,West Bengal,Bardhaman,Bardhaman Mandi,2025-04-15,3311.0,3887.0,3599.0,Quintal,325.9,Agmarknet / e-NAM (synthetic)
MP001841,CROP015,Sesame,West Bengal,Bardhaman,Bardhaman Mandi,2025-05-15,2992.0,3512.0,3252.0,Quintal,110.8,Agmarknet / e-NAM (synthetic)
MP001842,CROP015,Sesame,West Bengal,Bardhaman,Bardhaman Mandi,2025-06-15,2967.0,3483.0,3225.0,Quintal,43.5,Agmarknet / e-NAM (synthetic)
MP001843,CROP015,Sesame,West Bengal,Bardhaman,Bardhaman Mandi,2025-07-15,2685.0,3153.0,2919.0,Quintal,45.4,Agmarknet / e-NAM (synthetic)
MP001844,CROP015,Sesame,West Bengal,Bardhaman,Bardhaman Mandi,2025-08-15,2821.0,3311.0,3066.0,Quintal,98.7,Agmarknet / e-NAM (synthetic)
MP001845,CROP015,Sesame,West Bengal,Bardhaman,Bardhaman Mandi,2025-09-15,2464.0,2892.0,2678.0,Quintal,159.8,Agmarknet / e-NAM (synthetic)
MP001846,CROP015,Sesame,West Bengal,Bardhaman,Bardhaman Mandi,2025-10-15,2626.0,3082.0,2854.0,Quintal,23.1,Agmarknet / e-NAM (synthetic)
MP001847,CROP015,Sesame,West Bengal,Bardhaman,Bardhaman Mandi,2025-11-15,2606.0,3060.0,2833.0,Quintal,171.1,Agmarknet / e-NAM (synthetic)
MP001848,CROP015,Sesame,West Bengal,Bardhaman,Bardhaman Mandi,2025-12-15,2897.0,3401.0,3149.0,Quintal,151.6,Agmarknet / e-NAM (synthetic)
MP001849,CROP015,Sesame,West Bengal,Bardhaman,Bardhaman Mandi,2026-01-15,3188.0,3742.0,3465.0,Quintal,63.8,Agmarknet / e-NAM (synthetic)
MP001850,CROP015,Sesame,West Bengal,Bardhaman,Bardhaman Mandi,2026-02-15,3396.0,3986.0,3691.0,Quintal,183.2,Agmarknet / e-NAM (synthetic)
MP001851,CROP015,Sesame,West Bengal,Bardhaman,Bardhaman Mandi,2026-03-15,3490.0,4096.0,3793.0,Quintal,227.1,Agmarknet / e-NAM (synthetic)
MP001852,CROP015,Sesame,West Bengal,Bardhaman,Bardhaman Mandi,2026-04-15,3261.0,3829.0,3545.0,Quintal,139.1,Agmarknet / e-NAM (synthetic)
MP001853,CROP015,Sesame,West Bengal,Bardhaman,Bardhaman Mandi,2026-05-15,3196.0,3752.0,3474.0,Quintal,65.2,Agmarknet / e-NAM (synthetic)
MP001854,CROP015,Sesame,West Bengal,Bardhaman,Bardhaman Mandi,2026-06-15,3100.0,3640.0,3370.0,Quintal,184.3,Agmarknet / e-NAM (synthetic)
MP001855,CROP015,Sesame,West Bengal,Bardhaman,Bardhaman Mandi,2026-07-15,2976.0,3494.0,3235.0,Quintal,79.0,Agmarknet / e-NAM (synthetic)
MP001856,CROP015,Sesame,West Bengal,Bardhaman,Bardhaman Mandi,2026-08-15,2778.0,3262.0,3020.0,Quintal,65.2,Agmarknet / e-NAM (synthetic)
MP001857,CROP015,Sesame,Madhya Pradesh,Indore,Indore Mandi,2024-01-15,2942.0,3454.0,3198.0,Quintal,166.8,Agmarknet / e-NAM (synthetic)
MP001858,CROP015,Sesame,Madhya Pradesh,Indore,Indore Mandi,2024-02-15,3311.0,3887.0,3599.0,Quintal,105.9,Agmarknet / e-NAM (synthetic)
MP001859,CROP015,Sesame,Madhya Pradesh,Indore,Indore Mandi,2024-03-15,3172.0,3724.0,3448.0,Quintal,98.1,Agmarknet / e-NAM (synthetic)
MP001860,CROP015,Sesame,Madhya Pradesh,Indore,Indore Mandi,2024-04-15,2966.0,3482.0,3224.0,Quintal,38.3,Agmarknet / e-NAM (synthetic)
MP001861,CROP015,Sesame,Madhya Pradesh,Indore,Indore Mandi,2024-05-15,3028.0,3554.0,3291.0,Quintal,164.3,Agmarknet / e-NAM (synthetic)
MP001862,CROP015,Sesame,Madhya Pradesh,Indore,Indore Mandi,2024-06-15,2768.0,3250.0,3009.0,Quintal,90.1,Agmarknet / e-NAM (synthetic)
MP001863,CROP015,Sesame,Madhya Pradesh,Indore,Indore Mandi,2024-07-15,2621.0,3077.0,2849.0,Quintal,95.0,Agmarknet / e-NAM (synthetic)
MP001864,CROP015,Sesame,Madhya Pradesh,Indore,Indore Mandi,2024-08-15,2700.0,3170.0,2935.0,Quintal,149.9,Agmarknet / e-NAM (synthetic)
MP001865,CROP015,Sesame,Madhya Pradesh,Indore,Indore Mandi,2024-09-15,2479.0,2911.0,2695.0,Quintal,44.3,Agmarknet / e-NAM (synthetic)
MP001866,CROP015,Sesame,Madhya Pradesh,Indore,Indore Mandi,2024-10-15,2575.0,3023.0,2799.0,Quintal,182.6,Agmarknet / e-NAM (synthetic)
MP001867,CROP015,Sesame,Madhya Pradesh,Indore,Indore Mandi,2024-11-15,2680.0,3146.0,2913.0,Quintal,72.5,Agmarknet / e-NAM (synthetic)
MP001868,CROP015,Sesame,Madhya Pradesh,Indore,Indore Mandi,2024-12-15,2948.0,3460.0,3204.0,Quintal,133.6,Agmarknet / e-NAM (synthetic)
MP001869,CROP015,Sesame,Madhya Pradesh,Indore,Indore Mandi,2025-01-15,3143.0,3689.0,3416.0,Quintal,81.4,Agmarknet / e-NAM (synthetic)
MP001870,CROP015,Sesame,Madhya Pradesh,Indore,Indore Mandi,2025-02-15,3240.0,3804.0,3522.0,Quintal,122.0,Agmarknet / e-NAM (synthetic)
MP001871,CROP015,Sesame,Madhya Pradesh,Indore,Indore Mandi,2025-03-15,3355.0,3939.0,3647.0,Quintal,75.3,Agmarknet / e-NAM (synthetic)
MP001872,CROP015,Sesame,Madhya Pradesh,Indore,Indore Mandi,2025-04-15,3340.0,3920.0,3630.0,Quintal,186.5,Agmarknet / e-NAM (synthetic)
MP001873,CROP015,Sesame,Madhya Pradesh,Indore,Indore Mandi,2025-05-15,3479.0,4083.0,3781.0,Quintal,113.7,Agmarknet / e-NAM (synthetic)
MP001874,CROP015,Sesame,Madhya Pradesh,Indore,Indore Mandi,2025-06-15,2795.0,3281.0,3038.0,Quintal,36.5,Agmarknet / e-NAM (synthetic)
MP001875,CROP015,Sesame,Madhya Pradesh,Indore,Indore Mandi,2025-07-15,2481.0,2913.0,2697.0,Quintal,66.1,Agmarknet / e-NAM (synthetic)
MP001876,CROP015,Sesame,Madhya Pradesh,Indore,Indore Mandi,2025-08-15,2818.0,3308.0,3063.0,Quintal,43.6,Agmarknet / e-NAM (synthetic)
MP001877,CROP015,Sesame,Madhya Pradesh,Indore,Indore Mandi,2025-09-15,2543.0,2985.0,2764.0,Quintal,347.4,Agmarknet / e-NAM (synthetic)
MP001878,CROP015,Sesame,Madhya Pradesh,Indore,Indore Mandi,2025-10-15,2681.0,3147.0,2914.0,Quintal,179.4,Agmarknet / e-NAM (synthetic)
MP001879,CROP015,Sesame,Madhya Pradesh,Indore,Indore Mandi,2025-11-15,2875.0,3375.0,3125.0,Quintal,87.5,Agmarknet / e-NAM (synthetic)
MP001880,CROP015,Sesame,Madhya Pradesh,Indore,Indore Mandi,2025-12-15,3025.0,3551.0,3288.0,Quintal,49.4,Agmarknet / e-NAM (synthetic)
MP001881,CROP015,Sesame,Madhya Pradesh,Indore,Indore Mandi,2026-01-15,3319.0,3897.0,3608.0,Quintal,89.7,Agmarknet / e-NAM (synthetic)
MP001882,CROP015,Sesame,Madhya Pradesh,Indore,Indore Mandi,2026-02-15,3299.0,3873.0,3586.0,Quintal,99.5,Agmarknet / e-NAM (synthetic)
MP001883,CROP015,Sesame,Madhya Pradesh,Indore,Indore Mandi,2026-03-15,3310.0,3886.0,3598.0,Quintal,66.6,Agmarknet / e-NAM (synthetic)
MP001884,CROP015,Sesame,Madhya Pradesh,Indore,Indore Mandi,2026-04-15,3506.0,4116.0,3811.0,Quintal,98.3,Agmarknet / e-NAM (synthetic)
MP001885,CROP015,Sesame,Madhya Pradesh,Indore,Indore Mandi,2026-05-15,3394.0,3984.0,3689.0,Quintal,198.8,Agmarknet / e-NAM (synthetic)
MP001886,CROP015,Sesame,Madhya Pradesh,Indore,Indore Mandi,2026-06-15,2927.0,3435.0,3181.0,Quintal,199.0,Agmarknet / e-NAM (synthetic)
MP001887,CROP015,Sesame,Madhya Pradesh,Indore,Indore Mandi,2026-07-15,3027.0,3553.0,3290.0,Quintal,63.7,Agmarknet / e-NAM (synthetic)
MP001888,CROP015,Sesame,Madhya Pradesh,Indore,Indore Mandi,2026-08-15,2674.0,3138.0,2906.0,Quintal,144.4,Agmarknet / e-NAM (synthetic)
MP001889,CROP015,Sesame,Uttar Pradesh,Meerut,Meerut Mandi,2024-01-15,3035.0,3563.0,3299.0,Quintal,77.6,Agmarknet / e-NAM (synthetic)
MP001890,CROP015,Sesame,Uttar Pradesh,Meerut,Meerut Mandi,2024-02-15,3209.0,3767.0,3488.0,Quintal,86.1,Agmarknet / e-NAM (synthetic)
MP001891,CROP015,Sesame,Uttar Pradesh,Meerut,Meerut Mandi,2024-03-15,3292.0,3864.0,3578.0,Quintal,92.8,Agmarknet / e-NAM (synthetic)
MP001892,CROP015,Sesame,Uttar Pradesh,Meerut,Meerut Mandi,2024-04-15,3186.0,3740.0,3463.0,Quintal,133.4,Agmarknet / e-NAM (synthetic)
MP001893,CROP015,Sesame,Uttar Pradesh,Meerut,Meerut Mandi,2024-05-15,3272.0,3842.0,3557.0,Quintal,225.5,Agmarknet / e-NAM (synthetic)
MP001894,CROP015,Sesame,Uttar Pradesh,Meerut,Meerut Mandi,2024-06-15,2801.0,3289.0,3045.0,Quintal,65.7,Agmarknet / e-NAM (synthetic)
MP001895,CROP015,Sesame,Uttar Pradesh,Meerut,Meerut Mandi,2024-07-15,2844.0,3338.0,3091.0,Quintal,153.6,Agmarknet / e-NAM (synthetic)
MP001896,CROP015,Sesame,Uttar Pradesh,Meerut,Meerut Mandi,2024-08-15,2471.0,2901.0,2686.0,Quintal,22.5,Agmarknet / e-NAM (synthetic)
MP001897,CROP015,Sesame,Uttar Pradesh,Meerut,Meerut Mandi,2024-09-15,2327.0,2731.0,2529.0,Quintal,131.7,Agmarknet / e-NAM (synthetic)
MP001898,CROP015,Sesame,Uttar Pradesh,Meerut,Meerut Mandi,2024-10-15,2632.0,3090.0,2861.0,Quintal,220.9,Agmarknet / e-NAM (synthetic)
MP001899,CROP015,Sesame,Uttar Pradesh,Meerut,Meerut Mandi,2024-11-15,2483.0,2915.0,2699.0,Quintal,293.3,Agmarknet / e-NAM (synthetic)
MP001900,CROP015,Sesame,Uttar Pradesh,Meerut,Meerut Mandi,2024-12-15,2521.0,2959.0,2740.0,Quintal,132.6,Agmarknet / e-NAM (synthetic)
MP001901,CROP015,Sesame,Uttar Pradesh,Meerut,Meerut Mandi,2025-01-15,3103.0,3643.0,3373.0,Quintal,170.8,Agmarknet / e-NAM (synthetic)
MP001902,CROP015,Sesame,Uttar Pradesh,Meerut,Meerut Mandi,2025-02-15,3384.0,3972.0,3678.0,Quintal,107.7,Agmarknet / e-NAM (synthetic)
MP001903,CROP015,Sesame,Uttar Pradesh,Meerut,Meerut Mandi,2025-03-15,3230.0,3792.0,3511.0,Quintal,123.7,Agmarknet / e-NAM (synthetic)
MP001904,CROP015,Sesame,Uttar Pradesh,Meerut,Meerut Mandi,2025-04-15,3314.0,3890.0,3602.0,Quintal,81.2,Agmarknet / e-NAM (synthetic)
MP001905,CROP015,Sesame,Uttar Pradesh,Meerut,Meerut Mandi,2025-05-15,3253.0,3819.0,3536.0,Quintal,148.2,Agmarknet / e-NAM (synthetic)
MP001906,CROP015,Sesame,Uttar Pradesh,Meerut,Meerut Mandi,2025-06-15,2748.0,3226.0,2987.0,Quintal,49.6,Agmarknet / e-NAM (synthetic)
MP001907,CROP015,Sesame,Uttar Pradesh,Meerut,Meerut Mandi,2025-07-15,2769.0,3251.0,3010.0,Quintal,71.7,Agmarknet / e-NAM (synthetic)
MP001908,CROP015,Sesame,Uttar Pradesh,Meerut,Meerut Mandi,2025-08-15,2601.0,3053.0,2827.0,Quintal,84.9,Agmarknet / e-NAM (synthetic)
MP001909,CROP015,Sesame,Uttar Pradesh,Meerut,Meerut Mandi,2025-09-15,2357.0,2767.0,2562.0,Quintal,256.1,Agmarknet / e-NAM (synthetic)
MP001910,CROP015,Sesame,Uttar Pradesh,Meerut,Meerut Mandi,2025-10-15,2623.0,3079.0,2851.0,Quintal,217.9,Agmarknet / e-NAM (synthetic)
MP001911,CROP015,Sesame,Uttar Pradesh,Meerut,Meerut Mandi,2025-11-15,2916.0,3424.0,3170.0,Quintal,257.1,Agmarknet / e-NAM (synthetic)
MP001912,CROP015,Sesame,Uttar Pradesh,Meerut,Meerut Mandi,2025-12-15,3028.0,3554.0,3291.0,Quintal,166.3,Agmarknet / e-NAM (synthetic)
MP001913,CROP015,Sesame,Uttar Pradesh,Meerut,Meerut Mandi,2026-01-15,3267.0,3835.0,3551.0,Quintal,62.5,Agmarknet / e-NAM (synthetic)
MP001914,CROP015,Sesame,Uttar Pradesh,Meerut,Meerut Mandi,2026-02-15,3243.0,3807.0,3525.0,Quintal,49.7,Agmarknet / e-NAM (synthetic)
MP001915,CROP015,Sesame,Uttar Pradesh,Meerut,Meerut Mandi,2026-03-15,3158.0,3708.0,3433.0,Quintal,131.1,Agmarknet / e-NAM (synthetic)
MP001916,CROP015,Sesame,Uttar Pradesh,Meerut,Meerut Mandi,2026-04-15,3318.0,3896.0,3607.0,Quintal,154.2,Agmarknet / e-NAM (synthetic)
MP001917,CROP015,Sesame,Uttar Pradesh,Meerut,Meerut Mandi,2026-05-15,2846.0,3340.0,3093.0,Quintal,78.2,Agmarknet / e-NAM (synthetic)
MP001918,CROP015,Sesame,Uttar Pradesh,Meerut,Meerut Mandi,2026-06-15,3060.0,3592.0,3326.0,Quintal,157.7,Agmarknet / e-NAM (synthetic)
MP001919,CROP015,Sesame,Uttar Pradesh,Meerut,Meerut Mandi,2026-07-15,2894.0,3398.0,3146.0,Quintal,111.0,Agmarknet / e-NAM (synthetic)
MP001920,CROP015,Sesame,Uttar Pradesh,Meerut,Meerut Mandi,2026-08-15,2567.0,3013.0,2790.0,Quintal,133.2,Agmarknet / e-NAM (synthetic)
MP001921,CROP016,Cotton,Andhra Pradesh,Krishna,Krishna Mandi,2024-01-15,3208.0,3766.0,3487.0,Quintal,191.3,Agmarknet / e-NAM (synthetic)
MP001922,CROP016,Cotton,Andhra Pradesh,Krishna,Krishna Mandi,2024-02-15,3484.0,4090.0,3787.0,Quintal,158.9,Agmarknet / e-NAM (synthetic)
MP001923,CROP016,Cotton,Andhra Pradesh,Krishna,Krishna Mandi,2024-03-15,3483.0,4089.0,3786.0,Quintal,152.2,Agmarknet / e-NAM (synthetic)
MP001924,CROP016,Cotton,Andhra Pradesh,Krishna,Krishna Mandi,2024-04-15,3591.0,4215.0,3903.0,Quintal,155.1,Agmarknet / e-NAM (synthetic)
MP001925,CROP016,Cotton,Andhra Pradesh,Krishna,Krishna Mandi,2024-05-15,3122.0,3666.0,3394.0,Quintal,95.2,Agmarknet / e-NAM (synthetic)
MP001926,CROP016,Cotton,Andhra Pradesh,Krishna,Krishna Mandi,2024-06-15,3203.0,3759.0,3481.0,Quintal,120.9,Agmarknet / e-NAM (synthetic)
MP001927,CROP016,Cotton,Andhra Pradesh,Krishna,Krishna Mandi,2024-07-15,2715.0,3187.0,2951.0,Quintal,50.7,Agmarknet / e-NAM (synthetic)
MP001928,CROP016,Cotton,Andhra Pradesh,Krishna,Krishna Mandi,2024-08-15,2942.0,3454.0,3198.0,Quintal,239.2,Agmarknet / e-NAM (synthetic)
MP001929,CROP016,Cotton,Andhra Pradesh,Krishna,Krishna Mandi,2024-09-15,2464.0,2892.0,2678.0,Quintal,281.2,Agmarknet / e-NAM (synthetic)
MP001930,CROP016,Cotton,Andhra Pradesh,Krishna,Krishna Mandi,2024-10-15,2797.0,3283.0,3040.0,Quintal,128.8,Agmarknet / e-NAM (synthetic)
MP001931,CROP016,Cotton,Andhra Pradesh,Krishna,Krishna Mandi,2024-11-15,2988.0,3508.0,3248.0,Quintal,82.5,Agmarknet / e-NAM (synthetic)
MP001932,CROP016,Cotton,Andhra Pradesh,Krishna,Krishna Mandi,2024-12-15,3141.0,3687.0,3414.0,Quintal,114.8,Agmarknet / e-NAM (synthetic)
MP001933,CROP016,Cotton,Andhra Pradesh,Krishna,Krishna Mandi,2025-01-15,3497.0,4105.0,3801.0,Quintal,161.2,Agmarknet / e-NAM (synthetic)
MP001934,CROP016,Cotton,Andhra Pradesh,Krishna,Krishna Mandi,2025-02-15,3622.0,4252.0,3937.0,Quintal,477.5,Agmarknet / e-NAM (synthetic)
MP001935,CROP016,Cotton,Andhra Pradesh,Krishna,Krishna Mandi,2025-03-15,3557.0,4175.0,3866.0,Quintal,69.1,Agmarknet / e-NAM (synthetic)
MP001936,CROP016,Cotton,Andhra Pradesh,Krishna,Krishna Mandi,2025-04-15,3595.0,4221.0,3908.0,Quintal,123.1,Agmarknet / e-NAM (synthetic)
MP001937,CROP016,Cotton,Andhra Pradesh,Krishna,Krishna Mandi,2025-05-15,3513.0,4125.0,3819.0,Quintal,95.6,Agmarknet / e-NAM (synthetic)
MP001938,CROP016,Cotton,Andhra Pradesh,Krishna,Krishna Mandi,2025-06-15,3288.0,3860.0,3574.0,Quintal,187.3,Agmarknet / e-NAM (synthetic)
MP001939,CROP016,Cotton,Andhra Pradesh,Krishna,Krishna Mandi,2025-07-15,2998.0,3520.0,3259.0,Quintal,85.8,Agmarknet / e-NAM (synthetic)
MP001940,CROP016,Cotton,Andhra Pradesh,Krishna,Krishna Mandi,2025-08-15,2801.0,3289.0,3045.0,Quintal,15.0,Agmarknet / e-NAM (synthetic)
MP001941,CROP016,Cotton,Andhra Pradesh,Krishna,Krishna Mandi,2025-09-15,2999.0,3521.0,3260.0,Quintal,197.5,Agmarknet / e-NAM (synthetic)
MP001942,CROP016,Cotton,Andhra Pradesh,Krishna,Krishna Mandi,2025-10-15,2828.0,3320.0,3074.0,Quintal,51.4,Agmarknet / e-NAM (synthetic)
MP001943,CROP016,Cotton,Andhra Pradesh,Krishna,Krishna Mandi,2025-11-15,3001.0,3523.0,3262.0,Quintal,269.6,Agmarknet / e-NAM (synthetic)
MP001944,CROP016,Cotton,Andhra Pradesh,Krishna,Krishna Mandi,2025-12-15,3452.0,4052.0,3752.0,Quintal,57.4,Agmarknet / e-NAM (synthetic)
MP001945,CROP016,Cotton,Andhra Pradesh,Krishna,Krishna Mandi,2026-01-15,3591.0,4215.0,3903.0,Quintal,124.7,Agmarknet / e-NAM (synthetic)
MP001946,CROP016,Cotton,Andhra Pradesh,Krishna,Krishna Mandi,2026-02-15,3489.0,4095.0,3792.0,Quintal,12.2,Agmarknet / e-NAM (synthetic)
MP001947,CROP016,Cotton,Andhra Pradesh,Krishna,Krishna Mandi,2026-03-15,3470.0,4074.0,3772.0,Quintal,127.7,Agmarknet / e-NAM (synthetic)
MP001948,CROP016,Cotton,Andhra Pradesh,Krishna,Krishna Mandi,2026-04-15,3947.0,4633.0,4290.0,Quintal,171.6,Agmarknet / e-NAM (synthetic)
MP001949,CROP016,Cotton,Andhra Pradesh,Krishna,Krishna Mandi,2026-05-15,3428.0,4024.0,3726.0,Quintal,402.1,Agmarknet / e-NAM (synthetic)
MP001950,CROP016,Cotton,Andhra Pradesh,Krishna,Krishna Mandi,2026-06-15,3068.0,3602.0,3335.0,Quintal,121.2,Agmarknet / e-NAM (synthetic)
MP001951,CROP016,Cotton,Andhra Pradesh,Krishna,Krishna Mandi,2026-07-15,3289.0,3861.0,3575.0,Quintal,154.0,Agmarknet / e-NAM (synthetic)
MP001952,CROP016,Cotton,Andhra Pradesh,Krishna,Krishna Mandi,2026-08-15,2996.0,3516.0,3256.0,Quintal,97.3,Agmarknet / e-NAM (synthetic)
MP001953,CROP016,Cotton,Bihar,Patna,Patna Mandi,2024-01-15,3232.0,3794.0,3513.0,Quintal,128.9,Agmarknet / e-NAM (synthetic)
MP001954,CROP016,Cotton,Bihar,Patna,Patna Mandi,2024-02-15,3155.0,3703.0,3429.0,Quintal,72.7,Agmarknet / e-NAM (synthetic)
MP001955,CROP016,Cotton,Bihar,Patna,Patna Mandi,2024-03-15,3400.0,3992.0,3696.0,Quintal,93.6,Agmarknet / e-NAM (synthetic)
MP001956,CROP016,Cotton,Bihar,Patna,Patna Mandi,2024-04-15,3550.0,4168.0,3859.0,Quintal,42.8,Agmarknet / e-NAM (synthetic)
MP001957,CROP016,Cotton,Bihar,Patna,Patna Mandi,2024-05-15,3084.0,3620.0,3352.0,Quintal,107.5,Agmarknet / e-NAM (synthetic)
MP001958,CROP016,Cotton,Bihar,Patna,Patna Mandi,2024-06-15,2922.0,3430.0,3176.0,Quintal,194.3,Agmarknet / e-NAM (synthetic)
MP001959,CROP016,Cotton,Bihar,Patna,Patna Mandi,2024-07-15,2735.0,3211.0,2973.0,Quintal,90.0,Agmarknet / e-NAM (synthetic)
MP001960,CROP016,Cotton,Bihar,Patna,Patna Mandi,2024-08-15,2610.0,3064.0,2837.0,Quintal,81.0,Agmarknet / e-NAM (synthetic)
MP001961,CROP016,Cotton,Bihar,Patna,Patna Mandi,2024-09-15,2699.0,3169.0,2934.0,Quintal,51.4,Agmarknet / e-NAM (synthetic)
MP001962,CROP016,Cotton,Bihar,Patna,Patna Mandi,2024-10-15,2752.0,3230.0,2991.0,Quintal,125.8,Agmarknet / e-NAM (synthetic)
MP001963,CROP016,Cotton,Bihar,Patna,Patna Mandi,2024-11-15,2700.0,3170.0,2935.0,Quintal,34.3,Agmarknet / e-NAM (synthetic)
MP001964,CROP016,Cotton,Bihar,Patna,Patna Mandi,2024-12-15,2776.0,3258.0,3017.0,Quintal,80.4,Agmarknet / e-NAM (synthetic)
MP001965,CROP016,Cotton,Bihar,Patna,Patna Mandi,2025-01-15,3235.0,3797.0,3516.0,Quintal,210.7,Agmarknet / e-NAM (synthetic)
MP001966,CROP016,Cotton,Bihar,Patna,Patna Mandi,2025-02-15,3395.0,3985.0,3690.0,Quintal,327.0,Agmarknet / e-NAM (synthetic)
MP001967,CROP016,Cotton,Bihar,Patna,Patna Mandi,2025-03-15,3214.0,3774.0,3494.0,Quintal,146.7,Agmarknet / e-NAM (synthetic)
MP001968,CROP016,Cotton,Bihar,Patna,Patna Mandi,2025-04-15,3540.0,4156.0,3848.0,Quintal,54.0,Agmarknet / e-NAM (synthetic)
MP001969,CROP016,Cotton,Bihar,Patna,Patna Mandi,2025-05-15,3222.0,3782.0,3502.0,Quintal,102.3,Agmarknet / e-NAM (synthetic)
MP001970,CROP016,Cotton,Bihar,Patna,Patna Mandi,2025-06-15,3130.0,3674.0,3402.0,Quintal,97.1,Agmarknet / e-NAM (synthetic)
MP001971,CROP016,Cotton,Bihar,Patna,Patna Mandi,2025-07-15,2910.0,3416.0,3163.0,Quintal,95.7,Agmarknet / e-NAM (synthetic)
MP001972,CROP016,Cotton,Bihar,Patna,Patna Mandi,2025-08-15,2629.0,3087.0,2858.0,Quintal,180.4,Agmarknet / e-NAM (synthetic)
MP001973,CROP016,Cotton,Bihar,Patna,Patna Mandi,2025-09-15,2868.0,3366.0,3117.0,Quintal,108.3,Agmarknet / e-NAM (synthetic)
MP001974,CROP016,Cotton,Bihar,Patna,Patna Mandi,2025-10-15,2893.0,3397.0,3145.0,Quintal,158.8,Agmarknet / e-NAM (synthetic)
MP001975,CROP016,Cotton,Bihar,Patna,Patna Mandi,2025-11-15,2868.0,3366.0,3117.0,Quintal,120.2,Agmarknet / e-NAM (synthetic)
MP001976,CROP016,Cotton,Bihar,Patna,Patna Mandi,2025-12-15,3068.0,3602.0,3335.0,Quintal,58.1,Agmarknet / e-NAM (synthetic)
MP001977,CROP016,Cotton,Bihar,Patna,Patna Mandi,2026-01-15,3259.0,3825.0,3542.0,Quintal,19.8,Agmarknet / e-NAM (synthetic)
MP001978,CROP016,Cotton,Bihar,Patna,Patna Mandi,2026-02-15,3580.0,4202.0,3891.0,Quintal,90.0,Agmarknet / e-NAM (synthetic)
MP001979,CROP016,Cotton,Bihar,Patna,Patna Mandi,2026-03-15,3685.0,4325.0,4005.0,Quintal,47.6,Agmarknet / e-NAM (synthetic)
MP001980,CROP016,Cotton,Bihar,Patna,Patna Mandi,2026-04-15,3676.0,4316.0,3996.0,Quintal,67.4,Agmarknet / e-NAM (synthetic)
MP001981,CROP016,Cotton,Bihar,Patna,Patna Mandi,2026-05-15,3358.0,3942.0,3650.0,Quintal,114.6,Agmarknet / e-NAM (synthetic)
MP001982,CROP016,Cotton,Bihar,Patna,Patna Mandi,2026-06-15,3267.0,3835.0,3551.0,Quintal,73.9,Agmarknet / e-NAM (synthetic)
MP001983,CROP016,Cotton,Bihar,Patna,Patna Mandi,2026-07-15,2926.0,3434.0,3180.0,Quintal,46.5,Agmarknet / e-NAM (synthetic)
MP001984,CROP016,Cotton,Bihar,Patna,Patna Mandi,2026-08-15,3248.0,3812.0,3530.0,Quintal,96.8,Agmarknet / e-NAM (synthetic)
MP001985,CROP016,Cotton,Haryana,Karnal,Karnal Mandi,2024-01-15,3442.0,4040.0,3741.0,Quintal,52.7,Agmarknet / e-NAM (synthetic)
MP001986,CROP016,Cotton,Haryana,Karnal,Karnal Mandi,2024-02-15,3192.0,3748.0,3470.0,Quintal,117.2,Agmarknet / e-NAM (synthetic)
MP001987,CROP016,Cotton,Haryana,Karnal,Karnal Mandi,2024-03-15,3400.0,3992.0,3696.0,Quintal,170.6,Agmarknet / e-NAM (synthetic)
MP001988,CROP016,Cotton,Haryana,Karnal,Karnal Mandi,2024-04-15,3344.0,3926.0,3635.0,Quintal,143.3,Agmarknet / e-NAM (synthetic)
MP001989,CROP016,Cotton,Haryana,Karnal,Karnal Mandi,2024-05-15,3250.0,3816.0,3533.0,Quintal,280.9,Agmarknet / e-NAM (synthetic)
MP001990,CROP016,Cotton,Haryana,Karnal,Karnal Mandi,2024-06-15,2894.0,3398.0,3146.0,Quintal,108.9,Agmarknet / e-NAM (synthetic)
MP001991,CROP016,Cotton,Haryana,Karnal,Karnal Mandi,2024-07-15,2698.0,3168.0,2933.0,Quintal,64.7,Agmarknet / e-NAM (synthetic)
MP001992,CROP016,Cotton,Haryana,Karnal,Karnal Mandi,2024-08-15,2616.0,3070.0,2843.0,Quintal,91.3,Agmarknet / e-NAM (synthetic)
MP001993,CROP016,Cotton,Haryana,Karnal,Karnal Mandi,2024-09-15,2681.0,3147.0,2914.0,Quintal,138.3,Agmarknet / e-NAM (synthetic)
MP001994,CROP016,Cotton,Haryana,Karnal,Karnal Mandi,2024-10-15,2704.0,3174.0,2939.0,Quintal,51.4,Agmarknet / e-NAM (synthetic)
MP001995,CROP016,Cotton,Haryana,Karnal,Karnal Mandi,2024-11-15,2773.0,3255.0,3014.0,Quintal,63.1,Agmarknet / e-NAM (synthetic)
MP001996,CROP016,Cotton,Haryana,Karnal,Karnal Mandi,2024-12-15,3018.0,3542.0,3280.0,Quintal,53.3,Agmarknet / e-NAM (synthetic)
MP001997,CROP016,Cotton,Haryana,Karnal,Karnal Mandi,2025-01-15,3502.0,4112.0,3807.0,Quintal,106.2,Agmarknet / e-NAM (synthetic)
MP001998,CROP016,Cotton,Haryana,Karnal,Karnal Mandi,2025-02-15,3227.0,3789.0,3508.0,Quintal,49.6,Agmarknet / e-NAM (synthetic)
MP001999,CROP016,Cotton,Haryana,Karnal,Karnal Mandi,2025-03-15,3251.0,3817.0,3534.0,Quintal,25.7,Agmarknet / e-NAM (synthetic)
MP002000,CROP016,Cotton,Haryana,Karnal,Karnal Mandi,2025-04-15,3621.0,4251.0,3936.0,Quintal,140.8,Agmarknet / e-NAM (synthetic)
MP002001,CROP016,Cotton,Haryana,Karnal,Karnal Mandi,2025-05-15,3068.0,3602.0,3335.0,Quintal,87.9,Agmarknet / e-NAM (synthetic)
MP002002,CROP016,Cotton,Haryana,Karnal,Karnal Mandi,2025-06-15,3061.0,3593.0,3327.0,Quintal,197.0,Agmarknet / e-NAM (synthetic)
MP002003,CROP016,Cotton,Haryana,Karnal,Karnal Mandi,2025-07-15,3046.0,3576.0,3311.0,Quintal,222.7,Agmarknet / e-NAM (synthetic)
MP002004,CROP016,Cotton,Haryana,Karnal,Karnal Mandi,2025-08-15,2428.0,2850.0,2639.0,Quintal,116.6,Agmarknet / e-NAM (synthetic)
MP002005,CROP016,Cotton,Haryana,Karnal,Karnal Mandi,2025-09-15,2539.0,2981.0,2760.0,Quintal,99.6,Agmarknet / e-NAM (synthetic)
MP002006,CROP016,Cotton,Haryana,Karnal,Karnal Mandi,2025-10-15,2727.0,3201.0,2964.0,Quintal,188.8,Agmarknet / e-NAM (synthetic)
MP002007,CROP016,Cotton,Haryana,Karnal,Karnal Mandi,2025-11-15,3012.0,3536.0,3274.0,Quintal,143.5,Agmarknet / e-NAM (synthetic)
MP002008,CROP016,Cotton,Haryana,Karnal,Karnal Mandi,2025-12-15,2801.0,3289.0,3045.0,Quintal,104.7,Agmarknet / e-NAM (synthetic)
MP002009,CROP016,Cotton,Haryana,Karnal,Karnal Mandi,2026-01-15,3385.0,3973.0,3679.0,Quintal,164.6,Agmarknet / e-NAM (synthetic)
MP002010,CROP016,Cotton,Haryana,Karnal,Karnal Mandi,2026-02-15,3614.0,4242.0,3928.0,Quintal,287.5,Agmarknet / e-NAM (synthetic)
MP002011,CROP016,Cotton,Haryana,Karnal,Karnal Mandi,2026-03-15,3484.0,4090.0,3787.0,Quintal,225.9,Agmarknet / e-NAM (synthetic)
MP002012,CROP016,Cotton,Haryana,Karnal,Karnal Mandi,2026-04-15,3558.0,4176.0,3867.0,Quintal,74.5,Agmarknet / e-NAM (synthetic)
MP002013,CROP016,Cotton,Haryana,Karnal,Karnal Mandi,2026-05-15,3380.0,3968.0,3674.0,Quintal,109.8,Agmarknet / e-NAM (synthetic)
MP002014,CROP016,Cotton,Haryana,Karnal,Karnal Mandi,2026-06-15,3391.0,3981.0,3686.0,Quintal,19.9,Agmarknet / e-NAM (synthetic)
MP002015,CROP016,Cotton,Haryana,Karnal,Karnal Mandi,2026-07-15,3091.0,3629.0,3360.0,Quintal,136.6,Agmarknet / e-NAM (synthetic)
MP002016,CROP016,Cotton,Haryana,Karnal,Karnal Mandi,2026-08-15,2881.0,3381.0,3131.0,Quintal,61.2,Agmarknet / e-NAM (synthetic)
MP002017,CROP016,Cotton,Andhra Pradesh,Guntur,Guntur Mandi,2024-01-15,3072.0,3606.0,3339.0,Quintal,91.1,Agmarknet / e-NAM (synthetic)
MP002018,CROP016,Cotton,Andhra Pradesh,Guntur,Guntur Mandi,2024-02-15,3276.0,3846.0,3561.0,Quintal,104.5,Agmarknet / e-NAM (synthetic)
MP002019,CROP016,Cotton,Andhra Pradesh,Guntur,Guntur Mandi,2024-03-15,3387.0,3977.0,3682.0,Quintal,200.5,Agmarknet / e-NAM (synthetic)
MP002020,CROP016,Cotton,Andhra Pradesh,Guntur,Guntur Mandi,2024-04-15,3250.0,3816.0,3533.0,Quintal,125.7,Agmarknet / e-NAM (synthetic)
MP002021,CROP016,Cotton,Andhra Pradesh,Guntur,Guntur Mandi,2024-05-15,3295.0,3867.0,3581.0,Quintal,57.7,Agmarknet / e-NAM (synthetic)
MP002022,CROP016,Cotton,Andhra Pradesh,Guntur,Guntur Mandi,2024-06-15,2949.0,3461.0,3205.0,Quintal,185.5,Agmarknet / e-NAM (synthetic)
MP002023,CROP016,Cotton,Andhra Pradesh,Guntur,Guntur Mandi,2024-07-15,2728.0,3202.0,2965.0,Quintal,123.6,Agmarknet / e-NAM (synthetic)
MP002024,CROP016,Cotton,Andhra Pradesh,Guntur,Guntur Mandi,2024-08-15,2550.0,2994.0,2772.0,Quintal,16.4,Agmarknet / e-NAM (synthetic)
MP002025,CROP016,Cotton,Andhra Pradesh,Guntur,Guntur Mandi,2024-09-15,2801.0,3289.0,3045.0,Quintal,55.6,Agmarknet / e-NAM (synthetic)
MP002026,CROP016,Cotton,Andhra Pradesh,Guntur,Guntur Mandi,2024-10-15,2897.0,3401.0,3149.0,Quintal,154.6,Agmarknet / e-NAM (synthetic)
MP002027,CROP016,Cotton,Andhra Pradesh,Guntur,Guntur Mandi,2024-11-15,2781.0,3265.0,3023.0,Quintal,51.2,Agmarknet / e-NAM (synthetic)
MP002028,CROP016,Cotton,Andhra Pradesh,Guntur,Guntur Mandi,2024-12-15,3169.0,3721.0,3445.0,Quintal,189.3,Agmarknet / e-NAM (synthetic)
MP002029,CROP016,Cotton,Andhra Pradesh,Guntur,Guntur Mandi,2025-01-15,3391.0,3981.0,3686.0,Quintal,38.3,Agmarknet / e-NAM (synthetic)
MP002030,CROP016,Cotton,Andhra Pradesh,Guntur,Guntur Mandi,2025-02-15,3287.0,3859.0,3573.0,Quintal,135.8,Agmarknet / e-NAM (synthetic)
MP002031,CROP016,Cotton,Andhra Pradesh,Guntur,Guntur Mandi,2025-03-15,3412.0,4006.0,3709.0,Quintal,154.7,Agmarknet / e-NAM (synthetic)
MP002032,CROP016,Cotton,Andhra Pradesh,Guntur,Guntur Mandi,2025-04-15,3391.0,3981.0,3686.0,Quintal,133.5,Agmarknet / e-NAM (synthetic)
MP002033,CROP016,Cotton,Andhra Pradesh,Guntur,Guntur Mandi,2025-05-15,3389.0,3979.0,3684.0,Quintal,203.0,Agmarknet / e-NAM (synthetic)
MP002034,CROP016,Cotton,Andhra Pradesh,Guntur,Guntur Mandi,2025-06-15,3008.0,3532.0,3270.0,Quintal,160.1,Agmarknet / e-NAM (synthetic)
MP002035,CROP016,Cotton,Andhra Pradesh,Guntur,Guntur Mandi,2025-07-15,3136.0,3682.0,3409.0,Quintal,61.2,Agmarknet / e-NAM (synthetic)
MP002036,CROP016,Cotton,Andhra Pradesh,Guntur,Guntur Mandi,2025-08-15,2946.0,3458.0,3202.0,Quintal,210.5,Agmarknet / e-NAM (synthetic)
MP002037,CROP016,Cotton,Andhra Pradesh,Guntur,Guntur Mandi,2025-09-15,2583.0,3033.0,2808.0,Quintal,27.8,Agmarknet / e-NAM (synthetic)
MP002038,CROP016,Cotton,Andhra Pradesh,Guntur,Guntur Mandi,2025-10-15,2903.0,3407.0,3155.0,Quintal,127.9,Agmarknet / e-NAM (synthetic)
MP002039,CROP016,Cotton,Andhra Pradesh,Guntur,Guntur Mandi,2025-11-15,3025.0,3551.0,3288.0,Quintal,136.3,Agmarknet / e-NAM (synthetic)
MP002040,CROP016,Cotton,Andhra Pradesh,Guntur,Guntur Mandi,2025-12-15,3122.0,3666.0,3394.0,Quintal,161.6,Agmarknet / e-NAM (synthetic)
MP002041,CROP016,Cotton,Andhra Pradesh,Guntur,Guntur Mandi,2026-01-15,3287.0,3859.0,3573.0,Quintal,223.2,Agmarknet / e-NAM (synthetic)
MP002042,CROP016,Cotton,Andhra Pradesh,Guntur,Guntur Mandi,2026-02-15,3377.0,3965.0,3671.0,Quintal,139.4,Agmarknet / e-NAM (synthetic)
MP002043,CROP016,Cotton,Andhra Pradesh,Guntur,Guntur Mandi,2026-03-15,3451.0,4051.0,3751.0,Quintal,158.2,Agmarknet / e-NAM (synthetic)
MP002044,CROP016,Cotton,Andhra Pradesh,Guntur,Guntur Mandi,2026-04-15,3820.0,4484.0,4152.0,Quintal,52.1,Agmarknet / e-NAM (synthetic)
MP002045,CROP016,Cotton,Andhra Pradesh,Guntur,Guntur Mandi,2026-05-15,3311.0,3887.0,3599.0,Quintal,166.6,Agmarknet / e-NAM (synthetic)
MP002046,CROP016,Cotton,Andhra Pradesh,Guntur,Guntur Mandi,2026-06-15,3150.0,3698.0,3424.0,Quintal,212.9,Agmarknet / e-NAM (synthetic)
MP002047,CROP016,Cotton,Andhra Pradesh,Guntur,Guntur Mandi,2026-07-15,3194.0,3750.0,3472.0,Quintal,70.1,Agmarknet / e-NAM (synthetic)
MP002048,CROP016,Cotton,Andhra Pradesh,Guntur,Guntur Mandi,2026-08-15,3029.0,3555.0,3292.0,Quintal,69.7,Agmarknet / e-NAM (synthetic)
MP002049,CROP017,Sugarcane,Maharashtra,Pune,Pune Mandi,2024-01-15,3633.0,4265.0,3949.0,Tonne,96.0,Agmarknet / e-NAM (synthetic)
MP002050,CROP017,Sugarcane,Maharashtra,Pune,Pune Mandi,2024-02-15,3992.0,4686.0,4339.0,Tonne,215.9,Agmarknet / e-NAM (synthetic)
MP002051,CROP017,Sugarcane,Maharashtra,Pune,Pune Mandi,2024-03-15,3686.0,4328.0,4007.0,Tonne,173.8,Agmarknet / e-NAM (synthetic)
MP002052,CROP017,Sugarcane,Maharashtra,Pune,Pune Mandi,2024-04-15,3916.0,4596.0,4256.0,Tonne,201.4,Agmarknet / e-NAM (synthetic)
MP002053,CROP017,Sugarcane,Maharashtra,Pune,Pune Mandi,2024-05-15,3727.0,4375.0,4051.0,Tonne,210.3,Agmarknet / e-NAM (synthetic)
MP002054,CROP017,Sugarcane,Maharashtra,Pune,Pune Mandi,2024-06-15,3427.0,4023.0,3725.0,Tonne,270.5,Agmarknet / e-NAM (synthetic)
MP002055,CROP017,Sugarcane,Maharashtra,Pune,Pune Mandi,2024-07-15,3201.0,3757.0,3479.0,Tonne,293.3,Agmarknet / e-NAM (synthetic)
MP002056,CROP017,Sugarcane,Maharashtra,Pune,Pune Mandi,2024-08-15,3203.0,3761.0,3482.0,Tonne,96.5,Agmarknet / e-NAM (synthetic)
MP002057,CROP017,Sugarcane,Maharashtra,Pune,Pune Mandi,2024-09-15,3062.0,3594.0,3328.0,Tonne,75.2,Agmarknet / e-NAM (synthetic)
MP002058,CROP017,Sugarcane,Maharashtra,Pune,Pune Mandi,2024-10-15,3208.0,3766.0,3487.0,Tonne,163.7,Agmarknet / e-NAM (synthetic)
MP002059,CROP017,Sugarcane,Maharashtra,Pune,Pune Mandi,2024-11-15,3183.0,3737.0,3460.0,Tonne,125.4,Agmarknet / e-NAM (synthetic)
MP002060,CROP017,Sugarcane,Maharashtra,Pune,Pune Mandi,2024-12-15,3563.0,4183.0,3873.0,Tonne,82.5,Agmarknet / e-NAM (synthetic)
MP002061,CROP017,Sugarcane,Maharashtra,Pune,Pune Mandi,2025-01-15,4166.0,4890.0,4528.0,Tonne,198.0,Agmarknet / e-NAM (synthetic)
MP002062,CROP017,Sugarcane,Maharashtra,Pune,Pune Mandi,2025-02-15,4266.0,5008.0,4637.0,Tonne,61.5,Agmarknet / e-NAM (synthetic)
MP002063,CROP017,Sugarcane,Maharashtra,Pune,Pune Mandi,2025-03-15,4386.0,5148.0,4767.0,Tonne,132.0,Agmarknet / e-NAM (synthetic)
MP002064,CROP017,Sugarcane,Maharashtra,Pune,Pune Mandi,2025-04-15,4190.0,4918.0,4554.0,Tonne,93.9,Agmarknet / e-NAM (synthetic)
MP002065,CROP017,Sugarcane,Maharashtra,Pune,Pune Mandi,2025-05-15,3571.0,4191.0,3881.0,Tonne,253.7,Agmarknet / e-NAM (synthetic)
MP002066,CROP017,Sugarcane,Maharashtra,Pune,Pune Mandi,2025-06-15,3434.0,4032.0,3733.0,Tonne,155.7,Agmarknet / e-NAM (synthetic)
MP002067,CROP017,Sugarcane,Maharashtra,Pune,Pune Mandi,2025-07-15,3334.0,3914.0,3624.0,Tonne,96.2,Agmarknet / e-NAM (synthetic)
MP002068,CROP017,Sugarcane,Maharashtra,Pune,Pune Mandi,2025-08-15,3049.0,3579.0,3314.0,Tonne,91.4,Agmarknet / e-NAM (synthetic)
MP002069,CROP017,Sugarcane,Maharashtra,Pune,Pune Mandi,2025-09-15,3139.0,3685.0,3412.0,Tonne,138.5,Agmarknet / e-NAM (synthetic)
MP002070,CROP017,Sugarcane,Maharashtra,Pune,Pune Mandi,2025-10-15,3283.0,3855.0,3569.0,Tonne,177.3,Agmarknet / e-NAM (synthetic)
MP002071,CROP017,Sugarcane,Maharashtra,Pune,Pune Mandi,2025-11-15,3272.0,3842.0,3557.0,Tonne,54.4,Agmarknet / e-NAM (synthetic)
MP002072,CROP017,Sugarcane,Maharashtra,Pune,Pune Mandi,2025-12-15,3516.0,4128.0,3822.0,Tonne,59.1,Agmarknet / e-NAM (synthetic)
MP002073,CROP017,Sugarcane,Maharashtra,Pune,Pune Mandi,2026-01-15,4076.0,4784.0,4430.0,Tonne,113.8,Agmarknet / e-NAM (synthetic)
MP002074,CROP017,Sugarcane,Maharashtra,Pune,Pune Mandi,2026-02-15,4175.0,4901.0,4538.0,Tonne,85.9,Agmarknet / e-NAM (synthetic)
MP002075,CROP017,Sugarcane,Maharashtra,Pune,Pune Mandi,2026-03-15,4297.0,5045.0,4671.0,Tonne,30.4,Agmarknet / e-NAM (synthetic)
MP002076,CROP017,Sugarcane,Maharashtra,Pune,Pune Mandi,2026-04-15,4294.0,5040.0,4667.0,Tonne,148.1,Agmarknet / e-NAM (synthetic)
MP002077,CROP017,Sugarcane,Maharashtra,Pune,Pune Mandi,2026-05-15,4188.0,4916.0,4552.0,Tonne,107.6,Agmarknet / e-NAM (synthetic)
MP002078,CROP017,Sugarcane,Maharashtra,Pune,Pune Mandi,2026-06-15,3971.0,4661.0,4316.0,Tonne,137.3,Agmarknet / e-NAM (synthetic)
MP002079,CROP017,Sugarcane,Maharashtra,Pune,Pune Mandi,2026-07-15,3535.0,4149.0,3842.0,Tonne,171.0,Agmarknet / e-NAM (synthetic)
MP002080,CROP017,Sugarcane,Maharashtra,Pune,Pune Mandi,2026-08-15,3234.0,3796.0,3515.0,Tonne,124.0,Agmarknet / e-NAM (synthetic)
MP002081,CROP017,Sugarcane,Punjab,Amritsar,Amritsar Mandi,2024-01-15,3557.0,4175.0,3866.0,Tonne,137.5,Agmarknet / e-NAM (synthetic)
MP002082,CROP017,Sugarcane,Punjab,Amritsar,Amritsar Mandi,2024-02-15,3787.0,4445.0,4116.0,Tonne,43.3,Agmarknet / e-NAM (synthetic)
MP002083,CROP017,Sugarcane,Punjab,Amritsar,Amritsar Mandi,2024-03-15,4096.0,4808.0,4452.0,Tonne,167.6,Agmarknet / e-NAM (synthetic)
MP002084,CROP017,Sugarcane,Punjab,Amritsar,Amritsar Mandi,2024-04-15,3885.0,4561.0,4223.0,Tonne,52.5,Agmarknet / e-NAM (synthetic)
MP002085,CROP017,Sugarcane,Punjab,Amritsar,Amritsar Mandi,2024-05-15,3551.0,4169.0,3860.0,Tonne,76.7,Agmarknet / e-NAM (synthetic)
MP002086,CROP017,Sugarcane,Punjab,Amritsar,Amritsar Mandi,2024-06-15,3559.0,4179.0,3869.0,Tonne,63.5,Agmarknet / e-NAM (synthetic)
MP002087,CROP017,Sugarcane,Punjab,Amritsar,Amritsar Mandi,2024-07-15,3221.0,3781.0,3501.0,Tonne,155.6,Agmarknet / e-NAM (synthetic)
MP002088,CROP017,Sugarcane,Punjab,Amritsar,Amritsar Mandi,2024-08-15,2941.0,3453.0,3197.0,Tonne,77.2,Agmarknet / e-NAM (synthetic)
MP002089,CROP017,Sugarcane,Punjab,Amritsar,Amritsar Mandi,2024-09-15,3140.0,3686.0,3413.0,Tonne,77.6,Agmarknet / e-NAM (synthetic)
MP002090,CROP017,Sugarcane,Punjab,Amritsar,Amritsar Mandi,2024-10-15,3141.0,3687.0,3414.0,Tonne,200.2,Agmarknet / e-NAM (synthetic)
MP002091,CROP017,Sugarcane,Punjab,Amritsar,Amritsar Mandi,2024-11-15,3245.0,3809.0,3527.0,Tonne,67.7,Agmarknet / e-NAM (synthetic)
MP002092,CROP017,Sugarcane,Punjab,Amritsar,Amritsar Mandi,2024-12-15,3407.0,3999.0,3703.0,Tonne,36.1,Agmarknet / e-NAM (synthetic)
MP002093,CROP017,Sugarcane,Punjab,Amritsar,Amritsar Mandi,2025-01-15,3706.0,4350.0,4028.0,Tonne,98.8,Agmarknet / e-NAM (synthetic)
MP002094,CROP017,Sugarcane,Punjab,Amritsar,Amritsar Mandi,2025-02-15,3982.0,4674.0,4328.0,Tonne,88.6,Agmarknet / e-NAM (synthetic)
MP002095,CROP017,Sugarcane,Punjab,Amritsar,Amritsar Mandi,2025-03-15,4162.0,4886.0,4524.0,Tonne,175.4,Agmarknet / e-NAM (synthetic)
MP002096,CROP017,Sugarcane,Punjab,Amritsar,Amritsar Mandi,2025-04-15,3898.0,4576.0,4237.0,Tonne,30.2,Agmarknet / e-NAM (synthetic)
MP002097,CROP017,Sugarcane,Punjab,Amritsar,Amritsar Mandi,2025-05-15,4031.0,4733.0,4382.0,Tonne,83.1,Agmarknet / e-NAM (synthetic)
MP002098,CROP017,Sugarcane,Punjab,Amritsar,Amritsar Mandi,2025-06-15,4005.0,4701.0,4353.0,Tonne,237.5,Agmarknet / e-NAM (synthetic)
MP002099,CROP017,Sugarcane,Punjab,Amritsar,Amritsar Mandi,2025-07-15,3508.0,4118.0,3813.0,Tonne,13.9,Agmarknet / e-NAM (synthetic)
MP002100,CROP017,Sugarcane,Punjab,Amritsar,Amritsar Mandi,2025-08-15,3490.0,4098.0,3794.0,Tonne,89.3,Agmarknet / e-NAM (synthetic)
MP002101,CROP017,Sugarcane,Punjab,Amritsar,Amritsar Mandi,2025-09-15,3189.0,3743.0,3466.0,Tonne,191.8,Agmarknet / e-NAM (synthetic)
MP002102,CROP017,Sugarcane,Punjab,Amritsar,Amritsar Mandi,2025-10-15,3397.0,3987.0,3692.0,Tonne,29.9,Agmarknet / e-NAM (synthetic)
MP002103,CROP017,Sugarcane,Punjab,Amritsar,Amritsar Mandi,2025-11-15,3375.0,3961.0,3668.0,Tonne,151.3,Agmarknet / e-NAM (synthetic)
MP002104,CROP017,Sugarcane,Punjab,Amritsar,Amritsar Mandi,2025-12-15,3548.0,4164.0,3856.0,Tonne,98.0,Agmarknet / e-NAM (synthetic)
MP002105,CROP017,Sugarcane,Punjab,Amritsar,Amritsar Mandi,2026-01-15,4209.0,4941.0,4575.0,Tonne,87.1,Agmarknet / e-NAM (synthetic)
MP002106,CROP017,Sugarcane,Punjab,Amritsar,Amritsar Mandi,2026-02-15,4430.0,5200.0,4815.0,Tonne,142.0,Agmarknet / e-NAM (synthetic)
MP002107,CROP017,Sugarcane,Punjab,Amritsar,Amritsar Mandi,2026-03-15,4157.0,4879.0,4518.0,Tonne,79.2,Agmarknet / e-NAM (synthetic)
MP002108,CROP017,Sugarcane,Punjab,Amritsar,Amritsar Mandi,2026-04-15,4071.0,4779.0,4425.0,Tonne,124.9,Agmarknet / e-NAM (synthetic)
MP002109,CROP017,Sugarcane,Punjab,Amritsar,Amritsar Mandi,2026-05-15,3808.0,4470.0,4139.0,Tonne,34.8,Agmarknet / e-NAM (synthetic)
MP002110,CROP017,Sugarcane,Punjab,Amritsar,Amritsar Mandi,2026-06-15,4090.0,4802.0,4446.0,Tonne,141.7,Agmarknet / e-NAM (synthetic)
MP002111,CROP017,Sugarcane,Punjab,Amritsar,Amritsar Mandi,2026-07-15,3180.0,3732.0,3456.0,Tonne,126.1,Agmarknet / e-NAM (synthetic)
MP002112,CROP017,Sugarcane,Punjab,Amritsar,Amritsar Mandi,2026-08-15,3583.0,4207.0,3895.0,Tonne,142.2,Agmarknet / e-NAM (synthetic)
MP002113,CROP017,Sugarcane,Rajasthan,Jaipur,Jaipur Mandi,2024-01-15,3442.0,4040.0,3741.0,Tonne,114.3,Agmarknet / e-NAM (synthetic)
MP002114,CROP017,Sugarcane,Rajasthan,Jaipur,Jaipur Mandi,2024-02-15,3785.0,4443.0,4114.0,Tonne,63.2,Agmarknet / e-NAM (synthetic)
MP002115,CROP017,Sugarcane,Rajasthan,Jaipur,Jaipur Mandi,2024-03-15,3962.0,4652.0,4307.0,Tonne,150.4,Agmarknet / e-NAM (synthetic)
MP002116,CROP017,Sugarcane,Rajasthan,Jaipur,Jaipur Mandi,2024-04-15,3963.0,4653.0,4308.0,Tonne,169.9,Agmarknet / e-NAM (synthetic)
MP002117,CROP017,Sugarcane,Rajasthan,Jaipur,Jaipur Mandi,2024-05-15,3702.0,4346.0,4024.0,Tonne,262.1,Agmarknet / e-NAM (synthetic)
MP002118,CROP017,Sugarcane,Rajasthan,Jaipur,Jaipur Mandi,2024-06-15,3485.0,4091.0,3788.0,Tonne,66.7,Agmarknet / e-NAM (synthetic)
MP002119,CROP017,Sugarcane,Rajasthan,Jaipur,Jaipur Mandi,2024-07-15,3302.0,3876.0,3589.0,Tonne,127.8,Agmarknet / e-NAM (synthetic)
MP002120,CROP017,Sugarcane,Rajasthan,Jaipur,Jaipur Mandi,2024-08-15,3170.0,3722.0,3446.0,Tonne,68.1,Agmarknet / e-NAM (synthetic)
MP002121,CROP017,Sugarcane,Rajasthan,Jaipur,Jaipur Mandi,2024-09-15,3062.0,3594.0,3328.0,Tonne,53.9,Agmarknet / e-NAM (synthetic)
MP002122,CROP017,Sugarcane,Rajasthan,Jaipur,Jaipur Mandi,2024-10-15,3223.0,3783.0,3503.0,Tonne,52.1,Agmarknet / e-NAM (synthetic)
MP002123,CROP017,Sugarcane,Rajasthan,Jaipur,Jaipur Mandi,2024-11-15,3416.0,4010.0,3713.0,Tonne,34.7,Agmarknet / e-NAM (synthetic)
MP002124,CROP017,Sugarcane,Rajasthan,Jaipur,Jaipur Mandi,2024-12-15,3506.0,4116.0,3811.0,Tonne,233.8,Agmarknet / e-NAM (synthetic)
MP002125,CROP017,Sugarcane,Rajasthan,Jaipur,Jaipur Mandi,2025-01-15,4117.0,4833.0,4475.0,Tonne,78.9,Agmarknet / e-NAM (synthetic)
MP002126,CROP017,Sugarcane,Rajasthan,Jaipur,Jaipur Mandi,2025-02-15,3914.0,4594.0,4254.0,Tonne,297.0,Agmarknet / e-NAM (synthetic)
MP002127,CROP017,Sugarcane,Rajasthan,Jaipur,Jaipur Mandi,2025-03-15,3782.0,4440.0,4111.0,Tonne,185.5,Agmarknet / e-NAM (synthetic)
MP002128,CROP017,Sugarcane,Rajasthan,Jaipur,Jaipur Mandi,2025-04-15,4157.0,4881.0,4519.0,Tonne,148.9,Agmarknet / e-NAM (synthetic)
MP002129,CROP017,Sugarcane,Rajasthan,Jaipur,Jaipur Mandi,2025-05-15,3862.0,4534.0,4198.0,Tonne,200.1,Agmarknet / e-NAM (synthetic)
MP002130,CROP017,Sugarcane,Rajasthan,Jaipur,Jaipur Mandi,2025-06-15,3747.0,4399.0,4073.0,Tonne,98.3,Agmarknet / e-NAM (synthetic)
MP002131,CROP017,Sugarcane,Rajasthan,Jaipur,Jaipur Mandi,2025-07-15,3516.0,4128.0,3822.0,Tonne,177.3,Agmarknet / e-NAM (synthetic)
MP002132,CROP017,Sugarcane,Rajasthan,Jaipur,Jaipur Mandi,2025-08-15,2919.0,3427.0,3173.0,Tonne,40.8,Agmarknet / e-NAM (synthetic)
MP002133,CROP017,Sugarcane,Rajasthan,Jaipur,Jaipur Mandi,2025-09-15,3051.0,3581.0,3316.0,Tonne,99.3,Agmarknet / e-NAM (synthetic)
MP002134,CROP017,Sugarcane,Rajasthan,Jaipur,Jaipur Mandi,2025-10-15,3479.0,4085.0,3782.0,Tonne,165.5,Agmarknet / e-NAM (synthetic)
MP002135,CROP017,Sugarcane,Rajasthan,Jaipur,Jaipur Mandi,2025-11-15,3267.0,3835.0,3551.0,Tonne,93.0,Agmarknet / e-NAM (synthetic)
MP002136,CROP017,Sugarcane,Rajasthan,Jaipur,Jaipur Mandi,2025-12-15,3538.0,4154.0,3846.0,Tonne,175.0,Agmarknet / e-NAM (synthetic)
MP002137,CROP017,Sugarcane,Rajasthan,Jaipur,Jaipur Mandi,2026-01-15,4425.0,5195.0,4810.0,Tonne,114.1,Agmarknet / e-NAM (synthetic)
MP002138,CROP017,Sugarcane,Rajasthan,Jaipur,Jaipur Mandi,2026-02-15,3684.0,4324.0,4004.0,Tonne,196.3,Agmarknet / e-NAM (synthetic)
MP002139,CROP017,Sugarcane,Rajasthan,Jaipur,Jaipur Mandi,2026-03-15,4295.0,5041.0,4668.0,Tonne,84.5,Agmarknet / e-NAM (synthetic)
MP002140,CROP017,Sugarcane,Rajasthan,Jaipur,Jaipur Mandi,2026-04-15,4538.0,5328.0,4933.0,Tonne,174.2,Agmarknet / e-NAM (synthetic)
MP002141,CROP017,Sugarcane,Rajasthan,Jaipur,Jaipur Mandi,2026-05-15,4220.0,4954.0,4587.0,Tonne,56.8,Agmarknet / e-NAM (synthetic)
MP002142,CROP017,Sugarcane,Rajasthan,Jaipur,Jaipur Mandi,2026-06-15,3861.0,4533.0,4197.0,Tonne,80.6,Agmarknet / e-NAM (synthetic)
MP002143,CROP017,Sugarcane,Rajasthan,Jaipur,Jaipur Mandi,2026-07-15,3672.0,4310.0,3991.0,Tonne,30.4,Agmarknet / e-NAM (synthetic)
MP002144,CROP017,Sugarcane,Rajasthan,Jaipur,Jaipur Mandi,2026-08-15,3483.0,4089.0,3786.0,Tonne,172.5,Agmarknet / e-NAM (synthetic)
MP002145,CROP017,Sugarcane,Tamil Nadu,Coimbatore,Coimbatore Mandi,2024-01-15,3904.0,4582.0,4243.0,Tonne,209.6,Agmarknet / e-NAM (synthetic)
MP002146,CROP017,Sugarcane,Tamil Nadu,Coimbatore,Coimbatore Mandi,2024-02-15,3760.0,4414.0,4087.0,Tonne,69.8,Agmarknet / e-NAM (synthetic)
MP002147,CROP017,Sugarcane,Tamil Nadu,Coimbatore,Coimbatore Mandi,2024-03-15,3818.0,4482.0,4150.0,Tonne,25.0,Agmarknet / e-NAM (synthetic)
MP002148,CROP017,Sugarcane,Tamil Nadu,Coimbatore,Coimbatore Mandi,2024-04-15,3973.0,4663.0,4318.0,Tonne,82.3,Agmarknet / e-NAM (synthetic)
MP002149,CROP017,Sugarcane,Tamil Nadu,Coimbatore,Coimbatore Mandi,2024-05-15,3444.0,4044.0,3744.0,Tonne,115.5,Agmarknet / e-NAM (synthetic)
MP002150,CROP017,Sugarcane,Tamil Nadu,Coimbatore,Coimbatore Mandi,2024-06-15,3370.0,3956.0,3663.0,Tonne,128.2,Agmarknet / e-NAM (synthetic)
MP002151,CROP017,Sugarcane,Tamil Nadu,Coimbatore,Coimbatore Mandi,2024-07-15,3514.0,4126.0,3820.0,Tonne,110.8,Agmarknet / e-NAM (synthetic)
MP002152,CROP017,Sugarcane,Tamil Nadu,Coimbatore,Coimbatore Mandi,2024-08-15,2834.0,3326.0,3080.0,Tonne,157.3,Agmarknet / e-NAM (synthetic)
MP002153,CROP017,Sugarcane,Tamil Nadu,Coimbatore,Coimbatore Mandi,2024-09-15,3000.0,3522.0,3261.0,Tonne,157.2,Agmarknet / e-NAM (synthetic)
MP002154,CROP017,Sugarcane,Tamil Nadu,Coimbatore,Coimbatore Mandi,2024-10-15,3126.0,3670.0,3398.0,Tonne,260.6,Agmarknet / e-NAM (synthetic)
MP002155,CROP017,Sugarcane,Tamil Nadu,Coimbatore,Coimbatore Mandi,2024-11-15,3169.0,3721.0,3445.0,Tonne,103.3,Agmarknet / e-NAM (synthetic)
MP002156,CROP017,Sugarcane,Tamil Nadu,Coimbatore,Coimbatore Mandi,2024-12-15,3444.0,4044.0,3744.0,Tonne,141.1,Agmarknet / e-NAM (synthetic)
MP002157,CROP017,Sugarcane,Tamil Nadu,Coimbatore,Coimbatore Mandi,2025-01-15,4100.0,4814.0,4457.0,Tonne,82.9,Agmarknet / e-NAM (synthetic)
MP002158,CROP017,Sugarcane,Tamil Nadu,Coimbatore,Coimbatore Mandi,2025-02-15,4187.0,4915.0,4551.0,Tonne,148.5,Agmarknet / e-NAM (synthetic)
MP002159,CROP017,Sugarcane,Tamil Nadu,Coimbatore,Coimbatore Mandi,2025-03-15,3646.0,4280.0,3963.0,Tonne,106.7,Agmarknet / e-NAM (synthetic)
MP002160,CROP017,Sugarcane,Tamil Nadu,Coimbatore,Coimbatore Mandi,2025-04-15,4089.0,4801.0,4445.0,Tonne,118.8,Agmarknet / e-NAM (synthetic)
MP002161,CROP017,Sugarcane,Tamil Nadu,Coimbatore,Coimbatore Mandi,2025-05-15,4170.0,4896.0,4533.0,Tonne,83.6,Agmarknet / e-NAM (synthetic)
MP002162,CROP017,Sugarcane,Tamil Nadu,Coimbatore,Coimbatore Mandi,2025-06-15,4146.0,4866.0,4506.0,Tonne,135.3,Agmarknet / e-NAM (synthetic)
MP002163,CROP017,Sugarcane,Tamil Nadu,Coimbatore,Coimbatore Mandi,2025-07-15,3251.0,3817.0,3534.0,Tonne,89.9,Agmarknet / e-NAM (synthetic)
MP002164,CROP017,Sugarcane,Tamil Nadu,Coimbatore,Coimbatore Mandi,2025-08-15,3449.0,4049.0,3749.0,Tonne,112.2,Agmarknet / e-NAM (synthetic)
MP002165,CROP017,Sugarcane,Tamil Nadu,Coimbatore,Coimbatore Mandi,2025-09-15,3300.0,3874.0,3587.0,Tonne,214.2,Agmarknet / e-NAM (synthetic)
MP002166,CROP017,Sugarcane,Tamil Nadu,Coimbatore,Coimbatore Mandi,2025-10-15,3557.0,4175.0,3866.0,Tonne,121.7,Agmarknet / e-NAM (synthetic)
MP002167,CROP017,Sugarcane,Tamil Nadu,Coimbatore,Coimbatore Mandi,2025-11-15,3373.0,3959.0,3666.0,Tonne,185.2,Agmarknet / e-NAM (synthetic)
MP002168,CROP017,Sugarcane,Tamil Nadu,Coimbatore,Coimbatore Mandi,2025-12-15,3888.0,4564.0,4226.0,Tonne,67.8,Agmarknet / e-NAM (synthetic)
MP002169,CROP017,Sugarcane,Tamil Nadu,Coimbatore,Coimbatore Mandi,2026-01-15,4160.0,4884.0,4522.0,Tonne,240.8,Agmarknet / e-NAM (synthetic)
MP002170,CROP017,Sugarcane,Tamil Nadu,Coimbatore,Coimbatore Mandi,2026-02-15,4174.0,4900.0,4537.0,Tonne,92.9,Agmarknet / e-NAM (synthetic)
MP002171,CROP017,Sugarcane,Tamil Nadu,Coimbatore,Coimbatore Mandi,2026-03-15,4095.0,4807.0,4451.0,Tonne,97.0,Agmarknet / e-NAM (synthetic)
MP002172,CROP017,Sugarcane,Tamil Nadu,Coimbatore,Coimbatore Mandi,2026-04-15,4192.0,4920.0,4556.0,Tonne,208.3,Agmarknet / e-NAM (synthetic)
MP002173,CROP017,Sugarcane,Tamil Nadu,Coimbatore,Coimbatore Mandi,2026-05-15,4514.0,5298.0,4906.0,Tonne,139.5,Agmarknet / e-NAM (synthetic)
MP002174,CROP017,Sugarcane,Tamil Nadu,Coimbatore,Coimbatore Mandi,2026-06-15,3978.0,4670.0,4324.0,Tonne,15.6,Agmarknet / e-NAM (synthetic)
MP002175,CROP017,Sugarcane,Tamil Nadu,Coimbatore,Coimbatore Mandi,2026-07-15,3637.0,4269.0,3953.0,Tonne,207.5,Agmarknet / e-NAM (synthetic)
MP002176,CROP017,Sugarcane,Tamil Nadu,Coimbatore,Coimbatore Mandi,2026-08-15,3390.0,3980.0,3685.0,Tonne,76.0,Agmarknet / e-NAM (synthetic)
MP002177,CROP018,Jute,West Bengal,Nadia,Nadia Mandi,2024-01-15,4176.0,4902.0,4539.0,Quintal,136.1,Agmarknet / e-NAM (synthetic)
MP002178,CROP018,Jute,West Bengal,Nadia,Nadia Mandi,2024-02-15,3950.0,4636.0,4293.0,Quintal,71.7,Agmarknet / e-NAM (synthetic)
MP002179,CROP018,Jute,West Bengal,Nadia,Nadia Mandi,2024-03-15,4229.0,4965.0,4597.0,Quintal,25.8,Agmarknet / e-NAM (synthetic)
MP002180,CROP018,Jute,West Bengal,Nadia,Nadia Mandi,2024-04-15,4546.0,5336.0,4941.0,Quintal,71.7,Agmarknet / e-NAM (synthetic)
MP002181,CROP018,Jute,West Bengal,Nadia,Nadia Mandi,2024-05-15,4095.0,4807.0,4451.0,Quintal,45.5,Agmarknet / e-NAM (synthetic)
MP002182,CROP018,Jute,West Bengal,Nadia,Nadia Mandi,2024-06-15,3746.0,4398.0,4072.0,Quintal,157.5,Agmarknet / e-NAM (synthetic)
MP002183,CROP018,Jute,West Bengal,Nadia,Nadia Mandi,2024-07-15,3645.0,4279.0,3962.0,Quintal,154.8,Agmarknet / e-NAM (synthetic)
MP002184,CROP018,Jute,West Bengal,Nadia,Nadia Mandi,2024-08-15,3396.0,3986.0,3691.0,Quintal,96.8,Agmarknet / e-NAM (synthetic)
MP002185,CROP018,Jute,West Bengal,Nadia,Nadia Mandi,2024-09-15,3288.0,3860.0,3574.0,Quintal,52.1,Agmarknet / e-NAM (synthetic)
MP002186,CROP018,Jute,West Bengal,Nadia,Nadia Mandi,2024-10-15,3372.0,3958.0,3665.0,Quintal,146.7,Agmarknet / e-NAM (synthetic)
MP002187,CROP018,Jute,West Bengal,Nadia,Nadia Mandi,2024-11-15,3945.0,4631.0,4288.0,Quintal,197.7,Agmarknet / e-NAM (synthetic)
MP002188,CROP018,Jute,West Bengal,Nadia,Nadia Mandi,2024-12-15,3847.0,4517.0,4182.0,Quintal,81.5,Agmarknet / e-NAM (synthetic)
MP002189,CROP018,Jute,West Bengal,Nadia,Nadia Mandi,2025-01-15,4344.0,5100.0,4722.0,Quintal,166.3,Agmarknet / e-NAM (synthetic)
MP002190,CROP018,Jute,West Bengal,Nadia,Nadia Mandi,2025-02-15,4296.0,5044.0,4670.0,Quintal,62.4,Agmarknet / e-NAM (synthetic)
MP002191,CROP018,Jute,West Bengal,Nadia,Nadia Mandi,2025-03-15,4685.0,5499.0,5092.0,Quintal,40.0,Agmarknet / e-NAM (synthetic)
MP002192,CROP018,Jute,West Bengal,Nadia,Nadia Mandi,2025-04-15,4419.0,5187.0,4803.0,Quintal,54.9,Agmarknet / e-NAM (synthetic)
MP002193,CROP018,Jute,West Bengal,Nadia,Nadia Mandi,2025-05-15,4101.0,4815.0,4458.0,Quintal,163.6,Agmarknet / e-NAM (synthetic)
MP002194,CROP018,Jute,West Bengal,Nadia,Nadia Mandi,2025-06-15,4095.0,4807.0,4451.0,Quintal,104.3,Agmarknet / e-NAM (synthetic)
MP002195,CROP018,Jute,West Bengal,Nadia,Nadia Mandi,2025-07-15,3767.0,4423.0,4095.0,Quintal,23.0,Agmarknet / e-NAM (synthetic)
MP002196,CROP018,Jute,West Bengal,Nadia,Nadia Mandi,2025-08-15,3667.0,4305.0,3986.0,Quintal,47.7,Agmarknet / e-NAM (synthetic)
MP002197,CROP018,Jute,West Bengal,Nadia,Nadia Mandi,2025-09-15,3231.0,3793.0,3512.0,Quintal,84.7,Agmarknet / e-NAM (synthetic)
MP002198,CROP018,Jute,West Bengal,Nadia,Nadia Mandi,2025-10-15,3648.0,4282.0,3965.0,Quintal,108.8,Agmarknet / e-NAM (synthetic)
MP002199,CROP018,Jute,West Bengal,Nadia,Nadia Mandi,2025-11-15,3850.0,4520.0,4185.0,Quintal,83.6,Agmarknet / e-NAM (synthetic)
MP002200,CROP018,Jute,West Bengal,Nadia,Nadia Mandi,2025-12-15,4089.0,4801.0,4445.0,Quintal,121.4,Agmarknet / e-NAM (synthetic)
MP002201,CROP018,Jute,West Bengal,Nadia,Nadia Mandi,2026-01-15,5117.0,6007.0,5562.0,Quintal,75.7,Agmarknet / e-NAM (synthetic)
MP002202,CROP018,Jute,West Bengal,Nadia,Nadia Mandi,2026-02-15,4768.0,5598.0,5183.0,Quintal,134.4,Agmarknet / e-NAM (synthetic)
MP002203,CROP018,Jute,West Bengal,Nadia,Nadia Mandi,2026-03-15,5007.0,5877.0,5442.0,Quintal,117.7,Agmarknet / e-NAM (synthetic)
MP002204,CROP018,Jute,West Bengal,Nadia,Nadia Mandi,2026-04-15,4899.0,5751.0,5325.0,Quintal,219.1,Agmarknet / e-NAM (synthetic)
MP002205,CROP018,Jute,West Bengal,Nadia,Nadia Mandi,2026-05-15,4511.0,5295.0,4903.0,Quintal,154.6,Agmarknet / e-NAM (synthetic)
MP002206,CROP018,Jute,West Bengal,Nadia,Nadia Mandi,2026-06-15,3970.0,4660.0,4315.0,Quintal,150.5,Agmarknet / e-NAM (synthetic)
MP002207,CROP018,Jute,West Bengal,Nadia,Nadia Mandi,2026-07-15,4158.0,4882.0,4520.0,Quintal,170.0,Agmarknet / e-NAM (synthetic)
MP002208,CROP018,Jute,West Bengal,Nadia,Nadia Mandi,2026-08-15,3523.0,4135.0,3829.0,Quintal,59.2,Agmarknet / e-NAM (synthetic)
MP002209,CROP018,Jute,Tamil Nadu,Coimbatore,Coimbatore Mandi,2024-01-15,4107.0,4821.0,4464.0,Quintal,55.7,Agmarknet / e-NAM (synthetic)
MP002210,CROP018,Jute,Tamil Nadu,Coimbatore,Coimbatore Mandi,2024-02-15,4471.0,5249.0,4860.0,Quintal,56.4,Agmarknet / e-NAM (synthetic)
MP002211,CROP018,Jute,Tamil Nadu,Coimbatore,Coimbatore Mandi,2024-03-15,4315.0,5065.0,4690.0,Quintal,242.5,Agmarknet / e-NAM (synthetic)
MP002212,CROP018,Jute,Tamil Nadu,Coimbatore,Coimbatore Mandi,2024-04-15,4237.0,4973.0,4605.0,Quintal,71.4,Agmarknet / e-NAM (synthetic)
MP002213,CROP018,Jute,Tamil Nadu,Coimbatore,Coimbatore Mandi,2024-05-15,3958.0,4646.0,4302.0,Quintal,117.7,Agmarknet / e-NAM (synthetic)
MP002214,CROP018,Jute,Tamil Nadu,Coimbatore,Coimbatore Mandi,2024-06-15,4107.0,4821.0,4464.0,Quintal,113.4,Agmarknet / e-NAM (synthetic)
MP002215,CROP018,Jute,Tamil Nadu,Coimbatore,Coimbatore Mandi,2024-07-15,3866.0,4538.0,4202.0,Quintal,30.5,Agmarknet / e-NAM (synthetic)
MP002216,CROP018,Jute,Tamil Nadu,Coimbatore,Coimbatore Mandi,2024-08-15,3418.0,4012.0,3715.0,Quintal,178.6,Agmarknet / e-NAM (synthetic)
MP002217,CROP018,Jute,Tamil Nadu,Coimbatore,Coimbatore Mandi,2024-09-15,3408.0,4000.0,3704.0,Quintal,114.5,Agmarknet / e-NAM (synthetic)
MP002218,CROP018,Jute,Tamil Nadu,Coimbatore,Coimbatore Mandi,2024-10-15,3597.0,4223.0,3910.0,Quintal,94.2,Agmarknet / e-NAM (synthetic)
MP002219,CROP018,Jute,Tamil Nadu,Coimbatore,Coimbatore Mandi,2024-11-15,3693.0,4335.0,4014.0,Quintal,130.7,Agmarknet / e-NAM (synthetic)
MP002220,CROP018,Jute,Tamil Nadu,Coimbatore,Coimbatore Mandi,2024-12-15,4166.0,4890.0,4528.0,Quintal,122.1,Agmarknet / e-NAM (synthetic)
MP002221,CROP018,Jute,Tamil Nadu,Coimbatore,Coimbatore Mandi,2025-01-15,4150.0,4872.0,4511.0,Quintal,74.7,Agmarknet / e-NAM (synthetic)
MP002222,CROP018,Jute,Tamil Nadu,Coimbatore,Coimbatore Mandi,2025-02-15,4620.0,5424.0,5022.0,Quintal,184.7,Agmarknet / e-NAM (synthetic)
MP002223,CROP018,Jute,Tamil Nadu,Coimbatore,Coimbatore Mandi,2025-03-15,4459.0,5235.0,4847.0,Quintal,119.4,Agmarknet / e-NAM (synthetic)
MP002224,CROP018,Jute,Tamil Nadu,Coimbatore,Coimbatore Mandi,2025-04-15,4599.0,5399.0,4999.0,Quintal,234.5,Agmarknet / e-NAM (synthetic)
MP002225,CROP018,Jute,Tamil Nadu,Coimbatore,Coimbatore Mandi,2025-05-15,4382.0,5144.0,4763.0,Quintal,109.4,Agmarknet / e-NAM (synthetic)
MP002226,CROP018,Jute,Tamil Nadu,Coimbatore,Coimbatore Mandi,2025-06-15,3941.0,4627.0,4284.0,Quintal,116.2,Agmarknet / e-NAM (synthetic)
MP002227,CROP018,Jute,Tamil Nadu,Coimbatore,Coimbatore Mandi,2025-07-15,3971.0,4661.0,4316.0,Quintal,239.1,Agmarknet / e-NAM (synthetic)
MP002228,CROP018,Jute,Tamil Nadu,Coimbatore,Coimbatore Mandi,2025-08-15,3543.0,4159.0,3851.0,Quintal,42.4,Agmarknet / e-NAM (synthetic)
MP002229,CROP018,Jute,Tamil Nadu,Coimbatore,Coimbatore Mandi,2025-09-15,3490.0,4098.0,3794.0,Quintal,145.7,Agmarknet / e-NAM (synthetic)
MP002230,CROP018,Jute,Tamil Nadu,Coimbatore,Coimbatore Mandi,2025-10-15,3621.0,4251.0,3936.0,Quintal,198.3,Agmarknet / e-NAM (synthetic)
MP002231,CROP018,Jute,Tamil Nadu,Coimbatore,Coimbatore Mandi,2025-11-15,4009.0,4707.0,4358.0,Quintal,257.9,Agmarknet / e-NAM (synthetic)
MP002232,CROP018,Jute,Tamil Nadu,Coimbatore,Coimbatore Mandi,2025-12-15,4171.0,4897.0,4534.0,Quintal,160.9,Agmarknet / e-NAM (synthetic)
MP002233,CROP018,Jute,Tamil Nadu,Coimbatore,Coimbatore Mandi,2026-01-15,4576.0,5372.0,4974.0,Quintal,123.9,Agmarknet / e-NAM (synthetic)
MP002234,CROP018,Jute,Tamil Nadu,Coimbatore,Coimbatore Mandi,2026-02-15,4993.0,5861.0,5427.0,Quintal,155.2,Agmarknet / e-NAM (synthetic)
MP002235,CROP018,Jute,Tamil Nadu,Coimbatore,Coimbatore Mandi,2026-03-15,4763.0,5591.0,5177.0,Quintal,162.5,Agmarknet / e-NAM (synthetic)
MP002236,CROP018,Jute,Tamil Nadu,Coimbatore,Coimbatore Mandi,2026-04-15,4751.0,5577.0,5164.0,Quintal,137.7,Agmarknet / e-NAM (synthetic)
MP002237,CROP018,Jute,Tamil Nadu,Coimbatore,Coimbatore Mandi,2026-05-15,4566.0,5360.0,4963.0,Quintal,64.3,Agmarknet / e-NAM (synthetic)
MP002238,CROP018,Jute,Tamil Nadu,Coimbatore,Coimbatore Mandi,2026-06-15,4336.0,5090.0,4713.0,Quintal,135.0,Agmarknet / e-NAM (synthetic)
MP002239,CROP018,Jute,Tamil Nadu,Coimbatore,Coimbatore Mandi,2026-07-15,4272.0,5014.0,4643.0,Quintal,193.8,Agmarknet / e-NAM (synthetic)
MP002240,CROP018,Jute,Tamil Nadu,Coimbatore,Coimbatore Mandi,2026-08-15,4010.0,4708.0,4359.0,Quintal,170.8,Agmarknet / e-NAM (synthetic)
MP002241,CROP018,Jute,Madhya Pradesh,Ujjain,Ujjain Mandi,2024-01-15,3846.0,4514.0,4180.0,Quintal,162.1,Agmarknet / e-NAM (synthetic)
MP002242,CROP018,Jute,Madhya Pradesh,Ujjain,Ujjain Mandi,2024-02-15,4098.0,4810.0,4454.0,Quintal,110.7,Agmarknet / e-NAM (synthetic)
MP002243,CROP018,Jute,Madhya Pradesh,Ujjain,Ujjain Mandi,2024-03-15,4479.0,5257.0,4868.0,Quintal,141.5,Agmarknet / e-NAM (synthetic)
MP002244,CROP018,Jute,Madhya Pradesh,Ujjain,Ujjain Mandi,2024-04-15,4391.0,5155.0,4773.0,Quintal,107.7,Agmarknet / e-NAM (synthetic)
MP002245,CROP018,Jute,Madhya Pradesh,Ujjain,Ujjain Mandi,2024-05-15,4043.0,4747.0,4395.0,Quintal,101.4,Agmarknet / e-NAM (synthetic)
MP002246,CROP018,Jute,Madhya Pradesh,Ujjain,Ujjain Mandi,2024-06-15,3892.0,4568.0,4230.0,Quintal,25.1,Agmarknet / e-NAM (synthetic)
MP002247,CROP018,Jute,Madhya Pradesh,Ujjain,Ujjain Mandi,2024-07-15,3870.0,4542.0,4206.0,Quintal,83.2,Agmarknet / e-NAM (synthetic)
MP002248,CROP018,Jute,Madhya Pradesh,Ujjain,Ujjain Mandi,2024-08-15,3856.0,4526.0,4191.0,Quintal,127.3,Agmarknet / e-NAM (synthetic)
MP002249,CROP018,Jute,Madhya Pradesh,Ujjain,Ujjain Mandi,2024-09-15,3240.0,3804.0,3522.0,Quintal,339.5,Agmarknet / e-NAM (synthetic)
MP002250,CROP018,Jute,Madhya Pradesh,Ujjain,Ujjain Mandi,2024-10-15,3878.0,4552.0,4215.0,Quintal,61.4,Agmarknet / e-NAM (synthetic)
MP002251,CROP018,Jute,Madhya Pradesh,Ujjain,Ujjain Mandi,2024-11-15,3823.0,4487.0,4155.0,Quintal,181.2,Agmarknet / e-NAM (synthetic)
MP002252,CROP018,Jute,Madhya Pradesh,Ujjain,Ujjain Mandi,2024-12-15,4085.0,4795.0,4440.0,Quintal,74.3,Agmarknet / e-NAM (synthetic)
MP002253,CROP018,Jute,Madhya Pradesh,Ujjain,Ujjain Mandi,2025-01-15,4777.0,5607.0,5192.0,Quintal,171.4,Agmarknet / e-NAM (synthetic)
MP002254,CROP018,Jute,Madhya Pradesh,Ujjain,Ujjain Mandi,2025-02-15,4318.0,5068.0,4693.0,Quintal,170.0,Agmarknet / e-NAM (synthetic)
MP002255,CROP018,Jute,Madhya Pradesh,Ujjain,Ujjain Mandi,2025-03-15,4845.0,5687.0,5266.0,Quintal,99.5,Agmarknet / e-NAM (synthetic)
MP002256,CROP018,Jute,Madhya Pradesh,Ujjain,Ujjain Mandi,2025-04-15,4293.0,5039.0,4666.0,Quintal,52.7,Agmarknet / e-NAM (synthetic)
MP002257,CROP018,Jute,Madhya Pradesh,Ujjain,Ujjain Mandi,2025-05-15,4321.0,5073.0,4697.0,Quintal,71.1,Agmarknet / e-NAM (synthetic)
MP002258,CROP018,Jute,Madhya Pradesh,Ujjain,Ujjain Mandi,2025-06-15,3898.0,4576.0,4237.0,Quintal,62.4,Agmarknet / e-NAM (synthetic)
MP002259,CROP018,Jute,Madhya Pradesh,Ujjain,Ujjain Mandi,2025-07-15,4043.0,4747.0,4395.0,Quintal,234.7,Agmarknet / e-NAM (synthetic)
MP002260,CROP018,Jute,Madhya Pradesh,Ujjain,Ujjain Mandi,2025-08-15,3772.0,4428.0,4100.0,Quintal,84.4,Agmarknet / e-NAM (synthetic)
MP002261,CROP018,Jute,Madhya Pradesh,Ujjain,Ujjain Mandi,2025-09-15,3490.0,4096.0,3793.0,Quintal,152.8,Agmarknet / e-NAM (synthetic)
MP002262,CROP018,Jute,Madhya Pradesh,Ujjain,Ujjain Mandi,2025-10-15,3318.0,3894.0,3606.0,Quintal,76.5,Agmarknet / e-NAM (synthetic)
MP002263,CROP018,Jute,Madhya Pradesh,Ujjain,Ujjain Mandi,2025-11-15,3680.0,4320.0,4000.0,Quintal,131.3,Agmarknet / e-NAM (synthetic)
MP002264,CROP018,Jute,Madhya Pradesh,Ujjain,Ujjain Mandi,2025-12-15,3843.0,4511.0,4177.0,Quintal,277.3,Agmarknet / e-NAM (synthetic)
MP002265,CROP018,Jute,Madhya Pradesh,Ujjain,Ujjain Mandi,2026-01-15,4518.0,5304.0,4911.0,Quintal,33.6,Agmarknet / e-NAM (synthetic)
MP002266,CROP018,Jute,Madhya Pradesh,Ujjain,Ujjain Mandi,2026-02-15,4721.0,5543.0,5132.0,Quintal,79.6,Agmarknet / e-NAM (synthetic)
MP002267,CROP018,Jute,Madhya Pradesh,Ujjain,Ujjain Mandi,2026-03-15,5399.0,6339.0,5869.0,Quintal,13.7,Agmarknet / e-NAM (synthetic)
MP002268,CROP018,Jute,Madhya Pradesh,Ujjain,Ujjain Mandi,2026-04-15,5048.0,5926.0,5487.0,Quintal,64.0,Agmarknet / e-NAM (synthetic)
MP002269,CROP018,Jute,Madhya Pradesh,Ujjain,Ujjain Mandi,2026-05-15,4424.0,5194.0,4809.0,Quintal,50.0,Agmarknet / e-NAM (synthetic)
MP002270,CROP018,Jute,Madhya Pradesh,Ujjain,Ujjain Mandi,2026-06-15,4344.0,5100.0,4722.0,Quintal,126.6,Agmarknet / e-NAM (synthetic)
MP002271,CROP018,Jute,Madhya Pradesh,Ujjain,Ujjain Mandi,2026-07-15,4022.0,4722.0,4372.0,Quintal,347.9,Agmarknet / e-NAM (synthetic)
MP002272,CROP018,Jute,Madhya Pradesh,Ujjain,Ujjain Mandi,2026-08-15,3916.0,4598.0,4257.0,Quintal,149.3,Agmarknet / e-NAM (synthetic)
MP002273,CROP018,Jute,Maharashtra,Nagpur,Nagpur Mandi,2024-01-15,4019.0,4719.0,4369.0,Quintal,61.7,Agmarknet / e-NAM (synthetic)
MP002274,CROP018,Jute,Maharashtra,Nagpur,Nagpur Mandi,2024-02-15,4496.0,5278.0,4887.0,Quintal,367.6,Agmarknet / e-NAM (synthetic)
MP002275,CROP018,Jute,Maharashtra,Nagpur,Nagpur Mandi,2024-03-15,4147.0,4869.0,4508.0,Quintal,139.7,Agmarknet / e-NAM (synthetic)
MP002276,CROP018,Jute,Maharashtra,Nagpur,Nagpur Mandi,2024-04-15,4909.0,5763.0,5336.0,Quintal,104.4,Agmarknet / e-NAM (synthetic)
MP002277,CROP018,Jute,Maharashtra,Nagpur,Nagpur Mandi,2024-05-15,4042.0,4746.0,4394.0,Quintal,46.5,Agmarknet / e-NAM (synthetic)
MP002278,CROP018,Jute,Maharashtra,Nagpur,Nagpur Mandi,2024-06-15,4168.0,4892.0,4530.0,Quintal,66.9,Agmarknet / e-NAM (synthetic)
MP002279,CROP018,Jute,Maharashtra,Nagpur,Nagpur Mandi,2024-07-15,3447.0,4047.0,3747.0,Quintal,143.8,Agmarknet / e-NAM (synthetic)
MP002280,CROP018,Jute,Maharashtra,Nagpur,Nagpur Mandi,2024-08-15,3650.0,4284.0,3967.0,Quintal,160.8,Agmarknet / e-NAM (synthetic)
MP002281,CROP018,Jute,Maharashtra,Nagpur,Nagpur Mandi,2024-09-15,3930.0,4614.0,4272.0,Quintal,76.8,Agmarknet / e-NAM (synthetic)
MP002282,CROP018,Jute,Maharashtra,Nagpur,Nagpur Mandi,2024-10-15,3410.0,4004.0,3707.0,Quintal,38.5,Agmarknet / e-NAM (synthetic)
MP002283,CROP018,Jute,Maharashtra,Nagpur,Nagpur Mandi,2024-11-15,3597.0,4223.0,3910.0,Quintal,24.1,Agmarknet / e-NAM (synthetic)
MP002284,CROP018,Jute,Maharashtra,Nagpur,Nagpur Mandi,2024-12-15,4067.0,4775.0,4421.0,Quintal,180.1,Agmarknet / e-NAM (synthetic)
MP002285,CROP018,Jute,Maharashtra,Nagpur,Nagpur Mandi,2025-01-15,4303.0,5051.0,4677.0,Quintal,56.7,Agmarknet / e-NAM (synthetic)
MP002286,CROP018,Jute,Maharashtra,Nagpur,Nagpur Mandi,2025-02-15,4514.0,5298.0,4906.0,Quintal,12.7,Agmarknet / e-NAM (synthetic)
MP002287,CROP018,Jute,Maharashtra,Nagpur,Nagpur Mandi,2025-03-15,4512.0,5296.0,4904.0,Quintal,27.4,Agmarknet / e-NAM (synthetic)
MP002288,CROP018,Jute,Maharashtra,Nagpur,Nagpur Mandi,2025-04-15,4803.0,5639.0,5221.0,Quintal,225.2,Agmarknet / e-NAM (synthetic)
MP002289,CROP018,Jute,Maharashtra,Nagpur,Nagpur Mandi,2025-05-15,4469.0,5247.0,4858.0,Quintal,134.1,Agmarknet / e-NAM (synthetic)
MP002290,CROP018,Jute,Maharashtra,Nagpur,Nagpur Mandi,2025-06-15,4380.0,5142.0,4761.0,Quintal,211.4,Agmarknet / e-NAM (synthetic)
MP002291,CROP018,Jute,Maharashtra,Nagpur,Nagpur Mandi,2025-07-15,4115.0,4831.0,4473.0,Quintal,122.1,Agmarknet / e-NAM (synthetic)
MP002292,CROP018,Jute,Maharashtra,Nagpur,Nagpur Mandi,2025-08-15,3750.0,4402.0,4076.0,Quintal,61.2,Agmarknet / e-NAM (synthetic)
MP002293,CROP018,Jute,Maharashtra,Nagpur,Nagpur Mandi,2025-09-15,3953.0,4641.0,4297.0,Quintal,281.6,Agmarknet / e-NAM (synthetic)
MP002294,CROP018,Jute,Maharashtra,Nagpur,Nagpur Mandi,2025-10-15,4284.0,5028.0,4656.0,Quintal,86.5,Agmarknet / e-NAM (synthetic)
MP002295,CROP018,Jute,Maharashtra,Nagpur,Nagpur Mandi,2025-11-15,4039.0,4741.0,4390.0,Quintal,84.6,Agmarknet / e-NAM (synthetic)
MP002296,CROP018,Jute,Maharashtra,Nagpur,Nagpur Mandi,2025-12-15,4154.0,4876.0,4515.0,Quintal,140.4,Agmarknet / e-NAM (synthetic)
MP002297,CROP018,Jute,Maharashtra,Nagpur,Nagpur Mandi,2026-01-15,4263.0,5005.0,4634.0,Quintal,169.2,Agmarknet / e-NAM (synthetic)
MP002298,CROP018,Jute,Maharashtra,Nagpur,Nagpur Mandi,2026-02-15,4888.0,5738.0,5313.0,Quintal,110.5,Agmarknet / e-NAM (synthetic)
MP002299,CROP018,Jute,Maharashtra,Nagpur,Nagpur Mandi,2026-03-15,5055.0,5935.0,5495.0,Quintal,144.7,Agmarknet / e-NAM (synthetic)
MP002300,CROP018,Jute,Maharashtra,Nagpur,Nagpur Mandi,2026-04-15,4811.0,5647.0,5229.0,Quintal,137.5,Agmarknet / e-NAM (synthetic)
MP002301,CROP018,Jute,Maharashtra,Nagpur,Nagpur Mandi,2026-05-15,4146.0,4866.0,4506.0,Quintal,113.9,Agmarknet / e-NAM (synthetic)
MP002302,CROP018,Jute,Maharashtra,Nagpur,Nagpur Mandi,2026-06-15,4337.0,5091.0,4714.0,Quintal,131.7,Agmarknet / e-NAM (synthetic)
MP002303,CROP018,Jute,Maharashtra,Nagpur,Nagpur Mandi,2026-07-15,3990.0,4684.0,4337.0,Quintal,39.6,Agmarknet / e-NAM (synthetic)
MP002304,CROP018,Jute,Maharashtra,Nagpur,Nagpur Mandi,2026-08-15,3796.0,4456.0,4126.0,Quintal,116.3,Agmarknet / e-NAM (synthetic)
MP002305,CROP019,Potato,Maharashtra,Pune,Pune Mandi,2024-01-15,1573.0,1847.0,1710.0,Quintal,114.9,Agmarknet / e-NAM (synthetic)
MP002306,CROP019,Potato,Maharashtra,Pune,Pune Mandi,2024-02-15,1679.0,1971.0,1825.0,Quintal,48.3,Agmarknet / e-NAM (synthetic)
MP002307,CROP019,Potato,Maharashtra,Pune,Pune Mandi,2024-03-15,1522.0,1786.0,1654.0,Quintal,61.2,Agmarknet / e-NAM (synthetic)
MP002308,CROP019,Potato,Maharashtra,Pune,Pune Mandi,2024-04-15,1547.0,1817.0,1682.0,Quintal,82.6,Agmarknet / e-NAM (synthetic)
MP002309,CROP019,Potato,Maharashtra,Pune,Pune Mandi,2024-05-15,1566.0,1838.0,1702.0,Quintal,271.7,Agmarknet / e-NAM (synthetic)
MP002310,CROP019,Potato,Maharashtra,Pune,Pune Mandi,2024-06-15,1455.0,1709.0,1582.0,Quintal,60.0,Agmarknet / e-NAM (synthetic)
MP002311,CROP019,Potato,Maharashtra,Pune,Pune Mandi,2024-07-15,1434.0,1684.0,1559.0,Quintal,84.0,Agmarknet / e-NAM (synthetic)
MP002312,CROP019,Potato,Maharashtra,Pune,Pune Mandi,2024-08-15,1514.0,1778.0,1646.0,Quintal,12.8,Agmarknet / e-NAM (synthetic)
MP002313,CROP019,Potato,Maharashtra,Pune,Pune Mandi,2024-09-15,1439.0,1689.0,1564.0,Quintal,8.8,Agmarknet / e-NAM (synthetic)
MP002314,CROP019,Potato,Maharashtra,Pune,Pune Mandi,2024-10-15,1375.0,1615.0,1495.0,Quintal,78.9,Agmarknet / e-NAM (synthetic)
MP002315,CROP019,Potato,Maharashtra,Pune,Pune Mandi,2024-11-15,1443.0,1693.0,1568.0,Quintal,56.3,Agmarknet / e-NAM (synthetic)
MP002316,CROP019,Potato,Maharashtra,Pune,Pune Mandi,2024-12-15,1416.0,1662.0,1539.0,Quintal,163.5,Agmarknet / e-NAM (synthetic)
MP002317,CROP019,Potato,Maharashtra,Pune,Pune Mandi,2025-01-15,1753.0,2057.0,1905.0,Quintal,82.1,Agmarknet / e-NAM (synthetic)
MP002318,CROP019,Potato,Maharashtra,Pune,Pune Mandi,2025-02-15,1845.0,2165.0,2005.0,Quintal,160.0,Agmarknet / e-NAM (synthetic)
MP002319,CROP019,Potato,Maharashtra,Pune,Pune Mandi,2025-03-15,1804.0,2118.0,1961.0,Quintal,37.5,Agmarknet / e-NAM (synthetic)
MP002320,CROP019,Potato,Maharashtra,Pune,Pune Mandi,2025-04-15,1760.0,2066.0,1913.0,Quintal,139.8,Agmarknet / e-NAM (synthetic)
MP002321,CROP019,Potato,Maharashtra,Pune,Pune Mandi,2025-05-15,1673.0,1963.0,1818.0,Quintal,60.8,Agmarknet / e-NAM (synthetic)
MP002322,CROP019,Potato,Maharashtra,Pune,Pune Mandi,2025-06-15,1691.0,1985.0,1838.0,Quintal,268.7,Agmarknet / e-NAM (synthetic)
MP002323,CROP019,Potato,Maharashtra,Pune,Pune Mandi,2025-07-15,1485.0,1743.0,1614.0,Quintal,109.8,Agmarknet / e-NAM (synthetic)
MP002324,CROP019,Potato,Maharashtra,Pune,Pune Mandi,2025-08-15,1386.0,1626.0,1506.0,Quintal,107.8,Agmarknet / e-NAM (synthetic)
MP002325,CROP019,Potato,Maharashtra,Pune,Pune Mandi,2025-09-15,1452.0,1704.0,1578.0,Quintal,49.6,Agmarknet / e-NAM (synthetic)
MP002326,CROP019,Potato,Maharashtra,Pune,Pune Mandi,2025-10-15,1420.0,1668.0,1544.0,Quintal,47.7,Agmarknet / e-NAM (synthetic)
MP002327,CROP019,Potato,Maharashtra,Pune,Pune Mandi,2025-11-15,1490.0,1750.0,1620.0,Quintal,119.3,Agmarknet / e-NAM (synthetic)
MP002328,CROP019,Potato,Maharashtra,Pune,Pune Mandi,2025-12-15,1628.0,1912.0,1770.0,Quintal,120.7,Agmarknet / e-NAM (synthetic)
MP002329,CROP019,Potato,Maharashtra,Pune,Pune Mandi,2026-01-15,1782.0,2092.0,1937.0,Quintal,100.6,Agmarknet / e-NAM (synthetic)
MP002330,CROP019,Potato,Maharashtra,Pune,Pune Mandi,2026-02-15,1776.0,2084.0,1930.0,Quintal,105.2,Agmarknet / e-NAM (synthetic)
MP002331,CROP019,Potato,Maharashtra,Pune,Pune Mandi,2026-03-15,1793.0,2105.0,1949.0,Quintal,142.8,Agmarknet / e-NAM (synthetic)
MP002332,CROP019,Potato,Maharashtra,Pune,Pune Mandi,2026-04-15,1861.0,2185.0,2023.0,Quintal,49.2,Agmarknet / e-NAM (synthetic)
MP002333,CROP019,Potato,Maharashtra,Pune,Pune Mandi,2026-05-15,1775.0,2083.0,1929.0,Quintal,140.5,Agmarknet / e-NAM (synthetic)
MP002334,CROP019,Potato,Maharashtra,Pune,Pune Mandi,2026-06-15,1587.0,1863.0,1725.0,Quintal,82.0,Agmarknet / e-NAM (synthetic)
MP002335,CROP019,Potato,Maharashtra,Pune,Pune Mandi,2026-07-15,1380.0,1620.0,1500.0,Quintal,62.9,Agmarknet / e-NAM (synthetic)
MP002336,CROP019,Potato,Maharashtra,Pune,Pune Mandi,2026-08-15,1517.0,1781.0,1649.0,Quintal,52.1,Agmarknet / e-NAM (synthetic)
MP002337,CROP019,Potato,Gujarat,Rajkot,Rajkot Mandi,2024-01-15,1716.0,2014.0,1865.0,Quintal,125.8,Agmarknet / e-NAM (synthetic)
MP002338,CROP019,Potato,Gujarat,Rajkot,Rajkot Mandi,2024-02-15,1636.0,1920.0,1778.0,Quintal,166.9,Agmarknet / e-NAM (synthetic)
MP002339,CROP019,Potato,Gujarat,Rajkot,Rajkot Mandi,2024-03-15,1754.0,2058.0,1906.0,Quintal,105.0,Agmarknet / e-NAM (synthetic)
MP002340,CROP019,Potato,Gujarat,Rajkot,Rajkot Mandi,2024-04-15,1659.0,1947.0,1803.0,Quintal,141.5,Agmarknet / e-NAM (synthetic)
MP002341,CROP019,Potato,Gujarat,Rajkot,Rajkot Mandi,2024-05-15,1616.0,1896.0,1756.0,Quintal,139.6,Agmarknet / e-NAM (synthetic)
MP002342,CROP019,Potato,Gujarat,Rajkot,Rajkot Mandi,2024-06-15,1489.0,1747.0,1618.0,Quintal,123.9,Agmarknet / e-NAM (synthetic)
MP002343,CROP019,Potato,Gujarat,Rajkot,Rajkot Mandi,2024-07-15,1526.0,1792.0,1659.0,Quintal,109.6,Agmarknet / e-NAM (synthetic)
MP002344,CROP019,Potato,Gujarat,Rajkot,Rajkot Mandi,2024-08-15,1406.0,1650.0,1528.0,Quintal,42.9,Agmarknet / e-NAM (synthetic)
MP002345,CROP019,Potato,Gujarat,Rajkot,Rajkot Mandi,2024-09-15,1328.0,1558.0,1443.0,Quintal,119.1,Agmarknet / e-NAM (synthetic)
MP002346,CROP019,Potato,Gujarat,Rajkot,Rajkot Mandi,2024-10-15,1400.0,1644.0,1522.0,Quintal,71.7,Agmarknet / e-NAM (synthetic)
MP002347,CROP019,Potato,Gujarat,Rajkot,Rajkot Mandi,2024-11-15,1474.0,1730.0,1602.0,Quintal,60.4,Agmarknet / e-NAM (synthetic)
MP002348,CROP019,Potato,Gujarat,Rajkot,Rajkot Mandi,2024-12-15,1460.0,1714.0,1587.0,Quintal,105.9,Agmarknet / e-NAM (synthetic)
MP002349,CROP019,Potato,Gujarat,Rajkot,Rajkot Mandi,2025-01-15,1755.0,2061.0,1908.0,Quintal,120.7,Agmarknet / e-NAM (synthetic)
MP002350,CROP019,Potato,Gujarat,Rajkot,Rajkot Mandi,2025-02-15,1825.0,2143.0,1984.0,Quintal,15.5,Agmarknet / e-NAM (synthetic)
MP002351,CROP019,Potato,Gujarat,Rajkot,Rajkot Mandi,2025-03-15,2040.0,2394.0,2217.0,Quintal,125.8,Agmarknet / e-NAM (synthetic)
MP002352,CROP019,Potato,Gujarat,Rajkot,Rajkot Mandi,2025-04-15,1751.0,2055.0,1903.0,Quintal,77.5,Agmarknet / e-NAM (synthetic)
MP002353,CROP019,Potato,Gujarat,Rajkot,Rajkot Mandi,2025-05-15,1673.0,1963.0,1818.0,Quintal,79.4,Agmarknet / e-NAM (synthetic)
MP002354,CROP019,Potato,Gujarat,Rajkot,Rajkot Mandi,2025-06-15,1547.0,1817.0,1682.0,Quintal,122.7,Agmarknet / e-NAM (synthetic)
MP002355,CROP019,Potato,Gujarat,Rajkot,Rajkot Mandi,2025-07-15,1465.0,1719.0,1592.0,Quintal,168.3,Agmarknet / e-NAM (synthetic)
MP002356,CROP019,Potato,Gujarat,Rajkot,Rajkot Mandi,2025-08-15,1450.0,1702.0,1576.0,Quintal,207.0,Agmarknet / e-NAM (synthetic)
MP002357,CROP019,Potato,Gujarat,Rajkot,Rajkot Mandi,2025-09-15,1239.0,1455.0,1347.0,Quintal,32.7,Agmarknet / e-NAM (synthetic)
MP002358,CROP019,Potato,Gujarat,Rajkot,Rajkot Mandi,2025-10-15,1366.0,1604.0,1485.0,Quintal,100.4,Agmarknet / e-NAM (synthetic)
MP002359,CROP019,Potato,Gujarat,Rajkot,Rajkot Mandi,2025-11-15,1564.0,1836.0,1700.0,Quintal,113.5,Agmarknet / e-NAM (synthetic)
MP002360,CROP019,Potato,Gujarat,Rajkot,Rajkot Mandi,2025-12-15,1697.0,1993.0,1845.0,Quintal,246.9,Agmarknet / e-NAM (synthetic)
MP002361,CROP019,Potato,Gujarat,Rajkot,Rajkot Mandi,2026-01-15,1713.0,2011.0,1862.0,Quintal,59.0,Agmarknet / e-NAM (synthetic)
MP002362,CROP019,Potato,Gujarat,Rajkot,Rajkot Mandi,2026-02-15,1837.0,2157.0,1997.0,Quintal,153.5,Agmarknet / e-NAM (synthetic)
MP002363,CROP019,Potato,Gujarat,Rajkot,Rajkot Mandi,2026-03-15,1787.0,2097.0,1942.0,Quintal,146.7,Agmarknet / e-NAM (synthetic)
MP002364,CROP019,Potato,Gujarat,Rajkot,Rajkot Mandi,2026-04-15,1787.0,2097.0,1942.0,Quintal,117.4,Agmarknet / e-NAM (synthetic)
MP002365,CROP019,Potato,Gujarat,Rajkot,Rajkot Mandi,2026-05-15,1915.0,2247.0,2081.0,Quintal,94.0,Agmarknet / e-NAM (synthetic)
MP002366,CROP019,Potato,Gujarat,Rajkot,Rajkot Mandi,2026-06-15,1685.0,1977.0,1831.0,Quintal,146.4,Agmarknet / e-NAM (synthetic)
MP002367,CROP019,Potato,Gujarat,Rajkot,Rajkot Mandi,2026-07-15,1584.0,1860.0,1722.0,Quintal,125.2,Agmarknet / e-NAM (synthetic)
MP002368,CROP019,Potato,Gujarat,Rajkot,Rajkot Mandi,2026-08-15,1524.0,1790.0,1657.0,Quintal,142.5,Agmarknet / e-NAM (synthetic)
MP002369,CROP019,Potato,Karnataka,Belagavi,Belagavi Mandi,2024-01-15,1575.0,1849.0,1712.0,Quintal,106.0,Agmarknet / e-NAM (synthetic)
MP002370,CROP019,Potato,Karnataka,Belagavi,Belagavi Mandi,2024-02-15,1820.0,2136.0,1978.0,Quintal,180.2,Agmarknet / e-NAM (synthetic)
MP002371,CROP019,Potato,Karnataka,Belagavi,Belagavi Mandi,2024-03-15,1697.0,1993.0,1845.0,Quintal,61.4,Agmarknet / e-NAM (synthetic)
MP002372,CROP019,Potato,Karnataka,Belagavi,Belagavi Mandi,2024-04-15,1778.0,2088.0,1933.0,Quintal,145.4,Agmarknet / e-NAM (synthetic)
MP002373,CROP019,Potato,Karnataka,Belagavi,Belagavi Mandi,2024-05-15,1606.0,1886.0,1746.0,Quintal,116.8,Agmarknet / e-NAM (synthetic)
MP002374,CROP019,Potato,Karnataka,Belagavi,Belagavi Mandi,2024-06-15,1468.0,1724.0,1596.0,Quintal,20.6,Agmarknet / e-NAM (synthetic)
MP002375,CROP019,Potato,Karnataka,Belagavi,Belagavi Mandi,2024-07-15,1341.0,1575.0,1458.0,Quintal,137.2,Agmarknet / e-NAM (synthetic)
MP002376,CROP019,Potato,Karnataka,Belagavi,Belagavi Mandi,2024-08-15,1455.0,1707.0,1581.0,Quintal,58.3,Agmarknet / e-NAM (synthetic)
MP002377,CROP019,Potato,Karnataka,Belagavi,Belagavi Mandi,2024-09-15,1299.0,1525.0,1412.0,Quintal,92.0,Agmarknet / e-NAM (synthetic)
MP002378,CROP019,Potato,Karnataka,Belagavi,Belagavi Mandi,2024-10-15,1470.0,1726.0,1598.0,Quintal,191.5,Agmarknet / e-NAM (synthetic)
MP002379,CROP019,Potato,Karnataka,Belagavi,Belagavi Mandi,2024-11-15,1294.0,1518.0,1406.0,Quintal,171.0,Agmarknet / e-NAM (synthetic)
MP002380,CROP019,Potato,Karnataka,Belagavi,Belagavi Mandi,2024-12-15,1390.0,1632.0,1511.0,Quintal,31.8,Agmarknet / e-NAM (synthetic)
MP002381,CROP019,Potato,Karnataka,Belagavi,Belagavi Mandi,2025-01-15,1697.0,1993.0,1845.0,Quintal,138.3,Agmarknet / e-NAM (synthetic)
MP002382,CROP019,Potato,Karnataka,Belagavi,Belagavi Mandi,2025-02-15,1914.0,2246.0,2080.0,Quintal,25.7,Agmarknet / e-NAM (synthetic)
MP002383,CROP019,Potato,Karnataka,Belagavi,Belagavi Mandi,2025-03-15,1825.0,2143.0,1984.0,Quintal,139.6,Agmarknet / e-NAM (synthetic)
MP002384,CROP019,Potato,Karnataka,Belagavi,Belagavi Mandi,2025-04-15,1559.0,1831.0,1695.0,Quintal,49.5,Agmarknet / e-NAM (synthetic)
MP002385,CROP019,Potato,Karnataka,Belagavi,Belagavi Mandi,2025-05-15,1637.0,1921.0,1779.0,Quintal,128.6,Agmarknet / e-NAM (synthetic)
MP002386,CROP019,Potato,Karnataka,Belagavi,Belagavi Mandi,2025-06-15,1547.0,1815.0,1681.0,Quintal,51.8,Agmarknet / e-NAM (synthetic)
MP002387,CROP019,Potato,Karnataka,Belagavi,Belagavi Mandi,2025-07-15,1573.0,1847.0,1710.0,Quintal,98.4,Agmarknet / e-NAM (synthetic)
MP002388,CROP019,Potato,Karnataka,Belagavi,Belagavi Mandi,2025-08-15,1409.0,1655.0,1532.0,Quintal,175.1,Agmarknet / e-NAM (synthetic)
MP002389,CROP019,Potato,Karnataka,Belagavi,Belagavi Mandi,2025-09-15,1328.0,1560.0,1444.0,Quintal,19.6,Agmarknet / e-NAM (synthetic)
MP002390,CROP019,Potato,Karnataka,Belagavi,Belagavi Mandi,2025-10-15,1435.0,1685.0,1560.0,Quintal,113.6,Agmarknet / e-NAM (synthetic)
MP002391,CROP019,Potato,Karnataka,Belagavi,Belagavi Mandi,2025-11-15,1499.0,1759.0,1629.0,Quintal,185.6,Agmarknet / e-NAM (synthetic)
MP002392,CROP019,Potato,Karnataka,Belagavi,Belagavi Mandi,2025-12-15,1493.0,1753.0,1623.0,Quintal,253.2,Agmarknet / e-NAM (synthetic)
MP002393,CROP019,Potato,Karnataka,Belagavi,Belagavi Mandi,2026-01-15,1736.0,2038.0,1887.0,Quintal,74.7,Agmarknet / e-NAM (synthetic)
MP002394,CROP019,Potato,Karnataka,Belagavi,Belagavi Mandi,2026-02-15,1977.0,2321.0,2149.0,Quintal,95.6,Agmarknet / e-NAM (synthetic)
MP002395,CROP019,Potato,Karnataka,Belagavi,Belagavi Mandi,2026-03-15,1831.0,2149.0,1990.0,Quintal,31.1,Agmarknet / e-NAM (synthetic)
MP002396,CROP019,Potato,Karnataka,Belagavi,Belagavi Mandi,2026-04-15,2069.0,2429.0,2249.0,Quintal,89.0,Agmarknet / e-NAM (synthetic)
MP002397,CROP019,Potato,Karnataka,Belagavi,Belagavi Mandi,2026-05-15,1963.0,2305.0,2134.0,Quintal,164.5,Agmarknet / e-NAM (synthetic)
MP002398,CROP019,Potato,Karnataka,Belagavi,Belagavi Mandi,2026-06-15,1656.0,1944.0,1800.0,Quintal,153.4,Agmarknet / e-NAM (synthetic)
MP002399,CROP019,Potato,Karnataka,Belagavi,Belagavi Mandi,2026-07-15,1552.0,1822.0,1687.0,Quintal,59.5,Agmarknet / e-NAM (synthetic)
MP002400,CROP019,Potato,Karnataka,Belagavi,Belagavi Mandi,2026-08-15,1381.0,1621.0,1501.0,Quintal,14.2,Agmarknet / e-NAM (synthetic)
MP002401,CROP019,Potato,Haryana,Karnal,Karnal Mandi,2024-01-15,1591.0,1867.0,1729.0,Quintal,92.2,Agmarknet / e-NAM (synthetic)
MP002402,CROP019,Potato,Haryana,Karnal,Karnal Mandi,2024-02-15,1757.0,2063.0,1910.0,Quintal,90.1,Agmarknet / e-NAM (synthetic)
MP002403,CROP019,Potato,Haryana,Karnal,Karnal Mandi,2024-03-15,1665.0,1955.0,1810.0,Quintal,61.8,Agmarknet / e-NAM (synthetic)
MP002404,CROP019,Potato,Haryana,Karnal,Karnal Mandi,2024-04-15,1712.0,2010.0,1861.0,Quintal,137.8,Agmarknet / e-NAM (synthetic)
MP002405,CROP019,Potato,Haryana,Karnal,Karnal Mandi,2024-05-15,1589.0,1865.0,1727.0,Quintal,331.2,Agmarknet / e-NAM (synthetic)
MP002406,CROP019,Potato,Haryana,Karnal,Karnal Mandi,2024-06-15,1459.0,1713.0,1586.0,Quintal,208.6,Agmarknet / e-NAM (synthetic)
MP002407,CROP019,Potato,Haryana,Karnal,Karnal Mandi,2024-07-15,1400.0,1644.0,1522.0,Quintal,85.7,Agmarknet / e-NAM (synthetic)
MP002408,CROP019,Potato,Haryana,Karnal,Karnal Mandi,2024-08-15,1278.0,1500.0,1389.0,Quintal,127.6,Agmarknet / e-NAM (synthetic)
MP002409,CROP019,Potato,Haryana,Karnal,Karnal Mandi,2024-09-15,1304.0,1530.0,1417.0,Quintal,214.9,Agmarknet / e-NAM (synthetic)
MP002410,CROP019,Potato,Haryana,Karnal,Karnal Mandi,2024-10-15,1286.0,1510.0,1398.0,Quintal,56.4,Agmarknet / e-NAM (synthetic)
MP002411,CROP019,Potato,Haryana,Karnal,Karnal Mandi,2024-11-15,1457.0,1711.0,1584.0,Quintal,98.6,Agmarknet / e-NAM (synthetic)
MP002412,CROP019,Potato,Haryana,Karnal,Karnal Mandi,2024-12-15,1524.0,1788.0,1656.0,Quintal,121.8,Agmarknet / e-NAM (synthetic)
MP002413,CROP019,Potato,Haryana,Karnal,Karnal Mandi,2025-01-15,1709.0,2007.0,1858.0,Quintal,124.6,Agmarknet / e-NAM (synthetic)
MP002414,CROP019,Potato,Haryana,Karnal,Karnal Mandi,2025-02-15,1747.0,2051.0,1899.0,Quintal,46.1,Agmarknet / e-NAM (synthetic)
MP002415,CROP019,Potato,Haryana,Karnal,Karnal Mandi,2025-03-15,1852.0,2174.0,2013.0,Quintal,40.1,Agmarknet / e-NAM (synthetic)
MP002416,CROP019,Potato,Haryana,Karnal,Karnal Mandi,2025-04-15,1772.0,2080.0,1926.0,Quintal,222.0,Agmarknet / e-NAM (synthetic)
MP002417,CROP019,Potato,Haryana,Karnal,Karnal Mandi,2025-05-15,1750.0,2054.0,1902.0,Quintal,178.7,Agmarknet / e-NAM (synthetic)
MP002418,CROP019,Potato,Haryana,Karnal,Karnal Mandi,2025-06-15,1609.0,1889.0,1749.0,Quintal,65.5,Agmarknet / e-NAM (synthetic)
MP002419,CROP019,Potato,Haryana,Karnal,Karnal Mandi,2025-07-15,1391.0,1633.0,1512.0,Quintal,107.3,Agmarknet / e-NAM (synthetic)
MP002420,CROP019,Potato,Haryana,Karnal,Karnal Mandi,2025-08-15,1498.0,1758.0,1628.0,Quintal,110.4,Agmarknet / e-NAM (synthetic)
MP002421,CROP019,Potato,Haryana,Karnal,Karnal Mandi,2025-09-15,1458.0,1712.0,1585.0,Quintal,322.8,Agmarknet / e-NAM (synthetic)
MP002422,CROP019,Potato,Haryana,Karnal,Karnal Mandi,2025-10-15,1397.0,1641.0,1519.0,Quintal,151.4,Agmarknet / e-NAM (synthetic)
MP002423,CROP019,Potato,Haryana,Karnal,Karnal Mandi,2025-11-15,1482.0,1740.0,1611.0,Quintal,150.5,Agmarknet / e-NAM (synthetic)
MP002424,CROP019,Potato,Haryana,Karnal,Karnal Mandi,2025-12-15,1601.0,1879.0,1740.0,Quintal,150.2,Agmarknet / e-NAM (synthetic)
MP002425,CROP019,Potato,Haryana,Karnal,Karnal Mandi,2026-01-15,1590.0,1866.0,1728.0,Quintal,189.1,Agmarknet / e-NAM (synthetic)
MP002426,CROP019,Potato,Haryana,Karnal,Karnal Mandi,2026-02-15,1983.0,2327.0,2155.0,Quintal,216.0,Agmarknet / e-NAM (synthetic)
MP002427,CROP019,Potato,Haryana,Karnal,Karnal Mandi,2026-03-15,1835.0,2155.0,1995.0,Quintal,180.0,Agmarknet / e-NAM (synthetic)
MP002428,CROP019,Potato,Haryana,Karnal,Karnal Mandi,2026-04-15,1949.0,2287.0,2118.0,Quintal,106.4,Agmarknet / e-NAM (synthetic)
MP002429,CROP019,Potato,Haryana,Karnal,Karnal Mandi,2026-05-15,1570.0,1842.0,1706.0,Quintal,248.2,Agmarknet / e-NAM (synthetic)
MP002430,CROP019,Potato,Haryana,Karnal,Karnal Mandi,2026-06-15,1764.0,2070.0,1917.0,Quintal,107.2,Agmarknet / e-NAM (synthetic)
MP002431,CROP019,Potato,Haryana,Karnal,Karnal Mandi,2026-07-15,1462.0,1716.0,1589.0,Quintal,278.4,Agmarknet / e-NAM (synthetic)
MP002432,CROP019,Potato,Haryana,Karnal,Karnal Mandi,2026-08-15,1376.0,1616.0,1496.0,Quintal,139.6,Agmarknet / e-NAM (synthetic)
MP002433,CROP020,Onion,Bihar,Patna,Patna Mandi,2024-01-15,3382.0,3970.0,3676.0,Quintal,66.8,Agmarknet / e-NAM (synthetic)
MP002434,CROP020,Onion,Bihar,Patna,Patna Mandi,2024-02-15,3405.0,3997.0,3701.0,Quintal,172.2,Agmarknet / e-NAM (synthetic)
MP002435,CROP020,Onion,Bihar,Patna,Patna Mandi,2024-03-15,3236.0,3798.0,3517.0,Quintal,116.6,Agmarknet / e-NAM (synthetic)
MP002436,CROP020,Onion,Bihar,Patna,Patna Mandi,2024-04-15,3080.0,3616.0,3348.0,Quintal,222.0,Agmarknet / e-NAM (synthetic)
MP002437,CROP020,Onion,Bihar,Patna,Patna Mandi,2024-05-15,2981.0,3499.0,3240.0,Quintal,44.1,Agmarknet / e-NAM (synthetic)
MP002438,CROP020,Onion,Bihar,Patna,Patna Mandi,2024-06-15,3067.0,3601.0,3334.0,Quintal,104.1,Agmarknet / e-NAM (synthetic)
MP002439,CROP020,Onion,Bihar,Patna,Patna Mandi,2024-07-15,2912.0,3418.0,3165.0,Quintal,48.5,Agmarknet / e-NAM (synthetic)
MP002440,CROP020,Onion,Bihar,Patna,Patna Mandi,2024-08-15,2628.0,3086.0,2857.0,Quintal,270.9,Agmarknet / e-NAM (synthetic)
MP002441,CROP020,Onion,Bihar,Patna,Patna Mandi,2024-09-15,2754.0,3232.0,2993.0,Quintal,18.9,Agmarknet / e-NAM (synthetic)
MP002442,CROP020,Onion,Bihar,Patna,Patna Mandi,2024-10-15,2793.0,3279.0,3036.0,Quintal,93.0,Agmarknet / e-NAM (synthetic)
MP002443,CROP020,Onion,Bihar,Patna,Patna Mandi,2024-11-15,3069.0,3603.0,3336.0,Quintal,86.3,Agmarknet / e-NAM (synthetic)
MP002444,CROP020,Onion,Bihar,Patna,Patna Mandi,2024-12-15,3058.0,3590.0,3324.0,Quintal,122.9,Agmarknet / e-NAM (synthetic)
MP002445,CROP020,Onion,Bihar,Patna,Patna Mandi,2025-01-15,3582.0,4206.0,3894.0,Quintal,203.3,Agmarknet / e-NAM (synthetic)
MP002446,CROP020,Onion,Bihar,Patna,Patna Mandi,2025-02-15,3659.0,4295.0,3977.0,Quintal,103.8,Agmarknet / e-NAM (synthetic)
MP002447,CROP020,Onion,Bihar,Patna,Patna Mandi,2025-03-15,3857.0,4527.0,4192.0,Quintal,72.8,Agmarknet / e-NAM (synthetic)
MP002448,CROP020,Onion,Bihar,Patna,Patna Mandi,2025-04-15,3579.0,4201.0,3890.0,Quintal,70.3,Agmarknet / e-NAM (synthetic)
MP002449,CROP020,Onion,Bihar,Patna,Patna Mandi,2025-05-15,3190.0,3744.0,3467.0,Quintal,71.7,Agmarknet / e-NAM (synthetic)
MP002450,CROP020,Onion,Bihar,Patna,Patna Mandi,2025-06-15,3149.0,3697.0,3423.0,Quintal,195.7,Agmarknet / e-NAM (synthetic)
MP002451,CROP020,Onion,Bihar,Patna,Patna Mandi,2025-07-15,3025.0,3551.0,3288.0,Quintal,166.1,Agmarknet / e-NAM (synthetic)
MP002452,CROP020,Onion,Bihar,Patna,Patna Mandi,2025-08-15,3130.0,3674.0,3402.0,Quintal,37.1,Agmarknet / e-NAM (synthetic)
MP002453,CROP020,Onion,Bihar,Patna,Patna Mandi,2025-09-15,2700.0,3170.0,2935.0,Quintal,111.5,Agmarknet / e-NAM (synthetic)
MP002454,CROP020,Onion,Bihar,Patna,Patna Mandi,2025-10-15,2830.0,3322.0,3076.0,Quintal,73.1,Agmarknet / e-NAM (synthetic)
MP002455,CROP020,Onion,Bihar,Patna,Patna Mandi,2025-11-15,3228.0,3790.0,3509.0,Quintal,135.7,Agmarknet / e-NAM (synthetic)
MP002456,CROP020,Onion,Bihar,Patna,Patna Mandi,2025-12-15,3571.0,4191.0,3881.0,Quintal,181.5,Agmarknet / e-NAM (synthetic)
MP002457,CROP020,Onion,Bihar,Patna,Patna Mandi,2026-01-15,3713.0,4359.0,4036.0,Quintal,166.7,Agmarknet / e-NAM (synthetic)
MP002458,CROP020,Onion,Bihar,Patna,Patna Mandi,2026-02-15,3608.0,4236.0,3922.0,Quintal,184.1,Agmarknet / e-NAM (synthetic)
MP002459,CROP020,Onion,Bihar,Patna,Patna Mandi,2026-03-15,3599.0,4225.0,3912.0,Quintal,109.6,Agmarknet / e-NAM (synthetic)
MP002460,CROP020,Onion,Bihar,Patna,Patna Mandi,2026-04-15,4003.0,4699.0,4351.0,Quintal,16.3,Agmarknet / e-NAM (synthetic)
MP002461,CROP020,Onion,Bihar,Patna,Patna Mandi,2026-05-15,3559.0,4177.0,3868.0,Quintal,280.1,Agmarknet / e-NAM (synthetic)
MP002462,CROP020,Onion,Bihar,Patna,Patna Mandi,2026-06-15,3518.0,4130.0,3824.0,Quintal,75.7,Agmarknet / e-NAM (synthetic)
MP002463,CROP020,Onion,Bihar,Patna,Patna Mandi,2026-07-15,3202.0,3758.0,3480.0,Quintal,68.8,Agmarknet / e-NAM (synthetic)
MP002464,CROP020,Onion,Bihar,Patna,Patna Mandi,2026-08-15,3147.0,3695.0,3421.0,Quintal,18.8,Agmarknet / e-NAM (synthetic)
MP002465,CROP020,Onion,Maharashtra,Nagpur,Nagpur Mandi,2024-01-15,2975.0,3493.0,3234.0,Quintal,42.4,Agmarknet / e-NAM (synthetic)
MP002466,CROP020,Onion,Maharashtra,Nagpur,Nagpur Mandi,2024-02-15,3305.0,3879.0,3592.0,Quintal,100.0,Agmarknet / e-NAM (synthetic)
MP002467,CROP020,Onion,Maharashtra,Nagpur,Nagpur Mandi,2024-03-15,3096.0,3634.0,3365.0,Quintal,157.0,Agmarknet / e-NAM (synthetic)
MP002468,CROP020,Onion,Maharashtra,Nagpur,Nagpur Mandi,2024-04-15,3421.0,4015.0,3718.0,Quintal,22.3,Agmarknet / e-NAM (synthetic)
MP002469,CROP020,Onion,Maharashtra,Nagpur,Nagpur Mandi,2024-05-15,3252.0,3818.0,3535.0,Quintal,177.0,Agmarknet / e-NAM (synthetic)
MP002470,CROP020,Onion,Maharashtra,Nagpur,Nagpur Mandi,2024-06-15,3380.0,3968.0,3674.0,Quintal,180.0,Agmarknet / e-NAM (synthetic)
MP002471,CROP020,Onion,Maharashtra,Nagpur,Nagpur Mandi,2024-07-15,3103.0,3643.0,3373.0,Quintal,67.1,Agmarknet / e-NAM (synthetic)
MP002472,CROP020,Onion,Maharashtra,Nagpur,Nagpur Mandi,2024-08-15,2912.0,3418.0,3165.0,Quintal,68.8,Agmarknet / e-NAM (synthetic)
MP002473,CROP020,Onion,Maharashtra,Nagpur,Nagpur Mandi,2024-09-15,2812.0,3302.0,3057.0,Quintal,97.3,Agmarknet / e-NAM (synthetic)
MP002474,CROP020,Onion,Maharashtra,Nagpur,Nagpur Mandi,2024-10-15,2728.0,3202.0,2965.0,Quintal,160.4,Agmarknet / e-NAM (synthetic)
MP002475,CROP020,Onion,Maharashtra,Nagpur,Nagpur Mandi,2024-11-15,2692.0,3160.0,2926.0,Quintal,100.7,Agmarknet / e-NAM (synthetic)
MP002476,CROP020,Onion,Maharashtra,Nagpur,Nagpur Mandi,2024-12-15,3247.0,3811.0,3529.0,Quintal,46.4,Agmarknet / e-NAM (synthetic)
MP002477,CROP020,Onion,Maharashtra,Nagpur,Nagpur Mandi,2025-01-15,3531.0,4145.0,3838.0,Quintal,33.7,Agmarknet / e-NAM (synthetic)
MP002478,CROP020,Onion,Maharashtra,Nagpur,Nagpur Mandi,2025-02-15,3603.0,4229.0,3916.0,Quintal,102.3,Agmarknet / e-NAM (synthetic)
MP002479,CROP020,Onion,Maharashtra,Nagpur,Nagpur Mandi,2025-03-15,3750.0,4402.0,4076.0,Quintal,180.6,Agmarknet / e-NAM (synthetic)
MP002480,CROP020,Onion,Maharashtra,Nagpur,Nagpur Mandi,2025-04-15,3436.0,4034.0,3735.0,Quintal,94.8,Agmarknet / e-NAM (synthetic)
MP002481,CROP020,Onion,Maharashtra,Nagpur,Nagpur Mandi,2025-05-15,3378.0,3966.0,3672.0,Quintal,125.8,Agmarknet / e-NAM (synthetic)
MP002482,CROP020,Onion,Maharashtra,Nagpur,Nagpur Mandi,2025-06-15,3365.0,3951.0,3658.0,Quintal,73.9,Agmarknet / e-NAM (synthetic)
MP002483,CROP020,Onion,Maharashtra,Nagpur,Nagpur Mandi,2025-07-15,3281.0,3851.0,3566.0,Quintal,248.0,Agmarknet / e-NAM (synthetic)
MP002484,CROP020,Onion,Maharashtra,Nagpur,Nagpur Mandi,2025-08-15,3045.0,3575.0,3310.0,Quintal,247.0,Agmarknet / e-NAM (synthetic)
MP002485,CROP020,Onion,Maharashtra,Nagpur,Nagpur Mandi,2025-09-15,2889.0,3391.0,3140.0,Quintal,146.8,Agmarknet / e-NAM (synthetic)
MP002486,CROP020,Onion,Maharashtra,Nagpur,Nagpur Mandi,2025-10-15,3188.0,3742.0,3465.0,Quintal,119.2,Agmarknet / e-NAM (synthetic)
MP002487,CROP020,Onion,Maharashtra,Nagpur,Nagpur Mandi,2025-11-15,2865.0,3363.0,3114.0,Quintal,167.2,Agmarknet / e-NAM (synthetic)
MP002488,CROP020,Onion,Maharashtra,Nagpur,Nagpur Mandi,2025-12-15,3387.0,3975.0,3681.0,Quintal,145.4,Agmarknet / e-NAM (synthetic)
MP002489,CROP020,Onion,Maharashtra,Nagpur,Nagpur Mandi,2026-01-15,3674.0,4314.0,3994.0,Quintal,183.3,Agmarknet / e-NAM (synthetic)
MP002490,CROP020,Onion,Maharashtra,Nagpur,Nagpur Mandi,2026-02-15,3605.0,4231.0,3918.0,Quintal,202.3,Agmarknet / e-NAM (synthetic)
MP002491,CROP020,Onion,Maharashtra,Nagpur,Nagpur Mandi,2026-03-15,3692.0,4334.0,4013.0,Quintal,246.3,Agmarknet / e-NAM (synthetic)
MP002492,CROP020,Onion,Maharashtra,Nagpur,Nagpur Mandi,2026-04-15,3601.0,4227.0,3914.0,Quintal,51.9,Agmarknet / e-NAM (synthetic)
MP002493,CROP020,Onion,Maharashtra,Nagpur,Nagpur Mandi,2026-05-15,3934.0,4618.0,4276.0,Quintal,180.5,Agmarknet / e-NAM (synthetic)
MP002494,CROP020,Onion,Maharashtra,Nagpur,Nagpur Mandi,2026-06-15,3235.0,3797.0,3516.0,Quintal,103.0,Agmarknet / e-NAM (synthetic)
MP002495,CROP020,Onion,Maharashtra,Nagpur,Nagpur Mandi,2026-07-15,3318.0,3894.0,3606.0,Quintal,145.0,Agmarknet / e-NAM (synthetic)
MP002496,CROP020,Onion,Maharashtra,Nagpur,Nagpur Mandi,2026-08-15,3021.0,3547.0,3284.0,Quintal,82.8,Agmarknet / e-NAM (synthetic)
MP002497,CROP020,Onion,Rajasthan,Jaipur,Jaipur Mandi,2024-01-15,3475.0,4079.0,3777.0,Quintal,147.6,Agmarknet / e-NAM (synthetic)
MP002498,CROP020,Onion,Rajasthan,Jaipur,Jaipur Mandi,2024-02-15,3088.0,3624.0,3356.0,Quintal,211.7,Agmarknet / e-NAM (synthetic)
MP002499,CROP020,Onion,Rajasthan,Jaipur,Jaipur Mandi,2024-03-15,3466.0,4068.0,3767.0,Quintal,202.9,Agmarknet / e-NAM (synthetic)
MP002500,CROP020,Onion,Rajasthan,Jaipur,Jaipur Mandi,2024-04-15,3534.0,4148.0,3841.0,Quintal,141.4,Agmarknet / e-NAM (synthetic)
MP002501,CROP020,Onion,Rajasthan,Jaipur,Jaipur Mandi,2024-05-15,3273.0,3843.0,3558.0,Quintal,303.3,Agmarknet / e-NAM (synthetic)
MP002502,CROP020,Onion,Rajasthan,Jaipur,Jaipur Mandi,2024-06-15,2729.0,3203.0,2966.0,Quintal,149.4,Agmarknet / e-NAM (synthetic)
MP002503,CROP020,Onion,Rajasthan,Jaipur,Jaipur Mandi,2024-07-15,2941.0,3453.0,3197.0,Quintal,234.5,Agmarknet / e-NAM (synthetic)
MP002504,CROP020,Onion,Rajasthan,Jaipur,Jaipur Mandi,2024-08-15,2676.0,3142.0,2909.0,Quintal,134.8,Agmarknet / e-NAM (synthetic)
MP002505,CROP020,Onion,Rajasthan,Jaipur,Jaipur Mandi,2024-09-15,2478.0,2910.0,2694.0,Quintal,389.2,Agmarknet / e-NAM (synthetic)
MP002506,CROP020,Onion,Rajasthan,Jaipur,Jaipur Mandi,2024-10-15,2710.0,3182.0,2946.0,Quintal,90.9,Agmarknet / e-NAM (synthetic)
MP002507,CROP020,Onion,Rajasthan,Jaipur,Jaipur Mandi,2024-11-15,3017.0,3541.0,3279.0,Quintal,21.1,Agmarknet / e-NAM (synthetic)
MP002508,CROP020,Onion,Rajasthan,Jaipur,Jaipur Mandi,2024-12-15,3146.0,3694.0,3420.0,Quintal,58.6,Agmarknet / e-NAM (synthetic)
MP002509,CROP020,Onion,Rajasthan,Jaipur,Jaipur Mandi,2025-01-15,3475.0,4079.0,3777.0,Quintal,314.9,Agmarknet / e-NAM (synthetic)
MP002510,CROP020,Onion,Rajasthan,Jaipur,Jaipur Mandi,2025-02-15,3504.0,4114.0,3809.0,Quintal,219.5,Agmarknet / e-NAM (synthetic)
MP002511,CROP020,Onion,Rajasthan,Jaipur,Jaipur Mandi,2025-03-15,3867.0,4539.0,4203.0,Quintal,128.1,Agmarknet / e-NAM (synthetic)
MP002512,CROP020,Onion,Rajasthan,Jaipur,Jaipur Mandi,2025-04-15,3971.0,4661.0,4316.0,Quintal,193.7,Agmarknet / e-NAM (synthetic)
MP002513,CROP020,Onion,Rajasthan,Jaipur,Jaipur Mandi,2025-05-15,3347.0,3929.0,3638.0,Quintal,110.2,Agmarknet / e-NAM (synthetic)
MP002514,CROP020,Onion,Rajasthan,Jaipur,Jaipur Mandi,2025-06-15,3294.0,3866.0,3580.0,Quintal,151.8,Agmarknet / e-NAM (synthetic)
MP002515,CROP020,Onion,Rajasthan,Jaipur,Jaipur Mandi,2025-07-15,2983.0,3501.0,3242.0,Quintal,87.8,Agmarknet / e-NAM (synthetic)
MP002516,CROP020,Onion,Rajasthan,Jaipur,Jaipur Mandi,2025-08-15,2871.0,3371.0,3121.0,Quintal,109.3,Agmarknet / e-NAM (synthetic)
MP002517,CROP020,Onion,Rajasthan,Jaipur,Jaipur Mandi,2025-09-15,2894.0,3398.0,3146.0,Quintal,176.8,Agmarknet / e-NAM (synthetic)
MP002518,CROP020,Onion,Rajasthan,Jaipur,Jaipur Mandi,2025-10-15,3039.0,3567.0,3303.0,Quintal,250.5,Agmarknet / e-NAM (synthetic)
MP002519,CROP020,Onion,Rajasthan,Jaipur,Jaipur Mandi,2025-11-15,3077.0,3613.0,3345.0,Quintal,306.7,Agmarknet / e-NAM (synthetic)
MP002520,CROP020,Onion,Rajasthan,Jaipur,Jaipur Mandi,2025-12-15,3460.0,4062.0,3761.0,Quintal,164.6,Agmarknet / e-NAM (synthetic)
MP002521,CROP020,Onion,Rajasthan,Jaipur,Jaipur Mandi,2026-01-15,3743.0,4395.0,4069.0,Quintal,54.1,Agmarknet / e-NAM (synthetic)
MP002522,CROP020,Onion,Rajasthan,Jaipur,Jaipur Mandi,2026-02-15,3690.0,4332.0,4011.0,Quintal,43.4,Agmarknet / e-NAM (synthetic)
MP002523,CROP020,Onion,Rajasthan,Jaipur,Jaipur Mandi,2026-03-15,3869.0,4541.0,4205.0,Quintal,30.3,Agmarknet / e-NAM (synthetic)
MP002524,CROP020,Onion,Rajasthan,Jaipur,Jaipur Mandi,2026-04-15,4092.0,4804.0,4448.0,Quintal,70.0,Agmarknet / e-NAM (synthetic)
MP002525,CROP020,Onion,Rajasthan,Jaipur,Jaipur Mandi,2026-05-15,3711.0,4357.0,4034.0,Quintal,167.5,Agmarknet / e-NAM (synthetic)
MP002526,CROP020,Onion,Rajasthan,Jaipur,Jaipur Mandi,2026-06-15,3573.0,4195.0,3884.0,Quintal,92.8,Agmarknet / e-NAM (synthetic)
MP002527,CROP020,Onion,Rajasthan,Jaipur,Jaipur Mandi,2026-07-15,3012.0,3536.0,3274.0,Quintal,166.7,Agmarknet / e-NAM (synthetic)
MP002528,CROP020,Onion,Rajasthan,Jaipur,Jaipur Mandi,2026-08-15,2562.0,3008.0,2785.0,Quintal,102.2,Agmarknet / e-NAM (synthetic)
MP002529,CROP020,Onion,Tamil Nadu,Coimbatore,Coimbatore Mandi,2024-01-15,3123.0,3667.0,3395.0,Quintal,187.8,Agmarknet / e-NAM (synthetic)
MP002530,CROP020,Onion,Tamil Nadu,Coimbatore,Coimbatore Mandi,2024-02-15,3514.0,4126.0,3820.0,Quintal,113.2,Agmarknet / e-NAM (synthetic)
MP002531,CROP020,Onion,Tamil Nadu,Coimbatore,Coimbatore Mandi,2024-03-15,3690.0,4332.0,4011.0,Quintal,129.1,Agmarknet / e-NAM (synthetic)
MP002532,CROP020,Onion,Tamil Nadu,Coimbatore,Coimbatore Mandi,2024-04-15,3384.0,3972.0,3678.0,Quintal,32.7,Agmarknet / e-NAM (synthetic)
MP002533,CROP020,Onion,Tamil Nadu,Coimbatore,Coimbatore Mandi,2024-05-15,3232.0,3794.0,3513.0,Quintal,359.6,Agmarknet / e-NAM (synthetic)
MP002534,CROP020,Onion,Tamil Nadu,Coimbatore,Coimbatore Mandi,2024-06-15,3165.0,3715.0,3440.0,Quintal,80.1,Agmarknet / e-NAM (synthetic)
MP002535,CROP020,Onion,Tamil Nadu,Coimbatore,Coimbatore Mandi,2024-07-15,2995.0,3515.0,3255.0,Quintal,48.7,Agmarknet / e-NAM (synthetic)
MP002536,CROP020,Onion,Tamil Nadu,Coimbatore,Coimbatore Mandi,2024-08-15,3002.0,3524.0,3263.0,Quintal,79.9,Agmarknet / e-NAM (synthetic)
MP002537,CROP020,Onion,Tamil Nadu,Coimbatore,Coimbatore Mandi,2024-09-15,2779.0,3263.0,3021.0,Quintal,136.3,Agmarknet / e-NAM (synthetic)
MP002538,CROP020,Onion,Tamil Nadu,Coimbatore,Coimbatore Mandi,2024-10-15,2569.0,3015.0,2792.0,Quintal,133.8,Agmarknet / e-NAM (synthetic)
MP002539,CROP020,Onion,Tamil Nadu,Coimbatore,Coimbatore Mandi,2024-11-15,2940.0,3452.0,3196.0,Quintal,258.9,Agmarknet / e-NAM (synthetic)
MP002540,CROP020,Onion,Tamil Nadu,Coimbatore,Coimbatore Mandi,2024-12-15,3385.0,3973.0,3679.0,Quintal,119.1,Agmarknet / e-NAM (synthetic)
MP002541,CROP020,Onion,Tamil Nadu,Coimbatore,Coimbatore Mandi,2025-01-15,3454.0,4054.0,3754.0,Quintal,89.3,Agmarknet / e-NAM (synthetic)
MP002542,CROP020,Onion,Tamil Nadu,Coimbatore,Coimbatore Mandi,2025-02-15,3510.0,4120.0,3815.0,Quintal,35.2,Agmarknet / e-NAM (synthetic)
MP002543,CROP020,Onion,Tamil Nadu,Coimbatore,Coimbatore Mandi,2025-03-15,3594.0,4218.0,3906.0,Quintal,123.7,Agmarknet / e-NAM (synthetic)
MP002544,CROP020,Onion,Tamil Nadu,Coimbatore,Coimbatore Mandi,2025-04-15,3377.0,3965.0,3671.0,Quintal,148.7,Agmarknet / e-NAM (synthetic)
MP002545,CROP020,Onion,Tamil Nadu,Coimbatore,Coimbatore Mandi,2025-05-15,3317.0,3893.0,3605.0,Quintal,94.6,Agmarknet / e-NAM (synthetic)
MP002546,CROP020,Onion,Tamil Nadu,Coimbatore,Coimbatore Mandi,2025-06-15,3253.0,3819.0,3536.0,Quintal,145.1,Agmarknet / e-NAM (synthetic)
MP002547,CROP020,Onion,Tamil Nadu,Coimbatore,Coimbatore Mandi,2025-07-15,3139.0,3685.0,3412.0,Quintal,241.1,Agmarknet / e-NAM (synthetic)
MP002548,CROP020,Onion,Tamil Nadu,Coimbatore,Coimbatore Mandi,2025-08-15,2673.0,3137.0,2905.0,Quintal,105.9,Agmarknet / e-NAM (synthetic)
MP002549,CROP020,Onion,Tamil Nadu,Coimbatore,Coimbatore Mandi,2025-09-15,2863.0,3361.0,3112.0,Quintal,143.7,Agmarknet / e-NAM (synthetic)
MP002550,CROP020,Onion,Tamil Nadu,Coimbatore,Coimbatore Mandi,2025-10-15,2763.0,3243.0,3003.0,Quintal,69.1,Agmarknet / e-NAM (synthetic)
MP002551,CROP020,Onion,Tamil Nadu,Coimbatore,Coimbatore Mandi,2025-11-15,3075.0,3609.0,3342.0,Quintal,228.7,Agmarknet / e-NAM (synthetic)
MP002552,CROP020,Onion,Tamil Nadu,Coimbatore,Coimbatore Mandi,2025-12-15,3157.0,3707.0,3432.0,Quintal,44.0,Agmarknet / e-NAM (synthetic)
MP002553,CROP020,Onion,Tamil Nadu,Coimbatore,Coimbatore Mandi,2026-01-15,3607.0,4235.0,3921.0,Quintal,40.2,Agmarknet / e-NAM (synthetic)
MP002554,CROP020,Onion,Tamil Nadu,Coimbatore,Coimbatore Mandi,2026-02-15,3740.0,4390.0,4065.0,Quintal,105.9,Agmarknet / e-NAM (synthetic)
MP002555,CROP020,Onion,Tamil Nadu,Coimbatore,Coimbatore Mandi,2026-03-15,3816.0,4480.0,4148.0,Quintal,94.9,Agmarknet / e-NAM (synthetic)
MP002556,CROP020,Onion,Tamil Nadu,Coimbatore,Coimbatore Mandi,2026-04-15,4201.0,4931.0,4566.0,Quintal,150.3,Agmarknet / e-NAM (synthetic)
MP002557,CROP020,Onion,Tamil Nadu,Coimbatore,Coimbatore Mandi,2026-05-15,3713.0,4359.0,4036.0,Quintal,152.6,Agmarknet / e-NAM (synthetic)
MP002558,CROP020,Onion,Tamil Nadu,Coimbatore,Coimbatore Mandi,2026-06-15,3452.0,4052.0,3752.0,Quintal,105.4,Agmarknet / e-NAM (synthetic)
MP002559,CROP020,Onion,Tamil Nadu,Coimbatore,Coimbatore Mandi,2026-07-15,3098.0,3636.0,3367.0,Quintal,89.1,Agmarknet / e-NAM (synthetic)
MP002560,CROP020,Onion,Tamil Nadu,Coimbatore,Coimbatore Mandi,2026-08-15,3275.0,3845.0,3560.0,Quintal,72.1,Agmarknet / e-NAM (synthetic)
MP002561,CROP021,Tomato,Madhya Pradesh,Indore,Indore Mandi,2024-01-15,1858.0,2182.0,2020.0,Quintal,56.7,Agmarknet / e-NAM (synthetic)
MP002562,CROP021,Tomato,Madhya Pradesh,Indore,Indore Mandi,2024-02-15,1857.0,2181.0,2019.0,Quintal,164.5,Agmarknet / e-NAM (synthetic)
MP002563,CROP021,Tomato,Madhya Pradesh,Indore,Indore Mandi,2024-03-15,1915.0,2249.0,2082.0,Quintal,270.7,Agmarknet / e-NAM (synthetic)
MP002564,CROP021,Tomato,Madhya Pradesh,Indore,Indore Mandi,2024-04-15,1779.0,2089.0,1934.0,Quintal,154.7,Agmarknet / e-NAM (synthetic)
MP002565,CROP021,Tomato,Madhya Pradesh,Indore,Indore Mandi,2024-05-15,1903.0,2233.0,2068.0,Quintal,135.0,Agmarknet / e-NAM (synthetic)
MP002566,CROP021,Tomato,Madhya Pradesh,Indore,Indore Mandi,2024-06-15,1899.0,2229.0,2064.0,Quintal,86.3,Agmarknet / e-NAM (synthetic)
MP002567,CROP021,Tomato,Madhya Pradesh,Indore,Indore Mandi,2024-07-15,1544.0,1812.0,1678.0,Quintal,115.2,Agmarknet / e-NAM (synthetic)
MP002568,CROP021,Tomato,Madhya Pradesh,Indore,Indore Mandi,2024-08-15,1435.0,1685.0,1560.0,Quintal,63.9,Agmarknet / e-NAM (synthetic)
MP002569,CROP021,Tomato,Madhya Pradesh,Indore,Indore Mandi,2024-09-15,1595.0,1873.0,1734.0,Quintal,220.3,Agmarknet / e-NAM (synthetic)
MP002570,CROP021,Tomato,Madhya Pradesh,Indore,Indore Mandi,2024-10-15,1498.0,1758.0,1628.0,Quintal,54.2,Agmarknet / e-NAM (synthetic)
MP002571,CROP021,Tomato,Madhya Pradesh,Indore,Indore Mandi,2024-11-15,1700.0,1996.0,1848.0,Quintal,209.7,Agmarknet / e-NAM (synthetic)
MP002572,CROP021,Tomato,Madhya Pradesh,Indore,Indore Mandi,2024-12-15,1770.0,2078.0,1924.0,Quintal,213.2,Agmarknet / e-NAM (synthetic)
MP002573,CROP021,Tomato,Madhya Pradesh,Indore,Indore Mandi,2025-01-15,1915.0,2247.0,2081.0,Quintal,164.5,Agmarknet / e-NAM (synthetic)
MP002574,CROP021,Tomato,Madhya Pradesh,Indore,Indore Mandi,2025-02-15,2083.0,2445.0,2264.0,Quintal,92.8,Agmarknet / e-NAM (synthetic)
MP002575,CROP021,Tomato,Madhya Pradesh,Indore,Indore Mandi,2025-03-15,1926.0,2260.0,2093.0,Quintal,110.1,Agmarknet / e-NAM (synthetic)
MP002576,CROP021,Tomato,Madhya Pradesh,Indore,Indore Mandi,2025-04-15,1749.0,2053.0,1901.0,Quintal,192.0,Agmarknet / e-NAM (synthetic)
MP002577,CROP021,Tomato,Madhya Pradesh,Indore,Indore Mandi,2025-05-15,1850.0,2172.0,2011.0,Quintal,255.0,Agmarknet / e-NAM (synthetic)
MP002578,CROP021,Tomato,Madhya Pradesh,Indore,Indore Mandi,2025-06-15,1822.0,2138.0,1980.0,Quintal,184.7,Agmarknet / e-NAM (synthetic)
MP002579,CROP021,Tomato,Madhya Pradesh,Indore,Indore Mandi,2025-07-15,1778.0,2088.0,1933.0,Quintal,29.0,Agmarknet / e-NAM (synthetic)
MP002580,CROP021,Tomato,Madhya Pradesh,Indore,Indore Mandi,2025-08-15,1577.0,1851.0,1714.0,Quintal,277.0,Agmarknet / e-NAM (synthetic)
MP002581,CROP021,Tomato,Madhya Pradesh,Indore,Indore Mandi,2025-09-15,1621.0,1903.0,1762.0,Quintal,93.5,Agmarknet / e-NAM (synthetic)
MP002582,CROP021,Tomato,Madhya Pradesh,Indore,Indore Mandi,2025-10-15,1622.0,1904.0,1763.0,Quintal,130.0,Agmarknet / e-NAM (synthetic)
MP002583,CROP021,Tomato,Madhya Pradesh,Indore,Indore Mandi,2025-11-15,1447.0,1699.0,1573.0,Quintal,79.8,Agmarknet / e-NAM (synthetic)
MP002584,CROP021,Tomato,Madhya Pradesh,Indore,Indore Mandi,2025-12-15,1764.0,2070.0,1917.0,Quintal,67.2,Agmarknet / e-NAM (synthetic)
MP002585,CROP021,Tomato,Madhya Pradesh,Indore,Indore Mandi,2026-01-15,1928.0,2264.0,2096.0,Quintal,294.9,Agmarknet / e-NAM (synthetic)
MP002586,CROP021,Tomato,Madhya Pradesh,Indore,Indore Mandi,2026-02-15,1975.0,2319.0,2147.0,Quintal,245.9,Agmarknet / e-NAM (synthetic)
MP002587,CROP021,Tomato,Madhya Pradesh,Indore,Indore Mandi,2026-03-15,2119.0,2487.0,2303.0,Quintal,168.3,Agmarknet / e-NAM (synthetic)
MP002588,CROP021,Tomato,Madhya Pradesh,Indore,Indore Mandi,2026-04-15,2069.0,2429.0,2249.0,Quintal,102.0,Agmarknet / e-NAM (synthetic)
MP002589,CROP021,Tomato,Madhya Pradesh,Indore,Indore Mandi,2026-05-15,2187.0,2567.0,2377.0,Quintal,241.5,Agmarknet / e-NAM (synthetic)
MP002590,CROP021,Tomato,Madhya Pradesh,Indore,Indore Mandi,2026-06-15,1856.0,2178.0,2017.0,Quintal,117.4,Agmarknet / e-NAM (synthetic)
MP002591,CROP021,Tomato,Madhya Pradesh,Indore,Indore Mandi,2026-07-15,1791.0,2103.0,1947.0,Quintal,306.4,Agmarknet / e-NAM (synthetic)
MP002592,CROP021,Tomato,Madhya Pradesh,Indore,Indore Mandi,2026-08-15,1708.0,2004.0,1856.0,Quintal,169.6,Agmarknet / e-NAM (synthetic)
MP002593,CROP021,Tomato,Karnataka,Mysuru,Mysuru Mandi,2024-01-15,1839.0,2159.0,1999.0,Quintal,130.1,Agmarknet / e-NAM (synthetic)
MP002594,CROP021,Tomato,Karnataka,Mysuru,Mysuru Mandi,2024-02-15,1796.0,2108.0,1952.0,Quintal,41.6,Agmarknet / e-NAM (synthetic)
MP002595,CROP021,Tomato,Karnataka,Mysuru,Mysuru Mandi,2024-03-15,1908.0,2240.0,2074.0,Quintal,49.7,Agmarknet / e-NAM (synthetic)
MP002596,CROP021,Tomato,Karnataka,Mysuru,Mysuru Mandi,2024-04-15,1839.0,2159.0,1999.0,Quintal,76.3,Agmarknet / e-NAM (synthetic)
MP002597,CROP021,Tomato,Karnataka,Mysuru,Mysuru Mandi,2024-05-15,1696.0,1990.0,1843.0,Quintal,93.0,Agmarknet / e-NAM (synthetic)
MP002598,CROP021,Tomato,Karnataka,Mysuru,Mysuru Mandi,2024-06-15,1591.0,1867.0,1729.0,Quintal,67.8,Agmarknet / e-NAM (synthetic)
MP002599,CROP021,Tomato,Karnataka,Mysuru,Mysuru Mandi,2024-07-15,1592.0,1868.0,1730.0,Quintal,133.8,Agmarknet / e-NAM (synthetic)
MP002600,CROP021,Tomato,Karnataka,Mysuru,Mysuru Mandi,2024-08-15,1510.0,1772.0,1641.0,Quintal,109.4,Agmarknet / e-NAM (synthetic)
MP002601,CROP021,Tomato,Karnataka,Mysuru,Mysuru Mandi,2024-09-15,1432.0,1682.0,1557.0,Quintal,189.1,Agmarknet / e-NAM (synthetic)
MP002602,CROP021,Tomato,Karnataka,Mysuru,Mysuru Mandi,2024-10-15,1573.0,1847.0,1710.0,Quintal,130.7,Agmarknet / e-NAM (synthetic)
MP002603,CROP021,Tomato,Karnataka,Mysuru,Mysuru Mandi,2024-11-15,1568.0,1840.0,1704.0,Quintal,52.1,Agmarknet / e-NAM (synthetic)
MP002604,CROP021,Tomato,Karnataka,Mysuru,Mysuru Mandi,2024-12-15,1597.0,1875.0,1736.0,Quintal,51.7,Agmarknet / e-NAM (synthetic)
MP002605,CROP021,Tomato,Karnataka,Mysuru,Mysuru Mandi,2025-01-15,2142.0,2514.0,2328.0,Quintal,86.4,Agmarknet / e-NAM (synthetic)
MP002606,CROP021,Tomato,Karnataka,Mysuru,Mysuru Mandi,2025-02-15,1909.0,2241.0,2075.0,Quintal,317.8,Agmarknet / e-NAM (synthetic)
MP002607,CROP021,Tomato,Karnataka,Mysuru,Mysuru Mandi,2025-03-15,1950.0,2290.0,2120.0,Quintal,207.6,Agmarknet / e-NAM (synthetic)
MP002608,CROP021,Tomato,Karnataka,Mysuru,Mysuru Mandi,2025-04-15,2017.0,2367.0,2192.0,Quintal,28.6,Agmarknet / e-NAM (synthetic)
MP002609,CROP021,Tomato,Karnataka,Mysuru,Mysuru Mandi,2025-05-15,1878.0,2204.0,2041.0,Quintal,84.4,Agmarknet / e-NAM (synthetic)
MP002610,CROP021,Tomato,Karnataka,Mysuru,Mysuru Mandi,2025-06-15,1612.0,1892.0,1752.0,Quintal,80.2,Agmarknet / e-NAM (synthetic)
MP002611,CROP021,Tomato,Karnataka,Mysuru,Mysuru Mandi,2025-07-15,1743.0,2047.0,1895.0,Quintal,182.9,Agmarknet / e-NAM (synthetic)
MP002612,CROP021,Tomato,Karnataka,Mysuru,Mysuru Mandi,2025-08-15,1537.0,1805.0,1671.0,Quintal,61.0,Agmarknet / e-NAM (synthetic)
MP002613,CROP021,Tomato,Karnataka,Mysuru,Mysuru Mandi,2025-09-15,1662.0,1950.0,1806.0,Quintal,188.1,Agmarknet / e-NAM (synthetic)
MP002614,CROP021,Tomato,Karnataka,Mysuru,Mysuru Mandi,2025-10-15,1645.0,1931.0,1788.0,Quintal,36.4,Agmarknet / e-NAM (synthetic)
MP002615,CROP021,Tomato,Karnataka,Mysuru,Mysuru Mandi,2025-11-15,1698.0,1994.0,1846.0,Quintal,84.0,Agmarknet / e-NAM (synthetic)
MP002616,CROP021,Tomato,Karnataka,Mysuru,Mysuru Mandi,2025-12-15,1857.0,2179.0,2018.0,Quintal,150.7,Agmarknet / e-NAM (synthetic)
MP002617,CROP021,Tomato,Karnataka,Mysuru,Mysuru Mandi,2026-01-15,1940.0,2278.0,2109.0,Quintal,102.0,Agmarknet / e-NAM (synthetic)
MP002618,CROP021,Tomato,Karnataka,Mysuru,Mysuru Mandi,2026-02-15,1951.0,2291.0,2121.0,Quintal,31.7,Agmarknet / e-NAM (synthetic)
MP002619,CROP021,Tomato,Karnataka,Mysuru,Mysuru Mandi,2026-03-15,1981.0,2325.0,2153.0,Quintal,118.4,Agmarknet / e-NAM (synthetic)
MP002620,CROP021,Tomato,Karnataka,Mysuru,Mysuru Mandi,2026-04-15,2268.0,2662.0,2465.0,Quintal,125.1,Agmarknet / e-NAM (synthetic)
MP002621,CROP021,Tomato,Karnataka,Mysuru,Mysuru Mandi,2026-05-15,1896.0,2226.0,2061.0,Quintal,131.4,Agmarknet / e-NAM (synthetic)
MP002622,CROP021,Tomato,Karnataka,Mysuru,Mysuru Mandi,2026-06-15,1823.0,2141.0,1982.0,Quintal,104.6,Agmarknet / e-NAM (synthetic)
MP002623,CROP021,Tomato,Karnataka,Mysuru,Mysuru Mandi,2026-07-15,1849.0,2171.0,2010.0,Quintal,52.7,Agmarknet / e-NAM (synthetic)
MP002624,CROP021,Tomato,Karnataka,Mysuru,Mysuru Mandi,2026-08-15,1688.0,1982.0,1835.0,Quintal,113.9,Agmarknet / e-NAM (synthetic)
MP002625,CROP021,Tomato,Andhra Pradesh,Krishna,Krishna Mandi,2024-01-15,1823.0,2139.0,1981.0,Quintal,169.8,Agmarknet / e-NAM (synthetic)
MP002626,CROP021,Tomato,Andhra Pradesh,Krishna,Krishna Mandi,2024-02-15,1743.0,2047.0,1895.0,Quintal,53.9,Agmarknet / e-NAM (synthetic)
MP002627,CROP021,Tomato,Andhra Pradesh,Krishna,Krishna Mandi,2024-03-15,1811.0,2125.0,1968.0,Quintal,32.0,Agmarknet / e-NAM (synthetic)
MP002628,CROP021,Tomato,Andhra Pradesh,Krishna,Krishna Mandi,2024-04-15,1951.0,2291.0,2121.0,Quintal,220.2,Agmarknet / e-NAM (synthetic)
MP002629,CROP021,Tomato,Andhra Pradesh,Krishna,Krishna Mandi,2024-05-15,1834.0,2154.0,1994.0,Quintal,90.0,Agmarknet / e-NAM (synthetic)
MP002630,CROP021,Tomato,Andhra Pradesh,Krishna,Krishna Mandi,2024-06-15,1798.0,2110.0,1954.0,Quintal,110.1,Agmarknet / e-NAM (synthetic)
MP002631,CROP021,Tomato,Andhra Pradesh,Krishna,Krishna Mandi,2024-07-15,1530.0,1796.0,1663.0,Quintal,154.2,Agmarknet / e-NAM (synthetic)
MP002632,CROP021,Tomato,Andhra Pradesh,Krishna,Krishna Mandi,2024-08-15,1668.0,1958.0,1813.0,Quintal,122.4,Agmarknet / e-NAM (synthetic)
MP002633,CROP021,Tomato,Andhra Pradesh,Krishna,Krishna Mandi,2024-09-15,1420.0,1666.0,1543.0,Quintal,213.5,Agmarknet / e-NAM (synthetic)
MP002634,CROP021,Tomato,Andhra Pradesh,Krishna,Krishna Mandi,2024-10-15,1406.0,1650.0,1528.0,Quintal,164.0,Agmarknet / e-NAM (synthetic)
MP002635,CROP021,Tomato,Andhra Pradesh,Krishna,Krishna Mandi,2024-11-15,1576.0,1850.0,1713.0,Quintal,303.0,Agmarknet / e-NAM (synthetic)
MP002636,CROP021,Tomato,Andhra Pradesh,Krishna,Krishna Mandi,2024-12-15,1635.0,1919.0,1777.0,Quintal,218.2,Agmarknet / e-NAM (synthetic)
MP002637,CROP021,Tomato,Andhra Pradesh,Krishna,Krishna Mandi,2025-01-15,1795.0,2107.0,1951.0,Quintal,192.2,Agmarknet / e-NAM (synthetic)
MP002638,CROP021,Tomato,Andhra Pradesh,Krishna,Krishna Mandi,2025-02-15,1901.0,2231.0,2066.0,Quintal,101.8,Agmarknet / e-NAM (synthetic)
MP002639,CROP021,Tomato,Andhra Pradesh,Krishna,Krishna Mandi,2025-03-15,1910.0,2242.0,2076.0,Quintal,166.9,Agmarknet / e-NAM (synthetic)
MP002640,CROP021,Tomato,Andhra Pradesh,Krishna,Krishna Mandi,2025-04-15,2014.0,2364.0,2189.0,Quintal,102.8,Agmarknet / e-NAM (synthetic)
MP002641,CROP021,Tomato,Andhra Pradesh,Krishna,Krishna Mandi,2025-05-15,1785.0,2095.0,1940.0,Quintal,60.7,Agmarknet / e-NAM (synthetic)
MP002642,CROP021,Tomato,Andhra Pradesh,Krishna,Krishna Mandi,2025-06-15,1627.0,1909.0,1768.0,Quintal,227.1,Agmarknet / e-NAM (synthetic)
MP002643,CROP021,Tomato,Andhra Pradesh,Krishna,Krishna Mandi,2025-07-15,1501.0,1763.0,1632.0,Quintal,247.6,Agmarknet / e-NAM (synthetic)
MP002644,CROP021,Tomato,Andhra Pradesh,Krishna,Krishna Mandi,2025-08-15,1601.0,1879.0,1740.0,Quintal,138.5,Agmarknet / e-NAM (synthetic)
MP002645,CROP021,Tomato,Andhra Pradesh,Krishna,Krishna Mandi,2025-09-15,1436.0,1686.0,1561.0,Quintal,42.4,Agmarknet / e-NAM (synthetic)
MP002646,CROP021,Tomato,Andhra Pradesh,Krishna,Krishna Mandi,2025-10-15,1526.0,1792.0,1659.0,Quintal,16.5,Agmarknet / e-NAM (synthetic)
MP002647,CROP021,Tomato,Andhra Pradesh,Krishna,Krishna Mandi,2025-11-15,1662.0,1950.0,1806.0,Quintal,88.7,Agmarknet / e-NAM (synthetic)
MP002648,CROP021,Tomato,Andhra Pradesh,Krishna,Krishna Mandi,2025-12-15,1668.0,1958.0,1813.0,Quintal,216.1,Agmarknet / e-NAM (synthetic)
MP002649,CROP021,Tomato,Andhra Pradesh,Krishna,Krishna Mandi,2026-01-15,1832.0,2150.0,1991.0,Quintal,103.4,Agmarknet / e-NAM (synthetic)
MP002650,CROP021,Tomato,Andhra Pradesh,Krishna,Krishna Mandi,2026-02-15,2002.0,2350.0,2176.0,Quintal,153.1,Agmarknet / e-NAM (synthetic)
MP002651,CROP021,Tomato,Andhra Pradesh,Krishna,Krishna Mandi,2026-03-15,2130.0,2500.0,2315.0,Quintal,73.6,Agmarknet / e-NAM (synthetic)
MP002652,CROP021,Tomato,Andhra Pradesh,Krishna,Krishna Mandi,2026-04-15,2139.0,2511.0,2325.0,Quintal,142.6,Agmarknet / e-NAM (synthetic)
MP002653,CROP021,Tomato,Andhra Pradesh,Krishna,Krishna Mandi,2026-05-15,1880.0,2206.0,2043.0,Quintal,126.1,Agmarknet / e-NAM (synthetic)
MP002654,CROP021,Tomato,Andhra Pradesh,Krishna,Krishna Mandi,2026-06-15,2032.0,2386.0,2209.0,Quintal,81.5,Agmarknet / e-NAM (synthetic)
MP002655,CROP021,Tomato,Andhra Pradesh,Krishna,Krishna Mandi,2026-07-15,1798.0,2110.0,1954.0,Quintal,103.6,Agmarknet / e-NAM (synthetic)
MP002656,CROP021,Tomato,Andhra Pradesh,Krishna,Krishna Mandi,2026-08-15,1761.0,2067.0,1914.0,Quintal,123.7,Agmarknet / e-NAM (synthetic)
MP002657,CROP021,Tomato,West Bengal,Nadia,Nadia Mandi,2024-01-15,1946.0,2284.0,2115.0,Quintal,80.4,Agmarknet / e-NAM (synthetic)
MP002658,CROP021,Tomato,West Bengal,Nadia,Nadia Mandi,2024-02-15,1909.0,2241.0,2075.0,Quintal,162.2,Agmarknet / e-NAM (synthetic)
MP002659,CROP021,Tomato,West Bengal,Nadia,Nadia Mandi,2024-03-15,1879.0,2205.0,2042.0,Quintal,146.0,Agmarknet / e-NAM (synthetic)
MP002660,CROP021,Tomato,West Bengal,Nadia,Nadia Mandi,2024-04-15,1803.0,2117.0,1960.0,Quintal,37.7,Agmarknet / e-NAM (synthetic)
MP002661,CROP021,Tomato,West Bengal,Nadia,Nadia Mandi,2024-05-15,1869.0,2193.0,2031.0,Quintal,122.8,Agmarknet / e-NAM (synthetic)
MP002662,CROP021,Tomato,West Bengal,Nadia,Nadia Mandi,2024-06-15,1834.0,2152.0,1993.0,Quintal,169.4,Agmarknet / e-NAM (synthetic)
MP002663,CROP021,Tomato,West Bengal,Nadia,Nadia Mandi,2024-07-15,1599.0,1877.0,1738.0,Quintal,90.9,Agmarknet / e-NAM (synthetic)
MP002664,CROP021,Tomato,West Bengal,Nadia,Nadia Mandi,2024-08-15,1501.0,1763.0,1632.0,Quintal,102.2,Agmarknet / e-NAM (synthetic)
MP002665,CROP021,Tomato,West Bengal,Nadia,Nadia Mandi,2024-09-15,1578.0,1852.0,1715.0,Quintal,82.4,Agmarknet / e-NAM (synthetic)
MP002666,CROP021,Tomato,West Bengal,Nadia,Nadia Mandi,2024-10-15,1546.0,1814.0,1680.0,Quintal,111.5,Agmarknet / e-NAM (synthetic)
MP002667,CROP021,Tomato,West Bengal,Nadia,Nadia Mandi,2024-11-15,1610.0,1890.0,1750.0,Quintal,78.9,Agmarknet / e-NAM (synthetic)
MP002668,CROP021,Tomato,West Bengal,Nadia,Nadia Mandi,2024-12-15,1610.0,1890.0,1750.0,Quintal,185.8,Agmarknet / e-NAM (synthetic)
MP002669,CROP021,Tomato,West Bengal,Nadia,Nadia Mandi,2025-01-15,1997.0,2345.0,2171.0,Quintal,53.6,Agmarknet / e-NAM (synthetic)
MP002670,CROP021,Tomato,West Bengal,Nadia,Nadia Mandi,2025-02-15,1962.0,2304.0,2133.0,Quintal,86.3,Agmarknet / e-NAM (synthetic)
MP002671,CROP021,Tomato,West Bengal,Nadia,Nadia Mandi,2025-03-15,2002.0,2350.0,2176.0,Quintal,105.3,Agmarknet / e-NAM (synthetic)
MP002672,CROP021,Tomato,West Bengal,Nadia,Nadia Mandi,2025-04-15,1912.0,2244.0,2078.0,Quintal,56.7,Agmarknet / e-NAM (synthetic)
MP002673,CROP021,Tomato,West Bengal,Nadia,Nadia Mandi,2025-05-15,1795.0,2107.0,1951.0,Quintal,81.8,Agmarknet / e-NAM (synthetic)
MP002674,CROP021,Tomato,West Bengal,Nadia,Nadia Mandi,2025-06-15,1704.0,2000.0,1852.0,Quintal,87.5,Agmarknet / e-NAM (synthetic)
MP002675,CROP021,Tomato,West Bengal,Nadia,Nadia Mandi,2025-07-15,1572.0,1846.0,1709.0,Quintal,42.7,Agmarknet / e-NAM (synthetic)
MP002676,CROP021,Tomato,West Bengal,Nadia,Nadia Mandi,2025-08-15,1651.0,1939.0,1795.0,Quintal,262.6,Agmarknet / e-NAM (synthetic)
MP002677,CROP021,Tomato,West Bengal,Nadia,Nadia Mandi,2025-09-15,1647.0,1933.0,1790.0,Quintal,144.3,Agmarknet / e-NAM (synthetic)
MP002678,CROP021,Tomato,West Bengal,Nadia,Nadia Mandi,2025-10-15,1596.0,1874.0,1735.0,Quintal,121.4,Agmarknet / e-NAM (synthetic)
MP002679,CROP021,Tomato,West Bengal,Nadia,Nadia Mandi,2025-11-15,1760.0,2066.0,1913.0,Quintal,28.9,Agmarknet / e-NAM (synthetic)
MP002680,CROP021,Tomato,West Bengal,Nadia,Nadia Mandi,2025-12-15,1846.0,2168.0,2007.0,Quintal,76.4,Agmarknet / e-NAM (synthetic)
MP002681,CROP021,Tomato,West Bengal,Nadia,Nadia Mandi,2026-01-15,1982.0,2326.0,2154.0,Quintal,158.2,Agmarknet / e-NAM (synthetic)
MP002682,CROP021,Tomato,West Bengal,Nadia,Nadia Mandi,2026-02-15,1994.0,2340.0,2167.0,Quintal,111.0,Agmarknet / e-NAM (synthetic)
MP002683,CROP021,Tomato,West Bengal,Nadia,Nadia Mandi,2026-03-15,2231.0,2619.0,2425.0,Quintal,69.2,Agmarknet / e-NAM (synthetic)
MP002684,CROP021,Tomato,West Bengal,Nadia,Nadia Mandi,2026-04-15,2057.0,2415.0,2236.0,Quintal,137.7,Agmarknet / e-NAM (synthetic)
MP002685,CROP021,Tomato,West Bengal,Nadia,Nadia Mandi,2026-05-15,1949.0,2289.0,2119.0,Quintal,279.2,Agmarknet / e-NAM (synthetic)
MP002686,CROP021,Tomato,West Bengal,Nadia,Nadia Mandi,2026-06-15,1825.0,2143.0,1984.0,Quintal,176.9,Agmarknet / e-NAM (synthetic)
MP002687,CROP021,Tomato,West Bengal,Nadia,Nadia Mandi,2026-07-15,1892.0,2222.0,2057.0,Quintal,198.4,Agmarknet / e-NAM (synthetic)
MP002688,CROP021,Tomato,West Bengal,Nadia,Nadia Mandi,2026-08-15,1632.0,1916.0,1774.0,Quintal,192.8,Agmarknet / e-NAM (synthetic)
MP002689,CROP022,Chili,Bihar,Patna,Patna Mandi,2024-01-15,2864.0,3362.0,3113.0,Quintal,94.8,Agmarknet / e-NAM (synthetic)
MP002690,CROP022,Chili,Bihar,Patna,Patna Mandi,2024-02-15,2938.0,3450.0,3194.0,Quintal,38.7,Agmarknet / e-NAM (synthetic)
MP002691,CROP022,Chili,Bihar,Patna,Patna Mandi,2024-03-15,3052.0,3582.0,3317.0,Quintal,70.0,Agmarknet / e-NAM (synthetic)
MP002692,CROP022,Chili,Bihar,Patna,Patna Mandi,2024-04-15,3149.0,3697.0,3423.0,Quintal,227.5,Agmarknet / e-NAM (synthetic)
MP002693,CROP022,Chili,Bihar,Patna,Patna Mandi,2024-05-15,2753.0,3231.0,2992.0,Quintal,34.4,Agmarknet / e-NAM (synthetic)
MP002694,CROP022,Chili,Bihar,Patna,Patna Mandi,2024-06-15,2631.0,3089.0,2860.0,Quintal,112.9,Agmarknet / e-NAM (synthetic)
MP002695,CROP022,Chili,Bihar,Patna,Patna Mandi,2024-07-15,2474.0,2904.0,2689.0,Quintal,95.6,Agmarknet / e-NAM (synthetic)
MP002696,CROP022,Chili,Bihar,Patna,Patna Mandi,2024-08-15,2122.0,2490.0,2306.0,Quintal,75.9,Agmarknet / e-NAM (synthetic)
MP002697,CROP022,Chili,Bihar,Patna,Patna Mandi,2024-09-15,2178.0,2556.0,2367.0,Quintal,77.4,Agmarknet / e-NAM (synthetic)
MP002698,CROP022,Chili,Bihar,Patna,Patna Mandi,2024-10-15,2522.0,2960.0,2741.0,Quintal,242.4,Agmarknet / e-NAM (synthetic)
MP002699,CROP022,Chili,Bihar,Patna,Patna Mandi,2024-11-15,2651.0,3113.0,2882.0,Quintal,170.5,Agmarknet / e-NAM (synthetic)
MP002700,CROP022,Chili,Bihar,Patna,Patna Mandi,2024-12-15,2745.0,3223.0,2984.0,Quintal,334.0,Agmarknet / e-NAM (synthetic)
MP002701,CROP022,Chili,Bihar,Patna,Patna Mandi,2025-01-15,2755.0,3235.0,2995.0,Quintal,76.6,Agmarknet / e-NAM (synthetic)
MP002702,CROP022,Chili,Bihar,Patna,Patna Mandi,2025-02-15,3202.0,3758.0,3480.0,Quintal,232.3,Agmarknet / e-NAM (synthetic)
MP002703,CROP022,Chili,Bihar,Patna,Patna Mandi,2025-03-15,2858.0,3356.0,3107.0,Quintal,206.0,Agmarknet / e-NAM (synthetic)
MP002704,CROP022,Chili,Bihar,Patna,Patna Mandi,2025-04-15,3219.0,3779.0,3499.0,Quintal,49.4,Agmarknet / e-NAM (synthetic)
MP002705,CROP022,Chili,Bihar,Patna,Patna Mandi,2025-05-15,3130.0,3674.0,3402.0,Quintal,83.8,Agmarknet / e-NAM (synthetic)
MP002706,CROP022,Chili,Bihar,Patna,Patna Mandi,2025-06-15,3108.0,3648.0,3378.0,Quintal,169.1,Agmarknet / e-NAM (synthetic)
MP002707,CROP022,Chili,Bihar,Patna,Patna Mandi,2025-07-15,2440.0,2864.0,2652.0,Quintal,96.3,Agmarknet / e-NAM (synthetic)
MP002708,CROP022,Chili,Bihar,Patna,Patna Mandi,2025-08-15,2731.0,3205.0,2968.0,Quintal,101.3,Agmarknet / e-NAM (synthetic)
MP002709,CROP022,Chili,Bihar,Patna,Patna Mandi,2025-09-15,2565.0,3011.0,2788.0,Quintal,106.2,Agmarknet / e-NAM (synthetic)
MP002710,CROP022,Chili,Bihar,Patna,Patna Mandi,2025-10-15,2575.0,3023.0,2799.0,Quintal,41.1,Agmarknet / e-NAM (synthetic)
MP002711,CROP022,Chili,Bihar,Patna,Patna Mandi,2025-11-15,2764.0,3244.0,3004.0,Quintal,199.9,Agmarknet / e-NAM (synthetic)
MP002712,CROP022,Chili,Bihar,Patna,Patna Mandi,2025-12-15,2911.0,3417.0,3164.0,Quintal,202.2,Agmarknet / e-NAM (synthetic)
MP002713,CROP022,Chili,Bihar,Patna,Patna Mandi,2026-01-15,3224.0,3784.0,3504.0,Quintal,127.6,Agmarknet / e-NAM (synthetic)
MP002714,CROP022,Chili,Bihar,Patna,Patna Mandi,2026-02-15,3162.0,3712.0,3437.0,Quintal,28.5,Agmarknet / e-NAM (synthetic)
MP002715,CROP022,Chili,Bihar,Patna,Patna Mandi,2026-03-15,3249.0,3813.0,3531.0,Quintal,76.8,Agmarknet / e-NAM (synthetic)
MP002716,CROP022,Chili,Bihar,Patna,Patna Mandi,2026-04-15,2904.0,3408.0,3156.0,Quintal,141.1,Agmarknet / e-NAM (synthetic)
MP002717,CROP022,Chili,Bihar,Patna,Patna Mandi,2026-05-15,3087.0,3623.0,3355.0,Quintal,191.1,Agmarknet / e-NAM (synthetic)
MP002718,CROP022,Chili,Bihar,Patna,Patna Mandi,2026-06-15,3061.0,3593.0,3327.0,Quintal,190.1,Agmarknet / e-NAM (synthetic)
MP002719,CROP022,Chili,Bihar,Patna,Patna Mandi,2026-07-15,2534.0,2974.0,2754.0,Quintal,89.1,Agmarknet / e-NAM (synthetic)
MP002720,CROP022,Chili,Bihar,Patna,Patna Mandi,2026-08-15,2866.0,3364.0,3115.0,Quintal,82.9,Agmarknet / e-NAM (synthetic)
MP002721,CROP022,Chili,Madhya Pradesh,Indore,Indore Mandi,2024-01-15,2931.0,3441.0,3186.0,Quintal,92.1,Agmarknet / e-NAM (synthetic)
MP002722,CROP022,Chili,Madhya Pradesh,Indore,Indore Mandi,2024-02-15,2777.0,3261.0,3019.0,Quintal,181.5,Agmarknet / e-NAM (synthetic)
MP002723,CROP022,Chili,Madhya Pradesh,Indore,Indore Mandi,2024-03-15,2878.0,3378.0,3128.0,Quintal,138.3,Agmarknet / e-NAM (synthetic)
MP002724,CROP022,Chili,Madhya Pradesh,Indore,Indore Mandi,2024-04-15,2906.0,3412.0,3159.0,Quintal,73.1,Agmarknet / e-NAM (synthetic)
MP002725,CROP022,Chili,Madhya Pradesh,Indore,Indore Mandi,2024-05-15,3231.0,3793.0,3512.0,Quintal,347.2,Agmarknet / e-NAM (synthetic)
MP002726,CROP022,Chili,Madhya Pradesh,Indore,Indore Mandi,2024-06-15,2422.0,2844.0,2633.0,Quintal,141.0,Agmarknet / e-NAM (synthetic)
MP002727,CROP022,Chili,Madhya Pradesh,Indore,Indore Mandi,2024-07-15,2590.0,3040.0,2815.0,Quintal,221.3,Agmarknet / e-NAM (synthetic)
MP002728,CROP022,Chili,Madhya Pradesh,Indore,Indore Mandi,2024-08-15,2438.0,2862.0,2650.0,Quintal,127.2,Agmarknet / e-NAM (synthetic)
MP002729,CROP022,Chili,Madhya Pradesh,Indore,Indore Mandi,2024-09-15,2200.0,2582.0,2391.0,Quintal,117.0,Agmarknet / e-NAM (synthetic)
MP002730,CROP022,Chili,Madhya Pradesh,Indore,Indore Mandi,2024-10-15,2327.0,2731.0,2529.0,Quintal,69.9,Agmarknet / e-NAM (synthetic)
MP002731,CROP022,Chili,Madhya Pradesh,Indore,Indore Mandi,2024-11-15,2608.0,3062.0,2835.0,Quintal,37.6,Agmarknet / e-NAM (synthetic)
MP002732,CROP022,Chili,Madhya Pradesh,Indore,Indore Mandi,2024-12-15,2411.0,2831.0,2621.0,Quintal,27.7,Agmarknet / e-NAM (synthetic)
MP002733,CROP022,Chili,Madhya Pradesh,Indore,Indore Mandi,2025-01-15,3222.0,3782.0,3502.0,Quintal,50.9,Agmarknet / e-NAM (synthetic)
MP002734,CROP022,Chili,Madhya Pradesh,Indore,Indore Mandi,2025-02-15,3111.0,3651.0,3381.0,Quintal,92.4,Agmarknet / e-NAM (synthetic)
MP002735,CROP022,Chili,Madhya Pradesh,Indore,Indore Mandi,2025-03-15,3218.0,3778.0,3498.0,Quintal,295.7,Agmarknet / e-NAM (synthetic)
MP002736,CROP022,Chili,Madhya Pradesh,Indore,Indore Mandi,2025-04-15,2857.0,3353.0,3105.0,Quintal,159.7,Agmarknet / e-NAM (synthetic)
MP002737,CROP022,Chili,Madhya Pradesh,Indore,Indore Mandi,2025-05-15,2572.0,3020.0,2796.0,Quintal,22.4,Agmarknet / e-NAM (synthetic)
MP002738,CROP022,Chili,Madhya Pradesh,Indore,Indore Mandi,2025-06-15,2672.0,3136.0,2904.0,Quintal,53.2,Agmarknet / e-NAM (synthetic)
MP002739,CROP022,Chili,Madhya Pradesh,Indore,Indore Mandi,2025-07-15,2507.0,2943.0,2725.0,Quintal,149.1,Agmarknet / e-NAM (synthetic)
MP002740,CROP022,Chili,Madhya Pradesh,Indore,Indore Mandi,2025-08-15,2622.0,3078.0,2850.0,Quintal,320.0,Agmarknet / e-NAM (synthetic)
MP002741,CROP022,Chili,Madhya Pradesh,Indore,Indore Mandi,2025-09-15,2253.0,2645.0,2449.0,Quintal,87.2,Agmarknet / e-NAM (synthetic)
MP002742,CROP022,Chili,Madhya Pradesh,Indore,Indore Mandi,2025-10-15,2312.0,2714.0,2513.0,Quintal,155.6,Agmarknet / e-NAM (synthetic)
MP002743,CROP022,Chili,Madhya Pradesh,Indore,Indore Mandi,2025-11-15,2302.0,2702.0,2502.0,Quintal,34.3,Agmarknet / e-NAM (synthetic)
MP002744,CROP022,Chili,Madhya Pradesh,Indore,Indore Mandi,2025-12-15,2617.0,3073.0,2845.0,Quintal,54.4,Agmarknet / e-NAM (synthetic)
MP002745,CROP022,Chili,Madhya Pradesh,Indore,Indore Mandi,2026-01-15,3010.0,3534.0,3272.0,Quintal,235.4,Agmarknet / e-NAM (synthetic)
MP002746,CROP022,Chili,Madhya Pradesh,Indore,Indore Mandi,2026-02-15,3192.0,3748.0,3470.0,Quintal,206.3,Agmarknet / e-NAM (synthetic)
MP002747,CROP022,Chili,Madhya Pradesh,Indore,Indore Mandi,2026-03-15,3214.0,3774.0,3494.0,Quintal,85.2,Agmarknet / e-NAM (synthetic)
MP002748,CROP022,Chili,Madhya Pradesh,Indore,Indore Mandi,2026-04-15,3071.0,3605.0,3338.0,Quintal,117.1,Agmarknet / e-NAM (synthetic)
MP002749,CROP022,Chili,Madhya Pradesh,Indore,Indore Mandi,2026-05-15,3122.0,3666.0,3394.0,Quintal,61.1,Agmarknet / e-NAM (synthetic)
MP002750,CROP022,Chili,Madhya Pradesh,Indore,Indore Mandi,2026-06-15,2832.0,3324.0,3078.0,Quintal,44.4,Agmarknet / e-NAM (synthetic)
MP002751,CROP022,Chili,Madhya Pradesh,Indore,Indore Mandi,2026-07-15,2604.0,3056.0,2830.0,Quintal,112.4,Agmarknet / e-NAM (synthetic)
MP002752,CROP022,Chili,Madhya Pradesh,Indore,Indore Mandi,2026-08-15,2647.0,3107.0,2877.0,Quintal,100.0,Agmarknet / e-NAM (synthetic)
MP002753,CROP022,Chili,West Bengal,Nadia,Nadia Mandi,2024-01-15,2901.0,3405.0,3153.0,Quintal,87.4,Agmarknet / e-NAM (synthetic)
MP002754,CROP022,Chili,West Bengal,Nadia,Nadia Mandi,2024-02-15,3096.0,3634.0,3365.0,Quintal,110.3,Agmarknet / e-NAM (synthetic)
MP002755,CROP022,Chili,West Bengal,Nadia,Nadia Mandi,2024-03-15,3091.0,3629.0,3360.0,Quintal,241.2,Agmarknet / e-NAM (synthetic)
MP002756,CROP022,Chili,West Bengal,Nadia,Nadia Mandi,2024-04-15,2881.0,3383.0,3132.0,Quintal,73.0,Agmarknet / e-NAM (synthetic)
MP002757,CROP022,Chili,West Bengal,Nadia,Nadia Mandi,2024-05-15,2744.0,3222.0,2983.0,Quintal,191.9,Agmarknet / e-NAM (synthetic)
MP002758,CROP022,Chili,West Bengal,Nadia,Nadia Mandi,2024-06-15,2679.0,3145.0,2912.0,Quintal,105.6,Agmarknet / e-NAM (synthetic)
MP002759,CROP022,Chili,West Bengal,Nadia,Nadia Mandi,2024-07-15,2447.0,2873.0,2660.0,Quintal,61.2,Agmarknet / e-NAM (synthetic)
MP002760,CROP022,Chili,West Bengal,Nadia,Nadia Mandi,2024-08-15,2363.0,2773.0,2568.0,Quintal,122.1,Agmarknet / e-NAM (synthetic)
MP002761,CROP022,Chili,West Bengal,Nadia,Nadia Mandi,2024-09-15,2416.0,2836.0,2626.0,Quintal,72.0,Agmarknet / e-NAM (synthetic)
MP002762,CROP022,Chili,West Bengal,Nadia,Nadia Mandi,2024-10-15,2492.0,2926.0,2709.0,Quintal,106.2,Agmarknet / e-NAM (synthetic)
MP002763,CROP022,Chili,West Bengal,Nadia,Nadia Mandi,2024-11-15,2466.0,2894.0,2680.0,Quintal,21.8,Agmarknet / e-NAM (synthetic)
MP002764,CROP022,Chili,West Bengal,Nadia,Nadia Mandi,2024-12-15,2657.0,3119.0,2888.0,Quintal,68.7,Agmarknet / e-NAM (synthetic)
MP002765,CROP022,Chili,West Bengal,Nadia,Nadia Mandi,2025-01-15,2936.0,3446.0,3191.0,Quintal,161.7,Agmarknet / e-NAM (synthetic)
MP002766,CROP022,Chili,West Bengal,Nadia,Nadia Mandi,2025-02-15,2952.0,3466.0,3209.0,Quintal,111.3,Agmarknet / e-NAM (synthetic)
MP002767,CROP022,Chili,West Bengal,Nadia,Nadia Mandi,2025-03-15,3029.0,3555.0,3292.0,Quintal,136.0,Agmarknet / e-NAM (synthetic)
MP002768,CROP022,Chili,West Bengal,Nadia,Nadia Mandi,2025-04-15,3197.0,3753.0,3475.0,Quintal,113.7,Agmarknet / e-NAM (synthetic)
MP002769,CROP022,Chili,West Bengal,Nadia,Nadia Mandi,2025-05-15,3015.0,3539.0,3277.0,Quintal,108.0,Agmarknet / e-NAM (synthetic)
MP002770,CROP022,Chili,West Bengal,Nadia,Nadia Mandi,2025-06-15,2722.0,3196.0,2959.0,Quintal,117.8,Agmarknet / e-NAM (synthetic)
MP002771,CROP022,Chili,West Bengal,Nadia,Nadia Mandi,2025-07-15,2712.0,3184.0,2948.0,Quintal,82.0,Agmarknet / e-NAM (synthetic)
MP002772,CROP022,Chili,West Bengal,Nadia,Nadia Mandi,2025-08-15,2627.0,3083.0,2855.0,Quintal,256.4,Agmarknet / e-NAM (synthetic)
MP002773,CROP022,Chili,West Bengal,Nadia,Nadia Mandi,2025-09-15,2310.0,2712.0,2511.0,Quintal,120.8,Agmarknet / e-NAM (synthetic)
MP002774,CROP022,Chili,West Bengal,Nadia,Nadia Mandi,2025-10-15,2477.0,2907.0,2692.0,Quintal,39.2,Agmarknet / e-NAM (synthetic)
MP002775,CROP022,Chili,West Bengal,Nadia,Nadia Mandi,2025-11-15,2642.0,3102.0,2872.0,Quintal,93.5,Agmarknet / e-NAM (synthetic)
MP002776,CROP022,Chili,West Bengal,Nadia,Nadia Mandi,2025-12-15,2814.0,3304.0,3059.0,Quintal,38.4,Agmarknet / e-NAM (synthetic)
MP002777,CROP022,Chili,West Bengal,Nadia,Nadia Mandi,2026-01-15,2943.0,3455.0,3199.0,Quintal,189.6,Agmarknet / e-NAM (synthetic)
MP002778,CROP022,Chili,West Bengal,Nadia,Nadia Mandi,2026-02-15,3279.0,3849.0,3564.0,Quintal,182.1,Agmarknet / e-NAM (synthetic)
MP002779,CROP022,Chili,West Bengal,Nadia,Nadia Mandi,2026-03-15,3266.0,3834.0,3550.0,Quintal,24.7,Agmarknet / e-NAM (synthetic)
MP002780,CROP022,Chili,West Bengal,Nadia,Nadia Mandi,2026-04-15,3487.0,4093.0,3790.0,Quintal,155.7,Agmarknet / e-NAM (synthetic)
MP002781,CROP022,Chili,West Bengal,Nadia,Nadia Mandi,2026-05-15,3046.0,3576.0,3311.0,Quintal,45.0,Agmarknet / e-NAM (synthetic)
MP002782,CROP022,Chili,West Bengal,Nadia,Nadia Mandi,2026-06-15,2888.0,3390.0,3139.0,Quintal,236.5,Agmarknet / e-NAM (synthetic)
MP002783,CROP022,Chili,West Bengal,Nadia,Nadia Mandi,2026-07-15,2601.0,3053.0,2827.0,Quintal,77.3,Agmarknet / e-NAM (synthetic)
MP002784,CROP022,Chili,West Bengal,Nadia,Nadia Mandi,2026-08-15,2729.0,3203.0,2966.0,Quintal,79.6,Agmarknet / e-NAM (synthetic)
MP002785,CROP022,Chili,Gujarat,Rajkot,Rajkot Mandi,2024-01-15,2961.0,3477.0,3219.0,Quintal,157.8,Agmarknet / e-NAM (synthetic)
MP002786,CROP022,Chili,Gujarat,Rajkot,Rajkot Mandi,2024-02-15,2984.0,3504.0,3244.0,Quintal,306.8,Agmarknet / e-NAM (synthetic)
MP002787,CROP022,Chili,Gujarat,Rajkot,Rajkot Mandi,2024-03-15,2806.0,3294.0,3050.0,Quintal,88.9,Agmarknet / e-NAM (synthetic)
MP002788,CROP022,Chili,Gujarat,Rajkot,Rajkot Mandi,2024-04-15,3053.0,3585.0,3319.0,Quintal,132.8,Agmarknet / e-NAM (synthetic)
MP002789,CROP022,Chili,Gujarat,Rajkot,Rajkot Mandi,2024-05-15,2537.0,2979.0,2758.0,Quintal,36.4,Agmarknet / e-NAM (synthetic)
MP002790,CROP022,Chili,Gujarat,Rajkot,Rajkot Mandi,2024-06-15,2694.0,3162.0,2928.0,Quintal,16.4,Agmarknet / e-NAM (synthetic)
MP002791,CROP022,Chili,Gujarat,Rajkot,Rajkot Mandi,2024-07-15,2546.0,2988.0,2767.0,Quintal,212.7,Agmarknet / e-NAM (synthetic)
MP002792,CROP022,Chili,Gujarat,Rajkot,Rajkot Mandi,2024-08-15,2371.0,2783.0,2577.0,Quintal,121.9,Agmarknet / e-NAM (synthetic)
MP002793,CROP022,Chili,Gujarat,Rajkot,Rajkot Mandi,2024-09-15,2145.0,2517.0,2331.0,Quintal,45.1,Agmarknet / e-NAM (synthetic)
MP002794,CROP022,Chili,Gujarat,Rajkot,Rajkot Mandi,2024-10-15,2570.0,3016.0,2793.0,Quintal,102.9,Agmarknet / e-NAM (synthetic)
MP002795,CROP022,Chili,Gujarat,Rajkot,Rajkot Mandi,2024-11-15,2360.0,2770.0,2565.0,Quintal,189.7,Agmarknet / e-NAM (synthetic)
MP002796,CROP022,Chili,Gujarat,Rajkot,Rajkot Mandi,2024-12-15,2992.0,3512.0,3252.0,Quintal,128.8,Agmarknet / e-NAM (synthetic)
MP002797,CROP022,Chili,Gujarat,Rajkot,Rajkot Mandi,2025-01-15,2957.0,3471.0,3214.0,Quintal,112.6,Agmarknet / e-NAM (synthetic)
MP002798,CROP022,Chili,Gujarat,Rajkot,Rajkot Mandi,2025-02-15,2970.0,3486.0,3228.0,Quintal,109.3,Agmarknet / e-NAM (synthetic)
MP002799,CROP022,Chili,Gujarat,Rajkot,Rajkot Mandi,2025-03-15,2920.0,3428.0,3174.0,Quintal,85.9,Agmarknet / e-NAM (synthetic)
MP002800,CROP022,Chili,Gujarat,Rajkot,Rajkot Mandi,2025-04-15,3112.0,3654.0,3383.0,Quintal,41.8,Agmarknet / e-NAM (synthetic)
MP002801,CROP022,Chili,Gujarat,Rajkot,Rajkot Mandi,2025-05-15,2798.0,3284.0,3041.0,Quintal,92.6,Agmarknet / e-NAM (synthetic)
MP002802,CROP022,Chili,Gujarat,Rajkot,Rajkot Mandi,2025-06-15,2960.0,3474.0,3217.0,Quintal,72.2,Agmarknet / e-NAM (synthetic)
MP002803,CROP022,Chili,Gujarat,Rajkot,Rajkot Mandi,2025-07-15,2413.0,2833.0,2623.0,Quintal,12.2,Agmarknet / e-NAM (synthetic)
MP002804,CROP022,Chili,Gujarat,Rajkot,Rajkot Mandi,2025-08-15,2549.0,2993.0,2771.0,Quintal,135.2,Agmarknet / e-NAM (synthetic)
MP002805,CROP022,Chili,Gujarat,Rajkot,Rajkot Mandi,2025-09-15,2341.0,2749.0,2545.0,Quintal,62.5,Agmarknet / e-NAM (synthetic)
MP002806,CROP022,Chili,Gujarat,Rajkot,Rajkot Mandi,2025-10-15,2250.0,2642.0,2446.0,Quintal,113.2,Agmarknet / e-NAM (synthetic)
MP002807,CROP022,Chili,Gujarat,Rajkot,Rajkot Mandi,2025-11-15,2664.0,3128.0,2896.0,Quintal,231.9,Agmarknet / e-NAM (synthetic)
MP002808,CROP022,Chili,Gujarat,Rajkot,Rajkot Mandi,2025-12-15,2622.0,3078.0,2850.0,Quintal,73.7,Agmarknet / e-NAM (synthetic)
MP002809,CROP022,Chili,Gujarat,Rajkot,Rajkot Mandi,2026-01-15,2938.0,3448.0,3193.0,Quintal,82.1,Agmarknet / e-NAM (synthetic)
MP002810,CROP022,Chili,Gujarat,Rajkot,Rajkot Mandi,2026-02-15,3246.0,3810.0,3528.0,Quintal,23.1,Agmarknet / e-NAM (synthetic)
MP002811,CROP022,Chili,Gujarat,Rajkot,Rajkot Mandi,2026-03-15,3317.0,3893.0,3605.0,Quintal,64.9,Agmarknet / e-NAM (synthetic)
MP002812,CROP022,Chili,Gujarat,Rajkot,Rajkot Mandi,2026-04-15,3076.0,3610.0,3343.0,Quintal,85.0,Agmarknet / e-NAM (synthetic)
MP002813,CROP022,Chili,Gujarat,Rajkot,Rajkot Mandi,2026-05-15,3100.0,3640.0,3370.0,Quintal,62.8,Agmarknet / e-NAM (synthetic)
MP002814,CROP022,Chili,Gujarat,Rajkot,Rajkot Mandi,2026-06-15,3076.0,3612.0,3344.0,Quintal,52.2,Agmarknet / e-NAM (synthetic)
MP002815,CROP022,Chili,Gujarat,Rajkot,Rajkot Mandi,2026-07-15,2549.0,2993.0,2771.0,Quintal,82.1,Agmarknet / e-NAM (synthetic)
MP002816,CROP022,Chili,Gujarat,Rajkot,Rajkot Mandi,2026-08-15,2751.0,3229.0,2990.0,Quintal,50.8,Agmarknet / e-NAM (synthetic)
MP002817,CROP023,Turmeric,Haryana,Hisar,Hisar Mandi,2024-01-15,3921.0,4603.0,4262.0,Quintal,40.2,Agmarknet / e-NAM (synthetic)
MP002818,CROP023,Turmeric,Haryana,Hisar,Hisar Mandi,2024-02-15,3949.0,4635.0,4292.0,Quintal,67.1,Agmarknet / e-NAM (synthetic)
MP002819,CROP023,Turmeric,Haryana,Hisar,Hisar Mandi,2024-03-15,4207.0,4939.0,4573.0,Quintal,111.7,Agmarknet / e-NAM (synthetic)
MP002820,CROP023,Turmeric,Haryana,Hisar,Hisar Mandi,2024-04-15,4126.0,4844.0,4485.0,Quintal,41.5,Agmarknet / e-NAM (synthetic)
MP002821,CROP023,Turmeric,Haryana,Hisar,Hisar Mandi,2024-05-15,4448.0,5222.0,4835.0,Quintal,84.8,Agmarknet / e-NAM (synthetic)
MP002822,CROP023,Turmeric,Haryana,Hisar,Hisar Mandi,2024-06-15,3975.0,4667.0,4321.0,Quintal,123.2,Agmarknet / e-NAM (synthetic)
MP002823,CROP023,Turmeric,Haryana,Hisar,Hisar Mandi,2024-07-15,3869.0,4541.0,4205.0,Quintal,98.3,Agmarknet / e-NAM (synthetic)
MP002824,CROP023,Turmeric,Haryana,Hisar,Hisar Mandi,2024-08-15,3247.0,3811.0,3529.0,Quintal,97.1,Agmarknet / e-NAM (synthetic)
MP002825,CROP023,Turmeric,Haryana,Hisar,Hisar Mandi,2024-09-15,3490.0,4098.0,3794.0,Quintal,30.6,Agmarknet / e-NAM (synthetic)
MP002826,CROP023,Turmeric,Haryana,Hisar,Hisar Mandi,2024-10-15,3392.0,3982.0,3687.0,Quintal,70.1,Agmarknet / e-NAM (synthetic)
MP002827,CROP023,Turmeric,Haryana,Hisar,Hisar Mandi,2024-11-15,3712.0,4358.0,4035.0,Quintal,69.0,Agmarknet / e-NAM (synthetic)
MP002828,CROP023,Turmeric,Haryana,Hisar,Hisar Mandi,2024-12-15,3725.0,4373.0,4049.0,Quintal,50.2,Agmarknet / e-NAM (synthetic)
MP002829,CROP023,Turmeric,Haryana,Hisar,Hisar Mandi,2025-01-15,4293.0,5039.0,4666.0,Quintal,44.7,Agmarknet / e-NAM (synthetic)
MP002830,CROP023,Turmeric,Haryana,Hisar,Hisar Mandi,2025-02-15,4587.0,5385.0,4986.0,Quintal,108.8,Agmarknet / e-NAM (synthetic)
MP002831,CROP023,Turmeric,Haryana,Hisar,Hisar Mandi,2025-03-15,4460.0,5236.0,4848.0,Quintal,68.2,Agmarknet / e-NAM (synthetic)
MP002832,CROP023,Turmeric,Haryana,Hisar,Hisar Mandi,2025-04-15,4580.0,5376.0,4978.0,Quintal,97.0,Agmarknet / e-NAM (synthetic)
MP002833,CROP023,Turmeric,Haryana,Hisar,Hisar Mandi,2025-05-15,4883.0,5733.0,5308.0,Quintal,179.9,Agmarknet / e-NAM (synthetic)
MP002834,CROP023,Turmeric,Haryana,Hisar,Hisar Mandi,2025-06-15,4196.0,4926.0,4561.0,Quintal,124.0,Agmarknet / e-NAM (synthetic)
MP002835,CROP023,Turmeric,Haryana,Hisar,Hisar Mandi,2025-07-15,3773.0,4429.0,4101.0,Quintal,66.6,Agmarknet / e-NAM (synthetic)
MP002836,CROP023,Turmeric,Haryana,Hisar,Hisar Mandi,2025-08-15,3359.0,3943.0,3651.0,Quintal,147.4,Agmarknet / e-NAM (synthetic)
MP002837,CROP023,Turmeric,Haryana,Hisar,Hisar Mandi,2025-09-15,3467.0,4069.0,3768.0,Quintal,116.4,Agmarknet / e-NAM (synthetic)
MP002838,CROP023,Turmeric,Haryana,Hisar,Hisar Mandi,2025-10-15,3794.0,4454.0,4124.0,Quintal,120.4,Agmarknet / e-NAM (synthetic)
MP002839,CROP023,Turmeric,Haryana,Hisar,Hisar Mandi,2025-11-15,3723.0,4371.0,4047.0,Quintal,243.9,Agmarknet / e-NAM (synthetic)
MP002840,CROP023,Turmeric,Haryana,Hisar,Hisar Mandi,2025-12-15,4304.0,5052.0,4678.0,Quintal,38.9,Agmarknet / e-NAM (synthetic)
MP002841,CROP023,Turmeric,Haryana,Hisar,Hisar Mandi,2026-01-15,4494.0,5276.0,4885.0,Quintal,57.2,Agmarknet / e-NAM (synthetic)
MP002842,CROP023,Turmeric,Haryana,Hisar,Hisar Mandi,2026-02-15,4980.0,5846.0,5413.0,Quintal,108.1,Agmarknet / e-NAM (synthetic)
MP002843,CROP023,Turmeric,Haryana,Hisar,Hisar Mandi,2026-03-15,4608.0,5410.0,5009.0,Quintal,186.9,Agmarknet / e-NAM (synthetic)
MP002844,CROP023,Turmeric,Haryana,Hisar,Hisar Mandi,2026-04-15,4719.0,5539.0,5129.0,Quintal,255.3,Agmarknet / e-NAM (synthetic)
MP002845,CROP023,Turmeric,Haryana,Hisar,Hisar Mandi,2026-05-15,4449.0,5223.0,4836.0,Quintal,25.7,Agmarknet / e-NAM (synthetic)
MP002846,CROP023,Turmeric,Haryana,Hisar,Hisar Mandi,2026-06-15,4133.0,4851.0,4492.0,Quintal,25.3,Agmarknet / e-NAM (synthetic)
MP002847,CROP023,Turmeric,Haryana,Hisar,Hisar Mandi,2026-07-15,4201.0,4931.0,4566.0,Quintal,80.1,Agmarknet / e-NAM (synthetic)
MP002848,CROP023,Turmeric,Haryana,Hisar,Hisar Mandi,2026-08-15,4159.0,4883.0,4521.0,Quintal,114.8,Agmarknet / e-NAM (synthetic)
MP002849,CROP023,Turmeric,West Bengal,Nadia,Nadia Mandi,2024-01-15,3821.0,4485.0,4153.0,Quintal,357.7,Agmarknet / e-NAM (synthetic)
MP002850,CROP023,Turmeric,West Bengal,Nadia,Nadia Mandi,2024-02-15,4106.0,4820.0,4463.0,Quintal,77.4,Agmarknet / e-NAM (synthetic)
MP002851,CROP023,Turmeric,West Bengal,Nadia,Nadia Mandi,2024-03-15,3974.0,4666.0,4320.0,Quintal,49.8,Agmarknet / e-NAM (synthetic)
MP002852,CROP023,Turmeric,West Bengal,Nadia,Nadia Mandi,2024-04-15,4176.0,4902.0,4539.0,Quintal,93.4,Agmarknet / e-NAM (synthetic)
MP002853,CROP023,Turmeric,West Bengal,Nadia,Nadia Mandi,2024-05-15,4010.0,4708.0,4359.0,Quintal,44.3,Agmarknet / e-NAM (synthetic)
MP002854,CROP023,Turmeric,West Bengal,Nadia,Nadia Mandi,2024-06-15,3791.0,4451.0,4121.0,Quintal,65.2,Agmarknet / e-NAM (synthetic)
MP002855,CROP023,Turmeric,West Bengal,Nadia,Nadia Mandi,2024-07-15,3455.0,4055.0,3755.0,Quintal,89.7,Agmarknet / e-NAM (synthetic)
MP002856,CROP023,Turmeric,West Bengal,Nadia,Nadia Mandi,2024-08-15,3225.0,3785.0,3505.0,Quintal,160.9,Agmarknet / e-NAM (synthetic)
MP002857,CROP023,Turmeric,West Bengal,Nadia,Nadia Mandi,2024-09-15,3349.0,3931.0,3640.0,Quintal,120.9,Agmarknet / e-NAM (synthetic)
MP002858,CROP023,Turmeric,West Bengal,Nadia,Nadia Mandi,2024-10-15,3379.0,3967.0,3673.0,Quintal,53.1,Agmarknet / e-NAM (synthetic)
MP002859,CROP023,Turmeric,West Bengal,Nadia,Nadia Mandi,2024-11-15,3727.0,4375.0,4051.0,Quintal,87.8,Agmarknet / e-NAM (synthetic)
MP002860,CROP023,Turmeric,West Bengal,Nadia,Nadia Mandi,2024-12-15,4224.0,4958.0,4591.0,Quintal,147.7,Agmarknet / e-NAM (synthetic)
MP002861,CROP023,Turmeric,West Bengal,Nadia,Nadia Mandi,2025-01-15,4362.0,5120.0,4741.0,Quintal,155.4,Agmarknet / e-NAM (synthetic)
MP002862,CROP023,Turmeric,West Bengal,Nadia,Nadia Mandi,2025-02-15,4313.0,5063.0,4688.0,Quintal,50.8,Agmarknet / e-NAM (synthetic)
MP002863,CROP023,Turmeric,West Bengal,Nadia,Nadia Mandi,2025-03-15,4335.0,5089.0,4712.0,Quintal,78.5,Agmarknet / e-NAM (synthetic)
MP002864,CROP023,Turmeric,West Bengal,Nadia,Nadia Mandi,2025-04-15,4314.0,5064.0,4689.0,Quintal,81.9,Agmarknet / e-NAM (synthetic)
MP002865,CROP023,Turmeric,West Bengal,Nadia,Nadia Mandi,2025-05-15,4264.0,5006.0,4635.0,Quintal,91.4,Agmarknet / e-NAM (synthetic)
MP002866,CROP023,Turmeric,West Bengal,Nadia,Nadia Mandi,2025-06-15,4044.0,4748.0,4396.0,Quintal,47.5,Agmarknet / e-NAM (synthetic)
MP002867,CROP023,Turmeric,West Bengal,Nadia,Nadia Mandi,2025-07-15,4294.0,5040.0,4667.0,Quintal,335.2,Agmarknet / e-NAM (synthetic)
MP002868,CROP023,Turmeric,West Bengal,Nadia,Nadia Mandi,2025-08-15,3672.0,4310.0,3991.0,Quintal,59.6,Agmarknet / e-NAM (synthetic)
MP002869,CROP023,Turmeric,West Bengal,Nadia,Nadia Mandi,2025-09-15,3552.0,4170.0,3861.0,Quintal,39.4,Agmarknet / e-NAM (synthetic)
MP002870,CROP023,Turmeric,West Bengal,Nadia,Nadia Mandi,2025-10-15,3364.0,3950.0,3657.0,Quintal,169.8,Agmarknet / e-NAM (synthetic)
MP002871,CROP023,Turmeric,West Bengal,Nadia,Nadia Mandi,2025-11-15,3505.0,4115.0,3810.0,Quintal,181.6,Agmarknet / e-NAM (synthetic)
MP002872,CROP023,Turmeric,West Bengal,Nadia,Nadia Mandi,2025-12-15,3852.0,4522.0,4187.0,Quintal,110.6,Agmarknet / e-NAM (synthetic)
MP002873,CROP023,Turmeric,West Bengal,Nadia,Nadia Mandi,2026-01-15,4472.0,5250.0,4861.0,Quintal,126.1,Agmarknet / e-NAM (synthetic)
MP002874,CROP023,Turmeric,West Bengal,Nadia,Nadia Mandi,2026-02-15,4536.0,5324.0,4930.0,Quintal,143.8,Agmarknet / e-NAM (synthetic)
MP002875,CROP023,Turmeric,West Bengal,Nadia,Nadia Mandi,2026-03-15,4895.0,5747.0,5321.0,Quintal,203.0,Agmarknet / e-NAM (synthetic)
MP002876,CROP023,Turmeric,West Bengal,Nadia,Nadia Mandi,2026-04-15,4692.0,5508.0,5100.0,Quintal,95.7,Agmarknet / e-NAM (synthetic)
MP002877,CROP023,Turmeric,West Bengal,Nadia,Nadia Mandi,2026-05-15,4092.0,4804.0,4448.0,Quintal,140.0,Agmarknet / e-NAM (synthetic)
MP002878,CROP023,Turmeric,West Bengal,Nadia,Nadia Mandi,2026-06-15,3767.0,4423.0,4095.0,Quintal,74.2,Agmarknet / e-NAM (synthetic)
MP002879,CROP023,Turmeric,West Bengal,Nadia,Nadia Mandi,2026-07-15,4318.0,5068.0,4693.0,Quintal,211.6,Agmarknet / e-NAM (synthetic)
MP002880,CROP023,Turmeric,West Bengal,Nadia,Nadia Mandi,2026-08-15,3907.0,4587.0,4247.0,Quintal,49.6,Agmarknet / e-NAM (synthetic)
MP002881,CROP023,Turmeric,West Bengal,Bardhaman,Bardhaman Mandi,2024-01-15,4073.0,4781.0,4427.0,Quintal,228.0,Agmarknet / e-NAM (synthetic)
MP002882,CROP023,Turmeric,West Bengal,Bardhaman,Bardhaman Mandi,2024-02-15,4298.0,5046.0,4672.0,Quintal,150.5,Agmarknet / e-NAM (synthetic)
MP002883,CROP023,Turmeric,West Bengal,Bardhaman,Bardhaman Mandi,2024-03-15,4482.0,5262.0,4872.0,Quintal,95.0,Agmarknet / e-NAM (synthetic)
MP002884,CROP023,Turmeric,West Bengal,Bardhaman,Bardhaman Mandi,2024-04-15,4478.0,5256.0,4867.0,Quintal,181.7,Agmarknet / e-NAM (synthetic)
MP002885,CROP023,Turmeric,West Bengal,Bardhaman,Bardhaman Mandi,2024-05-15,4437.0,5209.0,4823.0,Quintal,90.4,Agmarknet / e-NAM (synthetic)
MP002886,CROP023,Turmeric,West Bengal,Bardhaman,Bardhaman Mandi,2024-06-15,4109.0,4823.0,4466.0,Quintal,25.4,Agmarknet / e-NAM (synthetic)
MP002887,CROP023,Turmeric,West Bengal,Bardhaman,Bardhaman Mandi,2024-07-15,3500.0,4108.0,3804.0,Quintal,18.3,Agmarknet / e-NAM (synthetic)
MP002888,CROP023,Turmeric,West Bengal,Bardhaman,Bardhaman Mandi,2024-08-15,3410.0,4002.0,3706.0,Quintal,58.2,Agmarknet / e-NAM (synthetic)
MP002889,CROP023,Turmeric,West Bengal,Bardhaman,Bardhaman Mandi,2024-09-15,3330.0,3910.0,3620.0,Quintal,184.6,Agmarknet / e-NAM (synthetic)
MP002890,CROP023,Turmeric,West Bengal,Bardhaman,Bardhaman Mandi,2024-10-15,3434.0,4032.0,3733.0,Quintal,454.2,Agmarknet / e-NAM (synthetic)
MP002891,CROP023,Turmeric,West Bengal,Bardhaman,Bardhaman Mandi,2024-11-15,3660.0,4296.0,3978.0,Quintal,170.2,Agmarknet / e-NAM (synthetic)
MP002892,CROP023,Turmeric,West Bengal,Bardhaman,Bardhaman Mandi,2024-12-15,3849.0,4519.0,4184.0,Quintal,79.8,Agmarknet / e-NAM (synthetic)
MP002893,CROP023,Turmeric,West Bengal,Bardhaman,Bardhaman Mandi,2025-01-15,4715.0,5535.0,5125.0,Quintal,89.0,Agmarknet / e-NAM (synthetic)
MP002894,CROP023,Turmeric,West Bengal,Bardhaman,Bardhaman Mandi,2025-02-15,4304.0,5052.0,4678.0,Quintal,108.5,Agmarknet / e-NAM (synthetic)
MP002895,CROP023,Turmeric,West Bengal,Bardhaman,Bardhaman Mandi,2025-03-15,4247.0,4985.0,4616.0,Quintal,95.4,Agmarknet / e-NAM (synthetic)
MP002896,CROP023,Turmeric,West Bengal,Bardhaman,Bardhaman Mandi,2025-04-15,4613.0,5415.0,5014.0,Quintal,115.1,Agmarknet / e-NAM (synthetic)
MP002897,CROP023,Turmeric,West Bengal,Bardhaman,Bardhaman Mandi,2025-05-15,4031.0,4731.0,4381.0,Quintal,82.2,Agmarknet / e-NAM (synthetic)
MP002898,CROP023,Turmeric,West Bengal,Bardhaman,Bardhaman Mandi,2025-06-15,4146.0,4868.0,4507.0,Quintal,128.4,Agmarknet / e-NAM (synthetic)
MP002899,CROP023,Turmeric,West Bengal,Bardhaman,Bardhaman Mandi,2025-07-15,3883.0,4559.0,4221.0,Quintal,73.6,Agmarknet / e-NAM (synthetic)
MP002900,CROP023,Turmeric,West Bengal,Bardhaman,Bardhaman Mandi,2025-08-15,3728.0,4376.0,4052.0,Quintal,139.1,Agmarknet / e-NAM (synthetic)
MP002901,CROP023,Turmeric,West Bengal,Bardhaman,Bardhaman Mandi,2025-09-15,3671.0,4309.0,3990.0,Quintal,52.0,Agmarknet / e-NAM (synthetic)
MP002902,CROP023,Turmeric,West Bengal,Bardhaman,Bardhaman Mandi,2025-10-15,3670.0,4308.0,3989.0,Quintal,69.6,Agmarknet / e-NAM (synthetic)
MP002903,CROP023,Turmeric,West Bengal,Bardhaman,Bardhaman Mandi,2025-11-15,3703.0,4347.0,4025.0,Quintal,119.7,Agmarknet / e-NAM (synthetic)
MP002904,CROP023,Turmeric,West Bengal,Bardhaman,Bardhaman Mandi,2025-12-15,3743.0,4395.0,4069.0,Quintal,289.7,Agmarknet / e-NAM (synthetic)
MP002905,CROP023,Turmeric,West Bengal,Bardhaman,Bardhaman Mandi,2026-01-15,4543.0,5333.0,4938.0,Quintal,99.2,Agmarknet / e-NAM (synthetic)
MP002906,CROP023,Turmeric,West Bengal,Bardhaman,Bardhaman Mandi,2026-02-15,5119.0,6009.0,5564.0,Quintal,99.6,Agmarknet / e-NAM (synthetic)
MP002907,CROP023,Turmeric,West Bengal,Bardhaman,Bardhaman Mandi,2026-03-15,4433.0,5205.0,4819.0,Quintal,67.5,Agmarknet / e-NAM (synthetic)
MP002908,CROP023,Turmeric,West Bengal,Bardhaman,Bardhaman Mandi,2026-04-15,4984.0,5850.0,5417.0,Quintal,85.7,Agmarknet / e-NAM (synthetic)
MP002909,CROP023,Turmeric,West Bengal,Bardhaman,Bardhaman Mandi,2026-05-15,4322.0,5074.0,4698.0,Quintal,51.7,Agmarknet / e-NAM (synthetic)
MP002910,CROP023,Turmeric,West Bengal,Bardhaman,Bardhaman Mandi,2026-06-15,4030.0,4730.0,4380.0,Quintal,89.9,Agmarknet / e-NAM (synthetic)
MP002911,CROP023,Turmeric,West Bengal,Bardhaman,Bardhaman Mandi,2026-07-15,4069.0,4777.0,4423.0,Quintal,135.2,Agmarknet / e-NAM (synthetic)
MP002912,CROP023,Turmeric,West Bengal,Bardhaman,Bardhaman Mandi,2026-08-15,3709.0,4355.0,4032.0,Quintal,66.2,Agmarknet / e-NAM (synthetic)
MP002913,CROP023,Turmeric,Andhra Pradesh,Guntur,Guntur Mandi,2024-01-15,4230.0,4966.0,4598.0,Quintal,32.4,Agmarknet / e-NAM (synthetic)
MP002914,CROP023,Turmeric,Andhra Pradesh,Guntur,Guntur Mandi,2024-02-15,4056.0,4762.0,4409.0,Quintal,100.2,Agmarknet / e-NAM (synthetic)
MP002915,CROP023,Turmeric,Andhra Pradesh,Guntur,Guntur Mandi,2024-03-15,3893.0,4571.0,4232.0,Quintal,76.8,Agmarknet / e-NAM (synthetic)
MP002916,CROP023,Turmeric,Andhra Pradesh,Guntur,Guntur Mandi,2024-04-15,4180.0,4906.0,4543.0,Quintal,89.3,Agmarknet / e-NAM (synthetic)
MP002917,CROP023,Turmeric,Andhra Pradesh,Guntur,Guntur Mandi,2024-05-15,4191.0,4919.0,4555.0,Quintal,257.9,Agmarknet / e-NAM (synthetic)
MP002918,CROP023,Turmeric,Andhra Pradesh,Guntur,Guntur Mandi,2024-06-15,3958.0,4646.0,4302.0,Quintal,148.9,Agmarknet / e-NAM (synthetic)
MP002919,CROP023,Turmeric,Andhra Pradesh,Guntur,Guntur Mandi,2024-07-15,3770.0,4426.0,4098.0,Quintal,143.5,Agmarknet / e-NAM (synthetic)
MP002920,CROP023,Turmeric,Andhra Pradesh,Guntur,Guntur Mandi,2024-08-15,3525.0,4139.0,3832.0,Quintal,97.2,Agmarknet / e-NAM (synthetic)
MP002921,CROP023,Turmeric,Andhra Pradesh,Guntur,Guntur Mandi,2024-09-15,3256.0,3822.0,3539.0,Quintal,32.8,Agmarknet / e-NAM (synthetic)
MP002922,CROP023,Turmeric,Andhra Pradesh,Guntur,Guntur Mandi,2024-10-15,3528.0,4142.0,3835.0,Quintal,131.5,Agmarknet / e-NAM (synthetic)
MP002923,CROP023,Turmeric,Andhra Pradesh,Guntur,Guntur Mandi,2024-11-15,3651.0,4287.0,3969.0,Quintal,51.6,Agmarknet / e-NAM (synthetic)
MP002924,CROP023,Turmeric,Andhra Pradesh,Guntur,Guntur Mandi,2024-12-15,3500.0,4108.0,3804.0,Quintal,54.4,Agmarknet / e-NAM (synthetic)
MP002925,CROP023,Turmeric,Andhra Pradesh,Guntur,Guntur Mandi,2025-01-15,4321.0,5073.0,4697.0,Quintal,152.5,Agmarknet / e-NAM (synthetic)
MP002926,CROP023,Turmeric,Andhra Pradesh,Guntur,Guntur Mandi,2025-02-15,4058.0,4764.0,4411.0,Quintal,156.3,Agmarknet / e-NAM (synthetic)
MP002927,CROP023,Turmeric,Andhra Pradesh,Guntur,Guntur Mandi,2025-03-15,4800.0,5634.0,5217.0,Quintal,179.8,Agmarknet / e-NAM (synthetic)
MP002928,CROP023,Turmeric,Andhra Pradesh,Guntur,Guntur Mandi,2025-04-15,4551.0,5343.0,4947.0,Quintal,55.0,Agmarknet / e-NAM (synthetic)
MP002929,CROP023,Turmeric,Andhra Pradesh,Guntur,Guntur Mandi,2025-05-15,4501.0,5283.0,4892.0,Quintal,105.4,Agmarknet / e-NAM (synthetic)
MP002930,CROP023,Turmeric,Andhra Pradesh,Guntur,Guntur Mandi,2025-06-15,3719.0,4365.0,4042.0,Quintal,84.5,Agmarknet / e-NAM (synthetic)
MP002931,CROP023,Turmeric,Andhra Pradesh,Guntur,Guntur Mandi,2025-07-15,3568.0,4188.0,3878.0,Quintal,222.5,Agmarknet / e-NAM (synthetic)
MP002932,CROP023,Turmeric,Andhra Pradesh,Guntur,Guntur Mandi,2025-08-15,3462.0,4064.0,3763.0,Quintal,89.6,Agmarknet / e-NAM (synthetic)
MP002933,CROP023,Turmeric,Andhra Pradesh,Guntur,Guntur Mandi,2025-09-15,3576.0,4198.0,3887.0,Quintal,131.2,Agmarknet / e-NAM (synthetic)
MP002934,CROP023,Turmeric,Andhra Pradesh,Guntur,Guntur Mandi,2025-10-15,3263.0,3831.0,3547.0,Quintal,34.4,Agmarknet / e-NAM (synthetic)
MP002935,CROP023,Turmeric,Andhra Pradesh,Guntur,Guntur Mandi,2025-11-15,3920.0,4602.0,4261.0,Quintal,292.4,Agmarknet / e-NAM (synthetic)
MP002936,CROP023,Turmeric,Andhra Pradesh,Guntur,Guntur Mandi,2025-12-15,4355.0,5113.0,4734.0,Quintal,18.3,Agmarknet / e-NAM (synthetic)
MP002937,CROP023,Turmeric,Andhra Pradesh,Guntur,Guntur Mandi,2026-01-15,4411.0,5179.0,4795.0,Quintal,324.6,Agmarknet / e-NAM (synthetic)
MP002938,CROP023,Turmeric,Andhra Pradesh,Guntur,Guntur Mandi,2026-02-15,4328.0,5080.0,4704.0,Quintal,185.7,Agmarknet / e-NAM (synthetic)
MP002939,CROP023,Turmeric,Andhra Pradesh,Guntur,Guntur Mandi,2026-03-15,4956.0,5818.0,5387.0,Quintal,127.6,Agmarknet / e-NAM (synthetic)
MP002940,CROP023,Turmeric,Andhra Pradesh,Guntur,Guntur Mandi,2026-04-15,4925.0,5781.0,5353.0,Quintal,124.7,Agmarknet / e-NAM (synthetic)
MP002941,CROP023,Turmeric,Andhra Pradesh,Guntur,Guntur Mandi,2026-05-15,4578.0,5374.0,4976.0,Quintal,69.8,Agmarknet / e-NAM (synthetic)
MP002942,CROP023,Turmeric,Andhra Pradesh,Guntur,Guntur Mandi,2026-06-15,4105.0,4819.0,4462.0,Quintal,215.9,Agmarknet / e-NAM (synthetic)
MP002943,CROP023,Turmeric,Andhra Pradesh,Guntur,Guntur Mandi,2026-07-15,3927.0,4609.0,4268.0,Quintal,139.8,Agmarknet / e-NAM (synthetic)
MP002944,CROP023,Turmeric,Andhra Pradesh,Guntur,Guntur Mandi,2026-08-15,3837.0,4505.0,4171.0,Quintal,100.0,Agmarknet / e-NAM (synthetic)
MP002945,CROP024,Banana,Punjab,Bathinda,Bathinda Mandi,2024-01-15,5341.0,6269.0,5805.0,Tonne,109.4,Agmarknet / e-NAM (synthetic)
MP002946,CROP024,Banana,Punjab,Bathinda,Bathinda Mandi,2024-02-15,6256.0,7344.0,6800.0,Tonne,102.0,Agmarknet / e-NAM (synthetic)
MP002947,CROP024,Banana,Punjab,Bathinda,Bathinda Mandi,2024-03-15,6060.0,7114.0,6587.0,Tonne,49.4,Agmarknet / e-NAM (synthetic)
MP002948,CROP024,Banana,Punjab,Bathinda,Bathinda Mandi,2024-04-15,6126.0,7192.0,6659.0,Tonne,249.5,Agmarknet / e-NAM (synthetic)
MP002949,CROP024,Banana,Punjab,Bathinda,Bathinda Mandi,2024-05-15,5877.0,6899.0,6388.0,Tonne,197.6,Agmarknet / e-NAM (synthetic)
MP002950,CROP024,Banana,Punjab,Bathinda,Bathinda Mandi,2024-06-15,5315.0,6239.0,5777.0,Tonne,107.2,Agmarknet / e-NAM (synthetic)
MP002951,CROP024,Banana,Punjab,Bathinda,Bathinda Mandi,2024-07-15,4842.0,5684.0,5263.0,Tonne,220.7,Agmarknet / e-NAM (synthetic)
MP002952,CROP024,Banana,Punjab,Bathinda,Bathinda Mandi,2024-08-15,4845.0,5687.0,5266.0,Tonne,135.3,Agmarknet / e-NAM (synthetic)
MP002953,CROP024,Banana,Punjab,Bathinda,Bathinda Mandi,2024-09-15,4861.0,5707.0,5284.0,Tonne,42.4,Agmarknet / e-NAM (synthetic)
MP002954,CROP024,Banana,Punjab,Bathinda,Bathinda Mandi,2024-10-15,4968.0,5832.0,5400.0,Tonne,97.5,Agmarknet / e-NAM (synthetic)
MP002955,CROP024,Banana,Punjab,Bathinda,Bathinda Mandi,2024-11-15,5120.0,6010.0,5565.0,Tonne,138.4,Agmarknet / e-NAM (synthetic)
MP002956,CROP024,Banana,Punjab,Bathinda,Bathinda Mandi,2024-12-15,5836.0,6852.0,6344.0,Tonne,135.7,Agmarknet / e-NAM (synthetic)
MP002957,CROP024,Banana,Punjab,Bathinda,Bathinda Mandi,2025-01-15,6385.0,7495.0,6940.0,Tonne,72.9,Agmarknet / e-NAM (synthetic)
MP002958,CROP024,Banana,Punjab,Bathinda,Bathinda Mandi,2025-02-15,6002.0,7046.0,6524.0,Tonne,136.1,Agmarknet / e-NAM (synthetic)
MP002959,CROP024,Banana,Punjab,Bathinda,Bathinda Mandi,2025-03-15,6193.0,7269.0,6731.0,Tonne,174.0,Agmarknet / e-NAM (synthetic)
MP002960,CROP024,Banana,Punjab,Bathinda,Bathinda Mandi,2025-04-15,6109.0,7171.0,6640.0,Tonne,48.2,Agmarknet / e-NAM (synthetic)
MP002961,CROP024,Banana,Punjab,Bathinda,Bathinda Mandi,2025-05-15,6369.0,7477.0,6923.0,Tonne,97.8,Agmarknet / e-NAM (synthetic)
MP002962,CROP024,Banana,Punjab,Bathinda,Bathinda Mandi,2025-06-15,6053.0,7105.0,6579.0,Tonne,140.4,Agmarknet / e-NAM (synthetic)
MP002963,CROP024,Banana,Punjab,Bathinda,Bathinda Mandi,2025-07-15,5104.0,5992.0,5548.0,Tonne,33.3,Agmarknet / e-NAM (synthetic)
MP002964,CROP024,Banana,Punjab,Bathinda,Bathinda Mandi,2025-08-15,5567.0,6535.0,6051.0,Tonne,124.1,Agmarknet / e-NAM (synthetic)
MP002965,CROP024,Banana,Punjab,Bathinda,Bathinda Mandi,2025-09-15,4806.0,5642.0,5224.0,Tonne,148.0,Agmarknet / e-NAM (synthetic)
MP002966,CROP024,Banana,Punjab,Bathinda,Bathinda Mandi,2025-10-15,4943.0,5803.0,5373.0,Tonne,136.4,Agmarknet / e-NAM (synthetic)
MP002967,CROP024,Banana,Punjab,Bathinda,Bathinda Mandi,2025-11-15,5199.0,6103.0,5651.0,Tonne,34.9,Agmarknet / e-NAM (synthetic)
MP002968,CROP024,Banana,Punjab,Bathinda,Bathinda Mandi,2025-12-15,5331.0,6259.0,5795.0,Tonne,237.3,Agmarknet / e-NAM (synthetic)
MP002969,CROP024,Banana,Punjab,Bathinda,Bathinda Mandi,2026-01-15,6156.0,7226.0,6691.0,Tonne,219.3,Agmarknet / e-NAM (synthetic)
MP002970,CROP024,Banana,Punjab,Bathinda,Bathinda Mandi,2026-02-15,6710.0,7878.0,7294.0,Tonne,229.9,Agmarknet / e-NAM (synthetic)
MP002971,CROP024,Banana,Punjab,Bathinda,Bathinda Mandi,2026-03-15,6829.0,8017.0,7423.0,Tonne,136.5,Agmarknet / e-NAM (synthetic)
MP002972,CROP024,Banana,Punjab,Bathinda,Bathinda Mandi,2026-04-15,6947.0,8155.0,7551.0,Tonne,192.5,Agmarknet / e-NAM (synthetic)
MP002973,CROP024,Banana,Punjab,Bathinda,Bathinda Mandi,2026-05-15,6710.0,7878.0,7294.0,Tonne,30.8,Agmarknet / e-NAM (synthetic)
MP002974,CROP024,Banana,Punjab,Bathinda,Bathinda Mandi,2026-06-15,6097.0,7157.0,6627.0,Tonne,263.5,Agmarknet / e-NAM (synthetic)
MP002975,CROP024,Banana,Punjab,Bathinda,Bathinda Mandi,2026-07-15,5399.0,6337.0,5868.0,Tonne,38.3,Agmarknet / e-NAM (synthetic)
MP002976,CROP024,Banana,Punjab,Bathinda,Bathinda Mandi,2026-08-15,5240.0,6152.0,5696.0,Tonne,184.2,Agmarknet / e-NAM (synthetic)
MP002977,CROP024,Banana,Madhya Pradesh,Ujjain,Ujjain Mandi,2024-01-15,6060.0,7114.0,6587.0,Tonne,100.9,Agmarknet / e-NAM (synthetic)
MP002978,CROP024,Banana,Madhya Pradesh,Ujjain,Ujjain Mandi,2024-02-15,5956.0,6992.0,6474.0,Tonne,88.6,Agmarknet / e-NAM (synthetic)
MP002979,CROP024,Banana,Madhya Pradesh,Ujjain,Ujjain Mandi,2024-03-15,5758.0,6760.0,6259.0,Tonne,125.8,Agmarknet / e-NAM (synthetic)
MP002980,CROP024,Banana,Madhya Pradesh,Ujjain,Ujjain Mandi,2024-04-15,6181.0,7255.0,6718.0,Tonne,289.6,Agmarknet / e-NAM (synthetic)
MP002981,CROP024,Banana,Madhya Pradesh,Ujjain,Ujjain Mandi,2024-05-15,5561.0,6529.0,6045.0,Tonne,51.9,Agmarknet / e-NAM (synthetic)
MP002982,CROP024,Banana,Madhya Pradesh,Ujjain,Ujjain Mandi,2024-06-15,5559.0,6525.0,6042.0,Tonne,57.5,Agmarknet / e-NAM (synthetic)
MP002983,CROP024,Banana,Madhya Pradesh,Ujjain,Ujjain Mandi,2024-07-15,5114.0,6004.0,5559.0,Tonne,103.8,Agmarknet / e-NAM (synthetic)
MP002984,CROP024,Banana,Madhya Pradesh,Ujjain,Ujjain Mandi,2024-08-15,4760.0,5588.0,5174.0,Tonne,167.1,Agmarknet / e-NAM (synthetic)
MP002985,CROP024,Banana,Madhya Pradesh,Ujjain,Ujjain Mandi,2024-09-15,4346.0,5102.0,4724.0,Tonne,140.7,Agmarknet / e-NAM (synthetic)
MP002986,CROP024,Banana,Madhya Pradesh,Ujjain,Ujjain Mandi,2024-10-15,5158.0,6056.0,5607.0,Tonne,60.4,Agmarknet / e-NAM (synthetic)
MP002987,CROP024,Banana,Madhya Pradesh,Ujjain,Ujjain Mandi,2024-11-15,5128.0,6020.0,5574.0,Tonne,64.1,Agmarknet / e-NAM (synthetic)
MP002988,CROP024,Banana,Madhya Pradesh,Ujjain,Ujjain Mandi,2024-12-15,5530.0,6492.0,6011.0,Tonne,92.7,Agmarknet / e-NAM (synthetic)
MP002989,CROP024,Banana,Madhya Pradesh,Ujjain,Ujjain Mandi,2025-01-15,6669.0,7829.0,7249.0,Tonne,67.5,Agmarknet / e-NAM (synthetic)
MP002990,CROP024,Banana,Madhya Pradesh,Ujjain,Ujjain Mandi,2025-02-15,6720.0,7888.0,7304.0,Tonne,66.3,Agmarknet / e-NAM (synthetic)
MP002991,CROP024,Banana,Madhya Pradesh,Ujjain,Ujjain Mandi,2025-03-15,6382.0,7492.0,6937.0,Tonne,184.7,Agmarknet / e-NAM (synthetic)
MP002992,CROP024,Banana,Madhya Pradesh,Ujjain,Ujjain Mandi,2025-04-15,6785.0,7965.0,7375.0,Tonne,70.6,Agmarknet / e-NAM (synthetic)
MP002993,CROP024,Banana,Madhya Pradesh,Ujjain,Ujjain Mandi,2025-05-15,5568.0,6536.0,6052.0,Tonne,133.0,Agmarknet / e-NAM (synthetic)
MP002994,CROP024,Banana,Madhya Pradesh,Ujjain,Ujjain Mandi,2025-06-15,5636.0,6616.0,6126.0,Tonne,261.2,Agmarknet / e-NAM (synthetic)
MP002995,CROP024,Banana,Madhya Pradesh,Ujjain,Ujjain Mandi,2025-07-15,5502.0,6458.0,5980.0,Tonne,38.9,Agmarknet / e-NAM (synthetic)
MP002996,CROP024,Banana,Madhya Pradesh,Ujjain,Ujjain Mandi,2025-08-15,5336.0,6264.0,5800.0,Tonne,163.9,Agmarknet / e-NAM (synthetic)
MP002997,CROP024,Banana,Madhya Pradesh,Ujjain,Ujjain Mandi,2025-09-15,4659.0,5469.0,5064.0,Tonne,110.2,Agmarknet / e-NAM (synthetic)
MP002998,CROP024,Banana,Madhya Pradesh,Ujjain,Ujjain Mandi,2025-10-15,5480.0,6434.0,5957.0,Tonne,31.3,Agmarknet / e-NAM (synthetic)
MP002999,CROP024,Banana,Madhya Pradesh,Ujjain,Ujjain Mandi,2025-11-15,4448.0,5222.0,4835.0,Tonne,210.7,Agmarknet / e-NAM (synthetic)
MP003000,CROP024,Banana,Madhya Pradesh,Ujjain,Ujjain Mandi,2025-12-15,6114.0,7178.0,6646.0,Tonne,382.5,Agmarknet / e-NAM (synthetic)
MP003001,CROP024,Banana,Madhya Pradesh,Ujjain,Ujjain Mandi,2026-01-15,5803.0,6813.0,6308.0,Tonne,84.0,Agmarknet / e-NAM (synthetic)
MP003002,CROP024,Banana,Madhya Pradesh,Ujjain,Ujjain Mandi,2026-02-15,6743.0,7915.0,7329.0,Tonne,103.3,Agmarknet / e-NAM (synthetic)
MP003003,CROP024,Banana,Madhya Pradesh,Ujjain,Ujjain Mandi,2026-03-15,7106.0,8342.0,7724.0,Tonne,48.8,Agmarknet / e-NAM (synthetic)
MP003004,CROP024,Banana,Madhya Pradesh,Ujjain,Ujjain Mandi,2026-04-15,6469.0,7593.0,7031.0,Tonne,347.6,Agmarknet / e-NAM (synthetic)
MP003005,CROP024,Banana,Madhya Pradesh,Ujjain,Ujjain Mandi,2026-05-15,6835.0,8023.0,7429.0,Tonne,98.7,Agmarknet / e-NAM (synthetic)
MP003006,CROP024,Banana,Madhya Pradesh,Ujjain,Ujjain Mandi,2026-06-15,6123.0,7187.0,6655.0,Tonne,74.9,Agmarknet / e-NAM (synthetic)
MP003007,CROP024,Banana,Madhya Pradesh,Ujjain,Ujjain Mandi,2026-07-15,5469.0,6421.0,5945.0,Tonne,249.5,Agmarknet / e-NAM (synthetic)
MP003008,CROP024,Banana,Madhya Pradesh,Ujjain,Ujjain Mandi,2026-08-15,5352.0,6282.0,5817.0,Tonne,98.4,Agmarknet / e-NAM (synthetic)
MP003009,CROP024,Banana,Uttar Pradesh,Varanasi,Varanasi Mandi,2024-01-15,5860.0,6880.0,6370.0,Tonne,67.6,Agmarknet / e-NAM (synthetic)
MP003010,CROP024,Banana,Uttar Pradesh,Varanasi,Varanasi Mandi,2024-02-15,6014.0,7060.0,6537.0,Tonne,40.3,Agmarknet / e-NAM (synthetic)
MP003011,CROP024,Banana,Uttar Pradesh,Varanasi,Varanasi Mandi,2024-03-15,6098.0,7158.0,6628.0,Tonne,200.5,Agmarknet / e-NAM (synthetic)
MP003012,CROP024,Banana,Uttar Pradesh,Varanasi,Varanasi Mandi,2024-04-15,6001.0,7045.0,6523.0,Tonne,75.5,Agmarknet / e-NAM (synthetic)
MP003013,CROP024,Banana,Uttar Pradesh,Varanasi,Varanasi Mandi,2024-05-15,6411.0,7525.0,6968.0,Tonne,86.8,Agmarknet / e-NAM (synthetic)
MP003014,CROP024,Banana,Uttar Pradesh,Varanasi,Varanasi Mandi,2024-06-15,5756.0,6756.0,6256.0,Tonne,165.9,Agmarknet / e-NAM (synthetic)
MP003015,CROP024,Banana,Uttar Pradesh,Varanasi,Varanasi Mandi,2024-07-15,5064.0,5944.0,5504.0,Tonne,78.9,Agmarknet / e-NAM (synthetic)
MP003016,CROP024,Banana,Uttar Pradesh,Varanasi,Varanasi Mandi,2024-08-15,5383.0,6319.0,5851.0,Tonne,159.6,Agmarknet / e-NAM (synthetic)
MP003017,CROP024,Banana,Uttar Pradesh,Varanasi,Varanasi Mandi,2024-09-15,4713.0,5533.0,5123.0,Tonne,321.9,Agmarknet / e-NAM (synthetic)
MP003018,CROP024,Banana,Uttar Pradesh,Varanasi,Varanasi Mandi,2024-10-15,4706.0,5524.0,5115.0,Tonne,104.8,Agmarknet / e-NAM (synthetic)
MP003019,CROP024,Banana,Uttar Pradesh,Varanasi,Varanasi Mandi,2024-11-15,4663.0,5475.0,5069.0,Tonne,41.4,Agmarknet / e-NAM (synthetic)
MP003020,CROP024,Banana,Uttar Pradesh,Varanasi,Varanasi Mandi,2024-12-15,5567.0,6535.0,6051.0,Tonne,52.9,Agmarknet / e-NAM (synthetic)
MP003021,CROP024,Banana,Uttar Pradesh,Varanasi,Varanasi Mandi,2025-01-15,6172.0,7246.0,6709.0,Tonne,111.3,Agmarknet / e-NAM (synthetic)
MP003022,CROP024,Banana,Uttar Pradesh,Varanasi,Varanasi Mandi,2025-02-15,6372.0,7480.0,6926.0,Tonne,100.5,Agmarknet / e-NAM (synthetic)
MP003023,CROP024,Banana,Uttar Pradesh,Varanasi,Varanasi Mandi,2025-03-15,6397.0,7509.0,6953.0,Tonne,30.6,Agmarknet / e-NAM (synthetic)
MP003024,CROP024,Banana,Uttar Pradesh,Varanasi,Varanasi Mandi,2025-04-15,6393.0,7505.0,6949.0,Tonne,128.3,Agmarknet / e-NAM (synthetic)
MP003025,CROP024,Banana,Uttar Pradesh,Varanasi,Varanasi Mandi,2025-05-15,5738.0,6736.0,6237.0,Tonne,42.4,Agmarknet / e-NAM (synthetic)
MP003026,CROP024,Banana,Uttar Pradesh,Varanasi,Varanasi Mandi,2025-06-15,6324.0,7424.0,6874.0,Tonne,236.3,Agmarknet / e-NAM (synthetic)
MP003027,CROP024,Banana,Uttar Pradesh,Varanasi,Varanasi Mandi,2025-07-15,5493.0,6449.0,5971.0,Tonne,108.2,Agmarknet / e-NAM (synthetic)
MP003028,CROP024,Banana,Uttar Pradesh,Varanasi,Varanasi Mandi,2025-08-15,5036.0,5912.0,5474.0,Tonne,239.5,Agmarknet / e-NAM (synthetic)
MP003029,CROP024,Banana,Uttar Pradesh,Varanasi,Varanasi Mandi,2025-09-15,4964.0,5828.0,5396.0,Tonne,155.3,Agmarknet / e-NAM (synthetic)
MP003030,CROP024,Banana,Uttar Pradesh,Varanasi,Varanasi Mandi,2025-10-15,5551.0,6517.0,6034.0,Tonne,88.0,Agmarknet / e-NAM (synthetic)
MP003031,CROP024,Banana,Uttar Pradesh,Varanasi,Varanasi Mandi,2025-11-15,5674.0,6660.0,6167.0,Tonne,45.0,Agmarknet / e-NAM (synthetic)
MP003032,CROP024,Banana,Uttar Pradesh,Varanasi,Varanasi Mandi,2025-12-15,5958.0,6994.0,6476.0,Tonne,96.2,Agmarknet / e-NAM (synthetic)
MP003033,CROP024,Banana,Uttar Pradesh,Varanasi,Varanasi Mandi,2026-01-15,6725.0,7895.0,7310.0,Tonne,138.3,Agmarknet / e-NAM (synthetic)
MP003034,CROP024,Banana,Uttar Pradesh,Varanasi,Varanasi Mandi,2026-02-15,6288.0,7382.0,6835.0,Tonne,78.7,Agmarknet / e-NAM (synthetic)
MP003035,CROP024,Banana,Uttar Pradesh,Varanasi,Varanasi Mandi,2026-03-15,6062.0,7116.0,6589.0,Tonne,95.7,Agmarknet / e-NAM (synthetic)
MP003036,CROP024,Banana,Uttar Pradesh,Varanasi,Varanasi Mandi,2026-04-15,6508.0,7640.0,7074.0,Tonne,44.5,Agmarknet / e-NAM (synthetic)
MP003037,CROP024,Banana,Uttar Pradesh,Varanasi,Varanasi Mandi,2026-05-15,6330.0,7430.0,6880.0,Tonne,38.6,Agmarknet / e-NAM (synthetic)
MP003038,CROP024,Banana,Uttar Pradesh,Varanasi,Varanasi Mandi,2026-06-15,6334.0,7436.0,6885.0,Tonne,126.0,Agmarknet / e-NAM (synthetic)
MP003039,CROP024,Banana,Uttar Pradesh,Varanasi,Varanasi Mandi,2026-07-15,5940.0,6972.0,6456.0,Tonne,134.6,Agmarknet / e-NAM (synthetic)
MP003040,CROP024,Banana,Uttar Pradesh,Varanasi,Varanasi Mandi,2026-08-15,5492.0,6448.0,5970.0,Tonne,143.4,Agmarknet / e-NAM (synthetic)
MP003041,CROP024,Banana,Uttar Pradesh,Meerut,Meerut Mandi,2024-01-15,5577.0,6547.0,6062.0,Tonne,105.1,Agmarknet / e-NAM (synthetic)
MP003042,CROP024,Banana,Uttar Pradesh,Meerut,Meerut Mandi,2024-02-15,5592.0,6564.0,6078.0,Tonne,69.5,Agmarknet / e-NAM (synthetic)
MP003043,CROP024,Banana,Uttar Pradesh,Meerut,Meerut Mandi,2024-03-15,6594.0,7740.0,7167.0,Tonne,180.1,Agmarknet / e-NAM (synthetic)
MP003044,CROP024,Banana,Uttar Pradesh,Meerut,Meerut Mandi,2024-04-15,6413.0,7529.0,6971.0,Tonne,107.5,Agmarknet / e-NAM (synthetic)
MP003045,CROP024,Banana,Uttar Pradesh,Meerut,Meerut Mandi,2024-05-15,5967.0,7005.0,6486.0,Tonne,63.7,Agmarknet / e-NAM (synthetic)
MP003046,CROP024,Banana,Uttar Pradesh,Meerut,Meerut Mandi,2024-06-15,5563.0,6531.0,6047.0,Tonne,158.5,Agmarknet / e-NAM (synthetic)
MP003047,CROP024,Banana,Uttar Pradesh,Meerut,Meerut Mandi,2024-07-15,5135.0,6027.0,5581.0,Tonne,116.2,Agmarknet / e-NAM (synthetic)
MP003048,CROP024,Banana,Uttar Pradesh,Meerut,Meerut Mandi,2024-08-15,4782.0,5614.0,5198.0,Tonne,108.4,Agmarknet / e-NAM (synthetic)
MP003049,CROP024,Banana,Uttar Pradesh,Meerut,Meerut Mandi,2024-09-15,4898.0,5750.0,5324.0,Tonne,103.8,Agmarknet / e-NAM (synthetic)
MP003050,CROP024,Banana,Uttar Pradesh,Meerut,Meerut Mandi,2024-10-15,4976.0,5842.0,5409.0,Tonne,98.3,Agmarknet / e-NAM (synthetic)
MP003051,CROP024,Banana,Uttar Pradesh,Meerut,Meerut Mandi,2024-11-15,5392.0,6330.0,5861.0,Tonne,69.4,Agmarknet / e-NAM (synthetic)
MP003052,CROP024,Banana,Uttar Pradesh,Meerut,Meerut Mandi,2024-12-15,5263.0,6179.0,5721.0,Tonne,179.2,Agmarknet / e-NAM (synthetic)
MP003053,CROP024,Banana,Uttar Pradesh,Meerut,Meerut Mandi,2025-01-15,6047.0,7099.0,6573.0,Tonne,32.5,Agmarknet / e-NAM (synthetic)
MP003054,CROP024,Banana,Uttar Pradesh,Meerut,Meerut Mandi,2025-02-15,6171.0,7245.0,6708.0,Tonne,101.6,Agmarknet / e-NAM (synthetic)
MP003055,CROP024,Banana,Uttar Pradesh,Meerut,Meerut Mandi,2025-03-15,6516.0,7650.0,7083.0,Tonne,274.4,Agmarknet / e-NAM (synthetic)
MP003056,CROP024,Banana,Uttar Pradesh,Meerut,Meerut Mandi,2025-04-15,6687.0,7851.0,7269.0,Tonne,55.3,Agmarknet / e-NAM (synthetic)
MP003057,CROP024,Banana,Uttar Pradesh,Meerut,Meerut Mandi,2025-05-15,6177.0,7251.0,6714.0,Tonne,122.5,Agmarknet / e-NAM (synthetic)
MP003058,CROP024,Banana,Uttar Pradesh,Meerut,Meerut Mandi,2025-06-15,5663.0,6647.0,6155.0,Tonne,126.8,Agmarknet / e-NAM (synthetic)
MP003059,CROP024,Banana,Uttar Pradesh,Meerut,Meerut Mandi,2025-07-15,5708.0,6700.0,6204.0,Tonne,49.4,Agmarknet / e-NAM (synthetic)
MP003060,CROP024,Banana,Uttar Pradesh,Meerut,Meerut Mandi,2025-08-15,5333.0,6261.0,5797.0,Tonne,223.8,Agmarknet / e-NAM (synthetic)
MP003061,CROP024,Banana,Uttar Pradesh,Meerut,Meerut Mandi,2025-09-15,4981.0,5847.0,5414.0,Tonne,140.3,Agmarknet / e-NAM (synthetic)
MP003062,CROP024,Banana,Uttar Pradesh,Meerut,Meerut Mandi,2025-10-15,5351.0,6281.0,5816.0,Tonne,59.2,Agmarknet / e-NAM (synthetic)
MP003063,CROP024,Banana,Uttar Pradesh,Meerut,Meerut Mandi,2025-11-15,5048.0,5926.0,5487.0,Tonne,111.7,Agmarknet / e-NAM (synthetic)
MP003064,CROP024,Banana,Uttar Pradesh,Meerut,Meerut Mandi,2025-12-15,5847.0,6863.0,6355.0,Tonne,74.6,Agmarknet / e-NAM (synthetic)
MP003065,CROP024,Banana,Uttar Pradesh,Meerut,Meerut Mandi,2026-01-15,6269.0,7359.0,6814.0,Tonne,148.3,Agmarknet / e-NAM (synthetic)
MP003066,CROP024,Banana,Uttar Pradesh,Meerut,Meerut Mandi,2026-02-15,6349.0,7453.0,6901.0,Tonne,334.4,Agmarknet / e-NAM (synthetic)
MP003067,CROP024,Banana,Uttar Pradesh,Meerut,Meerut Mandi,2026-03-15,6501.0,7631.0,7066.0,Tonne,97.0,Agmarknet / e-NAM (synthetic)
MP003068,CROP024,Banana,Uttar Pradesh,Meerut,Meerut Mandi,2026-04-15,6886.0,8084.0,7485.0,Tonne,141.9,Agmarknet / e-NAM (synthetic)
MP003069,CROP024,Banana,Uttar Pradesh,Meerut,Meerut Mandi,2026-05-15,6332.0,7434.0,6883.0,Tonne,66.3,Agmarknet / e-NAM (synthetic)
MP003070,CROP024,Banana,Uttar Pradesh,Meerut,Meerut Mandi,2026-06-15,6069.0,7125.0,6597.0,Tonne,148.9,Agmarknet / e-NAM (synthetic)
MP003071,CROP024,Banana,Uttar Pradesh,Meerut,Meerut Mandi,2026-07-15,5483.0,6437.0,5960.0,Tonne,196.5,Agmarknet / e-NAM (synthetic)
MP003072,CROP024,Banana,Uttar Pradesh,Meerut,Meerut Mandi,2026-08-15,5762.0,6764.0,6263.0,Tonne,82.1,Agmarknet / e-NAM (synthetic)
MP003073,CROP025,Mango,Gujarat,Ahmedabad,Ahmedabad Mandi,2024-01-15,2507.0,2943.0,2725.0,Tonne,12.9,Agmarknet / e-NAM (synthetic)
MP003074,CROP025,Mango,Gujarat,Ahmedabad,Ahmedabad Mandi,2024-02-15,2513.0,2949.0,2731.0,Tonne,72.8,Agmarknet / e-NAM (synthetic)
MP003075,CROP025,Mango,Gujarat,Ahmedabad,Ahmedabad Mandi,2024-03-15,2587.0,3037.0,2812.0,Tonne,117.9,Agmarknet / e-NAM (synthetic)
MP003076,CROP025,Mango,Gujarat,Ahmedabad,Ahmedabad Mandi,2024-04-15,2578.0,3026.0,2802.0,Tonne,133.4,Agmarknet / e-NAM (synthetic)
MP003077,CROP025,Mango,Gujarat,Ahmedabad,Ahmedabad Mandi,2024-05-15,2436.0,2860.0,2648.0,Tonne,67.9,Agmarknet / e-NAM (synthetic)
MP003078,CROP025,Mango,Gujarat,Ahmedabad,Ahmedabad Mandi,2024-06-15,2505.0,2941.0,2723.0,Tonne,108.5,Agmarknet / e-NAM (synthetic)
MP003079,CROP025,Mango,Gujarat,Ahmedabad,Ahmedabad Mandi,2024-07-15,2293.0,2691.0,2492.0,Tonne,138.1,Agmarknet / e-NAM (synthetic)
MP003080,CROP025,Mango,Gujarat,Ahmedabad,Ahmedabad Mandi,2024-08-15,2152.0,2526.0,2339.0,Tonne,171.6,Agmarknet / e-NAM (synthetic)
MP003081,CROP025,Mango,Gujarat,Ahmedabad,Ahmedabad Mandi,2024-09-15,1885.0,2213.0,2049.0,Tonne,145.4,Agmarknet / e-NAM (synthetic)
MP003082,CROP025,Mango,Gujarat,Ahmedabad,Ahmedabad Mandi,2024-10-15,2199.0,2581.0,2390.0,Tonne,13.3,Agmarknet / e-NAM (synthetic)
MP003083,CROP025,Mango,Gujarat,Ahmedabad,Ahmedabad Mandi,2024-11-15,2146.0,2520.0,2333.0,Tonne,76.8,Agmarknet / e-NAM (synthetic)
MP003084,CROP025,Mango,Gujarat,Ahmedabad,Ahmedabad Mandi,2024-12-15,2304.0,2704.0,2504.0,Tonne,93.2,Agmarknet / e-NAM (synthetic)
MP003085,CROP025,Mango,Gujarat,Ahmedabad,Ahmedabad Mandi,2025-01-15,2579.0,3027.0,2803.0,Tonne,241.6,Agmarknet / e-NAM (synthetic)
MP003086,CROP025,Mango,Gujarat,Ahmedabad,Ahmedabad Mandi,2025-02-15,2421.0,2843.0,2632.0,Tonne,82.8,Agmarknet / e-NAM (synthetic)
MP003087,CROP025,Mango,Gujarat,Ahmedabad,Ahmedabad Mandi,2025-03-15,2784.0,3268.0,3026.0,Tonne,170.1,Agmarknet / e-NAM (synthetic)
MP003088,CROP025,Mango,Gujarat,Ahmedabad,Ahmedabad Mandi,2025-04-15,2871.0,3371.0,3121.0,Tonne,68.8,Agmarknet / e-NAM (synthetic)
MP003089,CROP025,Mango,Gujarat,Ahmedabad,Ahmedabad Mandi,2025-05-15,2736.0,3212.0,2974.0,Tonne,210.7,Agmarknet / e-NAM (synthetic)
MP003090,CROP025,Mango,Gujarat,Ahmedabad,Ahmedabad Mandi,2025-06-15,2535.0,2975.0,2755.0,Tonne,132.3,Agmarknet / e-NAM (synthetic)
MP003091,CROP025,Mango,Gujarat,Ahmedabad,Ahmedabad Mandi,2025-07-15,2355.0,2765.0,2560.0,Tonne,65.7,Agmarknet / e-NAM (synthetic)
MP003092,CROP025,Mango,Gujarat,Ahmedabad,Ahmedabad Mandi,2025-08-15,2230.0,2618.0,2424.0,Tonne,260.9,Agmarknet / e-NAM (synthetic)
MP003093,CROP025,Mango,Gujarat,Ahmedabad,Ahmedabad Mandi,2025-09-15,1988.0,2334.0,2161.0,Tonne,60.4,Agmarknet / e-NAM (synthetic)
MP003094,CROP025,Mango,Gujarat,Ahmedabad,Ahmedabad Mandi,2025-10-15,2306.0,2706.0,2506.0,Tonne,262.3,Agmarknet / e-NAM (synthetic)
MP003095,CROP025,Mango,Gujarat,Ahmedabad,Ahmedabad Mandi,2025-11-15,2200.0,2582.0,2391.0,Tonne,86.9,Agmarknet / e-NAM (synthetic)
MP003096,CROP025,Mango,Gujarat,Ahmedabad,Ahmedabad Mandi,2025-12-15,2570.0,3018.0,2794.0,Tonne,154.6,Agmarknet / e-NAM (synthetic)
MP003097,CROP025,Mango,Gujarat,Ahmedabad,Ahmedabad Mandi,2026-01-15,2652.0,3114.0,2883.0,Tonne,52.5,Agmarknet / e-NAM (synthetic)
MP003098,CROP025,Mango,Gujarat,Ahmedabad,Ahmedabad Mandi,2026-02-15,2897.0,3401.0,3149.0,Tonne,192.7,Agmarknet / e-NAM (synthetic)
MP003099,CROP025,Mango,Gujarat,Ahmedabad,Ahmedabad Mandi,2026-03-15,2974.0,3492.0,3233.0,Tonne,71.1,Agmarknet / e-NAM (synthetic)
MP003100,CROP025,Mango,Gujarat,Ahmedabad,Ahmedabad Mandi,2026-04-15,2878.0,3378.0,3128.0,Tonne,194.2,Agmarknet / e-NAM (synthetic)
MP003101,CROP025,Mango,Gujarat,Ahmedabad,Ahmedabad Mandi,2026-05-15,2783.0,3267.0,3025.0,Tonne,274.0,Agmarknet / e-NAM (synthetic)
MP003102,CROP025,Mango,Gujarat,Ahmedabad,Ahmedabad Mandi,2026-06-15,2645.0,3105.0,2875.0,Tonne,50.4,Agmarknet / e-NAM (synthetic)
MP003103,CROP025,Mango,Gujarat,Ahmedabad,Ahmedabad Mandi,2026-07-15,2283.0,2679.0,2481.0,Tonne,134.8,Agmarknet / e-NAM (synthetic)
MP003104,CROP025,Mango,Gujarat,Ahmedabad,Ahmedabad Mandi,2026-08-15,2372.0,2784.0,2578.0,Tonne,165.9,Agmarknet / e-NAM (synthetic)
MP003105,CROP025,Mango,Karnataka,Mysuru,Mysuru Mandi,2024-01-15,2309.0,2711.0,2510.0,Tonne,46.3,Agmarknet / e-NAM (synthetic)
MP003106,CROP025,Mango,Karnataka,Mysuru,Mysuru Mandi,2024-02-15,2731.0,3205.0,2968.0,Tonne,32.0,Agmarknet / e-NAM (synthetic)
MP003107,CROP025,Mango,Karnataka,Mysuru,Mysuru Mandi,2024-03-15,2660.0,3122.0,2891.0,Tonne,140.6,Agmarknet / e-NAM (synthetic)
MP003108,CROP025,Mango,Karnataka,Mysuru,Mysuru Mandi,2024-04-15,2639.0,3097.0,2868.0,Tonne,269.7,Agmarknet / e-NAM (synthetic)
MP003109,CROP025,Mango,Karnataka,Mysuru,Mysuru Mandi,2024-05-15,2468.0,2898.0,2683.0,Tonne,155.4,Agmarknet / e-NAM (synthetic)
MP003110,CROP025,Mango,Karnataka,Mysuru,Mysuru Mandi,2024-06-15,2490.0,2924.0,2707.0,Tonne,236.4,Agmarknet / e-NAM (synthetic)
MP003111,CROP025,Mango,Karnataka,Mysuru,Mysuru Mandi,2024-07-15,1926.0,2260.0,2093.0,Tonne,240.9,Agmarknet / e-NAM (synthetic)
MP003112,CROP025,Mango,Karnataka,Mysuru,Mysuru Mandi,2024-08-15,2062.0,2420.0,2241.0,Tonne,355.2,Agmarknet / e-NAM (synthetic)
MP003113,CROP025,Mango,Karnataka,Mysuru,Mysuru Mandi,2024-09-15,2049.0,2405.0,2227.0,Tonne,68.9,Agmarknet / e-NAM (synthetic)
MP003114,CROP025,Mango,Karnataka,Mysuru,Mysuru Mandi,2024-10-15,2089.0,2453.0,2271.0,Tonne,145.1,Agmarknet / e-NAM (synthetic)
MP003115,CROP025,Mango,Karnataka,Mysuru,Mysuru Mandi,2024-11-15,2280.0,2676.0,2478.0,Tonne,128.7,Agmarknet / e-NAM (synthetic)
MP003116,CROP025,Mango,Karnataka,Mysuru,Mysuru Mandi,2024-12-15,2221.0,2607.0,2414.0,Tonne,91.4,Agmarknet / e-NAM (synthetic)
MP003117,CROP025,Mango,Karnataka,Mysuru,Mysuru Mandi,2025-01-15,2670.0,3134.0,2902.0,Tonne,43.1,Agmarknet / e-NAM (synthetic)
MP003118,CROP025,Mango,Karnataka,Mysuru,Mysuru Mandi,2025-02-15,2564.0,3010.0,2787.0,Tonne,198.0,Agmarknet / e-NAM (synthetic)
MP003119,CROP025,Mango,Karnataka,Mysuru,Mysuru Mandi,2025-03-15,2448.0,2874.0,2661.0,Tonne,183.0,Agmarknet / e-NAM (synthetic)
MP003120,CROP025,Mango,Karnataka,Mysuru,Mysuru Mandi,2025-04-15,2620.0,3076.0,2848.0,Tonne,59.1,Agmarknet / e-NAM (synthetic)
MP003121,CROP025,Mango,Karnataka,Mysuru,Mysuru Mandi,2025-05-15,2606.0,3060.0,2833.0,Tonne,186.3,Agmarknet / e-NAM (synthetic)
MP003122,CROP025,Mango,Karnataka,Mysuru,Mysuru Mandi,2025-06-15,2517.0,2955.0,2736.0,Tonne,283.3,Agmarknet / e-NAM (synthetic)
MP003123,CROP025,Mango,Karnataka,Mysuru,Mysuru Mandi,2025-07-15,2308.0,2710.0,2509.0,Tonne,54.6,Agmarknet / e-NAM (synthetic)
MP003124,CROP025,Mango,Karnataka,Mysuru,Mysuru Mandi,2025-08-15,2103.0,2469.0,2286.0,Tonne,203.3,Agmarknet / e-NAM (synthetic)
MP003125,CROP025,Mango,Karnataka,Mysuru,Mysuru Mandi,2025-09-15,2101.0,2467.0,2284.0,Tonne,50.5,Agmarknet / e-NAM (synthetic)
MP003126,CROP025,Mango,Karnataka,Mysuru,Mysuru Mandi,2025-10-15,2332.0,2738.0,2535.0,Tonne,175.0,Agmarknet / e-NAM (synthetic)
MP003127,CROP025,Mango,Karnataka,Mysuru,Mysuru Mandi,2025-11-15,2474.0,2904.0,2689.0,Tonne,207.9,Agmarknet / e-NAM (synthetic)
MP003128,CROP025,Mango,Karnataka,Mysuru,Mysuru Mandi,2025-12-15,2697.0,3167.0,2932.0,Tonne,92.0,Agmarknet / e-NAM (synthetic)
MP003129,CROP025,Mango,Karnataka,Mysuru,Mysuru Mandi,2026-01-15,2576.0,3024.0,2800.0,Tonne,36.9,Agmarknet / e-NAM (synthetic)
MP003130,CROP025,Mango,Karnataka,Mysuru,Mysuru Mandi,2026-02-15,2658.0,3120.0,2889.0,Tonne,172.8,Agmarknet / e-NAM (synthetic)
MP003131,CROP025,Mango,Karnataka,Mysuru,Mysuru Mandi,2026-03-15,2854.0,3350.0,3102.0,Tonne,137.4,Agmarknet / e-NAM (synthetic)
MP003132,CROP025,Mango,Karnataka,Mysuru,Mysuru Mandi,2026-04-15,2903.0,3407.0,3155.0,Tonne,316.3,Agmarknet / e-NAM (synthetic)
MP003133,CROP025,Mango,Karnataka,Mysuru,Mysuru Mandi,2026-05-15,2799.0,3285.0,3042.0,Tonne,231.6,Agmarknet / e-NAM (synthetic)
MP003134,CROP025,Mango,Karnataka,Mysuru,Mysuru Mandi,2026-06-15,2776.0,3258.0,3017.0,Tonne,72.9,Agmarknet / e-NAM (synthetic)
MP003135,CROP025,Mango,Karnataka,Mysuru,Mysuru Mandi,2026-07-15,2424.0,2846.0,2635.0,Tonne,257.6,Agmarknet / e-NAM (synthetic)
MP003136,CROP025,Mango,Karnataka,Mysuru,Mysuru Mandi,2026-08-15,2479.0,2911.0,2695.0,Tonne,151.8,Agmarknet / e-NAM (synthetic)
MP003137,CROP025,Mango,Punjab,Amritsar,Amritsar Mandi,2024-01-15,2294.0,2692.0,2493.0,Tonne,139.2,Agmarknet / e-NAM (synthetic)
MP003138,CROP025,Mango,Punjab,Amritsar,Amritsar Mandi,2024-02-15,2626.0,3082.0,2854.0,Tonne,91.1,Agmarknet / e-NAM (synthetic)
MP003139,CROP025,Mango,Punjab,Amritsar,Amritsar Mandi,2024-03-15,2806.0,3294.0,3050.0,Tonne,218.9,Agmarknet / e-NAM (synthetic)
MP003140,CROP025,Mango,Punjab,Amritsar,Amritsar Mandi,2024-04-15,2643.0,3103.0,2873.0,Tonne,110.8,Agmarknet / e-NAM (synthetic)
MP003141,CROP025,Mango,Punjab,Amritsar,Amritsar Mandi,2024-05-15,2552.0,2996.0,2774.0,Tonne,433.4,Agmarknet / e-NAM (synthetic)
MP003142,CROP025,Mango,Punjab,Amritsar,Amritsar Mandi,2024-06-15,2226.0,2614.0,2420.0,Tonne,68.7,Agmarknet / e-NAM (synthetic)
MP003143,CROP025,Mango,Punjab,Amritsar,Amritsar Mandi,2024-07-15,2269.0,2663.0,2466.0,Tonne,156.6,Agmarknet / e-NAM (synthetic)
MP003144,CROP025,Mango,Punjab,Amritsar,Amritsar Mandi,2024-08-15,2223.0,2609.0,2416.0,Tonne,67.0,Agmarknet / e-NAM (synthetic)
MP003145,CROP025,Mango,Punjab,Amritsar,Amritsar Mandi,2024-09-15,2306.0,2708.0,2507.0,Tonne,184.1,Agmarknet / e-NAM (synthetic)
MP003146,CROP025,Mango,Punjab,Amritsar,Amritsar Mandi,2024-10-15,1961.0,2303.0,2132.0,Tonne,105.4,Agmarknet / e-NAM (synthetic)
MP003147,CROP025,Mango,Punjab,Amritsar,Amritsar Mandi,2024-11-15,2161.0,2537.0,2349.0,Tonne,129.4,Agmarknet / e-NAM (synthetic)
MP003148,CROP025,Mango,Punjab,Amritsar,Amritsar Mandi,2024-12-15,2317.0,2721.0,2519.0,Tonne,133.1,Agmarknet / e-NAM (synthetic)
MP003149,CROP025,Mango,Punjab,Amritsar,Amritsar Mandi,2025-01-15,2559.0,3005.0,2782.0,Tonne,183.5,Agmarknet / e-NAM (synthetic)
MP003150,CROP025,Mango,Punjab,Amritsar,Amritsar Mandi,2025-02-15,3094.0,3632.0,3363.0,Tonne,173.6,Agmarknet / e-NAM (synthetic)
MP003151,CROP025,Mango,Punjab,Amritsar,Amritsar Mandi,2025-03-15,2745.0,3223.0,2984.0,Tonne,117.2,Agmarknet / e-NAM (synthetic)
MP003152,CROP025,Mango,Punjab,Amritsar,Amritsar Mandi,2025-04-15,2803.0,3291.0,3047.0,Tonne,58.2,Agmarknet / e-NAM (synthetic)
MP003153,CROP025,Mango,Punjab,Amritsar,Amritsar Mandi,2025-05-15,2556.0,3000.0,2778.0,Tonne,263.8,Agmarknet / e-NAM (synthetic)
MP003154,CROP025,Mango,Punjab,Amritsar,Amritsar Mandi,2025-06-15,2613.0,3067.0,2840.0,Tonne,138.3,Agmarknet / e-NAM (synthetic)
MP003155,CROP025,Mango,Punjab,Amritsar,Amritsar Mandi,2025-07-15,2269.0,2663.0,2466.0,Tonne,37.0,Agmarknet / e-NAM (synthetic)
MP003156,CROP025,Mango,Punjab,Amritsar,Amritsar Mandi,2025-08-15,2172.0,2550.0,2361.0,Tonne,70.9,Agmarknet / e-NAM (synthetic)
MP003157,CROP025,Mango,Punjab,Amritsar,Amritsar Mandi,2025-09-15,2099.0,2465.0,2282.0,Tonne,42.0,Agmarknet / e-NAM (synthetic)
MP003158,CROP025,Mango,Punjab,Amritsar,Amritsar Mandi,2025-10-15,2079.0,2441.0,2260.0,Tonne,96.0,Agmarknet / e-NAM (synthetic)
MP003159,CROP025,Mango,Punjab,Amritsar,Amritsar Mandi,2025-11-15,2318.0,2722.0,2520.0,Tonne,197.5,Agmarknet / e-NAM (synthetic)
MP003160,CROP025,Mango,Punjab,Amritsar,Amritsar Mandi,2025-12-15,2250.0,2642.0,2446.0,Tonne,111.0,Agmarknet / e-NAM (synthetic)
MP003161,CROP025,Mango,Punjab,Amritsar,Amritsar Mandi,2026-01-15,2630.0,3088.0,2859.0,Tonne,172.5,Agmarknet / e-NAM (synthetic)
MP003162,CROP025,Mango,Punjab,Amritsar,Amritsar Mandi,2026-02-15,3053.0,3583.0,3318.0,Tonne,111.7,Agmarknet / e-NAM (synthetic)
MP003163,CROP025,Mango,Punjab,Amritsar,Amritsar Mandi,2026-03-15,3018.0,3542.0,3280.0,Tonne,144.9,Agmarknet / e-NAM (synthetic)
MP003164,CROP025,Mango,Punjab,Amritsar,Amritsar Mandi,2026-04-15,2614.0,3068.0,2841.0,Tonne,31.1,Agmarknet / e-NAM (synthetic)
MP003165,CROP025,Mango,Punjab,Amritsar,Amritsar Mandi,2026-05-15,2657.0,3119.0,2888.0,Tonne,52.0,Agmarknet / e-NAM (synthetic)
MP003166,CROP025,Mango,Punjab,Amritsar,Amritsar Mandi,2026-06-15,2314.0,2716.0,2515.0,Tonne,199.1,Agmarknet / e-NAM (synthetic)
MP003167,CROP025,Mango,Punjab,Amritsar,Amritsar Mandi,2026-07-15,2389.0,2805.0,2597.0,Tonne,86.8,Agmarknet / e-NAM (synthetic)
MP003168,CROP025,Mango,Punjab,Amritsar,Amritsar Mandi,2026-08-15,2500.0,2934.0,2717.0,Tonne,31.9,Agmarknet / e-NAM (synthetic)
MP003169,CROP025,Mango,Bihar,Gaya,Gaya Mandi,2024-01-15,2377.0,2791.0,2584.0,Tonne,58.6,Agmarknet / e-NAM (synthetic)
MP003170,CROP025,Mango,Bihar,Gaya,Gaya Mandi,2024-02-15,2605.0,3057.0,2831.0,Tonne,155.8,Agmarknet / e-NAM (synthetic)
MP003171,CROP025,Mango,Bihar,Gaya,Gaya Mandi,2024-03-15,2794.0,3280.0,3037.0,Tonne,62.0,Agmarknet / e-NAM (synthetic)
MP003172,CROP025,Mango,Bihar,Gaya,Gaya Mandi,2024-04-15,2720.0,3194.0,2957.0,Tonne,189.0,Agmarknet / e-NAM (synthetic)
MP003173,CROP025,Mango,Bihar,Gaya,Gaya Mandi,2024-05-15,2396.0,2812.0,2604.0,Tonne,153.6,Agmarknet / e-NAM (synthetic)
MP003174,CROP025,Mango,Bihar,Gaya,Gaya Mandi,2024-06-15,2382.0,2796.0,2589.0,Tonne,114.5,Agmarknet / e-NAM (synthetic)
MP003175,CROP025,Mango,Bihar,Gaya,Gaya Mandi,2024-07-15,2228.0,2616.0,2422.0,Tonne,141.6,Agmarknet / e-NAM (synthetic)
MP003176,CROP025,Mango,Bihar,Gaya,Gaya Mandi,2024-08-15,1918.0,2252.0,2085.0,Tonne,67.9,Agmarknet / e-NAM (synthetic)
MP003177,CROP025,Mango,Bihar,Gaya,Gaya Mandi,2024-09-15,2040.0,2394.0,2217.0,Tonne,163.4,Agmarknet / e-NAM (synthetic)
MP003178,CROP025,Mango,Bihar,Gaya,Gaya Mandi,2024-10-15,2024.0,2376.0,2200.0,Tonne,94.8,Agmarknet / e-NAM (synthetic)
MP003179,CROP025,Mango,Bihar,Gaya,Gaya Mandi,2024-11-15,2086.0,2448.0,2267.0,Tonne,57.2,Agmarknet / e-NAM (synthetic)
MP003180,CROP025,Mango,Bihar,Gaya,Gaya Mandi,2024-12-15,2369.0,2781.0,2575.0,Tonne,263.8,Agmarknet / e-NAM (synthetic)
MP003181,CROP025,Mango,Bihar,Gaya,Gaya Mandi,2025-01-15,2412.0,2832.0,2622.0,Tonne,28.7,Agmarknet / e-NAM (synthetic)
MP003182,CROP025,Mango,Bihar,Gaya,Gaya Mandi,2025-02-15,2797.0,3283.0,3040.0,Tonne,138.4,Agmarknet / e-NAM (synthetic)
MP003183,CROP025,Mango,Bihar,Gaya,Gaya Mandi,2025-03-15,2814.0,3304.0,3059.0,Tonne,52.7,Agmarknet / e-NAM (synthetic)
MP003184,CROP025,Mango,Bihar,Gaya,Gaya Mandi,2025-04-15,2700.0,3170.0,2935.0,Tonne,65.3,Agmarknet / e-NAM (synthetic)
MP003185,CROP025,Mango,Bihar,Gaya,Gaya Mandi,2025-05-15,2648.0,3108.0,2878.0,Tonne,52.3,Agmarknet / e-NAM (synthetic)
MP003186,CROP025,Mango,Bihar,Gaya,Gaya Mandi,2025-06-15,2651.0,3113.0,2882.0,Tonne,44.3,Agmarknet / e-NAM (synthetic)
MP003187,CROP025,Mango,Bihar,Gaya,Gaya Mandi,2025-07-15,2467.0,2895.0,2681.0,Tonne,87.7,Agmarknet / e-NAM (synthetic)
MP003188,CROP025,Mango,Bihar,Gaya,Gaya Mandi,2025-08-15,2164.0,2540.0,2352.0,Tonne,118.0,Agmarknet / e-NAM (synthetic)
MP003189,CROP025,Mango,Bihar,Gaya,Gaya Mandi,2025-09-15,2308.0,2710.0,2509.0,Tonne,126.2,Agmarknet / e-NAM (synthetic)
MP003190,CROP025,Mango,Bihar,Gaya,Gaya Mandi,2025-10-15,2174.0,2552.0,2363.0,Tonne,121.3,Agmarknet / e-NAM (synthetic)
MP003191,CROP025,Mango,Bihar,Gaya,Gaya Mandi,2025-11-15,2317.0,2719.0,2518.0,Tonne,191.2,Agmarknet / e-NAM (synthetic)
MP003192,CROP025,Mango,Bihar,Gaya,Gaya Mandi,2025-12-15,2564.0,3010.0,2787.0,Tonne,185.7,Agmarknet / e-NAM (synthetic)
MP003193,CROP025,Mango,Bihar,Gaya,Gaya Mandi,2026-01-15,2742.0,3218.0,2980.0,Tonne,54.5,Agmarknet / e-NAM (synthetic)
MP003194,CROP025,Mango,Bihar,Gaya,Gaya Mandi,2026-02-15,2833.0,3325.0,3079.0,Tonne,128.5,Agmarknet / e-NAM (synthetic)
MP003195,CROP025,Mango,Bihar,Gaya,Gaya Mandi,2026-03-15,2971.0,3487.0,3229.0,Tonne,99.9,Agmarknet / e-NAM (synthetic)
MP003196,CROP025,Mango,Bihar,Gaya,Gaya Mandi,2026-04-15,2842.0,3336.0,3089.0,Tonne,133.0,Agmarknet / e-NAM (synthetic)
MP003197,CROP025,Mango,Bihar,Gaya,Gaya Mandi,2026-05-15,2449.0,2875.0,2662.0,Tonne,70.4,Agmarknet / e-NAM (synthetic)
MP003198,CROP025,Mango,Bihar,Gaya,Gaya Mandi,2026-06-15,2531.0,2971.0,2751.0,Tonne,171.2,Agmarknet / e-NAM (synthetic)
MP003199,CROP025,Mango,Bihar,Gaya,Gaya Mandi,2026-07-15,2568.0,3014.0,2791.0,Tonne,127.4,Agmarknet / e-NAM (synthetic)
MP003200,CROP025,Mango,Bihar,Gaya,Gaya Mandi,2026-08-15,2373.0,2785.0,2579.0,Tonne,26.2,Agmarknet / e-NAM (synthetic)
