weather_id,region_id,date,temp_min_c,temp_max_c,rainfall_mm,humidity_pct,wind_speed_kmph,forecast_type,source
WX000001,REG001,2026-06-01,17.2,28.7,8.2,86.3,2,observed,Open-Meteo / NASA POWER / IMD (synthetic)
WX000002,REG001,2026-06-02,16.9,30.8,2.3,87.5,9.7,observed,Open-Meteo / NASA POWER / IMD (synthetic)
WX000003,REG001,2026-06-03,15.6,29.4,5.5,83.4,9.0,observed,Open-Meteo / NASA POWER / IMD (synthetic)
WX000004,REG001,2026-06-04,16.8,29.7,2.9,82.5,9.9,observed,Open-Meteo / NASA POWER / IMD (synthetic)
WX000005,REG001,2026-06-05,18.6,31.9,11.8,80.8,6.4,observed,Open-Meteo / NASA POWER / IMD (synthetic)
WX000006,REG001,2026-06-06,19.2,28.1,6.7,77.6,8.5,observed,Open-Meteo / NASA POWER / IMD (synthetic)
WX000007,REG001,2026-06-07,18.1,28.8,10.5,73.8,10.0,observed,Open-Meteo / NASA POWER / IMD (synthetic)
WX000008,REG001,2026-06-08,18.9,30.8,3.2,76.1,3.1,observed,Open-Meteo / NASA POWER / IMD (synthetic)
WX000009,REG001,2026-06-09,19.0,28.6,0.6,80.0,9.5,observed,Open-Meteo / NASA POWER / IMD (synthetic)
WX000010,REG001,2026-06-10,17.1,26.6,16.7,86.6,11.5,observed,Open-Meteo / NASA POWER / IMD (synthetic)
WX000011,REG001,2026-06-11,17.6,32.0,2.9,80.1,17.0,observed,Open-Meteo / NASA POWER / IMD (synthetic)
WX000012,REG001,2026-06-12,16.8,32.7,2.7,84.8,5.2,forecast,Open-Meteo / NASA POWER / IMD (synthetic)
WX000013,REG001,2026-06-13,18.1,31.4,5.9,69.1,9.3,forecast,Open-Meteo / NASA POWER / IMD (synthetic)
WX000014,REG001,2026-06-14,17.9,29.6,4.8,82.5,14.0,forecast,Open-Meteo / NASA POWER / IMD (synthetic)
WX000015,REG001,2026-06-15,18.1,28.1,4.0,89.8,12.2,forecast,Open-Meteo / NASA POWER / IMD (synthetic)
WX000016,REG001,2026-06-16,18.1,28.3,5.6,82.0,11.8,forecast,Open-Meteo / NASA POWER / IMD (synthetic)
WX000017,REG001,2026-06-17,17.6,26.7,14.7,78.0,8.3,forecast,Open-Meteo / NASA POWER / IMD (synthetic)
WX000018,REG001,2026-06-18,15.8,28.7,1.6,81.7,9.7,forecast,Open-Meteo / NASA POWER / IMD (synthetic)
WX000019,REG001,2026-06-19,17.5,32.9,2.5,76.1,6.3,forecast,Open-Meteo / NASA POWER / IMD (synthetic)
WX000020,REG001,2026-06-20,18.3,29.1,3.5,88.3,17.9,forecast,Open-Meteo / NASA POWER / IMD (synthetic)
WX000021,REG001,2026-06-21,20.7,29.3,10.1,82.5,3.1,forecast,Open-Meteo / NASA POWER / IMD (synthetic)
WX000022,REG001,2026-06-22,17.8,29.3,3.4,83.5,8.1,forecast,Open-Meteo / NASA POWER / IMD (synthetic)
WX000023,REG001,2026-06-23,19.4,31.6,5.9,81.0,10.2,forecast,Open-Meteo / NASA POWER / IMD (synthetic)
WX000024,REG001,2026-06-24,18.5,28.7,0.5,88.0,11.8,forecast,Open-Meteo / NASA POWER / IMD (synthetic)
WX000025,REG001,2026-06-25,19.7,29.8,8.0,75.4,9.9,forecast,Open-Meteo / NASA POWER / IMD (synthetic)
WX000026,REG001,2026-06-26,15.9,27.1,14.7,65.8,4.2,forecast,Open-Meteo / NASA POWER / IMD (synthetic)
WX000027,REG001,2026-06-27,17.3,25.4,4.1,79.9,11.2,forecast,Open-Meteo / NASA POWER / IMD (synthetic)
WX000028,REG001,2026-06-28,17.5,30.0,11.6,78.3,12.9,forecast,Open-Meteo / NASA POWER / IMD (synthetic)
WX000029,REG001,2026-06-29,18.1,28.0,26.4,83.5,9.8,forecast,Open-Meteo / NASA POWER / IMD (synthetic)
WX000030,REG001,2026-06-30,18.9,27.1,9.2,72.2,10.4,forecast,Open-Meteo / NASA POWER / IMD (synthetic)
WX000031,REG001,2026-07-01,17.6,29.1,3.2,84.7,13.0,forecast,Open-Meteo / NASA POWER / IMD (synthetic)
WX000032,REG001,2026-07-02,19.7,28.2,1.5,74.9,9.5,forecast,Open-Meteo / NASA POWER / IMD (synthetic)
WX000033,REG001,2026-07-03,17.6,28.9,1.2,80.4,10.9,forecast,Open-Meteo / NASA POWER / IMD (synthetic)
WX000034,REG001,2026-07-04,16.6,27.7,5.0,76.6,7.2,forecast,Open-Meteo / NASA POWER / IMD (synthetic)
WX000035,REG001,2026-07-05,18.1,29.0,2.4,78.5,11.7,forecast,Open-Meteo / NASA POWER / IMD (synthetic)
WX000036,REG001,2026-07-06,18.2,30.2,4.8,77.8,4.4,forecast,Open-Meteo / NASA POWER / IMD (synthetic)
WX000037,REG001,2026-07-07,15.6,30.8,8.9,83.6,13.2,forecast,Open-Meteo / NASA POWER / IMD (synthetic)
WX000038,REG001,2026-07-08,13.5,28.6,2.8,87.0,9.1,forecast,Open-Meteo / NASA POWER / IMD (synthetic)
WX000039,REG001,2026-07-09,17.5,26.9,15.4,80.3,10.0,forecast,Open-Meteo / NASA POWER / IMD (synthetic)
WX000040,REG001,2026-07-10,17.2,27.2,2.9,77.2,10.7,forecast,Open-Meteo / NASA POWER / IMD (synthetic)
WX000041,REG001,2026-07-11,19.8,30.1,12.4,88.3,8.1,forecast,Open-Meteo / NASA POWER / IMD (synthetic)
WX000042,REG001,2026-07-12,18.0,27.6,11.9,75.5,11.4,forecast,Open-Meteo / NASA POWER / IMD (synthetic)
WX000043,REG001,2026-07-13,19.7,31.5,10.2,81.9,8.7,forecast,Open-Meteo / NASA POWER / IMD (synthetic)
WX000044,REG001,2026-07-14,16.7,28.7,6.0,76.0,6.3,forecast,Open-Meteo / NASA POWER / IMD (synthetic)
WX000045,REG001,2026-07-15,18.3,31.7,5.0,71.6,6.1,forecast,Open-Meteo / NASA POWER / IMD (synthetic)
WX000046,REG001,2026-07-16,18.1,32.4,0.9,81.7,12.0,forecast,Open-Meteo / NASA POWER / IMD (synthetic)
WX000047,REG001,2026-07-17,17.3,29.2,7.3,76.6,13.9,forecast,Open-Meteo / NASA POWER / IMD (synthetic)
WX000048,REG001,2026-07-18,17.9,28.1,1.1,74.2,3.0,forecast,Open-Meteo / NASA POWER / IMD (synthetic)
WX000049,REG001,2026-07-19,16.5,31.6,2.4,72.0,6.2,forecast,Open-Meteo / NASA POWER / IMD (synthetic)
WX000050,REG001,2026-07-20,20.2,28.3,3.4,78.9,10.1,forecast,Open-Meteo / NASA POWER / IMD (synthetic)
WX000051,REG001,2026-07-21,15.7,32.6,10.9,84.0,11.6,forecast,Open-Meteo / NASA POWER / IMD (synthetic)
WX000052,REG001,2026-07-22,18.1,28.0,2.0,82.7,18.9,forecast,Open-Meteo / NASA POWER / IMD (synthetic)
WX000053,REG001,2026-07-23,17.0,31.8,5.1,74.9,12.8,forecast,Open-Meteo / NASA POWER / IMD (synthetic)
WX000054,REG001,2026-07-24,15.5,26.3,8.6,78.0,7.5,forecast,Open-Meteo / NASA POWER / IMD (synthetic)
WX000055,REG001,2026-07-25,17.1,30.0,24.2,82.1,11.7,forecast,Open-Meteo / NASA POWER / IMD (synthetic)
WX000056,REG001,2026-07-26,14.8,27.7,8.3,76.8,11.8,forecast,Open-Meteo / NASA POWER / IMD (synthetic)
WX000057,REG001,2026-07-27,19.7,24.6,18.6,83.5,12.8,forecast,Open-Meteo / NASA POWER / IMD (synthetic)
WX000058,REG001,2026-07-28,18.6,29.1,11.3,71.5,10.4,forecast,Open-Meteo / NASA POWER / IMD (synthetic)
WX000059,REG001,2026-07-29,18.5,28.5,4.0,81.0,9.6,forecast,Open-Meteo / NASA POWER / IMD (synthetic)
WX000060,REG001,2026-07-30,16.9,33.1,12.5,80.5,8.3,forecast,Open-Meteo / NASA POWER / IMD (synthetic)
WX000061,REG001,2026-07-31,18.4,30.7,13.5,70.6,9.9,forecast,Open-Meteo / NASA POWER / IMD (synthetic)
WX000062,REG001,2026-08-01,19.3,29.0,11.4,85.2,7.2,forecast,Open-Meteo / NASA POWER / IMD (synthetic)
WX000063,REG001,2026-08-02,17.6,31.5,3.4,82.1,4.4,forecast,Open-Meteo / NASA POWER / IMD (synthetic)
WX000064,REG001,2026-08-03,15.0,30.5,2.2,86.7,12.2,forecast,Open-Meteo / NASA POWER / IMD (synthetic)
WX000065,REG001,2026-08-04,19.4,29.4,13.2,80.9,7.2,forecast,Open-Meteo / NASA POWER / IMD (synthetic)
WX000066,REG001,2026-08-05,18.6,28.9,6.0,72.3,9.2,forecast,Open-Meteo / NASA POWER / IMD (synthetic)
WX000067,REG001,2026-08-06,17.5,29.3,11.2,81.2,11.7,forecast,Open-Meteo / NASA POWER / IMD (synthetic)
WX000068,REG001,2026-08-07,18.7,28.3,8.9,84.0,14.0,forecast,Open-Meteo / NASA POWER / IMD (synthetic)
WX000069,REG001,2026-08-08,15.5,27.5,5.8,86.6,11.8,forecast,Open-Meteo / NASA POWER / IMD (synthetic)
WX000070,REG001,2026-08-09,16.1,28.7,1.8,84.6,9.5,forecast,Open-Meteo / NASA POWER / IMD (synthetic)
WX000071,REG001,2026-08-10,15.3,31.1,14.9,81.3,11.1,forecast,Open-Meteo / NASA POWER / IMD (synthetic)
WX000072,REG001,2026-08-11,17.7,30.8,5.9,91.4,9.7,forecast,Open-Meteo / NASA POWER / IMD (synthetic)
WX000073,REG001,2026-08-12,17.7,28.3,3.4,83.7,12.1,forecast,Open-Meteo / NASA POWER / IMD (synthetic)
WX000074,REG001,2026-08-13,16.8,33.2,0.5,82.4,4.6,forecast,Open-Meteo / NASA POWER / IMD (synthetic)
WX000075,REG001,2026-08-14,16.6,30.7,3.1,86.3,4.1,forecast,Open-Meteo / NASA POWER / IMD (synthetic)
WX000076,REG001,2026-08-15,18.2,27.8,2.6,79.7,10.1,forecast,Open-Meteo / NASA POWER / IMD (synthetic)
WX000077,REG001,2026-08-16,18.4,28.5,2.7,79.3,13.4,forecast,Open-Meteo / NASA POWER / IMD (synthetic)
WX000078,REG001,2026-08-17,19.8,29.6,0.7,77.9,8.1,forecast,Open-Meteo / NASA POWER / IMD (synthetic)
WX000079,REG001,2026-08-18,17.0,31.2,2.3,72.3,9.1,forecast,Open-Meteo / NASA POWER / IMD (synthetic)
WX000080,REG001,2026-08-19,16.0,29.9,2.4,73.2,13.0,forecast,Open-Meteo / NASA POWER / IMD (synthetic)
WX000081,REG001,2026-08-20,18.5,29.2,16.9,73.3,10.6,forecast,Open-Meteo / NASA POWER / IMD (synthetic)
WX000082,REG001,2026-08-21,18.7,26.8,16.6,81.2,8.6,forecast,Open-Meteo / NASA POWER / IMD (synthetic)
WX000083,REG001,2026-08-22,15.7,29.3,17.8,79.6,12.1,forecast,Open-Meteo / NASA POWER / IMD (synthetic)
WX000084,REG001,2026-08-23,17.9,26.2,2.5,75.4,8.8,forecast,Open-Meteo / NASA POWER / IMD (synthetic)
WX000085,REG001,2026-08-24,19.7,29.5,2.1,72.3,8.9,forecast,Open-Meteo / NASA POWER / IMD (synthetic)
WX000086,REG001,2026-08-25,16.6,30.8,3.2,84.0,12.3,forecast,Open-Meteo / NASA POWER / IMD (synthetic)
WX000087,REG001,2026-08-26,17.9,30.2,1.3,78.9,15.0,forecast,Open-Meteo / NASA POWER / IMD (synthetic)
WX000088,REG001,2026-08-27,20.0,27.6,1.7,80.7,16.4,forecast,Open-Meteo / NASA POWER / IMD (synthetic)
WX000089,REG001,2026-08-28,17.9,29.2,2.5,82.3,12.6,forecast,Open-Meteo / NASA POWER / IMD (synthetic)
WX000090,REG001,2026-08-29,16.5,29.3,13.5,75.6,8.2,forecast,Open-Meteo / NASA POWER / IMD (synthetic)
WX000091,REG002,2026-06-01,18.4,29.9,8.0,76.9,8.0,observed,Open-Meteo / NASA POWER / IMD (synthetic)
WX000092,REG002,2026-06-02,17.3,32.5,3.4,84.8,10.6,observed,Open-Meteo / NASA POWER / IMD (synthetic)
WX000093,REG002,2026-06-03,17.0,29.2,6.7,75.5,6.1,observed,Open-Meteo / NASA POWER / IMD (synthetic)
WX000094,REG002,2026-06-04,17.7,28.8,19.9,86.3,10.2,observed,Open-Meteo / NASA POWER / IMD (synthetic)
WX000095,REG002,2026-06-05,16.2,31.5,4.7,75.3,9.2,observed,Open-Meteo / NASA POWER / IMD (synthetic)
WX000096,REG002,2026-06-06,18.3,29.4,12.0,76.6,10.1,observed,Open-Meteo / NASA POWER / IMD (synthetic)
WX000097,REG002,2026-06-07,19.0,30.0,4.8,80.5,5.0,observed,Open-Meteo / NASA POWER / IMD (synthetic)
WX000098,REG002,2026-06-08,17.1,29.3,17.5,89.4,10.7,observed,Open-Meteo / NASA POWER / IMD (synthetic)
WX000099,REG002,2026-06-09,17.5,28.6,3.2,82.6,8.1,observed,Open-Meteo / NASA POWER / IMD (synthetic)
WX000100,REG002,2026-06-10,19.4,30.5,4.8,87.7,9.4,observed,Open-Meteo / NASA POWER / IMD (synthetic)
WX000101,REG002,2026-06-11,15.7,30.8,0.6,80.0,4.2,observed,Open-Meteo / NASA POWER / IMD (synthetic)
WX000102,REG002,2026-06-12,17.1,30.4,12.8,70.0,10.2,forecast,Open-Meteo / NASA POWER / IMD (synthetic)
WX000103,REG002,2026-06-13,17.1,28.2,5.6,85.3,12.4,forecast,Open-Meteo / NASA POWER / IMD (synthetic)
WX000104,REG002,2026-06-14,15.1,29.5,4.7,82.5,10.0,forecast,Open-Meteo / NASA POWER / IMD (synthetic)
WX000105,REG002,2026-06-15,19.8,32.8,1.2,89.1,11.6,forecast,Open-Meteo / NASA POWER / IMD (synthetic)
WX000106,REG002,2026-06-16,17.2,28.0,4.9,87.8,4.2,forecast,Open-Meteo / NASA POWER / IMD (synthetic)
WX000107,REG002,2026-06-17,17.9,29.1,12.7,84.8,11.1,forecast,Open-Meteo / NASA POWER / IMD (synthetic)
WX000108,REG002,2026-06-18,18.0,28.9,0.9,85.3,3.9,forecast,Open-Meteo / NASA POWER / IMD (synthetic)
WX000109,REG002,2026-06-19,18.3,29.4,3.9,79.1,9.1,forecast,Open-Meteo / NASA POWER / IMD (synthetic)
WX000110,REG002,2026-06-20,17.1,29.1,5.1,75.3,8.5,forecast,Open-Meteo / NASA POWER / IMD (synthetic)
WX000111,REG002,2026-06-21,19.5,30.0,3.3,86.3,12.2,forecast,Open-Meteo / NASA POWER / IMD (synthetic)
WX000112,REG002,2026-06-22,17.9,30.5,1.2,85.2,4.8,forecast,Open-Meteo / NASA POWER / IMD (synthetic)
WX000113,REG002,2026-06-23,18.2,28.7,3.8,72.3,6.6,forecast,Open-Meteo / NASA POWER / IMD (synthetic)
WX000114,REG002,2026-06-24,18.2,32.7,9.2,79.9,8.9,forecast,Open-Meteo / NASA POWER / IMD (synthetic)
WX000115,REG002,2026-06-25,16.6,28.1,6.0,76.2,13.0,forecast,Open-Meteo / NASA POWER / IMD (synthetic)
WX000116,REG002,2026-06-26,17.6,31.0,10.1,73.5,9.5,forecast,Open-Meteo / NASA POWER / IMD (synthetic)
WX000117,REG002,2026-06-27,18.6,28.7,6.4,79.6,9.8,forecast,Open-Meteo / NASA POWER / IMD (synthetic)
WX000118,REG002,2026-06-28,18.0,27.9,0.9,88.8,7.8,forecast,Open-Meteo / NASA POWER / IMD (synthetic)
WX000119,REG002,2026-06-29,16.4,27.7,6.8,84.4,9.5,forecast,Open-Meteo / NASA POWER / IMD (synthetic)
WX000120,REG002,2026-06-30,17.9,31.5,2.0,84.2,8.2,forecast,Open-Meteo / NASA POWER / IMD (synthetic)
WX000121,REG002,2026-07-01,17.5,31.7,13.4,85.4,13.5,forecast,Open-Meteo / NASA POWER / IMD (synthetic)
WX000122,REG002,2026-07-02,16.5,31.8,6.6,83.0,15.4,forecast,Open-Meteo / NASA POWER / IMD (synthetic)
WX000123,REG002,2026-07-03,16.6,28.3,13.4,89.1,14.6,forecast,Open-Meteo / NASA POWER / IMD (synthetic)
WX000124,REG002,2026-07-04,16.0,31.0,9.8,83.1,12.3,forecast,Open-Meteo / NASA POWER / IMD (synthetic)
WX000125,REG002,2026-07-05,19.2,31.5,7.6,85.5,11.9,forecast,Open-Meteo / NASA POWER / IMD (synthetic)
WX000126,REG002,2026-07-06,16.7,30.0,9.3,79.0,9.8,forecast,Open-Meteo / NASA POWER / IMD (synthetic)
WX000127,REG002,2026-07-07,15.6,30.0,8.3,79.1,9.2,forecast,Open-Meteo / NASA POWER / IMD (synthetic)
WX000128,REG002,2026-07-08,17.7,28.8,4.4,89.0,9.0,forecast,Open-Meteo / NASA POWER / IMD (synthetic)
WX000129,REG002,2026-07-09,16.8,30.5,27.7,81.2,12.3,forecast,Open-Meteo / NASA POWER / IMD (synthetic)
WX000130,REG002,2026-07-10,15.0,31.9,3.7,80.8,13.7,forecast,Open-Meteo / NASA POWER / IMD (synthetic)
WX000131,REG002,2026-07-11,20.0,28.2,6.9,77.6,11.6,forecast,Open-Meteo / NASA POWER / IMD (synthetic)
WX000132,REG002,2026-07-12,16.3,27.9,7.8,88.6,12.3,forecast,Open-Meteo / NASA POWER / IMD (synthetic)
WX000133,REG002,2026-07-13,19.7,28.2,3.3,75.8,10.9,forecast,Open-Meteo / NASA POWER / IMD (synthetic)
WX000134,REG002,2026-07-14,19.0,29.6,4.0,72.6,13.9,forecast,Open-Meteo / NASA POWER / IMD (synthetic)
WX000135,REG002,2026-07-15,18.7,27.5,1.6,79.1,12.5,forecast,Open-Meteo / NASA POWER / IMD (synthetic)
WX000136,REG002,2026-07-16,20.1,30.5,11.4,88.8,10.7,forecast,Open-Meteo / NASA POWER / IMD (synthetic)
WX000137,REG002,2026-07-17,17.1,33.7,10.5,73.4,11.9,forecast,Open-Meteo / NASA POWER / IMD (synthetic)
WX000138,REG002,2026-07-18,17.0,28.8,13.2,78.7,8.5,forecast,Open-Meteo / NASA POWER / IMD (synthetic)
WX000139,REG002,2026-07-19,17.5,26.7,3.0,69.4,9.2,forecast,Open-Meteo / NASA POWER / IMD (synthetic)
WX000140,REG002,2026-07-20,18.4,26.8,8.3,77.2,12.8,forecast,Open-Meteo / NASA POWER / IMD (synthetic)
WX000141,REG002,2026-07-21,15.6,29.5,4.5,73.1,7.2,forecast,Open-Meteo / NASA POWER / IMD (synthetic)
WX000142,REG002,2026-07-22,18.6,30.2,4.6,78.3,13.5,forecast,Open-Meteo / NASA POWER / IMD (synthetic)
WX000143,REG002,2026-07-23,13.8,31.7,5.8,80.7,14.9,forecast,Open-Meteo / NASA POWER / IMD (synthetic)
WX000144,REG002,2026-07-24,17.5,27.9,7.2,85.8,5.2,forecast,Open-Meteo / NASA POWER / IMD (synthetic)
WX000145,REG002,2026-07-25,16.0,27.3,1.0,78.3,4.5,forecast,Open-Meteo / NASA POWER / IMD (synthetic)
WX000146,REG002,2026-07-26,18.9,29.1,18.8,69.7,11.9,forecast,Open-Meteo / NASA POWER / IMD (synthetic)
WX000147,REG002,2026-07-27,18.8,31.9,19.8,81.1,7.6,forecast,Open-Meteo / NASA POWER / IMD (synthetic)
WX000148,REG002,2026-07-28,16.8,29.6,5.6,86.0,9.3,forecast,Open-Meteo / NASA POWER / IMD (synthetic)
WX000149,REG002,2026-07-29,12.5,30.7,7.0,76.4,15.5,forecast,Open-Meteo / NASA POWER / IMD (synthetic)
WX000150,REG002,2026-07-30,18.3,31.3,8.4,81.3,10.3,forecast,Open-Meteo / NASA POWER / IMD (synthetic)
WX000151,REG002,2026-07-31,15.8,30.7,11.1,79.4,9.9,forecast,Open-Meteo / NASA POWER / IMD (synthetic)
WX000152,REG002,2026-08-01,16.0,31.2,4.8,80.7,7.3,forecast,Open-Meteo / NASA POWER / IMD (synthetic)
WX000153,REG002,2026-08-02,17.9,27.9,4.7,83.1,13.7,forecast,Open-Meteo / NASA POWER / IMD (synthetic)
WX000154,REG002,2026-08-03,18.1,29.5,12.3,74.9,6.4,forecast,Open-Meteo / NASA POWER / IMD (synthetic)
WX000155,REG002,2026-08-04,18.2,31.5,15.1,79.7,7.2,forecast,Open-Meteo / NASA POWER / IMD (synthetic)
WX000156,REG002,2026-08-05,16.6,30.8,12.3,86.8,11.4,forecast,Open-Meteo / NASA POWER / IMD (synthetic)
WX000157,REG002,2026-08-06,16.2,29.1,7.5,79.4,10.9,forecast,Open-Meteo / NASA POWER / IMD (synthetic)
WX000158,REG002,2026-08-07,17.9,28.5,5.4,74.9,5.9,forecast,Open-Meteo / NASA POWER / IMD (synthetic)
WX000159,REG002,2026-08-08,15.1,28.2,1.1,84.4,8.9,forecast,Open-Meteo / NASA POWER / IMD (synthetic)
WX000160,REG002,2026-08-09,16.5,29.9,3.8,91.9,8.2,forecast,Open-Meteo / NASA POWER / IMD (synthetic)
WX000161,REG002,2026-08-10,15.6,30.8,1.6,84.7,17.1,forecast,Open-Meteo / NASA POWER / IMD (synthetic)
WX000162,REG002,2026-08-11,21.0,32.5,12.5,90.9,10.7,forecast,Open-Meteo / NASA POWER / IMD (synthetic)
WX000163,REG002,2026-08-12,15.0,30.8,2.2,83.0,11.9,forecast,Open-Meteo / NASA POWER / IMD (synthetic)
WX000164,REG002,2026-08-13,17.9,27.0,6.8,76.3,6.7,forecast,Open-Meteo / NASA POWER / IMD (synthetic)
WX000165,REG002,2026-08-14,17.3,28.0,6.8,86.1,10.8,forecast,Open-Meteo / NASA POWER / IMD (synthetic)
WX000166,REG002,2026-08-15,16.0,30.1,6.3,76.3,10.2,forecast,Open-Meteo / NASA POWER / IMD (synthetic)
WX000167,REG002,2026-08-16,19.3,31.4,3.6,87.6,20.2,forecast,Open-Meteo / NASA POWER / IMD (synthetic)
WX000168,REG002,2026-08-17,17.6,29.2,2.9,83.1,11.2,forecast,Open-Meteo / NASA POWER / IMD (synthetic)
WX000169,REG002,2026-08-18,17.2,30.2,7.5,76.7,13.0,forecast,Open-Meteo / NASA POWER / IMD (synthetic)
WX000170,REG002,2026-08-19,16.8,31.1,9.9,84.2,11.1,forecast,Open-Meteo / NASA POWER / IMD (synthetic)
WX000171,REG002,2026-08-20,15.7,32.1,13.3,81.9,5.3,forecast,Open-Meteo / NASA POWER / IMD (synthetic)
WX000172,REG002,2026-08-21,16.8,30.4,8.0,77.7,8.9,forecast,Open-Meteo / NASA POWER / IMD (synthetic)
WX000173,REG002,2026-08-22,16.7,28.6,21.6,70.5,8.7,forecast,Open-Meteo / NASA POWER / IMD (synthetic)
WX000174,REG002,2026-08-23,15.1,32.4,5.1,83.0,12.4,forecast,Open-Meteo / NASA POWER / IMD (synthetic)
WX000175,REG002,2026-08-24,20.1,29.7,10.0,77.5,7.6,forecast,Open-Meteo / NASA POWER / IMD (synthetic)
WX000176,REG002,2026-08-25,19.1,30.1,4.9,71.2,11.8,forecast,Open-Meteo / NASA POWER / IMD (synthetic)
WX000177,REG002,2026-08-26,14.9,28.7,7.0,83.0,10.7,forecast,Open-Meteo / NASA POWER / IMD (synthetic)
WX000178,REG002,2026-08-27,17.8,28.9,7.7,84.2,13.6,forecast,Open-Meteo / NASA POWER / IMD (synthetic)
WX000179,REG002,2026-08-28,19.2,30.0,9.5,81.8,9.7,forecast,Open-Meteo / NASA POWER / IMD (synthetic)
WX000180,REG002,2026-08-29,16.3,26.9,4.8,75.5,9.0,forecast,Open-Meteo / NASA POWER / IMD (synthetic)
WX000181,REG003,2026-06-01,15.9,27.1,17.6,69.8,10.5,observed,Open-Meteo / NASA POWER / IMD (synthetic)
WX000182,REG003,2026-06-02,18.5,33.0,5.8,86.7,4.6,observed,Open-Meteo / NASA POWER / IMD (synthetic)
WX000183,REG003,2026-06-03,17.7,30.6,8.6,76.8,12.3,observed,Open-Meteo / NASA POWER / IMD (synthetic)
WX000184,REG003,2026-06-04,17.4,29.3,10.3,71.7,12.7,observed,Open-Meteo / NASA POWER / IMD (synthetic)
WX000185,REG003,2026-06-05,18.1,29.3,11.4,69.1,7.3,observed,Open-Meteo / NASA POWER / IMD (synthetic)
WX000186,REG003,2026-06-06,18.4,31.3,1.3,67.6,7.7,observed,Open-Meteo / NASA POWER / IMD (synthetic)
WX000187,REG003,2026-06-07,17.2,32.4,9.3,74.6,13.8,observed,Open-Meteo / NASA POWER / IMD (synthetic)
WX000188,REG003,2026-06-08,16.7,29.7,19.2,85.5,5.9,observed,Open-Meteo / NASA POWER / IMD (synthetic)
WX000189,REG003,2026-06-09,18.7,30.7,11.3,85.5,10.0,observed,Open-Meteo / NASA POWER / IMD (synthetic)
WX000190,REG003,2026-06-10,17.4,28.1,14.0,85.8,3.2,observed,Open-Meteo / NASA POWER / IMD (synthetic)
WX000191,REG003,2026-06-11,16.5,31.2,3.7,77.3,9.7,observed,Open-Meteo / NASA POWER / IMD (synthetic)
WX000192,REG003,2026-06-12,18.6,30.0,1.3,81.7,7.7,forecast,Open-Meteo / NASA POWER / IMD (synthetic)
WX000193,REG003,2026-06-13,19.9,28.1,3.5,75.0,7.0,forecast,Open-Meteo / NASA POWER / IMD (synthetic)
WX000194,REG003,2026-06-14,18.2,28.3,5.8,75.2,10.5,forecast,Open-Meteo / NASA POWER / IMD (synthetic)
WX000195,REG003,2026-06-15,17.7,28.2,4.4,75.5,9.0,forecast,Open-Meteo / NASA POWER / IMD (synthetic)
WX000196,REG003,2026-06-16,17.5,28.8,0.7,83.4,13.0,forecast,Open-Meteo / NASA POWER / IMD (synthetic)
WX000197,REG003,2026-06-17,18.0,31.7,8.8,74.4,8.4,forecast,Open-Meteo / NASA POWER / IMD (synthetic)
WX000198,REG003,2026-06-18,18.9,27.1,2.2,82.1,11.2,forecast,Open-Meteo / NASA POWER / IMD (synthetic)
WX000199,REG003,2026-06-19,19.2,28.1,7.6,84.4,7.2,forecast,Open-Meteo / NASA POWER / IMD (synthetic)
WX000200,REG003,2026-06-20,20.3,33.3,11.9,80.5,16.4,forecast,Open-Meteo / NASA POWER / IMD (synthetic)
WX000201,REG003,2026-06-21,15.5,31.2,3.9,82.3,9.3,forecast,Open-Meteo / NASA POWER / IMD (synthetic)
WX000202,REG003,2026-06-22,17.9,30.4,16.8,82.3,12.3,forecast,Open-Meteo / NASA POWER / IMD (synthetic)
WX000203,REG003,2026-06-23,18.3,31.0,17.5,80.1,4.1,forecast,Open-Meteo / NASA POWER / IMD (synthetic)
WX000204,REG003,2026-06-24,16.6,30.7,5.9,68.1,10.4,forecast,Open-Meteo / NASA POWER / IMD (synthetic)
WX000205,REG003,2026-06-25,16.2,28.6,29.6,77.6,5.8,forecast,Open-Meteo / NASA POWER / IMD (synthetic)
WX000206,REG003,2026-06-26,16.7,25.1,1.5,81.4,15.7,forecast,Open-Meteo / NASA POWER / IMD (synthetic)
WX000207,REG003,2026-06-27,18.1,32.0,8.9,81.3,11.6,forecast,Open-Meteo / NASA POWER / IMD (synthetic)
WX000208,REG003,2026-06-28,18.1,29.0,4.7,89.2,13.0,forecast,Open-Meteo / NASA POWER / IMD (synthetic)
WX000209,REG003,2026-06-29,19.1,32.6,23.7,85.9,11.1,forecast,Open-Meteo / NASA POWER / IMD (synthetic)
WX000210,REG003,2026-06-30,17.6,34.1,3.8,82.1,9.3,forecast,Open-Meteo / NASA POWER / IMD (synthetic)
WX000211,REG003,2026-07-01,16.9,30.6,5.9,84.0,4.8,forecast,Open-Meteo / NASA POWER / IMD (synthetic)
WX000212,REG003,2026-07-02,18.4,31.7,6.9,78.4,2.5,forecast,Open-Meteo / NASA POWER / IMD (synthetic)
WX000213,REG003,2026-07-03,17.3,32.2,3.3,75.3,12.3,forecast,Open-Meteo / NASA POWER / IMD (synthetic)
WX000214,REG003,2026-07-04,16.8,30.8,7.7,73.4,9.4,forecast,Open-Meteo / NASA POWER / IMD (synthetic)
WX000215,REG003,2026-07-05,18.6,29.4,3.3,81.4,12.1,forecast,Open-Meteo / NASA POWER / IMD (synthetic)
WX000216,REG003,2026-07-06,18.8,33.7,5.6,81.0,16.3,forecast,Open-Meteo / NASA POWER / IMD (synthetic)
WX000217,REG003,2026-07-07,16.9,28.5,2.8,83.7,14.0,forecast,Open-Meteo / NASA POWER / IMD (synthetic)
WX000218,REG003,2026-07-08,17.0,31.0,3.1,81.1,18.9,forecast,Open-Meteo / NASA POWER / IMD (synthetic)
WX000219,REG003,2026-07-09,15.7,27.7,3.6,80.3,6.8,forecast,Open-Meteo / NASA POWER / IMD (synthetic)
WX000220,REG003,2026-07-10,17.5,26.4,8.0,78.1,7.6,forecast,Open-Meteo / NASA POWER / IMD (synthetic)
WX000221,REG003,2026-07-11,19.6,31.0,3.9,79.9,7.3,forecast,Open-Meteo / NASA POWER / IMD (synthetic)
WX000222,REG003,2026-07-12,18.2,29.7,10.5,74.0,6.3,forecast,Open-Meteo / NASA POWER / IMD (synthetic)
WX000223,REG003,2026-07-13,16.6,28.4,2.4,77.5,8.9,forecast,Open-Meteo / NASA POWER / IMD (synthetic)
WX000224,REG003,2026-07-14,18.9,31.9,7.8,82.2,8.5,forecast,Open-Meteo / NASA POWER / IMD (synthetic)
WX000225,REG003,2026-07-15,18.1,30.0,5.7,79.0,9.0,forecast,Open-Meteo / NASA POWER / IMD (synthetic)
WX000226,REG003,2026-07-16,17.7,28.6,7.8,75.7,10.1,forecast,Open-Meteo / NASA POWER / IMD (synthetic)
WX000227,REG003,2026-07-17,18.5,25.6,7.6,79.8,9.7,forecast,Open-Meteo / NASA POWER / IMD (synthetic)
WX000228,REG003,2026-07-18,18.5,27.5,24.9,85.6,15.1,forecast,Open-Meteo / NASA POWER / IMD (synthetic)
WX000229,REG003,2026-07-19,19.3,31.5,10.2,89.6,9.0,forecast,Open-Meteo / NASA POWER / IMD (synthetic)
WX000230,REG003,2026-07-20,18.4,31.6,3.6,78.0,10.4,forecast,Open-Meteo / NASA POWER / IMD (synthetic)
WX000231,REG003,2026-07-21,14.5,28.4,14.8,71.9,21.2,forecast,Open-Meteo / NASA POWER / IMD (synthetic)
WX000232,REG003,2026-07-22,18.3,29.7,6.3,80.7,9.1,forecast,Open-Meteo / NASA POWER / IMD (synthetic)
WX000233,REG003,2026-07-23,18.6,29.5,4.2,73.5,10.8,forecast,Open-Meteo / NASA POWER / IMD (synthetic)
WX000234,REG003,2026-07-24,18.9,30.5,5.8,88.5,18.8,forecast,Open-Meteo / NASA POWER / IMD (synthetic)
WX000235,REG003,2026-07-25,19.6,31.0,8.9,76.6,9.5,forecast,Open-Meteo / NASA POWER / IMD (synthetic)
WX000236,REG003,2026-07-26,17.7,31.4,16.1,79.2,17.4,forecast,Open-Meteo / NASA POWER / IMD (synthetic)
WX000237,REG003,2026-07-27,19.5,28.2,5.6,78.3,7.9,forecast,Open-Meteo / NASA POWER / IMD (synthetic)
WX000238,REG003,2026-07-28,16.1,29.2,3.5,77.8,16.1,forecast,Open-Meteo / NASA POWER / IMD (synthetic)
WX000239,REG003,2026-07-29,18.1,29.2,12.2,75.1,7.9,forecast,Open-Meteo / NASA POWER / IMD (synthetic)
WX000240,REG003,2026-07-30,19.2,28.4,18.3,80.5,11.1,forecast,Open-Meteo / NASA POWER / IMD (synthetic)
WX000241,REG003,2026-07-31,15.8,31.6,3.2,84.8,7.5,forecast,Open-Meteo / NASA POWER / IMD (synthetic)
WX000242,REG003,2026-08-01,18.8,28.4,3.5,79.0,7.5,forecast,Open-Meteo / NASA POWER / IMD (synthetic)
WX000243,REG003,2026-08-02,18.3,26.3,0.6,81.3,5.9,forecast,Open-Meteo / NASA POWER / IMD (synthetic)
WX000244,REG003,2026-08-03,16.6,32.3,1.0,79.4,12.5,forecast,Open-Meteo / NASA POWER / IMD (synthetic)
WX000245,REG003,2026-08-04,17.9,29.8,8.9,82.8,14.9,forecast,Open-Meteo / NASA POWER / IMD (synthetic)
WX000246,REG003,2026-08-05,18.7,27.8,13.9,86.6,9.4,forecast,Open-Meteo / NASA POWER / IMD (synthetic)
WX000247,REG003,2026-08-06,18.8,29.1,8.9,80.4,8.0,forecast,Open-Meteo / NASA POWER / IMD (synthetic)
WX000248,REG003,2026-08-07,16.1,32.8,5.6,89.0,11.7,forecast,Open-Meteo / NASA POWER / IMD (synthetic)
WX000249,REG003,2026-08-08,17.6,31.8,4.2,85.0,13.9,forecast,Open-Meteo / NASA POWER / IMD (synthetic)
WX000250,REG003,2026-08-09,18.4,29.4,10.9,79.4,8.4,forecast,Open-Meteo / NASA POWER / IMD (synthetic)
WX000251,REG003,2026-08-10,18.4,30.9,10.7,78.2,10.7,forecast,Open-Meteo / NASA POWER / IMD (synthetic)
WX000252,REG003,2026-08-11,16.0,30.5,3.5,74.9,7.9,forecast,Open-Meteo / NASA POWER / IMD (synthetic)
WX000253,REG003,2026-08-12,15.0,32.5,0.7,70.6,7.4,forecast,Open-Meteo / NASA POWER / IMD (synthetic)
WX000254,REG003,2026-08-13,16.2,28.8,4.6,78.1,10.6,forecast,Open-Meteo / NASA POWER / IMD (synthetic)
WX000255,REG003,2026-08-14,18.5,30.6,8.4,79.9,3.9,forecast,Open-Meteo / NASA POWER / IMD (synthetic)
WX000256,REG003,2026-08-15,18.7,30.4,15.8,87.7,8.6,forecast,Open-Meteo / NASA POWER / IMD (synthetic)
WX000257,REG003,2026-08-16,18.2,28.8,6.8,77.4,9.1,forecast,Open-Meteo / NASA POWER / IMD (synthetic)
WX000258,REG003,2026-08-17,17.6,29.2,6.8,76.0,9.7,forecast,Open-Meteo / NASA POWER / IMD (synthetic)
WX000259,REG003,2026-08-18,17.5,31.5,2.9,81.1,9.6,forecast,Open-Meteo / NASA POWER / IMD (synthetic)
WX000260,REG003,2026-08-19,15.9,29.4,2.7,92.4,6.2,forecast,Open-Meteo / NASA POWER / IMD (synthetic)
WX000261,REG003,2026-08-20,18.8,28.7,7.4,76.2,10.2,forecast,Open-Meteo / NASA POWER / IMD (synthetic)
WX000262,REG003,2026-08-21,16.3,29.7,9.0,73.9,8.6,forecast,Open-Meteo / NASA POWER / IMD (synthetic)
WX000263,REG003,2026-08-22,17.7,29.7,3.6,82.2,7.7,forecast,Open-Meteo / NASA POWER / IMD (synthetic)
WX000264,REG003,2026-08-23,17.8,26.5,13.3,83.9,7.0,forecast,Open-Meteo / NASA POWER / IMD (synthetic)
WX000265,REG003,2026-08-24,15.6,29.5,1.5,81.7,8.3,forecast,Open-Meteo / NASA POWER / IMD (synthetic)
WX000266,REG003,2026-08-25,17.5,29.6,7.8,82.0,11.9,forecast,Open-Meteo / NASA POWER / IMD (synthetic)
WX000267,REG003,2026-08-26,20.1,27.5,15.7,85.7,5.8,forecast,Open-Meteo / NASA POWER / IMD (synthetic)
WX000268,REG003,2026-08-27,18.0,29.4,4.6,74.3,11.3,forecast,Open-Meteo / NASA POWER / IMD (synthetic)
WX000269,REG003,2026-08-28,19.2,29.2,2.0,89.0,6.7,forecast,Open-Meteo / NASA POWER / IMD (synthetic)
WX000270,REG003,2026-08-29,17.4,28.3,13.0,79.4,11.8,forecast,Open-Meteo / NASA POWER / IMD (synthetic)
WX000271,REG004,2026-06-01,19.1,28.9,24.3,81.7,3.6,observed,Open-Meteo / NASA POWER / IMD (synthetic)
WX000272,REG004,2026-06-02,16.2,28.5,4.2,82.1,14.8,observed,Open-Meteo / NASA POWER / IMD (synthetic)
WX000273,REG004,2026-06-03,19.3,27.6,17.9,85.6,9.3,observed,Open-Meteo / NASA POWER / IMD (synthetic)
WX000274,REG004,2026-06-04,18.0,30.0,3.5,80.8,8.3,observed,Open-Meteo / NASA POWER / IMD (synthetic)
WX000275,REG004,2026-06-05,17.9,29.6,6.2,77.5,11.8,observed,Open-Meteo / NASA POWER / IMD (synthetic)
WX000276,REG004,2026-06-06,16.9,36.4,3.4,74.5,6.4,observed,Open-Meteo / NASA POWER / IMD (synthetic)
WX000277,REG004,2026-06-07,17.1,30.9,5.7,75.5,6.8,observed,Open-Meteo / NASA POWER / IMD (synthetic)
WX000278,REG004,2026-06-08,16.8,29.7,13.0,82.5,11.3,observed,Open-Meteo / NASA POWER / IMD (synthetic)
WX000279,REG004,2026-06-09,17.9,28.2,10.5,76.1,14.3,observed,Open-Meteo / NASA POWER / IMD (synthetic)
WX000280,REG004,2026-06-10,17.2,33.5,19.4,71.5,8.9,observed,Open-Meteo / NASA POWER / IMD (synthetic)
WX000281,REG004,2026-06-11,17.5,28.8,14.1,93.4,7.6,observed,Open-Meteo / NASA POWER / IMD (synthetic)
WX000282,REG004,2026-06-12,15.2,29.7,8.7,76.4,13.4,forecast,Open-Meteo / NASA POWER / IMD (synthetic)
WX000283,REG004,2026-06-13,19.8,30.0,13.7,84.7,10.4,forecast,Open-Meteo / NASA POWER / IMD (synthetic)
WX000284,REG004,2026-06-14,17.6,27.9,8.2,83.1,6.0,forecast,Open-Meteo / NASA POWER / IMD (synthetic)
WX000285,REG004,2026-06-15,20.2,27.8,9.1,75.1,9.1,forecast,Open-Meteo / NASA POWER / IMD (synthetic)
WX000286,REG004,2026-06-16,18.8,28.6,1.2,77.8,6.1,forecast,Open-Meteo / NASA POWER / IMD (synthetic)
WX000287,REG004,2026-06-17,18.2,26.7,4.6,71.8,17.6,forecast,Open-Meteo / NASA POWER / IMD (synthetic)
WX000288,REG004,2026-06-18,18.2,30.6,9.9,86.5,8.0,forecast,Open-Meteo / NASA POWER / IMD (synthetic)
WX000289,REG004,2026-06-19,17.9,30.2,6.6,77.6,8.8,forecast,Open-Meteo / NASA POWER / IMD (synthetic)
WX000290,REG004,2026-06-20,17.1,32.2,4.0,82.2,11.2,forecast,Open-Meteo / NASA POWER / IMD (synthetic)
WX000291,REG004,2026-06-21,19.0,29.3,5.7,76.4,6.5,forecast,Open-Meteo / NASA POWER / IMD (synthetic)
WX000292,REG004,2026-06-22,16.7,31.3,9.6,81.2,9.7,forecast,Open-Meteo / NASA POWER / IMD (synthetic)
WX000293,REG004,2026-06-23,18.0,27.9,20.2,85.0,7.4,forecast,Open-Meteo / NASA POWER / IMD (synthetic)
WX000294,REG004,2026-06-24,17.4,31.6,12.6,78.3,9.9,forecast,Open-Meteo / NASA POWER / IMD (synthetic)
WX000295,REG004,2026-06-25,20.5,28.6,7.1,83.8,8.1,forecast,Open-Meteo / NASA POWER / IMD (synthetic)
WX000296,REG004,2026-06-26,17.1,29.7,12.8,74.7,18.1,forecast,Open-Meteo / NASA POWER / IMD (synthetic)
WX000297,REG004,2026-06-27,17.1,31.3,9.1,78.8,14.5,forecast,Open-Meteo / NASA POWER / IMD (synthetic)
WX000298,REG004,2026-06-28,16.0,31.6,13.2,73.3,11.9,forecast,Open-Meteo / NASA POWER / IMD (synthetic)
WX000299,REG004,2026-06-29,19.7,30.0,3.1,75.6,6.7,forecast,Open-Meteo / NASA POWER / IMD (synthetic)
WX000300,REG004,2026-06-30,16.6,27.2,5.8,83.7,11.0,forecast,Open-Meteo / NASA POWER / IMD (synthetic)
WX000301,REG004,2026-07-01,15.3,28.9,2.1,82.2,6.9,forecast,Open-Meteo / NASA POWER / IMD (synthetic)
WX000302,REG004,2026-07-02,18.3,29.8,16.8,83.4,10.9,forecast,Open-Meteo / NASA POWER / IMD (synthetic)
WX000303,REG004,2026-07-03,17.7,29.5,19.7,77.3,9.1,forecast,Open-Meteo / NASA POWER / IMD (synthetic)
WX000304,REG004,2026-07-04,19.6,32.5,19.6,79.7,10.0,forecast,Open-Meteo / NASA POWER / IMD (synthetic)
WX000305,REG004,2026-07-05,17.8,32.8,3.6,72.4,8.8,forecast,Open-Meteo / NASA POWER / IMD (synthetic)
WX000306,REG004,2026-07-06,16.5,31.3,11.0,82.7,5.1,forecast,Open-Meteo / NASA POWER / IMD (synthetic)
WX000307,REG004,2026-07-07,18.3,28.8,2.3,71.2,5.6,forecast,Open-Meteo / NASA POWER / IMD (synthetic)
WX000308,REG004,2026-07-08,19.3,29.8,10.2,84.3,10.4,forecast,Open-Meteo / NASA POWER / IMD (synthetic)
WX000309,REG004,2026-07-09,15.9,32.9,4.9,72.4,13.9,forecast,Open-Meteo / NASA POWER / IMD (synthetic)
WX000310,REG004,2026-07-10,19.1,28.8,7.6,70.7,6.8,forecast,Open-Meteo / NASA POWER / IMD (synthetic)
WX000311,REG004,2026-07-11,18.8,30.4,4.1,76.9,10.7,forecast,Open-Meteo / NASA POWER / IMD (synthetic)
WX000312,REG004,2026-07-12,17.2,31.9,12.7,86.3,10.3,forecast,Open-Meteo / NASA POWER / IMD (synthetic)
WX000313,REG004,2026-07-13,17.5,28.6,10.7,78.3,16.6,forecast,Open-Meteo / NASA POWER / IMD (synthetic)
WX000314,REG004,2026-07-14,18.9,31.9,10.3,83.2,7.4,forecast,Open-Meteo / NASA POWER / IMD (synthetic)
WX000315,REG004,2026-07-15,20.9,30.7,15.4,90.4,11.2,forecast,Open-Meteo / NASA POWER / IMD (synthetic)
WX000316,REG004,2026-07-16,18.9,27.6,0.9,80.8,3.4,forecast,Open-Meteo / NASA POWER / IMD (synthetic)
WX000317,REG004,2026-07-17,20.0,33.3,10.0,76.0,8.6,forecast,Open-Meteo / NASA POWER / IMD (synthetic)
WX000318,REG004,2026-07-18,16.2,29.1,11.0,88.5,12.1,forecast,Open-Meteo / NASA POWER / IMD (synthetic)
WX000319,REG004,2026-07-19,17.2,30.5,5.9,86.9,10.8,forecast,Open-Meteo / NASA POWER / IMD (synthetic)
WX000320,REG004,2026-07-20,19.1,31.3,11.9,83.2,14.1,forecast,Open-Meteo / NASA POWER / IMD (synthetic)
WX000321,REG004,2026-07-21,18.9,32.6,9.0,79.9,7.8,forecast,Open-Meteo / NASA POWER / IMD (synthetic)
WX000322,REG004,2026-07-22,14.9,28.8,7.2,80.7,15.7,forecast,Open-Meteo / NASA POWER / IMD (synthetic)
WX000323,REG004,2026-07-23,19.2,31.8,5.8,68.2,10.8,forecast,Open-Meteo / NASA POWER / IMD (synthetic)
WX000324,REG004,2026-07-24,15.0,31.5,5.2,80.9,13.9,forecast,Open-Meteo / NASA POWER / IMD (synthetic)
WX000325,REG004,2026-07-25,18.7,29.6,3.0,80.6,11.5,forecast,Open-Meteo / NASA POWER / IMD (synthetic)
WX000326,REG004,2026-07-26,15.6,32.2,12.0,82.5,11.8,forecast,Open-Meteo / NASA POWER / IMD (synthetic)
WX000327,REG004,2026-07-27,18.5,27.7,2.4,79.9,9.1,forecast,Open-Meteo / NASA POWER / IMD (synthetic)
WX000328,REG004,2026-07-28,20.3,29.2,0.4,82.8,11.3,forecast,Open-Meteo / NASA POWER / IMD (synthetic)
WX000329,REG004,2026-07-29,16.6,28.5,11.7,78.0,13.0,forecast,Open-Meteo / NASA POWER / IMD (synthetic)
WX000330,REG004,2026-07-30,17.4,31.1,7.0,80.6,12.7,forecast,Open-Meteo / NASA POWER / IMD (synthetic)
WX000331,REG004,2026-07-31,19.6,29.4,14.3,76.8,9.2,forecast,Open-Meteo / NASA POWER / IMD (synthetic)
WX000332,REG004,2026-08-01,15.1,29.6,10.0,79.4,5.3,forecast,Open-Meteo / NASA POWER / IMD (synthetic)
WX000333,REG004,2026-08-02,17.3,28.9,5.0,84.8,9.2,forecast,Open-Meteo / NASA POWER / IMD (synthetic)
WX000334,REG004,2026-08-03,18.6,28.7,1.8,77.4,7.5,forecast,Open-Meteo / NASA POWER / IMD (synthetic)
WX000335,REG004,2026-08-04,18.3,27.8,7.5,89.7,14.8,forecast,Open-Meteo / NASA POWER / IMD (synthetic)
WX000336,REG004,2026-08-05,19.1,30.0,1.9,79.1,13.8,forecast,Open-Meteo / NASA POWER / IMD (synthetic)
WX000337,REG004,2026-08-06,17.1,29.2,4.4,60.8,3.5,forecast,Open-Meteo / NASA POWER / IMD (synthetic)
WX000338,REG004,2026-08-07,15.6,30.1,10.2,75.9,10.7,forecast,Open-Meteo / NASA POWER / IMD (synthetic)
WX000339,REG004,2026-08-08,18.4,28.9,14.2,86.6,15.2,forecast,Open-Meteo / NASA POWER / IMD (synthetic)
WX000340,REG004,2026-08-09,19.6,28.7,9.2,79.0,3.8,forecast,Open-Meteo / NASA POWER / IMD (synthetic)
WX000341,REG004,2026-08-10,17.1,29.8,7.3,87.3,15.0,forecast,Open-Meteo / NASA POWER / IMD (synthetic)
WX000342,REG004,2026-08-11,18.2,30.4,5.4,80.1,12.7,forecast,Open-Meteo / NASA POWER / IMD (synthetic)
WX000343,REG004,2026-08-12,18.3,30.8,2.3,81.8,11.8,forecast,Open-Meteo / NASA POWER / IMD (synthetic)
WX000344,REG004,2026-08-13,20.2,31.4,8.6,82.1,16.5,forecast,Open-Meteo / NASA POWER / IMD (synthetic)
WX000345,REG004,2026-08-14,20.8,29.4,9.9,83.9,12.0,forecast,Open-Meteo / NASA POWER / IMD (synthetic)
WX000346,REG004,2026-08-15,16.0,31.6,7.4,81.2,12.6,forecast,Open-Meteo / NASA POWER / IMD (synthetic)
WX000347,REG004,2026-08-16,19.2,31.0,4.6,75.8,12.1,forecast,Open-Meteo / NASA POWER / IMD (synthetic)
WX000348,REG004,2026-08-17,18.4,31.2,3.8,77.5,6.4,forecast,Open-Meteo / NASA POWER / IMD (synthetic)
WX000349,REG004,2026-08-18,16.8,28.6,21.8,83.6,8.6,forecast,Open-Meteo / NASA POWER / IMD (synthetic)
WX000350,REG004,2026-08-19,18.2,28.0,2.8,71.4,9.2,forecast,Open-Meteo / NASA POWER / IMD (synthetic)
WX000351,REG004,2026-08-20,20.0,30.6,2.3,83.8,10.0,forecast,Open-Meteo / NASA POWER / IMD (synthetic)
WX000352,REG004,2026-08-21,21.4,28.5,8.9,85.0,8.7,forecast,Open-Meteo / NASA POWER / IMD (synthetic)
WX000353,REG004,2026-08-22,15.8,28.1,3.9,82.1,3.9,forecast,Open-Meteo / NASA POWER / IMD (synthetic)
WX000354,REG004,2026-08-23,19.1,33.0,18.4,81.7,8.7,forecast,Open-Meteo / NASA POWER / IMD (synthetic)
WX000355,REG004,2026-08-24,16.4,29.6,5.9,76.2,10.2,forecast,Open-Meteo / NASA POWER / IMD (synthetic)
WX000356,REG004,2026-08-25,17.7,30.7,21.9,82.8,4.4,forecast,Open-Meteo / NASA POWER / IMD (synthetic)
WX000357,REG004,2026-08-26,17.8,31.7,1.2,82.2,10.4,forecast,Open-Meteo / NASA POWER / IMD (synthetic)
WX000358,REG004,2026-08-27,19.4,29.3,6.8,79.9,14.3,forecast,Open-Meteo / NASA POWER / IMD (synthetic)
WX000359,REG004,2026-08-28,17.8,28.9,25.1,78.9,14.8,forecast,Open-Meteo / NASA POWER / IMD (synthetic)
WX000360,REG004,2026-08-29,17.2,27.6,14.7,75.4,6.5,forecast,Open-Meteo / NASA POWER / IMD (synthetic)
WX000361,REG005,2026-06-01,18.0,30.1,4.2,82.4,9.2,observed,Open-Meteo / NASA POWER / IMD (synthetic)
WX000362,REG005,2026-06-02,17.1,34.2,3.3,85.2,10.0,observed,Open-Meteo / NASA POWER / IMD (synthetic)
WX000363,REG005,2026-06-03,18.9,30.2,1.7,80.4,7.3,observed,Open-Meteo / NASA POWER / IMD (synthetic)
WX000364,REG005,2026-06-04,17.4,32.8,11.2,79.5,13.3,observed,Open-Meteo / NASA POWER / IMD (synthetic)
WX000365,REG005,2026-06-05,20.1,29.8,11.2,76.8,6.7,observed,Open-Meteo / NASA POWER / IMD (synthetic)
WX000366,REG005,2026-06-06,20.0,28.9,22.1,81.9,6.5,observed,Open-Meteo / NASA POWER / IMD (synthetic)
WX000367,REG005,2026-06-07,17.4,29.1,6.7,83.4,6.1,observed,Open-Meteo / NASA POWER / IMD (synthetic)
WX000368,REG005,2026-06-08,15.0,30.4,4.2,81.7,7.8,observed,Open-Meteo / NASA POWER / IMD (synthetic)
WX000369,REG005,2026-06-09,18.7,32.0,10.1,77.6,10.0,observed,Open-Meteo / NASA POWER / IMD (synthetic)
WX000370,REG005,2026-06-10,19.2,29.3,8.7,74.9,14.3,observed,Open-Meteo / NASA POWER / IMD (synthetic)
WX000371,REG005,2026-06-11,17.9,30.8,3.0,78.5,13.1,observed,Open-Meteo / NASA POWER / IMD (synthetic)
WX000372,REG005,2026-06-12,17.5,28.4,3.2,80.2,6.0,forecast,Open-Meteo / NASA POWER / IMD (synthetic)
WX000373,REG005,2026-06-13,19.9,30.6,6.9,88.4,7.4,forecast,Open-Meteo / NASA POWER / IMD (synthetic)
WX000374,REG005,2026-06-14,19.5,32.3,3.8,70.8,9.5,forecast,Open-Meteo / NASA POWER / IMD (synthetic)
WX000375,REG005,2026-06-15,17.7,31.5,5.9,71.5,8.8,forecast,Open-Meteo / NASA POWER / IMD (synthetic)
WX000376,REG005,2026-06-16,18.5,31.2,12.9,71.7,14.5,forecast,Open-Meteo / NASA POWER / IMD (synthetic)
WX000377,REG005,2026-06-17,17.6,30.4,9.3,68.0,9.3,forecast,Open-Meteo / NASA POWER / IMD (synthetic)
WX000378,REG005,2026-06-18,16.6,27.8,21.5,83.8,11.2,forecast,Open-Meteo / NASA POWER / IMD (synthetic)
WX000379,REG005,2026-06-19,20.5,34.7,8.1,77.7,12.0,forecast,Open-Meteo / NASA POWER / IMD (synthetic)
WX000380,REG005,2026-06-20,17.8,31.0,10.2,77.6,12.7,forecast,Open-Meteo / NASA POWER / IMD (synthetic)
WX000381,REG005,2026-06-21,17.8,31.1,7.6,83.3,9.9,forecast,Open-Meteo / NASA POWER / IMD (synthetic)
WX000382,REG005,2026-06-22,16.6,31.8,7.0,82.5,6.0,forecast,Open-Meteo / NASA POWER / IMD (synthetic)
WX000383,REG005,2026-06-23,17.9,33.4,21.9,72.1,8.3,forecast,Open-Meteo / NASA POWER / IMD (synthetic)
WX000384,REG005,2026-06-24,18.2,30.4,18.9,86.2,6.0,forecast,Open-Meteo / NASA POWER / IMD (synthetic)
WX000385,REG005,2026-06-25,17.3,29.2,12.0,78.2,9.5,forecast,Open-Meteo / NASA POWER / IMD (synthetic)
WX000386,REG005,2026-06-26,18.5,30.3,1.2,75.0,6.2,forecast,Open-Meteo / NASA POWER / IMD (synthetic)
WX000387,REG005,2026-06-27,17.3,31.8,5.5,81.9,8.4,forecast,Open-Meteo / NASA POWER / IMD (synthetic)
WX000388,REG005,2026-06-28,17.9,29.9,9.4,78.4,9.4,forecast,Open-Meteo / NASA POWER / IMD (synthetic)
WX000389,REG005,2026-06-29,19.0,35.3,2.8,88.7,9.5,forecast,Open-Meteo / NASA POWER / IMD (synthetic)
WX000390,REG005,2026-06-30,17.7,30.8,2.3,74.0,8.7,forecast,Open-Meteo / NASA POWER / IMD (synthetic)
WX000391,REG005,2026-07-01,19.5,28.4,4.0,80.5,10.4,forecast,Open-Meteo / NASA POWER / IMD (synthetic)
WX000392,REG005,2026-07-02,17.2,32.0,9.2,85.8,11.8,forecast,Open-Meteo / NASA POWER / IMD (synthetic)
WX000393,REG005,2026-07-03,20.8,31.2,4.4,81.3,6.1,forecast,Open-Meteo / NASA POWER / IMD (synthetic)
WX000394,REG005,2026-07-04,17.5,32.4,7.2,78.9,6.6,forecast,Open-Meteo / NASA POWER / IMD (synthetic)
WX000395,REG005,2026-07-05,16.4,31.9,1.0,86.4,8.1,forecast,Open-Meteo / NASA POWER / IMD (synthetic)
WX000396,REG005,2026-07-06,18.9,31.2,13.0,76.4,13.3,forecast,Open-Meteo / NASA POWER / IMD (synthetic)
WX000397,REG005,2026-07-07,17.5,30.9,6.6,84.6,10.6,forecast,Open-Meteo / NASA POWER / IMD (synthetic)
WX000398,REG005,2026-07-08,18.7,34.9,13.9,87.3,9.9,forecast,Open-Meteo / NASA POWER / IMD (synthetic)
WX000399,REG005,2026-07-09,18.8,30.9,1.4,82.0,12.6,forecast,Open-Meteo / NASA POWER / IMD (synthetic)
WX000400,REG005,2026-07-10,16.0,29.1,6.3,78.1,10.1,forecast,Open-Meteo / NASA POWER / IMD (synthetic)
WX000401,REG005,2026-07-11,18.8,28.4,28.8,84.7,6.2,forecast,Open-Meteo / NASA POWER / IMD (synthetic)
WX000402,REG005,2026-07-12,18.5,30.4,22.8,79.0,8.5,forecast,Open-Meteo / NASA POWER / IMD (synthetic)
WX000403,REG005,2026-07-13,18.8,30.8,9.3,75.0,11.7,forecast,Open-Meteo / NASA POWER / IMD (synthetic)
WX000404,REG005,2026-07-14,16.6,30.8,7.2,78.9,6.4,forecast,Open-Meteo / NASA POWER / IMD (synthetic)
WX000405,REG005,2026-07-15,18.4,29.0,5.2,81.0,8.5,forecast,Open-Meteo / NASA POWER / IMD (synthetic)
WX000406,REG005,2026-07-16,18.4,33.0,2.9,82.1,7.1,forecast,Open-Meteo / NASA POWER / IMD (synthetic)
WX000407,REG005,2026-07-17,18.7,26.1,22.1,78.0,10.7,forecast,Open-Meteo / NASA POWER / IMD (synthetic)
WX000408,REG005,2026-07-18,17.6,30.6,15.5,79.9,6.7,forecast,Open-Meteo / NASA POWER / IMD (synthetic)
WX000409,REG005,2026-07-19,20.9,28.5,12.6,86.8,7.3,forecast,Open-Meteo / NASA POWER / IMD (synthetic)
WX000410,REG005,2026-07-20,18.3,31.8,11.5,76.5,8.7,forecast,Open-Meteo / NASA POWER / IMD (synthetic)
WX000411,REG005,2026-07-21,18.4,32.4,2.0,76.2,7.5,forecast,Open-Meteo / NASA POWER / IMD (synthetic)
WX000412,REG005,2026-07-22,20.1,29.2,5.5,78.3,12.1,forecast,Open-Meteo / NASA POWER / IMD (synthetic)
WX000413,REG005,2026-07-23,19.4,30.5,2.8,85.7,9.4,forecast,Open-Meteo / NASA POWER / IMD (synthetic)
WX000414,REG005,2026-07-24,18.5,28.6,15.2,76.0,8.3,forecast,Open-Meteo / NASA POWER / IMD (synthetic)
WX000415,REG005,2026-07-25,19.0,29.9,11.4,76.4,8.8,forecast,Open-Meteo / NASA POWER / IMD (synthetic)
WX000416,REG005,2026-07-26,20.2,28.2,6.6,84.2,10.3,forecast,Open-Meteo / NASA POWER / IMD (synthetic)
WX000417,REG005,2026-07-27,18.6,34.0,3.9,67.3,9.8,forecast,Open-Meteo / NASA POWER / IMD (synthetic)
WX000418,REG005,2026-07-28,17.8,30.0,10.9,76.9,13.0,forecast,Open-Meteo / NASA POWER / IMD (synthetic)
WX000419,REG005,2026-07-29,18.1,31.2,3.6,79.0,14.6,forecast,Open-Meteo / NASA POWER / IMD (synthetic)
WX000420,REG005,2026-07-30,22.3,30.0,3.7,79.8,10.3,forecast,Open-Meteo / NASA POWER / IMD (synthetic)
WX000421,REG005,2026-07-31,20.0,30.9,5.7,81.9,6.3,forecast,Open-Meteo / NASA POWER / IMD (synthetic)
WX000422,REG005,2026-08-01,18.9,28.3,2.7,82.9,5.8,forecast,Open-Meteo / NASA POWER / IMD (synthetic)
WX000423,REG005,2026-08-02,19.0,31.3,11.6,87.7,15.6,forecast,Open-Meteo / NASA POWER / IMD (synthetic)
WX000424,REG005,2026-08-03,20.5,28.1,1.3,69.7,7.2,forecast,Open-Meteo / NASA POWER / IMD (synthetic)
WX000425,REG005,2026-08-04,18.7,31.5,4.2,73.0,12.0,forecast,Open-Meteo / NASA POWER / IMD (synthetic)
WX000426,REG005,2026-08-05,19.2,29.8,2.3,77.7,10.9,forecast,Open-Meteo / NASA POWER / IMD (synthetic)
WX000427,REG005,2026-08-06,23.4,27.8,5.6,79.2,11.5,forecast,Open-Meteo / NASA POWER / IMD (synthetic)
WX000428,REG005,2026-08-07,16.7,31.6,9.3,87.7,10.7,forecast,Open-Meteo / NASA POWER / IMD (synthetic)
WX000429,REG005,2026-08-08,17.4,26.9,2.4,78.8,11.2,forecast,Open-Meteo / NASA POWER / IMD (synthetic)
WX000430,REG005,2026-08-09,17.9,30.4,7.7,89.8,15.8,forecast,Open-Meteo / NASA POWER / IMD (synthetic)
WX000431,REG005,2026-08-10,17.1,32.1,6.8,77.9,12.3,forecast,Open-Meteo / NASA POWER / IMD (synthetic)
WX000432,REG005,2026-08-11,18.8,29.9,10.6,84.1,8.2,forecast,Open-Meteo / NASA POWER / IMD (synthetic)
WX000433,REG005,2026-08-12,16.5,28.6,9.4,86.6,8.0,forecast,Open-Meteo / NASA POWER / IMD (synthetic)
WX000434,REG005,2026-08-13,16.8,31.0,13.0,77.0,13.9,forecast,Open-Meteo / NASA POWER / IMD (synthetic)
WX000435,REG005,2026-08-14,18.4,29.5,1.9,80.1,8.6,forecast,Open-Meteo / NASA POWER / IMD (synthetic)
WX000436,REG005,2026-08-15,17.7,31.1,2.2,83.7,8.1,forecast,Open-Meteo / NASA POWER / IMD (synthetic)
WX000437,REG005,2026-08-16,17.9,28.8,10.9,76.2,10.9,forecast,Open-Meteo / NASA POWER / IMD (synthetic)
WX000438,REG005,2026-08-17,17.4,31.1,4.0,81.1,13.5,forecast,Open-Meteo / NASA POWER / IMD (synthetic)
WX000439,REG005,2026-08-18,14.3,31.8,12.3,86.4,9.3,forecast,Open-Meteo / NASA POWER / IMD (synthetic)
WX000440,REG005,2026-08-19,20.6,30.8,6.7,76.1,14.9,forecast,Open-Meteo / NASA POWER / IMD (synthetic)
WX000441,REG005,2026-08-20,17.3,31.0,9.2,80.9,12.5,forecast,Open-Meteo / NASA POWER / IMD (synthetic)
WX000442,REG005,2026-08-21,19.1,29.3,3.3,74.0,6.1,forecast,Open-Meteo / NASA POWER / IMD (synthetic)
WX000443,REG005,2026-08-22,18.3,30.9,8.6,81.6,8.6,forecast,Open-Meteo / NASA POWER / IMD (synthetic)
WX000444,REG005,2026-08-23,17.2,29.1,7.8,76.8,12.9,forecast,Open-Meteo / NASA POWER / IMD (synthetic)
WX000445,REG005,2026-08-24,18.1,26.9,11.1,68.4,10.0,forecast,Open-Meteo / NASA POWER / IMD (synthetic)
WX000446,REG005,2026-08-25,19.0,32.9,5.8,88.8,10.6,forecast,Open-Meteo / NASA POWER / IMD (synthetic)
WX000447,REG005,2026-08-26,18.8,32.3,4.7,86.9,8.1,forecast,Open-Meteo / NASA POWER / IMD (synthetic)
WX000448,REG005,2026-08-27,15.3,28.1,11.6,73.5,11.7,forecast,Open-Meteo / NASA POWER / IMD (synthetic)
WX000449,REG005,2026-08-28,18.2,32.6,4.0,89.5,9.5,forecast,Open-Meteo / NASA POWER / IMD (synthetic)
WX000450,REG005,2026-08-29,19.3,29.4,6.0,81.4,9.9,forecast,Open-Meteo / NASA POWER / IMD (synthetic)
WX000451,REG006,2026-06-01,18.0,28.3,8.5,80.1,6.1,observed,Open-Meteo / NASA POWER / IMD (synthetic)
WX000452,REG006,2026-06-02,17.8,32.7,8.2,81.5,11.1,observed,Open-Meteo / NASA POWER / IMD (synthetic)
WX000453,REG006,2026-06-03,17.7,30.1,7.8,81.7,13.3,observed,Open-Meteo / NASA POWER / IMD (synthetic)
WX000454,REG006,2026-06-04,17.3,29.4,11.7,80.0,7.1,observed,Open-Meteo / NASA POWER / IMD (synthetic)
WX000455,REG006,2026-06-05,19.6,28.1,24.9,80.0,11.1,observed,Open-Meteo / NASA POWER / IMD (synthetic)
WX000456,REG006,2026-06-06,20.4,29.6,8.8,88.8,7.7,observed,Open-Meteo / NASA POWER / IMD (synthetic)
WX000457,REG006,2026-06-07,18.8,25.1,4.0,77.5,11.2,observed,Open-Meteo / NASA POWER / IMD (synthetic)
WX000458,REG006,2026-06-08,22.0,33.4,29.7,77.8,4.7,observed,Open-Meteo / NASA POWER / IMD (synthetic)
WX000459,REG006,2026-06-09,18.9,30.8,2.2,75.7,6.2,observed,Open-Meteo / NASA POWER / IMD (synthetic)
WX000460,REG006,2026-06-10,18.5,29.3,5.0,81.2,5.1,observed,Open-Meteo / NASA POWER / IMD (synthetic)
WX000461,REG006,2026-06-11,18.3,31.8,6.5,82.7,7.2,observed,Open-Meteo / NASA POWER / IMD (synthetic)
WX000462,REG006,2026-06-12,18.7,28.7,7.0,83.9,12.2,forecast,Open-Meteo / NASA POWER / IMD (synthetic)
WX000463,REG006,2026-06-13,19.2,30.3,4.6,75.7,16.1,forecast,Open-Meteo / NASA POWER / IMD (synthetic)
WX000464,REG006,2026-06-14,17.3,30.8,4.5,76.0,8.3,forecast,Open-Meteo / NASA POWER / IMD (synthetic)
WX000465,REG006,2026-06-15,18.3,30.8,3.6,74.4,12.2,forecast,Open-Meteo / NASA POWER / IMD (synthetic)
WX000466,REG006,2026-06-16,17.2,31.6,16.2,76.2,11.5,forecast,Open-Meteo / NASA POWER / IMD (synthetic)
WX000467,REG006,2026-06-17,18.1,27.3,3.1,72.0,10.7,forecast,Open-Meteo / NASA POWER / IMD (synthetic)
WX000468,REG006,2026-06-18,20.6,31.0,14.3,78.7,9.8,forecast,Open-Meteo / NASA POWER / IMD (synthetic)
WX000469,REG006,2026-06-19,21.4,30.9,8.8,79.1,10.4,forecast,Open-Meteo / NASA POWER / IMD (synthetic)
WX000470,REG006,2026-06-20,17.3,30.6,5.7,72.8,11.4,forecast,Open-Meteo / NASA POWER / IMD (synthetic)
WX000471,REG006,2026-06-21,16.9,29.6,7.8,74.7,8.1,forecast,Open-Meteo / NASA POWER / IMD (synthetic)
WX000472,REG006,2026-06-22,16.9,28.1,6.4,73.1,11.8,forecast,Open-Meteo / NASA POWER / IMD (synthetic)
WX000473,REG006,2026-06-23,17.1,31.7,17.2,73.6,13.8,forecast,Open-Meteo / NASA POWER / IMD (synthetic)
WX000474,REG006,2026-06-24,17.0,32.7,8.1,77.2,12.3,forecast,Open-Meteo / NASA POWER / IMD (synthetic)
WX000475,REG006,2026-06-25,17.0,27.2,3.6,77.5,10.2,forecast,Open-Meteo / NASA POWER / IMD (synthetic)
WX000476,REG006,2026-06-26,20.2,29.4,2.8,80.2,7.2,forecast,Open-Meteo / NASA POWER / IMD (synthetic)
WX000477,REG006,2026-06-27,17.3,31.3,13.0,80.1,8.7,forecast,Open-Meteo / NASA POWER / IMD (synthetic)
WX000478,REG006,2026-06-28,18.3,29.1,11.1,80.7,14.2,forecast,Open-Meteo / NASA POWER / IMD (synthetic)
WX000479,REG006,2026-06-29,18.5,31.1,10.4,72.7,9.9,forecast,Open-Meteo / NASA POWER / IMD (synthetic)
WX000480,REG006,2026-06-30,19.8,31.6,17.4,78.8,11.1,forecast,Open-Meteo / NASA POWER / IMD (synthetic)
WX000481,REG006,2026-07-01,14.3,31.1,13.1,85.2,6.7,forecast,Open-Meteo / NASA POWER / IMD (synthetic)
WX000482,REG006,2026-07-02,17.4,30.2,4.0,81.3,9.8,forecast,Open-Meteo / NASA POWER / IMD (synthetic)
WX000483,REG006,2026-07-03,16.8,33.6,3.6,85.1,11.8,forecast,Open-Meteo / NASA POWER / IMD (synthetic)
WX000484,REG006,2026-07-04,20.1,27.2,5.5,84.6,20.5,forecast,Open-Meteo / NASA POWER / IMD (synthetic)
WX000485,REG006,2026-07-05,20.5,29.9,4.3,78.2,8.9,forecast,Open-Meteo / NASA POWER / IMD (synthetic)
WX000486,REG006,2026-07-06,18.5,28.7,4.3,79.2,11.6,forecast,Open-Meteo / NASA POWER / IMD (synthetic)
WX000487,REG006,2026-07-07,18.3,32.0,1.9,76.6,11.1,forecast,Open-Meteo / NASA POWER / IMD (synthetic)
WX000488,REG006,2026-07-08,16.0,30.8,8.8,79.1,9.0,forecast,Open-Meteo / NASA POWER / IMD (synthetic)
WX000489,REG006,2026-07-09,19.2,30.2,5.0,72.1,8.7,forecast,Open-Meteo / NASA POWER / IMD (synthetic)
WX000490,REG006,2026-07-10,19.6,30.3,3.6,78.2,11.9,forecast,Open-Meteo / NASA POWER / IMD (synthetic)
WX000491,REG006,2026-07-11,20.1,30.9,9.0,81.7,10.2,forecast,Open-Meteo / NASA POWER / IMD (synthetic)
WX000492,REG006,2026-07-12,19.0,29.9,11.5,74.3,13.9,forecast,Open-Meteo / NASA POWER / IMD (synthetic)
WX000493,REG006,2026-07-13,16.7,33.5,2.8,81.7,7.9,forecast,Open-Meteo / NASA POWER / IMD (synthetic)
WX000494,REG006,2026-07-14,17.5,27.4,0.4,81.3,11.2,forecast,Open-Meteo / NASA POWER / IMD (synthetic)
WX000495,REG006,2026-07-15,16.8,29.0,10.3,81.8,7.3,forecast,Open-Meteo / NASA POWER / IMD (synthetic)
WX000496,REG006,2026-07-16,16.9,27.9,4.7,90.0,12.8,forecast,Open-Meteo / NASA POWER / IMD (synthetic)
WX000497,REG006,2026-07-17,17.5,32.2,1.9,78.8,6.1,forecast,Open-Meteo / NASA POWER / IMD (synthetic)
WX000498,REG006,2026-07-18,18.1,28.7,8.1,85.1,10.2,forecast,Open-Meteo / NASA POWER / IMD (synthetic)
WX000499,REG006,2026-07-19,19.1,30.0,3.9,78.7,12.8,forecast,Open-Meteo / NASA POWER / IMD (synthetic)
WX000500,REG006,2026-07-20,20.2,30.4,4.0,80.4,11.6,forecast,Open-Meteo / NASA POWER / IMD (synthetic)
WX000501,REG006,2026-07-21,16.9,27.6,15.6,86.0,11.6,forecast,Open-Meteo / NASA POWER / IMD (synthetic)
WX000502,REG006,2026-07-22,21.3,30.4,3.8,79.6,11.1,forecast,Open-Meteo / NASA POWER / IMD (synthetic)
WX000503,REG006,2026-07-23,18.8,32.0,12.3,83.3,7.5,forecast,Open-Meteo / NASA POWER / IMD (synthetic)
WX000504,REG006,2026-07-24,20.2,29.8,7.9,80.7,9.5,forecast,Open-Meteo / NASA POWER / IMD (synthetic)
WX000505,REG006,2026-07-25,17.1,31.9,10.4,82.0,7.6,forecast,Open-Meteo / NASA POWER / IMD (synthetic)
WX000506,REG006,2026-07-26,16.5,30.7,18.1,79.3,9.3,forecast,Open-Meteo / NASA POWER / IMD (synthetic)
WX000507,REG006,2026-07-27,17.3,31.6,11.0,77.4,8.2,forecast,Open-Meteo / NASA POWER / IMD (synthetic)
WX000508,REG006,2026-07-28,17.4,29.3,2.3,86.4,8.4,forecast,Open-Meteo / NASA POWER / IMD (synthetic)
WX000509,REG006,2026-07-29,18.5,30.5,3.4,76.1,5.8,forecast,Open-Meteo / NASA POWER / IMD (synthetic)
WX000510,REG006,2026-07-30,19.4,30.6,1.0,76.7,6.9,forecast,Open-Meteo / NASA POWER / IMD (synthetic)
WX000511,REG006,2026-07-31,15.6,32.3,5.1,90.4,12.7,forecast,Open-Meteo / NASA POWER / IMD (synthetic)
WX000512,REG006,2026-08-01,17.7,28.7,3.3,80.1,17.4,forecast,Open-Meteo / NASA POWER / IMD (synthetic)
WX000513,REG006,2026-08-02,17.5,31.3,2.7,77.6,8.5,forecast,Open-Meteo / NASA POWER / IMD (synthetic)
WX000514,REG006,2026-08-03,20.2,26.9,18.1,82.2,14.5,forecast,Open-Meteo / NASA POWER / IMD (synthetic)
WX000515,REG006,2026-08-04,17.2,29.2,5.3,79.6,12.2,forecast,Open-Meteo / NASA POWER / IMD (synthetic)
WX000516,REG006,2026-08-05,19.6,31.4,2.3,77.8,11.1,forecast,Open-Meteo / NASA POWER / IMD (synthetic)
WX000517,REG006,2026-08-06,18.3,25.7,1.6,70.1,13.7,forecast,Open-Meteo / NASA POWER / IMD (synthetic)
WX000518,REG006,2026-08-07,17.6,33.5,8.2,79.6,6.2,forecast,Open-Meteo / NASA POWER / IMD (synthetic)
WX000519,REG006,2026-08-08,18.4,32.7,4.6,78.9,8.1,forecast,Open-Meteo / NASA POWER / IMD (synthetic)
WX000520,REG006,2026-08-09,16.0,30.2,4.5,77.1,8.8,forecast,Open-Meteo / NASA POWER / IMD (synthetic)
WX000521,REG006,2026-08-10,18.9,32.5,5.5,70.8,10.6,forecast,Open-Meteo / NASA POWER / IMD (synthetic)
WX000522,REG006,2026-08-11,18.4,31.8,14.0,75.6,10.7,forecast,Open-Meteo / NASA POWER / IMD (synthetic)
WX000523,REG006,2026-08-12,18.2,33.0,4.9,88.3,9.3,forecast,Open-Meteo / NASA POWER / IMD (synthetic)
WX000524,REG006,2026-08-13,18.0,31.4,19.5,76.9,12.1,forecast,Open-Meteo / NASA POWER / IMD (synthetic)
WX000525,REG006,2026-08-14,19.6,33.3,7.6,78.9,14.5,forecast,Open-Meteo / NASA POWER / IMD (synthetic)
WX000526,REG006,2026-08-15,18.5,30.1,7.5,73.9,12.8,forecast,Open-Meteo / NASA POWER / IMD (synthetic)
WX000527,REG006,2026-08-16,21.4,33.4,6.7,82.6,13.4,forecast,Open-Meteo / NASA POWER / IMD (synthetic)
WX000528,REG006,2026-08-17,19.6,30.2,6.4,81.0,3.8,forecast,Open-Meteo / NASA POWER / IMD (synthetic)
WX000529,REG006,2026-08-18,20.0,27.6,5.1,84.5,9.6,forecast,Open-Meteo / NASA POWER / IMD (synthetic)
WX000530,REG006,2026-08-19,18.3,32.7,12.1,77.0,9.1,forecast,Open-Meteo / NASA POWER / IMD (synthetic)
WX000531,REG006,2026-08-20,18.7,29.7,13.5,75.6,10.5,forecast,Open-Meteo / NASA POWER / IMD (synthetic)
WX000532,REG006,2026-08-21,20.2,30.4,7.5,69.6,9.4,forecast,Open-Meteo / NASA POWER / IMD (synthetic)
WX000533,REG006,2026-08-22,17.8,31.6,5.6,73.3,11.9,forecast,Open-Meteo / NASA POWER / IMD (synthetic)
WX000534,REG006,2026-08-23,17.7,31.3,3.5,84.5,4.6,forecast,Open-Meteo / NASA POWER / IMD (synthetic)
WX000535,REG006,2026-08-24,20.0,33.7,15.7,88.6,9.9,forecast,Open-Meteo / NASA POWER / IMD (synthetic)
WX000536,REG006,2026-08-25,19.2,28.7,19.6,75.7,10.5,forecast,Open-Meteo / NASA POWER / IMD (synthetic)
WX000537,REG006,2026-08-26,18.7,27.7,5.9,79.6,11.0,forecast,Open-Meteo / NASA POWER / IMD (synthetic)
WX000538,REG006,2026-08-27,19.1,27.9,8.0,78.6,12.7,forecast,Open-Meteo / NASA POWER / IMD (synthetic)
WX000539,REG006,2026-08-28,18.8,30.9,5.5,84.1,10.1,forecast,Open-Meteo / NASA POWER / IMD (synthetic)
WX000540,REG006,2026-08-29,20.5,30.4,6.6,87.5,9.2,forecast,Open-Meteo / NASA POWER / IMD (synthetic)
WX000541,REG007,2026-06-01,19.7,31.2,25.2,90.2,2,observed,Open-Meteo / NASA POWER / IMD (synthetic)
WX000542,REG007,2026-06-02,18.3,28.5,7.8,79.8,7.2,observed,Open-Meteo / NASA POWER / IMD (synthetic)
WX000543,REG007,2026-06-03,21.3,29.5,32.5,82.0,11.6,observed,Open-Meteo / NASA POWER / IMD (synthetic)
WX000544,REG007,2026-06-04,17.8,33.7,1.2,74.1,12.4,observed,Open-Meteo / NASA POWER / IMD (synthetic)
WX000545,REG007,2026-06-05,20.0,27.9,10.1,82.0,10.3,observed,Open-Meteo / NASA POWER / IMD (synthetic)
WX000546,REG007,2026-06-06,17.5,30.4,8.7,74.5,14.4,observed,Open-Meteo / NASA POWER / IMD (synthetic)
WX000547,REG007,2026-06-07,19.5,33.1,2.6,77.0,9.0,observed,Open-Meteo / NASA POWER / IMD (synthetic)
WX000548,REG007,2026-06-08,17.9,29.6,1.7,80.3,10.3,observed,Open-Meteo / NASA POWER / IMD (synthetic)
WX000549,REG007,2026-06-09,19.7,30.4,2.2,77.0,6.8,observed,Open-Meteo / NASA POWER / IMD (synthetic)
WX000550,REG007,2026-06-10,18.5,28.6,10.4,79.5,4.0,observed,Open-Meteo / NASA POWER / IMD (synthetic)
WX000551,REG007,2026-06-11,17.7,31.7,10.8,78.2,9.8,observed,Open-Meteo / NASA POWER / IMD (synthetic)
WX000552,REG007,2026-06-12,17.7,30.0,16.0,88.8,11.8,forecast,Open-Meteo / NASA POWER / IMD (synthetic)
WX000553,REG007,2026-06-13,20.6,28.5,0.7,79.3,16.0,forecast,Open-Meteo / NASA POWER / IMD (synthetic)
WX000554,REG007,2026-06-14,19.5,32.5,15.3,76.9,11.7,forecast,Open-Meteo / NASA POWER / IMD (synthetic)
WX000555,REG007,2026-06-15,17.5,30.9,12.9,78.4,8.0,forecast,Open-Meteo / NASA POWER / IMD (synthetic)
WX000556,REG007,2026-06-16,20.2,31.7,7.3,81.9,12.8,forecast,Open-Meteo / NASA POWER / IMD (synthetic)
WX000557,REG007,2026-06-17,18.9,29.7,9.7,78.2,8.4,forecast,Open-Meteo / NASA POWER / IMD (synthetic)
WX000558,REG007,2026-06-18,19.6,32.0,12.8,88.2,9.4,forecast,Open-Meteo / NASA POWER / IMD (synthetic)
WX000559,REG007,2026-06-19,18.6,31.2,14.5,78.0,4.7,forecast,Open-Meteo / NASA POWER / IMD (synthetic)
WX000560,REG007,2026-06-20,20.7,31.1,5.0,72.5,16.0,forecast,Open-Meteo / NASA POWER / IMD (synthetic)
WX000561,REG007,2026-06-21,20.6,32.7,10.2,75.9,10.4,forecast,Open-Meteo / NASA POWER / IMD (synthetic)
WX000562,REG007,2026-06-22,19.3,30.9,11.9,76.2,16.1,forecast,Open-Meteo / NASA POWER / IMD (synthetic)
WX000563,REG007,2026-06-23,19.9,32.9,3.8,74.5,7.4,forecast,Open-Meteo / NASA POWER / IMD (synthetic)
WX000564,REG007,2026-06-24,20.1,36.3,5.2,80.3,14.0,forecast,Open-Meteo / NASA POWER / IMD (synthetic)
WX000565,REG007,2026-06-25,20.8,31.6,12.3,70.0,14.0,forecast,Open-Meteo / NASA POWER / IMD (synthetic)
WX000566,REG007,2026-06-26,20.0,31.0,1.7,81.8,13.3,forecast,Open-Meteo / NASA POWER / IMD (synthetic)
WX000567,REG007,2026-06-27,18.3,32.2,4.0,83.5,12.8,forecast,Open-Meteo / NASA POWER / IMD (synthetic)
WX000568,REG007,2026-06-28,17.7,28.8,13.7,70.6,3.2,forecast,Open-Meteo / NASA POWER / IMD (synthetic)
WX000569,REG007,2026-06-29,21.0,29.0,4.8,84.9,10.0,forecast,Open-Meteo / NASA POWER / IMD (synthetic)
WX000570,REG007,2026-06-30,20.0,31.1,11.2,66.0,8.4,forecast,Open-Meteo / NASA POWER / IMD (synthetic)
WX000571,REG007,2026-07-01,17.7,31.8,14.1,83.7,11.2,forecast,Open-Meteo / NASA POWER / IMD (synthetic)
WX000572,REG007,2026-07-02,19.9,31.7,3.6,79.5,9.5,forecast,Open-Meteo / NASA POWER / IMD (synthetic)
WX000573,REG007,2026-07-03,20.3,27.8,16.0,81.8,8.1,forecast,Open-Meteo / NASA POWER / IMD (synthetic)
WX000574,REG007,2026-07-04,18.7,32.5,7.6,79.0,12.1,forecast,Open-Meteo / NASA POWER / IMD (synthetic)
WX000575,REG007,2026-07-05,20.9,31.3,0.8,78.4,8.7,forecast,Open-Meteo / NASA POWER / IMD (synthetic)
WX000576,REG007,2026-07-06,21.3,31.8,5.4,75.8,16.9,forecast,Open-Meteo / NASA POWER / IMD (synthetic)
WX000577,REG007,2026-07-07,19.1,34.7,8.2,80.6,10.6,forecast,Open-Meteo / NASA POWER / IMD (synthetic)
WX000578,REG007,2026-07-08,18.8,28.7,7.0,84.8,8.3,forecast,Open-Meteo / NASA POWER / IMD (synthetic)
WX000579,REG007,2026-07-09,20.8,31.3,5.0,80.0,10.4,forecast,Open-Meteo / NASA POWER / IMD (synthetic)
WX000580,REG007,2026-07-10,19.5,30.5,5.8,69.9,12.7,forecast,Open-Meteo / NASA POWER / IMD (synthetic)
WX000581,REG007,2026-07-11,21.3,31.8,10.5,85.4,12.0,forecast,Open-Meteo / NASA POWER / IMD (synthetic)
WX000582,REG007,2026-07-12,17.7,31.8,11.3,77.2,7.2,forecast,Open-Meteo / NASA POWER / IMD (synthetic)
WX000583,REG007,2026-07-13,18.2,29.4,6.4,78.2,13.0,forecast,Open-Meteo / NASA POWER / IMD (synthetic)
WX000584,REG007,2026-07-14,20.1,31.1,1.8,75.8,11.4,forecast,Open-Meteo / NASA POWER / IMD (synthetic)
WX000585,REG007,2026-07-15,18.9,34.3,4.1,74.2,7.2,forecast,Open-Meteo / NASA POWER / IMD (synthetic)
WX000586,REG007,2026-07-16,22.6,31.5,5.1,81.1,11.5,forecast,Open-Meteo / NASA POWER / IMD (synthetic)
WX000587,REG007,2026-07-17,19.6,30.4,5.8,78.0,10.9,forecast,Open-Meteo / NASA POWER / IMD (synthetic)
WX000588,REG007,2026-07-18,18.2,30.1,20.9,74.6,12.3,forecast,Open-Meteo / NASA POWER / IMD (synthetic)
WX000589,REG007,2026-07-19,19.0,24.7,1.6,70.4,15.7,forecast,Open-Meteo / NASA POWER / IMD (synthetic)
WX000590,REG007,2026-07-20,18.9,31.3,5.2,79.1,15.2,forecast,Open-Meteo / NASA POWER / IMD (synthetic)
WX000591,REG007,2026-07-21,19.5,29.5,12.8,86.8,10.8,forecast,Open-Meteo / NASA POWER / IMD (synthetic)
WX000592,REG007,2026-07-22,17.8,30.2,10.5,81.3,11.0,forecast,Open-Meteo / NASA POWER / IMD (synthetic)
WX000593,REG007,2026-07-23,17.6,30.8,10.7,80.7,16.1,forecast,Open-Meteo / NASA POWER / IMD (synthetic)
WX000594,REG007,2026-07-24,17.7,34.8,5.5,90.6,9.9,forecast,Open-Meteo / NASA POWER / IMD (synthetic)
WX000595,REG007,2026-07-25,22.7,31.5,8.9,83.0,6.0,forecast,Open-Meteo / NASA POWER / IMD (synthetic)
WX000596,REG007,2026-07-26,19.4,31.6,17.3,76.7,13.1,forecast,Open-Meteo / NASA POWER / IMD (synthetic)
WX000597,REG007,2026-07-27,17.8,30.4,5.0,89.3,6.4,forecast,Open-Meteo / NASA POWER / IMD (synthetic)
WX000598,REG007,2026-07-28,17.8,31.6,1.9,80.6,7.5,forecast,Open-Meteo / NASA POWER / IMD (synthetic)
WX000599,REG007,2026-07-29,17.7,31.6,8.5,74.6,12.2,forecast,Open-Meteo / NASA POWER / IMD (synthetic)
WX000600,REG007,2026-07-30,20.3,33.2,2.5,80.4,18.2,forecast,Open-Meteo / NASA POWER / IMD (synthetic)
WX000601,REG007,2026-07-31,19.6,30.1,12.6,78.5,7.9,forecast,Open-Meteo / NASA POWER / IMD (synthetic)
WX000602,REG007,2026-08-01,19.8,33.2,3.0,75.3,9.1,forecast,Open-Meteo / NASA POWER / IMD (synthetic)
WX000603,REG007,2026-08-02,20.8,31.6,12.2,71.0,8.7,forecast,Open-Meteo / NASA POWER / IMD (synthetic)
WX000604,REG007,2026-08-03,18.8,29.7,33.2,93.6,12.2,forecast,Open-Meteo / NASA POWER / IMD (synthetic)
WX000605,REG007,2026-08-04,18.2,31.2,2.8,95.9,10.7,forecast,Open-Meteo / NASA POWER / IMD (synthetic)
WX000606,REG007,2026-08-05,18.5,31.1,17.3,77.8,15.4,forecast,Open-Meteo / NASA POWER / IMD (synthetic)
WX000607,REG007,2026-08-06,21.3,31.1,2.3,78.0,13.4,forecast,Open-Meteo / NASA POWER / IMD (synthetic)
WX000608,REG007,2026-08-07,21.1,32.3,11.1,79.5,12.1,forecast,Open-Meteo / NASA POWER / IMD (synthetic)
WX000609,REG007,2026-08-08,18.5,32.6,3.3,83.2,9.9,forecast,Open-Meteo / NASA POWER / IMD (synthetic)
WX000610,REG007,2026-08-09,21.0,29.2,2.0,75.8,8.3,forecast,Open-Meteo / NASA POWER / IMD (synthetic)
WX000611,REG007,2026-08-10,17.8,28.7,5.4,81.1,5.0,forecast,Open-Meteo / NASA POWER / IMD (synthetic)
WX000612,REG007,2026-08-11,19.1,30.6,17.7,77.9,13.0,forecast,Open-Meteo / NASA POWER / IMD (synthetic)
WX000613,REG007,2026-08-12,18.2,33.5,7.7,82.2,7.1,forecast,Open-Meteo / NASA POWER / IMD (synthetic)
WX000614,REG007,2026-08-13,18.5,31.0,3.6,76.7,6.8,forecast,Open-Meteo / NASA POWER / IMD (synthetic)
WX000615,REG007,2026-08-14,18.4,30.2,9.3,75.8,11.6,forecast,Open-Meteo / NASA POWER / IMD (synthetic)
WX000616,REG007,2026-08-15,20.7,33.1,7.9,80.4,4.4,forecast,Open-Meteo / NASA POWER / IMD (synthetic)
WX000617,REG007,2026-08-16,18.3,30.5,3.5,78.8,10.7,forecast,Open-Meteo / NASA POWER / IMD (synthetic)
WX000618,REG007,2026-08-17,17.3,31.2,5.6,86.1,7.6,forecast,Open-Meteo / NASA POWER / IMD (synthetic)
WX000619,REG007,2026-08-18,17.8,27.4,1.6,78.0,7.7,forecast,Open-Meteo / NASA POWER / IMD (synthetic)
WX000620,REG007,2026-08-19,18.5,29.6,7.0,80.2,10.6,forecast,Open-Meteo / NASA POWER / IMD (synthetic)
WX000621,REG007,2026-08-20,17.2,33.1,11.0,74.5,9.7,forecast,Open-Meteo / NASA POWER / IMD (synthetic)
WX000622,REG007,2026-08-21,20.9,32.0,9.9,80.4,2,forecast,Open-Meteo / NASA POWER / IMD (synthetic)
WX000623,REG007,2026-08-22,21.6,29.7,9.3,79.1,7.7,forecast,Open-Meteo / NASA POWER / IMD (synthetic)
WX000624,REG007,2026-08-23,19.1,32.7,4.7,81.2,11.9,forecast,Open-Meteo / NASA POWER / IMD (synthetic)
WX000625,REG007,2026-08-24,18.2,30.2,4.8,74.0,10.7,forecast,Open-Meteo / NASA POWER / IMD (synthetic)
WX000626,REG007,2026-08-25,16.7,31.2,9.5,68.4,6.9,forecast,Open-Meteo / NASA POWER / IMD (synthetic)
WX000627,REG007,2026-08-26,18.6,32.7,9.3,82.2,9.2,forecast,Open-Meteo / NASA POWER / IMD (synthetic)
WX000628,REG007,2026-08-27,20.3,32.8,22.1,81.0,9.6,forecast,Open-Meteo / NASA POWER / IMD (synthetic)
WX000629,REG007,2026-08-28,20.0,31.8,8.2,82.0,10.7,forecast,Open-Meteo / NASA POWER / IMD (synthetic)
WX000630,REG007,2026-08-29,19.3,31.6,8.1,85.5,13.8,forecast,Open-Meteo / NASA POWER / IMD (synthetic)
WX000631,REG008,2026-06-01,20.9,32.0,1.1,77.0,13.8,observed,Open-Meteo / NASA POWER / IMD (synthetic)
WX000632,REG008,2026-06-02,20.7,32.3,2.4,75.6,8.6,observed,Open-Meteo / NASA POWER / IMD (synthetic)
WX000633,REG008,2026-06-03,19.0,31.0,18.3,77.9,7.2,observed,Open-Meteo / NASA POWER / IMD (synthetic)
WX000634,REG008,2026-06-04,20.3,33.8,9.6,82.7,8.1,observed,Open-Meteo / NASA POWER / IMD (synthetic)
WX000635,REG008,2026-06-05,18.6,31.9,5.7,73.5,10.8,observed,Open-Meteo / NASA POWER / IMD (synthetic)
WX000636,REG008,2026-06-06,18.5,33.7,4.6,72.7,9.3,observed,Open-Meteo / NASA POWER / IMD (synthetic)
WX000637,REG008,2026-06-07,17.5,28.5,14.9,72.7,12.0,observed,Open-Meteo / NASA POWER / IMD (synthetic)
WX000638,REG008,2026-06-08,19.9,31.1,1.4,76.6,11.4,observed,Open-Meteo / NASA POWER / IMD (synthetic)
WX000639,REG008,2026-06-09,18.2,32.4,5.9,77.4,2.1,observed,Open-Meteo / NASA POWER / IMD (synthetic)
WX000640,REG008,2026-06-10,22.4,33.9,5.0,82.0,7.1,observed,Open-Meteo / NASA POWER / IMD (synthetic)
WX000641,REG008,2026-06-11,21.7,31.9,4.3,82.8,10.5,observed,Open-Meteo / NASA POWER / IMD (synthetic)
WX000642,REG008,2026-06-12,21.0,32.8,22.3,79.9,4.0,forecast,Open-Meteo / NASA POWER / IMD (synthetic)
WX000643,REG008,2026-06-13,17.3,30.2,13.0,85.2,12.7,forecast,Open-Meteo / NASA POWER / IMD (synthetic)
WX000644,REG008,2026-06-14,19.7,33.0,5.2,80.0,11.4,forecast,Open-Meteo / NASA POWER / IMD (synthetic)
WX000645,REG008,2026-06-15,21.6,30.9,18.7,76.7,11.3,forecast,Open-Meteo / NASA POWER / IMD (synthetic)
WX000646,REG008,2026-06-16,18.4,30.7,13.3,72.3,11.4,forecast,Open-Meteo / NASA POWER / IMD (synthetic)
WX000647,REG008,2026-06-17,21.1,32.6,1.7,66.4,13.4,forecast,Open-Meteo / NASA POWER / IMD (synthetic)
WX000648,REG008,2026-06-18,19.8,31.3,11.5,82.5,16.6,forecast,Open-Meteo / NASA POWER / IMD (synthetic)
WX000649,REG008,2026-06-19,21.3,31.3,9.0,84.9,13.7,forecast,Open-Meteo / NASA POWER / IMD (synthetic)
WX000650,REG008,2026-06-20,17.8,33.0,8.1,84.1,11.9,forecast,Open-Meteo / NASA POWER / IMD (synthetic)
WX000651,REG008,2026-06-21,18.4,31.7,4.9,81.2,11.4,forecast,Open-Meteo / NASA POWER / IMD (synthetic)
WX000652,REG008,2026-06-22,22.8,29.8,3.5,79.9,10.4,forecast,Open-Meteo / NASA POWER / IMD (synthetic)
WX000653,REG008,2026-06-23,23.2,31.4,9.7,84.4,9.1,forecast,Open-Meteo / NASA POWER / IMD (synthetic)
WX000654,REG008,2026-06-24,19.6,33.2,5.5,73.3,12.1,forecast,Open-Meteo / NASA POWER / IMD (synthetic)
WX000655,REG008,2026-06-25,19.3,31.0,8.2,96.3,5.6,forecast,Open-Meteo / NASA POWER / IMD (synthetic)
WX000656,REG008,2026-06-26,20.3,31.2,11.2,75.0,7.4,forecast,Open-Meteo / NASA POWER / IMD (synthetic)
WX000657,REG008,2026-06-27,20.0,32.1,5.5,83.3,9.5,forecast,Open-Meteo / NASA POWER / IMD (synthetic)
WX000658,REG008,2026-06-28,17.5,31.1,4.4,66.1,8.6,forecast,Open-Meteo / NASA POWER / IMD (synthetic)
WX000659,REG008,2026-06-29,20.4,32.9,6.2,78.1,6.0,forecast,Open-Meteo / NASA POWER / IMD (synthetic)
WX000660,REG008,2026-06-30,19.3,32.6,1.5,81.2,8.5,forecast,Open-Meteo / NASA POWER / IMD (synthetic)
WX000661,REG008,2026-07-01,16.7,30.8,18.2,74.8,12.7,forecast,Open-Meteo / NASA POWER / IMD (synthetic)
WX000662,REG008,2026-07-02,18.5,31.2,13.8,81.5,12.7,forecast,Open-Meteo / NASA POWER / IMD (synthetic)
WX000663,REG008,2026-07-03,20.5,28.6,4.0,78.9,11.5,forecast,Open-Meteo / NASA POWER / IMD (synthetic)
WX000664,REG008,2026-07-04,19.3,35.3,4.6,84.6,6.4,forecast,Open-Meteo / NASA POWER / IMD (synthetic)
WX000665,REG008,2026-07-05,18.1,34.2,5.0,78.9,5.0,forecast,Open-Meteo / NASA POWER / IMD (synthetic)
WX000666,REG008,2026-07-06,20.7,30.6,4.9,84.4,2.5,forecast,Open-Meteo / NASA POWER / IMD (synthetic)
WX000667,REG008,2026-07-07,19.9,31.5,5.5,81.7,10.5,forecast,Open-Meteo / NASA POWER / IMD (synthetic)
WX000668,REG008,2026-07-08,20.7,31.7,7.3,88.2,8.8,forecast,Open-Meteo / NASA POWER / IMD (synthetic)
WX000669,REG008,2026-07-09,17.6,32.6,1.0,78.7,10.9,forecast,Open-Meteo / NASA POWER / IMD (synthetic)
WX000670,REG008,2026-07-10,18.5,30.0,2.5,76.4,10.6,forecast,Open-Meteo / NASA POWER / IMD (synthetic)
WX000671,REG008,2026-07-11,19.4,34.4,8.2,81.0,12.3,forecast,Open-Meteo / NASA POWER / IMD (synthetic)
WX000672,REG008,2026-07-12,18.1,33.2,6.6,69.4,2,forecast,Open-Meteo / NASA POWER / IMD (synthetic)
WX000673,REG008,2026-07-13,18.3,27.2,3.8,75.2,12.2,forecast,Open-Meteo / NASA POWER / IMD (synthetic)
WX000674,REG008,2026-07-14,18.9,30.5,4.5,80.2,6.7,forecast,Open-Meteo / NASA POWER / IMD (synthetic)
WX000675,REG008,2026-07-15,18.1,33.7,10.7,73.1,3.7,forecast,Open-Meteo / NASA POWER / IMD (synthetic)
WX000676,REG008,2026-07-16,20.9,30.8,5.2,77.7,6.1,forecast,Open-Meteo / NASA POWER / IMD (synthetic)
WX000677,REG008,2026-07-17,20.1,30.7,1.3,74.7,10.5,forecast,Open-Meteo / NASA POWER / IMD (synthetic)
WX000678,REG008,2026-07-18,22.4,32.5,6.7,80.3,12.8,forecast,Open-Meteo / NASA POWER / IMD (synthetic)
WX000679,REG008,2026-07-19,19.4,30.1,16.6,77.2,9.2,forecast,Open-Meteo / NASA POWER / IMD (synthetic)
WX000680,REG008,2026-07-20,21.7,30.5,24.2,89.9,11.7,forecast,Open-Meteo / NASA POWER / IMD (synthetic)
WX000681,REG008,2026-07-21,20.7,30.4,17.0,73.3,10.2,forecast,Open-Meteo / NASA POWER / IMD (synthetic)
WX000682,REG008,2026-07-22,20.5,32.1,15.6,84.6,13.8,forecast,Open-Meteo / NASA POWER / IMD (synthetic)
WX000683,REG008,2026-07-23,17.5,28.1,5.7,83.8,6.6,forecast,Open-Meteo / NASA POWER / IMD (synthetic)
WX000684,REG008,2026-07-24,20.4,31.6,9.2,82.7,9.5,forecast,Open-Meteo / NASA POWER / IMD (synthetic)
WX000685,REG008,2026-07-25,16.6,29.1,4.8,82.7,10.3,forecast,Open-Meteo / NASA POWER / IMD (synthetic)
WX000686,REG008,2026-07-26,16.9,31.9,9.9,84.4,3.7,forecast,Open-Meteo / NASA POWER / IMD (synthetic)
WX000687,REG008,2026-07-27,20.4,32.9,0.6,76.3,8.9,forecast,Open-Meteo / NASA POWER / IMD (synthetic)
WX000688,REG008,2026-07-28,19.2,32.8,9.7,77.8,11.6,forecast,Open-Meteo / NASA POWER / IMD (synthetic)
WX000689,REG008,2026-07-29,18.5,29.0,1.3,88.5,10.3,forecast,Open-Meteo / NASA POWER / IMD (synthetic)
WX000690,REG008,2026-07-30,19.2,29.6,4.7,78.2,9.3,forecast,Open-Meteo / NASA POWER / IMD (synthetic)
WX000691,REG008,2026-07-31,20.6,29.0,6.4,80.1,9.6,forecast,Open-Meteo / NASA POWER / IMD (synthetic)
WX000692,REG008,2026-08-01,18.7,28.8,8.7,77.0,7.1,forecast,Open-Meteo / NASA POWER / IMD (synthetic)
WX000693,REG008,2026-08-02,22.4,31.5,23.6,78.7,7.0,forecast,Open-Meteo / NASA POWER / IMD (synthetic)
WX000694,REG008,2026-08-03,19.1,32.1,2.5,81.7,8.9,forecast,Open-Meteo / NASA POWER / IMD (synthetic)
WX000695,REG008,2026-08-04,21.0,32.2,14.8,76.8,5.5,forecast,Open-Meteo / NASA POWER / IMD (synthetic)
WX000696,REG008,2026-08-05,20.2,32.5,5.9,82.7,6.9,forecast,Open-Meteo / NASA POWER / IMD (synthetic)
WX000697,REG008,2026-08-06,18.4,30.9,12.2,84.6,7.1,forecast,Open-Meteo / NASA POWER / IMD (synthetic)
WX000698,REG008,2026-08-07,18.1,32.6,5.6,74.2,9.5,forecast,Open-Meteo / NASA POWER / IMD (synthetic)
WX000699,REG008,2026-08-08,21.6,34.8,11.1,79.5,6.6,forecast,Open-Meteo / NASA POWER / IMD (synthetic)
WX000700,REG008,2026-08-09,19.4,28.8,8.5,85.9,10.3,forecast,Open-Meteo / NASA POWER / IMD (synthetic)
WX000701,REG008,2026-08-10,20.1,28.5,3.5,84.8,11.6,forecast,Open-Meteo / NASA POWER / IMD (synthetic)
WX000702,REG008,2026-08-11,19.7,31.8,5.9,85.0,9.1,forecast,Open-Meteo / NASA POWER / IMD (synthetic)
WX000703,REG008,2026-08-12,23.7,29.9,8.7,87.0,8.6,forecast,Open-Meteo / NASA POWER / IMD (synthetic)
WX000704,REG008,2026-08-13,20.2,31.1,2.8,73.7,9.4,forecast,Open-Meteo / NASA POWER / IMD (synthetic)
WX000705,REG008,2026-08-14,19.0,32.4,4.6,72.9,12.8,forecast,Open-Meteo / NASA POWER / IMD (synthetic)
WX000706,REG008,2026-08-15,20.8,31.6,12.0,77.7,8.8,forecast,Open-Meteo / NASA POWER / IMD (synthetic)
WX000707,REG008,2026-08-16,21.6,29.5,0.3,71.5,9.6,forecast,Open-Meteo / NASA POWER / IMD (synthetic)
WX000708,REG008,2026-08-17,20.8,32.2,7.9,84.7,15.9,forecast,Open-Meteo / NASA POWER / IMD (synthetic)
WX000709,REG008,2026-08-18,21.3,32.0,10.4,73.0,13.1,forecast,Open-Meteo / NASA POWER / IMD (synthetic)
WX000710,REG008,2026-08-19,20.0,34.3,7.3,81.1,11.6,forecast,Open-Meteo / NASA POWER / IMD (synthetic)
WX000711,REG008,2026-08-20,18.8,30.9,9.6,78.5,9.2,forecast,Open-Meteo / NASA POWER / IMD (synthetic)
WX000712,REG008,2026-08-21,18.3,30.7,32.7,82.7,12.7,forecast,Open-Meteo / NASA POWER / IMD (synthetic)
WX000713,REG008,2026-08-22,18.8,33.0,8.0,81.9,12.5,forecast,Open-Meteo / NASA POWER / IMD (synthetic)
WX000714,REG008,2026-08-23,19.5,28.1,2.4,76.6,14.6,forecast,Open-Meteo / NASA POWER / IMD (synthetic)
WX000715,REG008,2026-08-24,18.7,33.8,5.5,78.9,13.2,forecast,Open-Meteo / NASA POWER / IMD (synthetic)
WX000716,REG008,2026-08-25,19.7,32.9,4.2,80.8,12.9,forecast,Open-Meteo / NASA POWER / IMD (synthetic)
WX000717,REG008,2026-08-26,20.7,31.9,5.3,87.0,13.0,forecast,Open-Meteo / NASA POWER / IMD (synthetic)
WX000718,REG008,2026-08-27,19.1,27.1,6.0,75.1,9.5,forecast,Open-Meteo / NASA POWER / IMD (synthetic)
WX000719,REG008,2026-08-28,17.5,29.6,12.7,86.7,13.8,forecast,Open-Meteo / NASA POWER / IMD (synthetic)
WX000720,REG008,2026-08-29,18.6,33.6,5.2,84.1,9.5,forecast,Open-Meteo / NASA POWER / IMD (synthetic)
WX000721,REG009,2026-06-01,21.1,33.1,7.1,75.3,8.9,observed,Open-Meteo / NASA POWER / IMD (synthetic)
WX000722,REG009,2026-06-02,16.2,29.6,4.3,83.4,2.4,observed,Open-Meteo / NASA POWER / IMD (synthetic)
WX000723,REG009,2026-06-03,20.2,34.6,5.2,81.8,10.6,observed,Open-Meteo / NASA POWER / IMD (synthetic)
WX000724,REG009,2026-06-04,19.7,31.5,2.9,75.7,14.3,observed,Open-Meteo / NASA POWER / IMD (synthetic)
WX000725,REG009,2026-06-05,21.2,31.7,6.7,80.2,11.6,observed,Open-Meteo / NASA POWER / IMD (synthetic)
WX000726,REG009,2026-06-06,22.5,33.9,6.3,82.6,13.7,observed,Open-Meteo / NASA POWER / IMD (synthetic)
WX000727,REG009,2026-06-07,19.4,30.4,4.6,79.5,10.6,observed,Open-Meteo / NASA POWER / IMD (synthetic)
WX000728,REG009,2026-06-08,21.7,29.8,15.2,77.0,10.1,observed,Open-Meteo / NASA POWER / IMD (synthetic)
WX000729,REG009,2026-06-09,20.2,34.7,6.4,75.5,10.2,observed,Open-Meteo / NASA POWER / IMD (synthetic)
WX000730,REG009,2026-06-10,19.0,30.7,4.9,83.2,2,observed,Open-Meteo / NASA POWER / IMD (synthetic)
WX000731,REG009,2026-06-11,15.7,30.4,2.1,75.0,14.0,observed,Open-Meteo / NASA POWER / IMD (synthetic)
WX000732,REG009,2026-06-12,19.6,31.2,4.6,81.6,11.2,forecast,Open-Meteo / NASA POWER / IMD (synthetic)
WX000733,REG009,2026-06-13,20.6,31.3,11.1,78.3,8.7,forecast,Open-Meteo / NASA POWER / IMD (synthetic)
WX000734,REG009,2026-06-14,20.0,33.1,3.8,83.0,10.0,forecast,Open-Meteo / NASA POWER / IMD (synthetic)
WX000735,REG009,2026-06-15,18.5,30.8,2.4,78.8,10.2,forecast,Open-Meteo / NASA POWER / IMD (synthetic)
WX000736,REG009,2026-06-16,19.6,34.4,11.1,78.9,11.5,forecast,Open-Meteo / NASA POWER / IMD (synthetic)
WX000737,REG009,2026-06-17,20.3,33.9,0.9,74.6,5.4,forecast,Open-Meteo / NASA POWER / IMD (synthetic)
WX000738,REG009,2026-06-18,21.0,33.6,3.6,87.2,11.0,forecast,Open-Meteo / NASA POWER / IMD (synthetic)
WX000739,REG009,2026-06-19,19.4,34.8,10.4,78.3,12.7,forecast,Open-Meteo / NASA POWER / IMD (synthetic)
WX000740,REG009,2026-06-20,20.3,29.1,2.1,81.4,7.6,forecast,Open-Meteo / NASA POWER / IMD (synthetic)
WX000741,REG009,2026-06-21,19.3,27.1,15.9,75.6,6.1,forecast,Open-Meteo / NASA POWER / IMD (synthetic)
WX000742,REG009,2026-06-22,21.5,33.0,4.4,73.2,6.9,forecast,Open-Meteo / NASA POWER / IMD (synthetic)
WX000743,REG009,2026-06-23,20.1,33.8,2.4,80.2,10.2,forecast,Open-Meteo / NASA POWER / IMD (synthetic)
WX000744,REG009,2026-06-24,18.6,31.1,15.8,82.2,10.0,forecast,Open-Meteo / NASA POWER / IMD (synthetic)
WX000745,REG009,2026-06-25,20.3,33.4,8.3,78.3,11.6,forecast,Open-Meteo / NASA POWER / IMD (synthetic)
WX000746,REG009,2026-06-26,21.7,31.5,7.7,86.6,10.4,forecast,Open-Meteo / NASA POWER / IMD (synthetic)
WX000747,REG009,2026-06-27,21.0,30.9,2.2,76.6,6.1,forecast,Open-Meteo / NASA POWER / IMD (synthetic)
WX000748,REG009,2026-06-28,18.5,30.9,4.9,79.2,6.6,forecast,Open-Meteo / NASA POWER / IMD (synthetic)
WX000749,REG009,2026-06-29,21.5,29.1,16.0,83.0,8.7,forecast,Open-Meteo / NASA POWER / IMD (synthetic)
WX000750,REG009,2026-06-30,18.8,31.2,14.6,86.3,10.1,forecast,Open-Meteo / NASA POWER / IMD (synthetic)
WX000751,REG009,2026-07-01,20.2,31.2,4.4,80.7,12.7,forecast,Open-Meteo / NASA POWER / IMD (synthetic)
WX000752,REG009,2026-07-02,20.1,33.4,5.3,92.9,10.5,forecast,Open-Meteo / NASA POWER / IMD (synthetic)
WX000753,REG009,2026-07-03,18.6,32.0,10.2,87.2,9.9,forecast,Open-Meteo / NASA POWER / IMD (synthetic)
WX000754,REG009,2026-07-04,18.9,33.0,24.7,78.2,9.2,forecast,Open-Meteo / NASA POWER / IMD (synthetic)
WX000755,REG009,2026-07-05,16.8,31.2,6.8,83.2,7.6,forecast,Open-Meteo / NASA POWER / IMD (synthetic)
WX000756,REG009,2026-07-06,18.3,34.8,3.0,72.9,12.6,forecast,Open-Meteo / NASA POWER / IMD (synthetic)
WX000757,REG009,2026-07-07,17.3,29.2,7.1,80.4,7.1,forecast,Open-Meteo / NASA POWER / IMD (synthetic)
WX000758,REG009,2026-07-08,18.8,30.2,3.6,81.0,11.5,forecast,Open-Meteo / NASA POWER / IMD (synthetic)
WX000759,REG009,2026-07-09,20.1,32.9,0.4,76.5,10.9,forecast,Open-Meteo / NASA POWER / IMD (synthetic)
WX000760,REG009,2026-07-10,18.2,29.6,9.2,78.7,7.7,forecast,Open-Meteo / NASA POWER / IMD (synthetic)
WX000761,REG009,2026-07-11,19.7,32.8,5.1,79.0,11.5,forecast,Open-Meteo / NASA POWER / IMD (synthetic)
WX000762,REG009,2026-07-12,17.9,32.4,11.8,90.2,11.4,forecast,Open-Meteo / NASA POWER / IMD (synthetic)
WX000763,REG009,2026-07-13,19.0,31.2,3.8,77.1,13.9,forecast,Open-Meteo / NASA POWER / IMD (synthetic)
WX000764,REG009,2026-07-14,20.3,33.8,0.7,79.4,12.1,forecast,Open-Meteo / NASA POWER / IMD (synthetic)
WX000765,REG009,2026-07-15,20.0,30.8,5.1,77.1,7.8,forecast,Open-Meteo / NASA POWER / IMD (synthetic)
WX000766,REG009,2026-07-16,18.2,30.8,14.2,76.9,9.4,forecast,Open-Meteo / NASA POWER / IMD (synthetic)
WX000767,REG009,2026-07-17,19.0,32.6,5.8,72.5,10.3,forecast,Open-Meteo / NASA POWER / IMD (synthetic)
WX000768,REG009,2026-07-18,19.5,30.5,13.9,78.8,8.4,forecast,Open-Meteo / NASA POWER / IMD (synthetic)
WX000769,REG009,2026-07-19,19.5,30.9,9.2,92.2,14.8,forecast,Open-Meteo / NASA POWER / IMD (synthetic)
WX000770,REG009,2026-07-20,21.0,32.1,14.3,79.0,6.9,forecast,Open-Meteo / NASA POWER / IMD (synthetic)
WX000771,REG009,2026-07-21,20.4,30.3,5.1,80.7,10.4,forecast,Open-Meteo / NASA POWER / IMD (synthetic)
WX000772,REG009,2026-07-22,19.0,32.2,8.3,71.6,13.5,forecast,Open-Meteo / NASA POWER / IMD (synthetic)
WX000773,REG009,2026-07-23,19.8,30.9,11.9,79.6,10.3,forecast,Open-Meteo / NASA POWER / IMD (synthetic)
WX000774,REG009,2026-07-24,18.2,31.1,4.6,79.0,10.0,forecast,Open-Meteo / NASA POWER / IMD (synthetic)
WX000775,REG009,2026-07-25,17.7,29.8,18.8,91.6,12.7,forecast,Open-Meteo / NASA POWER / IMD (synthetic)
WX000776,REG009,2026-07-26,21.9,30.0,8.5,85.4,6.0,forecast,Open-Meteo / NASA POWER / IMD (synthetic)
WX000777,REG009,2026-07-27,19.7,31.1,10.8,82.6,3.0,forecast,Open-Meteo / NASA POWER / IMD (synthetic)
WX000778,REG009,2026-07-28,19.6,32.2,8.4,79.1,14.3,forecast,Open-Meteo / NASA POWER / IMD (synthetic)
WX000779,REG009,2026-07-29,20.4,32.5,7.5,84.5,9.3,forecast,Open-Meteo / NASA POWER / IMD (synthetic)
WX000780,REG009,2026-07-30,20.3,32.6,3.1,78.4,9.2,forecast,Open-Meteo / NASA POWER / IMD (synthetic)
WX000781,REG009,2026-07-31,19.4,30.8,0.9,80.2,12.6,forecast,Open-Meteo / NASA POWER / IMD (synthetic)
WX000782,REG009,2026-08-01,18.4,30.8,5.9,80.1,13.3,forecast,Open-Meteo / NASA POWER / IMD (synthetic)
WX000783,REG009,2026-08-02,19.2,29.2,9.6,76.2,14.3,forecast,Open-Meteo / NASA POWER / IMD (synthetic)
WX000784,REG009,2026-08-03,19.2,29.8,9.6,78.6,15.7,forecast,Open-Meteo / NASA POWER / IMD (synthetic)
WX000785,REG009,2026-08-04,19.5,32.3,17.4,70.0,13.2,forecast,Open-Meteo / NASA POWER / IMD (synthetic)
WX000786,REG009,2026-08-05,20.2,28.5,0.4,77.7,8.2,forecast,Open-Meteo / NASA POWER / IMD (synthetic)
WX000787,REG009,2026-08-06,20.7,29.8,1.7,88.3,9.7,forecast,Open-Meteo / NASA POWER / IMD (synthetic)
WX000788,REG009,2026-08-07,19.2,27.3,36.5,80.4,13.1,forecast,Open-Meteo / NASA POWER / IMD (synthetic)
WX000789,REG009,2026-08-08,19.9,31.4,9.3,74.5,10.9,forecast,Open-Meteo / NASA POWER / IMD (synthetic)
WX000790,REG009,2026-08-09,19.6,32.3,4.1,67.5,10.6,forecast,Open-Meteo / NASA POWER / IMD (synthetic)
WX000791,REG009,2026-08-10,19.6,33.0,12.5,91.6,7.8,forecast,Open-Meteo / NASA POWER / IMD (synthetic)
WX000792,REG009,2026-08-11,17.8,31.5,15.8,82.2,10.6,forecast,Open-Meteo / NASA POWER / IMD (synthetic)
WX000793,REG009,2026-08-12,20.4,30.8,4.4,83.2,9.6,forecast,Open-Meteo / NASA POWER / IMD (synthetic)
WX000794,REG009,2026-08-13,19.5,33.5,0.8,79.3,12.1,forecast,Open-Meteo / NASA POWER / IMD (synthetic)
WX000795,REG009,2026-08-14,20.4,33.8,3.9,76.7,6.9,forecast,Open-Meteo / NASA POWER / IMD (synthetic)
WX000796,REG009,2026-08-15,18.6,30.1,3.5,76.6,8.9,forecast,Open-Meteo / NASA POWER / IMD (synthetic)
WX000797,REG009,2026-08-16,19.2,33.0,4.9,78.5,9.2,forecast,Open-Meteo / NASA POWER / IMD (synthetic)
WX000798,REG009,2026-08-17,19.4,31.7,6.0,82.5,14.4,forecast,Open-Meteo / NASA POWER / IMD (synthetic)
WX000799,REG009,2026-08-18,21.4,29.8,2.0,87.8,9.5,forecast,Open-Meteo / NASA POWER / IMD (synthetic)
WX000800,REG009,2026-08-19,19.0,33.6,5.5,75.0,7.8,forecast,Open-Meteo / NASA POWER / IMD (synthetic)
WX000801,REG009,2026-08-20,19.8,34.7,13.0,79.1,13.0,forecast,Open-Meteo / NASA POWER / IMD (synthetic)
WX000802,REG009,2026-08-21,20.3,32.2,6.9,88.5,2.9,forecast,Open-Meteo / NASA POWER / IMD (synthetic)
WX000803,REG009,2026-08-22,19.9,27.9,7.3,81.0,9.9,forecast,Open-Meteo / NASA POWER / IMD (synthetic)
WX000804,REG009,2026-08-23,19.6,30.9,2.3,81.4,6.7,forecast,Open-Meteo / NASA POWER / IMD (synthetic)
WX000805,REG009,2026-08-24,20.5,31.8,9.0,79.2,11.3,forecast,Open-Meteo / NASA POWER / IMD (synthetic)
WX000806,REG009,2026-08-25,20.9,29.5,20.7,70.8,3.2,forecast,Open-Meteo / NASA POWER / IMD (synthetic)
WX000807,REG009,2026-08-26,18.6,31.8,13.4,79.8,13.6,forecast,Open-Meteo / NASA POWER / IMD (synthetic)
WX000808,REG009,2026-08-27,15.5,32.2,1.4,71.7,11.1,forecast,Open-Meteo / NASA POWER / IMD (synthetic)
WX000809,REG009,2026-08-28,20.3,34.1,2.7,80.7,14.5,forecast,Open-Meteo / NASA POWER / IMD (synthetic)
WX000810,REG009,2026-08-29,17.6,31.0,6.5,74.5,10.4,forecast,Open-Meteo / NASA POWER / IMD (synthetic)
WX000811,REG010,2026-06-01,17.7,31.4,6.3,84.6,11.4,observed,Open-Meteo / NASA POWER / IMD (synthetic)
WX000812,REG010,2026-06-02,21.3,33.0,1.8,78.2,14.4,observed,Open-Meteo / NASA POWER / IMD (synthetic)
WX000813,REG010,2026-06-03,19.3,28.5,7.2,73.0,6.5,observed,Open-Meteo / NASA POWER / IMD (synthetic)
WX000814,REG010,2026-06-04,19.8,33.7,11.8,78.9,12.3,observed,Open-Meteo / NASA POWER / IMD (synthetic)
WX000815,REG010,2026-06-05,17.6,30.5,5.7,80.8,10.1,observed,Open-Meteo / NASA POWER / IMD (synthetic)
WX000816,REG010,2026-06-06,20.8,28.5,0.9,82.4,11.3,observed,Open-Meteo / NASA POWER / IMD (synthetic)
WX000817,REG010,2026-06-07,17.5,28.6,26.1,88.8,8.4,observed,Open-Meteo / NASA POWER / IMD (synthetic)
WX000818,REG010,2026-06-08,21.5,30.2,3.7,82.3,6.9,observed,Open-Meteo / NASA POWER / IMD (synthetic)
WX000819,REG010,2026-06-09,20.2,30.6,8.6,85.5,7.5,observed,Open-Meteo / NASA POWER / IMD (synthetic)
WX000820,REG010,2026-06-10,16.8,32.5,1.7,80.3,10.9,observed,Open-Meteo / NASA POWER / IMD (synthetic)
WX000821,REG010,2026-06-11,21.1,32.6,9.1,80.5,12.4,observed,Open-Meteo / NASA POWER / IMD (synthetic)
WX000822,REG010,2026-06-12,21.5,31.3,6.3,83.8,11.2,forecast,Open-Meteo / NASA POWER / IMD (synthetic)
WX000823,REG010,2026-06-13,17.9,35.5,6.0,75.7,14.5,forecast,Open-Meteo / NASA POWER / IMD (synthetic)
WX000824,REG010,2026-06-14,20.5,33.4,3.3,85.2,8.2,forecast,Open-Meteo / NASA POWER / IMD (synthetic)
WX000825,REG010,2026-06-15,19.1,32.6,31.2,97.3,8.1,forecast,Open-Meteo / NASA POWER / IMD (synthetic)
WX000826,REG010,2026-06-16,21.6,34.5,7.7,70.3,12.2,forecast,Open-Meteo / NASA POWER / IMD (synthetic)
WX000827,REG010,2026-06-17,20.0,34.9,2.2,83.1,15.5,forecast,Open-Meteo / NASA POWER / IMD (synthetic)
WX000828,REG010,2026-06-18,19.6,31.4,4.3,77.0,6.8,forecast,Open-Meteo / NASA POWER / IMD (synthetic)
WX000829,REG010,2026-06-19,21.3,32.4,12.4,80.4,11.1,forecast,Open-Meteo / NASA POWER / IMD (synthetic)
WX000830,REG010,2026-06-20,20.6,28.4,17.9,77.2,11.2,forecast,Open-Meteo / NASA POWER / IMD (synthetic)
WX000831,REG010,2026-06-21,18.1,34.4,2.1,75.7,10.5,forecast,Open-Meteo / NASA POWER / IMD (synthetic)
WX000832,REG010,2026-06-22,18.2,31.8,4.5,76.5,9.1,forecast,Open-Meteo / NASA POWER / IMD (synthetic)
WX000833,REG010,2026-06-23,20.4,31.9,5.4,88.9,6.6,forecast,Open-Meteo / NASA POWER / IMD (synthetic)
WX000834,REG010,2026-06-24,17.4,34.8,8.0,83.6,10.6,forecast,Open-Meteo / NASA POWER / IMD (synthetic)
WX000835,REG010,2026-06-25,21.4,36.0,11.2,87.2,10.6,forecast,Open-Meteo / NASA POWER / IMD (synthetic)
WX000836,REG010,2026-06-26,22.0,33.0,8.5,84.8,8.6,forecast,Open-Meteo / NASA POWER / IMD (synthetic)
WX000837,REG010,2026-06-27,19.9,30.2,7.0,79.3,9.7,forecast,Open-Meteo / NASA POWER / IMD (synthetic)
WX000838,REG010,2026-06-28,20.4,32.6,12.8,80.7,8.2,forecast,Open-Meteo / NASA POWER / IMD (synthetic)
WX000839,REG010,2026-06-29,21.1,31.2,7.3,83.6,8.9,forecast,Open-Meteo / NASA POWER / IMD (synthetic)
WX000840,REG010,2026-06-30,18.6,31.8,16.7,81.5,20.0,forecast,Open-Meteo / NASA POWER / IMD (synthetic)
WX000841,REG010,2026-07-01,16.7,27.9,10.7,80.4,8.2,forecast,Open-Meteo / NASA POWER / IMD (synthetic)
WX000842,REG010,2026-07-02,19.9,32.4,12.4,80.3,13.2,forecast,Open-Meteo / NASA POWER / IMD (synthetic)
WX000843,REG010,2026-07-03,20.9,30.7,11.4,77.4,6.4,forecast,Open-Meteo / NASA POWER / IMD (synthetic)
WX000844,REG010,2026-07-04,18.2,30.5,4.5,73.4,7.4,forecast,Open-Meteo / NASA POWER / IMD (synthetic)
WX000845,REG010,2026-07-05,17.1,30.3,7.5,86.4,5.1,forecast,Open-Meteo / NASA POWER / IMD (synthetic)
WX000846,REG010,2026-07-06,20.3,31.2,19.9,75.3,12.3,forecast,Open-Meteo / NASA POWER / IMD (synthetic)
WX000847,REG010,2026-07-07,19.9,30.7,6.2,84.4,8.6,forecast,Open-Meteo / NASA POWER / IMD (synthetic)
WX000848,REG010,2026-07-08,19.1,34.1,2.4,79.0,12.3,forecast,Open-Meteo / NASA POWER / IMD (synthetic)
WX000849,REG010,2026-07-09,18.8,30.8,4.1,84.8,9.4,forecast,Open-Meteo / NASA POWER / IMD (synthetic)
WX000850,REG010,2026-07-10,19.7,31.9,8.2,84.4,9.9,forecast,Open-Meteo / NASA POWER / IMD (synthetic)
WX000851,REG010,2026-07-11,20.1,30.4,6.4,78.9,14.6,forecast,Open-Meteo / NASA POWER / IMD (synthetic)
WX000852,REG010,2026-07-12,19.0,34.6,0.6,66.9,8.5,forecast,Open-Meteo / NASA POWER / IMD (synthetic)
WX000853,REG010,2026-07-13,18.9,31.1,2.8,83.0,10.6,forecast,Open-Meteo / NASA POWER / IMD (synthetic)
WX000854,REG010,2026-07-14,18.5,34.6,3.9,89.3,12.3,forecast,Open-Meteo / NASA POWER / IMD (synthetic)
WX000855,REG010,2026-07-15,20.5,30.7,18.4,76.6,9.3,forecast,Open-Meteo / NASA POWER / IMD (synthetic)
WX000856,REG010,2026-07-16,19.3,30.3,7.1,77.2,10.6,forecast,Open-Meteo / NASA POWER / IMD (synthetic)
WX000857,REG010,2026-07-17,17.1,30.3,9.1,78.2,12.6,forecast,Open-Meteo / NASA POWER / IMD (synthetic)
WX000858,REG010,2026-07-18,18.7,32.8,2.9,71.9,15.0,forecast,Open-Meteo / NASA POWER / IMD (synthetic)
WX000859,REG010,2026-07-19,19.5,32.4,11.0,68.1,9.9,forecast,Open-Meteo / NASA POWER / IMD (synthetic)
WX000860,REG010,2026-07-20,20.9,32.9,15.0,73.4,12.1,forecast,Open-Meteo / NASA POWER / IMD (synthetic)
WX000861,REG010,2026-07-21,20.3,35.7,5.7,77.6,12.9,forecast,Open-Meteo / NASA POWER / IMD (synthetic)
WX000862,REG010,2026-07-22,18.9,30.2,1.9,80.0,11.3,forecast,Open-Meteo / NASA POWER / IMD (synthetic)
WX000863,REG010,2026-07-23,20.7,32.0,2.8,86.3,7.2,forecast,Open-Meteo / NASA POWER / IMD (synthetic)
WX000864,REG010,2026-07-24,19.2,30.4,1.6,84.9,7.9,forecast,Open-Meteo / NASA POWER / IMD (synthetic)
WX000865,REG010,2026-07-25,20.7,31.6,5.0,75.4,12.3,forecast,Open-Meteo / NASA POWER / IMD (synthetic)
WX000866,REG010,2026-07-26,18.6,29.7,8.7,85.3,10.3,forecast,Open-Meteo / NASA POWER / IMD (synthetic)
WX000867,REG010,2026-07-27,20.1,31.4,10.4,80.3,12.4,forecast,Open-Meteo / NASA POWER / IMD (synthetic)
WX000868,REG010,2026-07-28,20.0,30.8,6.1,75.7,7.1,forecast,Open-Meteo / NASA POWER / IMD (synthetic)
WX000869,REG010,2026-07-29,20.7,32.6,8.8,90.5,11.5,forecast,Open-Meteo / NASA POWER / IMD (synthetic)
WX000870,REG010,2026-07-30,19.4,30.6,17.7,77.7,7.8,forecast,Open-Meteo / NASA POWER / IMD (synthetic)
WX000871,REG010,2026-07-31,19.4,30.5,6.0,82.7,8.1,forecast,Open-Meteo / NASA POWER / IMD (synthetic)
WX000872,REG010,2026-08-01,19.3,30.8,10.9,69.2,8.4,forecast,Open-Meteo / NASA POWER / IMD (synthetic)
WX000873,REG010,2026-08-02,22.1,31.9,1.7,82.2,6.5,forecast,Open-Meteo / NASA POWER / IMD (synthetic)
WX000874,REG010,2026-08-03,20.1,29.9,1.1,82.9,9.2,forecast,Open-Meteo / NASA POWER / IMD (synthetic)
WX000875,REG010,2026-08-04,17.7,32.8,8.1,77.6,11.1,forecast,Open-Meteo / NASA POWER / IMD (synthetic)
WX000876,REG010,2026-08-05,19.3,31.2,7.2,82.3,13.6,forecast,Open-Meteo / NASA POWER / IMD (synthetic)
WX000877,REG010,2026-08-06,19.4,31.2,3.6,79.8,8.7,forecast,Open-Meteo / NASA POWER / IMD (synthetic)
WX000878,REG010,2026-08-07,20.0,32.2,19.2,78.9,15.2,forecast,Open-Meteo / NASA POWER / IMD (synthetic)
WX000879,REG010,2026-08-08,20.8,29.5,1.7,81.2,12.0,forecast,Open-Meteo / NASA POWER / IMD (synthetic)
WX000880,REG010,2026-08-09,20.4,32.7,11.4,81.7,8.3,forecast,Open-Meteo / NASA POWER / IMD (synthetic)
WX000881,REG010,2026-08-10,17.6,32.8,11.2,80.1,12.2,forecast,Open-Meteo / NASA POWER / IMD (synthetic)
WX000882,REG010,2026-08-11,20.1,30.4,3.1,79.7,4.9,forecast,Open-Meteo / NASA POWER / IMD (synthetic)
WX000883,REG010,2026-08-12,21.1,31.7,4.0,78.3,8.7,forecast,Open-Meteo / NASA POWER / IMD (synthetic)
WX000884,REG010,2026-08-13,19.8,32.8,8.1,84.4,10.4,forecast,Open-Meteo / NASA POWER / IMD (synthetic)
WX000885,REG010,2026-08-14,20.4,34.5,5.6,78.6,6.1,forecast,Open-Meteo / NASA POWER / IMD (synthetic)
WX000886,REG010,2026-08-15,20.6,32.8,13.8,77.8,8.2,forecast,Open-Meteo / NASA POWER / IMD (synthetic)
WX000887,REG010,2026-08-16,19.7,32.6,9.0,75.9,7.4,forecast,Open-Meteo / NASA POWER / IMD (synthetic)
WX000888,REG010,2026-08-17,17.9,30.0,13.2,82.2,8.5,forecast,Open-Meteo / NASA POWER / IMD (synthetic)
WX000889,REG010,2026-08-18,18.6,28.5,3.4,74.2,7.3,forecast,Open-Meteo / NASA POWER / IMD (synthetic)
WX000890,REG010,2026-08-19,21.9,29.3,3.2,74.3,11.0,forecast,Open-Meteo / NASA POWER / IMD (synthetic)
WX000891,REG010,2026-08-20,22.1,31.8,5.9,77.9,9.7,forecast,Open-Meteo / NASA POWER / IMD (synthetic)
WX000892,REG010,2026-08-21,21.8,33.4,12.8,84.5,7.6,forecast,Open-Meteo / NASA POWER / IMD (synthetic)
WX000893,REG010,2026-08-22,22.9,31.3,11.7,81.2,13.2,forecast,Open-Meteo / NASA POWER / IMD (synthetic)
WX000894,REG010,2026-08-23,22.1,35.0,6.9,78.4,16.1,forecast,Open-Meteo / NASA POWER / IMD (synthetic)
WX000895,REG010,2026-08-24,18.0,30.6,13.0,80.8,9.9,forecast,Open-Meteo / NASA POWER / IMD (synthetic)
WX000896,REG010,2026-08-25,20.2,33.8,5.4,77.1,6.3,forecast,Open-Meteo / NASA POWER / IMD (synthetic)
WX000897,REG010,2026-08-26,20.5,33.7,5.7,72.6,7.7,forecast,Open-Meteo / NASA POWER / IMD (synthetic)
WX000898,REG010,2026-08-27,20.8,32.0,22.8,78.5,9.9,forecast,Open-Meteo / NASA POWER / IMD (synthetic)
WX000899,REG010,2026-08-28,20.5,32.3,8.3,78.3,8.9,forecast,Open-Meteo / NASA POWER / IMD (synthetic)
WX000900,REG010,2026-08-29,18.8,32.6,4.7,72.0,12.7,forecast,Open-Meteo / NASA POWER / IMD (synthetic)
WX000901,REG011,2026-06-01,22.6,33.8,16.8,70.2,11.4,observed,Open-Meteo / NASA POWER / IMD (synthetic)
WX000902,REG011,2026-06-02,21.7,31.7,13.4,76.5,13.3,observed,Open-Meteo / NASA POWER / IMD (synthetic)
WX000903,REG011,2026-06-03,18.1,35.2,9.2,79.2,12.6,observed,Open-Meteo / NASA POWER / IMD (synthetic)
WX000904,REG011,2026-06-04,20.6,31.4,2.7,91.7,8.8,observed,Open-Meteo / NASA POWER / IMD (synthetic)
WX000905,REG011,2026-06-05,20.0,34.1,9.0,87.3,8.4,observed,Open-Meteo / NASA POWER / IMD (synthetic)
WX000906,REG011,2026-06-06,20.6,36.2,2.1,82.1,7.5,observed,Open-Meteo / NASA POWER / IMD (synthetic)
WX000907,REG011,2026-06-07,20.3,33.4,2.8,84.1,6.7,observed,Open-Meteo / NASA POWER / IMD (synthetic)
WX000908,REG011,2026-06-08,20.1,31.9,10.7,79.6,8.8,observed,Open-Meteo / NASA POWER / IMD (synthetic)
WX000909,REG011,2026-06-09,19.7,33.0,5.8,78.2,15.1,observed,Open-Meteo / NASA POWER / IMD (synthetic)
WX000910,REG011,2026-06-10,18.2,31.5,8.0,73.6,8.5,observed,Open-Meteo / NASA POWER / IMD (synthetic)
WX000911,REG011,2026-06-11,18.7,34.3,17.1,84.5,11.5,observed,Open-Meteo / NASA POWER / IMD (synthetic)
WX000912,REG011,2026-06-12,21.9,32.0,6.3,80.0,5.8,forecast,Open-Meteo / NASA POWER / IMD (synthetic)
WX000913,REG011,2026-06-13,20.9,32.2,1.4,82.1,9.1,forecast,Open-Meteo / NASA POWER / IMD (synthetic)
WX000914,REG011,2026-06-14,19.0,31.7,3.9,77.9,11.7,forecast,Open-Meteo / NASA POWER / IMD (synthetic)
WX000915,REG011,2026-06-15,22.1,30.5,4.5,76.4,9.9,forecast,Open-Meteo / NASA POWER / IMD (synthetic)
WX000916,REG011,2026-06-16,19.1,35.2,9.0,79.6,8.8,forecast,Open-Meteo / NASA POWER / IMD (synthetic)
WX000917,REG011,2026-06-17,20.1,34.3,8.0,76.3,12.2,forecast,Open-Meteo / NASA POWER / IMD (synthetic)
WX000918,REG011,2026-06-18,20.3,33.1,13.7,83.7,8.3,forecast,Open-Meteo / NASA POWER / IMD (synthetic)
WX000919,REG011,2026-06-19,20.8,31.1,1.8,80.6,7.3,forecast,Open-Meteo / NASA POWER / IMD (synthetic)
WX000920,REG011,2026-06-20,20.7,33.7,6.2,75.3,8.1,forecast,Open-Meteo / NASA POWER / IMD (synthetic)
WX000921,REG011,2026-06-21,19.9,32.7,8.2,75.0,7.8,forecast,Open-Meteo / NASA POWER / IMD (synthetic)
WX000922,REG011,2026-06-22,20.8,32.5,2.4,89.7,7.3,forecast,Open-Meteo / NASA POWER / IMD (synthetic)
WX000923,REG011,2026-06-23,19.1,33.1,18.9,72.9,13.6,forecast,Open-Meteo / NASA POWER / IMD (synthetic)
WX000924,REG011,2026-06-24,23.1,33.2,7.1,80.9,9.0,forecast,Open-Meteo / NASA POWER / IMD (synthetic)
WX000925,REG011,2026-06-25,21.3,31.8,14.0,79.5,7.7,forecast,Open-Meteo / NASA POWER / IMD (synthetic)
WX000926,REG011,2026-06-26,21.7,30.9,15.6,89.0,16.0,forecast,Open-Meteo / NASA POWER / IMD (synthetic)
WX000927,REG011,2026-06-27,21.3,30.7,0.2,79.3,10.0,forecast,Open-Meteo / NASA POWER / IMD (synthetic)
WX000928,REG011,2026-06-28,20.7,35.4,6.3,73.2,8.4,forecast,Open-Meteo / NASA POWER / IMD (synthetic)
WX000929,REG011,2026-06-29,20.7,32.4,5.3,83.1,10.4,forecast,Open-Meteo / NASA POWER / IMD (synthetic)
WX000930,REG011,2026-06-30,21.6,32.0,4.4,79.4,7.7,forecast,Open-Meteo / NASA POWER / IMD (synthetic)
WX000931,REG011,2026-07-01,18.3,36.3,16.9,76.1,12.7,forecast,Open-Meteo / NASA POWER / IMD (synthetic)
WX000932,REG011,2026-07-02,17.0,29.0,10.0,78.3,14.2,forecast,Open-Meteo / NASA POWER / IMD (synthetic)
WX000933,REG011,2026-07-03,21.2,36.3,4.7,84.7,6.6,forecast,Open-Meteo / NASA POWER / IMD (synthetic)
WX000934,REG011,2026-07-04,22.6,32.5,11.6,80.8,11.5,forecast,Open-Meteo / NASA POWER / IMD (synthetic)
WX000935,REG011,2026-07-05,21.6,30.2,8.2,79.8,9.1,forecast,Open-Meteo / NASA POWER / IMD (synthetic)
WX000936,REG011,2026-07-06,19.0,29.1,11.3,80.0,13.0,forecast,Open-Meteo / NASA POWER / IMD (synthetic)
WX000937,REG011,2026-07-07,21.8,36.3,15.6,77.5,11.1,forecast,Open-Meteo / NASA POWER / IMD (synthetic)
WX000938,REG011,2026-07-08,21.4,32.6,5.4,78.1,12.8,forecast,Open-Meteo / NASA POWER / IMD (synthetic)
WX000939,REG011,2026-07-09,18.9,32.8,5.0,83.1,7.6,forecast,Open-Meteo / NASA POWER / IMD (synthetic)
WX000940,REG011,2026-07-10,21.8,33.0,6.3,84.8,12.7,forecast,Open-Meteo / NASA POWER / IMD (synthetic)
WX000941,REG011,2026-07-11,20.4,30.1,13.4,75.2,8.7,forecast,Open-Meteo / NASA POWER / IMD (synthetic)
WX000942,REG011,2026-07-12,23.7,32.6,8.4,71.4,8.0,forecast,Open-Meteo / NASA POWER / IMD (synthetic)
WX000943,REG011,2026-07-13,19.4,34.3,3.9,82.7,11.2,forecast,Open-Meteo / NASA POWER / IMD (synthetic)
WX000944,REG011,2026-07-14,21.3,33.9,3.5,87.1,13.7,forecast,Open-Meteo / NASA POWER / IMD (synthetic)
WX000945,REG011,2026-07-15,19.6,31.7,14.7,78.9,10.5,forecast,Open-Meteo / NASA POWER / IMD (synthetic)
WX000946,REG011,2026-07-16,20.6,32.5,4.8,78.1,13.0,forecast,Open-Meteo / NASA POWER / IMD (synthetic)
WX000947,REG011,2026-07-17,18.4,31.2,5.5,74.8,12.2,forecast,Open-Meteo / NASA POWER / IMD (synthetic)
WX000948,REG011,2026-07-18,22.1,31.5,15.2,78.1,6.8,forecast,Open-Meteo / NASA POWER / IMD (synthetic)
WX000949,REG011,2026-07-19,20.5,32.0,20.6,76.4,6.6,forecast,Open-Meteo / NASA POWER / IMD (synthetic)
WX000950,REG011,2026-07-20,20.5,30.3,7.5,83.6,10.6,forecast,Open-Meteo / NASA POWER / IMD (synthetic)
WX000951,REG011,2026-07-21,19.6,31.7,5.3,80.2,11.0,forecast,Open-Meteo / NASA POWER / IMD (synthetic)
WX000952,REG011,2026-07-22,20.5,32.4,8.4,75.3,6.2,forecast,Open-Meteo / NASA POWER / IMD (synthetic)
WX000953,REG011,2026-07-23,19.5,33.6,12.1,76.2,11.4,forecast,Open-Meteo / NASA POWER / IMD (synthetic)
WX000954,REG011,2026-07-24,19.3,32.2,9.1,74.7,12.1,forecast,Open-Meteo / NASA POWER / IMD (synthetic)
WX000955,REG011,2026-07-25,20.0,27.8,3.4,84.7,11.6,forecast,Open-Meteo / NASA POWER / IMD (synthetic)
WX000956,REG011,2026-07-26,21.2,29.5,8.6,70.6,3.2,forecast,Open-Meteo / NASA POWER / IMD (synthetic)
WX000957,REG011,2026-07-27,21.1,35.2,5.8,78.9,16.1,forecast,Open-Meteo / NASA POWER / IMD (synthetic)
WX000958,REG011,2026-07-28,18.7,32.2,33.5,81.1,15.6,forecast,Open-Meteo / NASA POWER / IMD (synthetic)
WX000959,REG011,2026-07-29,21.4,31.2,10.0,77.8,14.5,forecast,Open-Meteo / NASA POWER / IMD (synthetic)
WX000960,REG011,2026-07-30,17.7,35.8,5.8,88.4,8.3,forecast,Open-Meteo / NASA POWER / IMD (synthetic)
WX000961,REG011,2026-07-31,19.4,32.9,8.8,74.0,10.2,forecast,Open-Meteo / NASA POWER / IMD (synthetic)
WX000962,REG011,2026-08-01,21.4,32.4,7.5,93.0,14.0,forecast,Open-Meteo / NASA POWER / IMD (synthetic)
WX000963,REG011,2026-08-02,19.7,29.5,11.7,79.7,10.1,forecast,Open-Meteo / NASA POWER / IMD (synthetic)
WX000964,REG011,2026-08-03,18.3,32.8,5.1,87.4,10.1,forecast,Open-Meteo / NASA POWER / IMD (synthetic)
WX000965,REG011,2026-08-04,22.2,30.6,9.3,92.6,9.3,forecast,Open-Meteo / NASA POWER / IMD (synthetic)
WX000966,REG011,2026-08-05,20.0,33.7,20.5,74.9,10.4,forecast,Open-Meteo / NASA POWER / IMD (synthetic)
WX000967,REG011,2026-08-06,20.1,33.8,3.9,86.5,6.7,forecast,Open-Meteo / NASA POWER / IMD (synthetic)
WX000968,REG011,2026-08-07,22.0,31.2,21.0,88.5,9.8,forecast,Open-Meteo / NASA POWER / IMD (synthetic)
WX000969,REG011,2026-08-08,21.4,31.0,2.7,82.9,11.7,forecast,Open-Meteo / NASA POWER / IMD (synthetic)
WX000970,REG011,2026-08-09,18.8,32.9,7.9,73.5,7.4,forecast,Open-Meteo / NASA POWER / IMD (synthetic)
WX000971,REG011,2026-08-10,18.2,33.8,10.6,82.0,16.1,forecast,Open-Meteo / NASA POWER / IMD (synthetic)
WX000972,REG011,2026-08-11,21.2,35.3,5.0,81.3,14.4,forecast,Open-Meteo / NASA POWER / IMD (synthetic)
WX000973,REG011,2026-08-12,15.5,34.5,11.5,85.3,8.2,forecast,Open-Meteo / NASA POWER / IMD (synthetic)
WX000974,REG011,2026-08-13,19.2,31.4,4.8,79.9,9.3,forecast,Open-Meteo / NASA POWER / IMD (synthetic)
WX000975,REG011,2026-08-14,21.4,32.5,3.6,82.0,14.7,forecast,Open-Meteo / NASA POWER / IMD (synthetic)
WX000976,REG011,2026-08-15,19.8,34.6,2.9,83.7,9.9,forecast,Open-Meteo / NASA POWER / IMD (synthetic)
WX000977,REG011,2026-08-16,20.5,32.4,2.0,75.3,17.0,forecast,Open-Meteo / NASA POWER / IMD (synthetic)
WX000978,REG011,2026-08-17,23.3,32.1,8.1,80.8,6.2,forecast,Open-Meteo / NASA POWER / IMD (synthetic)
WX000979,REG011,2026-08-18,18.7,30.6,8.5,79.0,8.6,forecast,Open-Meteo / NASA POWER / IMD (synthetic)
WX000980,REG011,2026-08-19,22.3,31.1,8.8,81.1,10.8,forecast,Open-Meteo / NASA POWER / IMD (synthetic)
WX000981,REG011,2026-08-20,18.0,30.3,8.6,86.3,6.3,forecast,Open-Meteo / NASA POWER / IMD (synthetic)
WX000982,REG011,2026-08-21,22.5,31.5,8.1,75.1,9.7,forecast,Open-Meteo / NASA POWER / IMD (synthetic)
WX000983,REG011,2026-08-22,22.0,34.2,9.4,92.0,10.5,forecast,Open-Meteo / NASA POWER / IMD (synthetic)
WX000984,REG011,2026-08-23,23.6,33.3,18.6,81.2,8.7,forecast,Open-Meteo / NASA POWER / IMD (synthetic)
WX000985,REG011,2026-08-24,20.2,33.4,15.2,75.0,8.8,forecast,Open-Meteo / NASA POWER / IMD (synthetic)
WX000986,REG011,2026-08-25,21.0,30.9,22.3,83.3,11.9,forecast,Open-Meteo / NASA POWER / IMD (synthetic)
WX000987,REG011,2026-08-26,20.5,29.3,18.7,78.5,10.4,forecast,Open-Meteo / NASA POWER / IMD (synthetic)
WX000988,REG011,2026-08-27,19.5,31.0,5.8,85.3,5.6,forecast,Open-Meteo / NASA POWER / IMD (synthetic)
WX000989,REG011,2026-08-28,18.3,30.9,4.1,80.6,9.5,forecast,Open-Meteo / NASA POWER / IMD (synthetic)
WX000990,REG011,2026-08-29,19.0,32.8,2.1,78.1,11.1,forecast,Open-Meteo / NASA POWER / IMD (synthetic)
WX000991,REG012,2026-06-01,19.3,32.8,4.4,81.1,5.7,observed,Open-Meteo / NASA POWER / IMD (synthetic)
WX000992,REG012,2026-06-02,21.4,34.3,5.9,78.5,8.9,observed,Open-Meteo / NASA POWER / IMD (synthetic)
WX000993,REG012,2026-06-03,17.7,32.0,9.2,74.3,7.6,observed,Open-Meteo / NASA POWER / IMD (synthetic)
WX000994,REG012,2026-06-04,19.9,33.2,12.1,85.5,10.6,observed,Open-Meteo / NASA POWER / IMD (synthetic)
WX000995,REG012,2026-06-05,22.6,30.8,8.0,83.0,9.7,observed,Open-Meteo / NASA POWER / IMD (synthetic)
WX000996,REG012,2026-06-06,18.9,31.1,5.3,80.2,9.0,observed,Open-Meteo / NASA POWER / IMD (synthetic)
WX000997,REG012,2026-06-07,20.9,33.0,10.5,70.9,7.1,observed,Open-Meteo / NASA POWER / IMD (synthetic)
WX000998,REG012,2026-06-08,16.8,32.2,12.8,78.4,8.3,observed,Open-Meteo / NASA POWER / IMD (synthetic)
WX000999,REG012,2026-06-09,22.8,29.6,21.4,74.3,7.6,observed,Open-Meteo / NASA POWER / IMD (synthetic)
WX001000,REG012,2026-06-10,19.9,31.9,10.3,77.9,6.7,observed,Open-Meteo / NASA POWER / IMD (synthetic)
WX001001,REG012,2026-06-11,22.1,32.7,6.6,76.7,13.9,observed,Open-Meteo / NASA POWER / IMD (synthetic)
WX001002,REG012,2026-06-12,18.5,35.0,3.9,84.2,15.0,forecast,Open-Meteo / NASA POWER / IMD (synthetic)
WX001003,REG012,2026-06-13,20.8,33.6,2.5,80.8,5.4,forecast,Open-Meteo / NASA POWER / IMD (synthetic)
WX001004,REG012,2026-06-14,21.0,34.7,14.8,78.4,7.5,forecast,Open-Meteo / NASA POWER / IMD (synthetic)
WX001005,REG012,2026-06-15,19.2,32.8,0.2,77.5,7.8,forecast,Open-Meteo / NASA POWER / IMD (synthetic)
WX001006,REG012,2026-06-16,17.2,29.7,4.7,84.0,9.6,forecast,Open-Meteo / NASA POWER / IMD (synthetic)
WX001007,REG012,2026-06-17,21.2,33.7,9.8,80.8,9.8,forecast,Open-Meteo / NASA POWER / IMD (synthetic)
WX001008,REG012,2026-06-18,18.5,32.8,5.3,78.5,10.9,forecast,Open-Meteo / NASA POWER / IMD (synthetic)
WX001009,REG012,2026-06-19,19.8,32.6,6.9,74.6,8.7,forecast,Open-Meteo / NASA POWER / IMD (synthetic)
WX001010,REG012,2026-06-20,21.7,33.2,4.1,76.9,10.4,forecast,Open-Meteo / NASA POWER / IMD (synthetic)
WX001011,REG012,2026-06-21,19.7,30.4,17.0,79.0,8.0,forecast,Open-Meteo / NASA POWER / IMD (synthetic)
WX001012,REG012,2026-06-22,19.5,31.9,9.7,84.6,11.8,forecast,Open-Meteo / NASA POWER / IMD (synthetic)
WX001013,REG012,2026-06-23,19.8,31.5,7.8,77.9,8.3,forecast,Open-Meteo / NASA POWER / IMD (synthetic)
WX001014,REG012,2026-06-24,18.8,34.4,16.3,82.7,11.3,forecast,Open-Meteo / NASA POWER / IMD (synthetic)
WX001015,REG012,2026-06-25,17.7,32.3,13.7,84.5,9.3,forecast,Open-Meteo / NASA POWER / IMD (synthetic)
WX001016,REG012,2026-06-26,20.9,28.9,4.0,74.9,10.8,forecast,Open-Meteo / NASA POWER / IMD (synthetic)
WX001017,REG012,2026-06-27,19.8,31.1,6.9,76.8,11.7,forecast,Open-Meteo / NASA POWER / IMD (synthetic)
WX001018,REG012,2026-06-28,18.5,33.7,10.8,79.1,12.4,forecast,Open-Meteo / NASA POWER / IMD (synthetic)
WX001019,REG012,2026-06-29,21.6,32.9,10.7,77.7,6.9,forecast,Open-Meteo / NASA POWER / IMD (synthetic)
WX001020,REG012,2026-06-30,21.1,34.0,1.4,85.4,14.7,forecast,Open-Meteo / NASA POWER / IMD (synthetic)
WX001021,REG012,2026-07-01,21.6,34.9,18.5,90.4,8.5,forecast,Open-Meteo / NASA POWER / IMD (synthetic)
WX001022,REG012,2026-07-02,19.5,32.8,4.7,83.7,7.3,forecast,Open-Meteo / NASA POWER / IMD (synthetic)
WX001023,REG012,2026-07-03,19.0,32.5,3.4,79.8,8.0,forecast,Open-Meteo / NASA POWER / IMD (synthetic)
WX001024,REG012,2026-07-04,18.4,30.7,2.8,92.0,13.7,forecast,Open-Meteo / NASA POWER / IMD (synthetic)
WX001025,REG012,2026-07-05,20.0,31.3,7.7,78.8,6.7,forecast,Open-Meteo / NASA POWER / IMD (synthetic)
WX001026,REG012,2026-07-06,22.2,31.6,8.3,87.9,11.1,forecast,Open-Meteo / NASA POWER / IMD (synthetic)
WX001027,REG012,2026-07-07,17.5,30.2,4.5,80.9,13.5,forecast,Open-Meteo / NASA POWER / IMD (synthetic)
WX001028,REG012,2026-07-08,20.9,32.3,5.2,83.5,15.9,forecast,Open-Meteo / NASA POWER / IMD (synthetic)
WX001029,REG012,2026-07-09,18.5,33.8,1.9,77.1,8.7,forecast,Open-Meteo / NASA POWER / IMD (synthetic)
WX001030,REG012,2026-07-10,21.5,29.4,11.3,80.0,8.1,forecast,Open-Meteo / NASA POWER / IMD (synthetic)
WX001031,REG012,2026-07-11,19.7,34.4,4.0,85.0,10.6,forecast,Open-Meteo / NASA POWER / IMD (synthetic)
WX001032,REG012,2026-07-12,19.1,31.9,5.2,70.7,12.5,forecast,Open-Meteo / NASA POWER / IMD (synthetic)
WX001033,REG012,2026-07-13,19.8,30.4,15.9,81.1,2.7,forecast,Open-Meteo / NASA POWER / IMD (synthetic)
WX001034,REG012,2026-07-14,19.7,33.5,0.8,72.7,9.2,forecast,Open-Meteo / NASA POWER / IMD (synthetic)
WX001035,REG012,2026-07-15,20.7,32.2,4.1,76.2,9.3,forecast,Open-Meteo / NASA POWER / IMD (synthetic)
WX001036,REG012,2026-07-16,21.4,30.6,10.4,78.5,9.0,forecast,Open-Meteo / NASA POWER / IMD (synthetic)
WX001037,REG012,2026-07-17,19.9,32.9,11.0,78.4,7.5,forecast,Open-Meteo / NASA POWER / IMD (synthetic)
WX001038,REG012,2026-07-18,18.2,33.9,8.9,82.1,15.3,forecast,Open-Meteo / NASA POWER / IMD (synthetic)
WX001039,REG012,2026-07-19,19.5,34.0,0.3,72.0,10.0,forecast,Open-Meteo / NASA POWER / IMD (synthetic)
WX001040,REG012,2026-07-20,20.1,28.6,7.8,79.3,6.6,forecast,Open-Meteo / NASA POWER / IMD (synthetic)
WX001041,REG012,2026-07-21,18.5,30.8,4.1,77.1,13.2,forecast,Open-Meteo / NASA POWER / IMD (synthetic)
WX001042,REG012,2026-07-22,22.8,30.8,4.4,77.6,13.4,forecast,Open-Meteo / NASA POWER / IMD (synthetic)
WX001043,REG012,2026-07-23,21.0,36.2,4.8,71.9,14.1,forecast,Open-Meteo / NASA POWER / IMD (synthetic)
WX001044,REG012,2026-07-24,20.4,33.2,7.4,83.8,7.8,forecast,Open-Meteo / NASA POWER / IMD (synthetic)
WX001045,REG012,2026-07-25,21.9,32.3,10.5,84.6,13.2,forecast,Open-Meteo / NASA POWER / IMD (synthetic)
WX001046,REG012,2026-07-26,18.1,33.2,2.7,70.2,11.4,forecast,Open-Meteo / NASA POWER / IMD (synthetic)
WX001047,REG012,2026-07-27,17.6,29.4,7.8,80.6,12.1,forecast,Open-Meteo / NASA POWER / IMD (synthetic)
WX001048,REG012,2026-07-28,20.3,31.6,3.3,65.3,9.7,forecast,Open-Meteo / NASA POWER / IMD (synthetic)
WX001049,REG012,2026-07-29,20.8,34.4,4.8,72.9,6.9,forecast,Open-Meteo / NASA POWER / IMD (synthetic)
WX001050,REG012,2026-07-30,21.5,33.8,9.6,89.4,8.9,forecast,Open-Meteo / NASA POWER / IMD (synthetic)
WX001051,REG012,2026-07-31,18.6,30.3,12.2,82.6,13.8,forecast,Open-Meteo / NASA POWER / IMD (synthetic)
WX001052,REG012,2026-08-01,18.8,31.9,6.1,85.0,3.2,forecast,Open-Meteo / NASA POWER / IMD (synthetic)
WX001053,REG012,2026-08-02,21.7,29.9,5.0,85.3,10.1,forecast,Open-Meteo / NASA POWER / IMD (synthetic)
WX001054,REG012,2026-08-03,20.7,32.7,1.9,72.7,5.7,forecast,Open-Meteo / NASA POWER / IMD (synthetic)
WX001055,REG012,2026-08-04,19.7,31.8,10.5,76.1,14.3,forecast,Open-Meteo / NASA POWER / IMD (synthetic)
WX001056,REG012,2026-08-05,20.8,31.7,4.6,75.0,7.5,forecast,Open-Meteo / NASA POWER / IMD (synthetic)
WX001057,REG012,2026-08-06,20.7,33.1,8.6,73.6,14.7,forecast,Open-Meteo / NASA POWER / IMD (synthetic)
WX001058,REG012,2026-08-07,20.7,35.5,5.8,72.1,12.9,forecast,Open-Meteo / NASA POWER / IMD (synthetic)
WX001059,REG012,2026-08-08,21.0,30.4,7.4,82.4,13.3,forecast,Open-Meteo / NASA POWER / IMD (synthetic)
WX001060,REG012,2026-08-09,19.9,33.8,8.7,88.6,8.9,forecast,Open-Meteo / NASA POWER / IMD (synthetic)
WX001061,REG012,2026-08-10,21.8,31.4,11.0,86.5,10.7,forecast,Open-Meteo / NASA POWER / IMD (synthetic)
WX001062,REG012,2026-08-11,20.5,29.6,5.9,73.8,11.4,forecast,Open-Meteo / NASA POWER / IMD (synthetic)
WX001063,REG012,2026-08-12,18.1,34.0,3.4,85.1,4.0,forecast,Open-Meteo / NASA POWER / IMD (synthetic)
WX001064,REG012,2026-08-13,23.1,32.4,0.1,78.9,11.4,forecast,Open-Meteo / NASA POWER / IMD (synthetic)
WX001065,REG012,2026-08-14,17.9,31.1,10.5,83.7,14.8,forecast,Open-Meteo / NASA POWER / IMD (synthetic)
WX001066,REG012,2026-08-15,19.1,32.2,2.8,69.9,15.4,forecast,Open-Meteo / NASA POWER / IMD (synthetic)
WX001067,REG012,2026-08-16,20.9,33.8,3.7,89.3,10.7,forecast,Open-Meteo / NASA POWER / IMD (synthetic)
WX001068,REG012,2026-08-17,18.6,32.1,8.3,79.6,12.3,forecast,Open-Meteo / NASA POWER / IMD (synthetic)
WX001069,REG012,2026-08-18,19.6,31.7,11.8,83.4,8.2,forecast,Open-Meteo / NASA POWER / IMD (synthetic)
WX001070,REG012,2026-08-19,18.2,32.3,7.6,77.8,9.9,forecast,Open-Meteo / NASA POWER / IMD (synthetic)
WX001071,REG012,2026-08-20,24.3,31.4,13.8,85.6,8.4,forecast,Open-Meteo / NASA POWER / IMD (synthetic)
WX001072,REG012,2026-08-21,18.8,35.2,9.3,76.6,8.0,forecast,Open-Meteo / NASA POWER / IMD (synthetic)
WX001073,REG012,2026-08-22,21.4,30.8,25.0,76.8,12.1,forecast,Open-Meteo / NASA POWER / IMD (synthetic)
WX001074,REG012,2026-08-23,19.6,33.5,5.7,76.9,11.7,forecast,Open-Meteo / NASA POWER / IMD (synthetic)
WX001075,REG012,2026-08-24,22.0,31.6,5.6,77.6,7.9,forecast,Open-Meteo / NASA POWER / IMD (synthetic)
WX001076,REG012,2026-08-25,22.7,32.3,6.0,77.6,9.3,forecast,Open-Meteo / NASA POWER / IMD (synthetic)
WX001077,REG012,2026-08-26,21.5,32.6,11.0,78.5,10.3,forecast,Open-Meteo / NASA POWER / IMD (synthetic)
WX001078,REG012,2026-08-27,22.0,34.1,25.6,82.5,10.4,forecast,Open-Meteo / NASA POWER / IMD (synthetic)
WX001079,REG012,2026-08-28,19.0,34.0,8.9,80.7,13.0,forecast,Open-Meteo / NASA POWER / IMD (synthetic)
WX001080,REG012,2026-08-29,20.3,32.9,7.1,77.9,16.8,forecast,Open-Meteo / NASA POWER / IMD (synthetic)
WX001081,REG013,2026-06-01,20.3,32.9,11.7,81.1,10.2,observed,Open-Meteo / NASA POWER / IMD (synthetic)
WX001082,REG013,2026-06-02,20.0,34.8,7.5,71.9,6.7,observed,Open-Meteo / NASA POWER / IMD (synthetic)
WX001083,REG013,2026-06-03,19.1,31.3,3.8,79.5,10.6,observed,Open-Meteo / NASA POWER / IMD (synthetic)
WX001084,REG013,2026-06-04,18.8,31.8,1.3,82.9,7.8,observed,Open-Meteo / NASA POWER / IMD (synthetic)
WX001085,REG013,2026-06-05,22.1,32.1,8.0,85.1,6.2,observed,Open-Meteo / NASA POWER / IMD (synthetic)
WX001086,REG013,2026-06-06,22.7,32.6,1.5,82.7,15.5,observed,Open-Meteo / NASA POWER / IMD (synthetic)
WX001087,REG013,2026-06-07,22.7,33.6,3.7,76.5,9.0,observed,Open-Meteo / NASA POWER / IMD (synthetic)
WX001088,REG013,2026-06-08,20.2,30.8,8.2,81.5,4.2,observed,Open-Meteo / NASA POWER / IMD (synthetic)
WX001089,REG013,2026-06-09,21.5,35.7,18.5,80.5,9.9,observed,Open-Meteo / NASA POWER / IMD (synthetic)
WX001090,REG013,2026-06-10,19.5,29.5,1.7,80.4,17.2,observed,Open-Meteo / NASA POWER / IMD (synthetic)
WX001091,REG013,2026-06-11,22.2,31.1,26.8,79.0,3.1,observed,Open-Meteo / NASA POWER / IMD (synthetic)
WX001092,REG013,2026-06-12,22.4,33.1,2.9,78.8,9.2,forecast,Open-Meteo / NASA POWER / IMD (synthetic)
WX001093,REG013,2026-06-13,20.6,31.7,7.3,81.6,7.2,forecast,Open-Meteo / NASA POWER / IMD (synthetic)
WX001094,REG013,2026-06-14,19.3,31.1,11.6,83.5,9.1,forecast,Open-Meteo / NASA POWER / IMD (synthetic)
WX001095,REG013,2026-06-15,19.5,33.0,7.3,81.2,15.1,forecast,Open-Meteo / NASA POWER / IMD (synthetic)
WX001096,REG013,2026-06-16,20.0,37.1,17.8,77.0,11.9,forecast,Open-Meteo / NASA POWER / IMD (synthetic)
WX001097,REG013,2026-06-17,20.8,34.9,6.2,76.9,11.9,forecast,Open-Meteo / NASA POWER / IMD (synthetic)
WX001098,REG013,2026-06-18,17.8,33.2,5.1,75.8,7.6,forecast,Open-Meteo / NASA POWER / IMD (synthetic)
WX001099,REG013,2026-06-19,21.9,31.3,5.5,81.6,7.9,forecast,Open-Meteo / NASA POWER / IMD (synthetic)
WX001100,REG013,2026-06-20,21.1,33.3,11.8,91.3,6.0,forecast,Open-Meteo / NASA POWER / IMD (synthetic)
WX001101,REG013,2026-06-21,16.9,33.4,3.7,89.4,9.7,forecast,Open-Meteo / NASA POWER / IMD (synthetic)
WX001102,REG013,2026-06-22,20.2,31.1,1.6,77.6,8.6,forecast,Open-Meteo / NASA POWER / IMD (synthetic)
WX001103,REG013,2026-06-23,21.9,33.3,4.4,80.6,10.8,forecast,Open-Meteo / NASA POWER / IMD (synthetic)
WX001104,REG013,2026-06-24,21.1,35.2,10.1,76.8,7.0,forecast,Open-Meteo / NASA POWER / IMD (synthetic)
WX001105,REG013,2026-06-25,21.1,33.1,5.4,83.8,14.5,forecast,Open-Meteo / NASA POWER / IMD (synthetic)
WX001106,REG013,2026-06-26,20.8,35.0,1.6,80.5,5.6,forecast,Open-Meteo / NASA POWER / IMD (synthetic)
WX001107,REG013,2026-06-27,22.5,29.5,7.4,78.9,9.1,forecast,Open-Meteo / NASA POWER / IMD (synthetic)
WX001108,REG013,2026-06-28,20.3,33.5,4.8,82.2,11.6,forecast,Open-Meteo / NASA POWER / IMD (synthetic)
WX001109,REG013,2026-06-29,21.1,32.4,17.7,72.6,11.6,forecast,Open-Meteo / NASA POWER / IMD (synthetic)
WX001110,REG013,2026-06-30,23.4,34.5,1.8,78.4,3.0,forecast,Open-Meteo / NASA POWER / IMD (synthetic)
WX001111,REG013,2026-07-01,17.8,32.3,8.2,79.3,16.5,forecast,Open-Meteo / NASA POWER / IMD (synthetic)
WX001112,REG013,2026-07-02,19.5,31.5,8.0,78.9,13.3,forecast,Open-Meteo / NASA POWER / IMD (synthetic)
WX001113,REG013,2026-07-03,20.6,32.5,13.2,82.5,5.6,forecast,Open-Meteo / NASA POWER / IMD (synthetic)
WX001114,REG013,2026-07-04,22.6,36.6,2.3,84.8,11.3,forecast,Open-Meteo / NASA POWER / IMD (synthetic)
WX001115,REG013,2026-07-05,20.0,34.4,4.3,76.4,9.5,forecast,Open-Meteo / NASA POWER / IMD (synthetic)
WX001116,REG013,2026-07-06,20.6,30.5,3.1,86.9,6.2,forecast,Open-Meteo / NASA POWER / IMD (synthetic)
WX001117,REG013,2026-07-07,22.4,34.8,7.6,78.6,18.6,forecast,Open-Meteo / NASA POWER / IMD (synthetic)
WX001118,REG013,2026-07-08,20.2,35.3,13.0,82.2,12.4,forecast,Open-Meteo / NASA POWER / IMD (synthetic)
WX001119,REG013,2026-07-09,20.4,34.5,9.0,91.9,18.3,forecast,Open-Meteo / NASA POWER / IMD (synthetic)
WX001120,REG013,2026-07-10,20.3,34.8,4.3,82.3,17.7,forecast,Open-Meteo / NASA POWER / IMD (synthetic)
WX001121,REG013,2026-07-11,23.3,33.8,8.3,77.9,14.9,forecast,Open-Meteo / NASA POWER / IMD (synthetic)
WX001122,REG013,2026-07-12,19.7,32.0,9.1,77.0,10.1,forecast,Open-Meteo / NASA POWER / IMD (synthetic)
WX001123,REG013,2026-07-13,19.4,33.3,7.5,73.2,9.8,forecast,Open-Meteo / NASA POWER / IMD (synthetic)
WX001124,REG013,2026-07-14,21.2,32.5,19.9,82.4,9.1,forecast,Open-Meteo / NASA POWER / IMD (synthetic)
WX001125,REG013,2026-07-15,21.3,31.9,4.6,79.9,10.7,forecast,Open-Meteo / NASA POWER / IMD (synthetic)
WX001126,REG013,2026-07-16,23.1,31.8,2.2,66.5,8.1,forecast,Open-Meteo / NASA POWER / IMD (synthetic)
WX001127,REG013,2026-07-17,21.3,31.1,6.1,82.8,8.5,forecast,Open-Meteo / NASA POWER / IMD (synthetic)
WX001128,REG013,2026-07-18,21.7,34.3,4.9,84.6,11.5,forecast,Open-Meteo / NASA POWER / IMD (synthetic)
WX001129,REG013,2026-07-19,20.6,34.1,2.1,85.3,14.2,forecast,Open-Meteo / NASA POWER / IMD (synthetic)
WX001130,REG013,2026-07-20,21.7,32.1,4.5,85.7,11.4,forecast,Open-Meteo / NASA POWER / IMD (synthetic)
WX001131,REG013,2026-07-21,21.4,31.5,5.3,84.6,9.3,forecast,Open-Meteo / NASA POWER / IMD (synthetic)
WX001132,REG013,2026-07-22,17.8,27.2,6.2,78.7,6.3,forecast,Open-Meteo / NASA POWER / IMD (synthetic)
WX001133,REG013,2026-07-23,21.5,33.8,12.7,80.3,15.6,forecast,Open-Meteo / NASA POWER / IMD (synthetic)
WX001134,REG013,2026-07-24,18.5,35.1,11.0,75.4,6.2,forecast,Open-Meteo / NASA POWER / IMD (synthetic)
WX001135,REG013,2026-07-25,19.7,31.6,6.9,74.8,7.1,forecast,Open-Meteo / NASA POWER / IMD (synthetic)
WX001136,REG013,2026-07-26,21.5,33.2,4.6,83.4,12.0,forecast,Open-Meteo / NASA POWER / IMD (synthetic)
WX001137,REG013,2026-07-27,23.0,31.2,4.2,72.4,13.8,forecast,Open-Meteo / NASA POWER / IMD (synthetic)
WX001138,REG013,2026-07-28,21.7,31.4,7.4,78.3,14.2,forecast,Open-Meteo / NASA POWER / IMD (synthetic)
WX001139,REG013,2026-07-29,16.3,31.5,18.8,74.6,12.0,forecast,Open-Meteo / NASA POWER / IMD (synthetic)
WX001140,REG013,2026-07-30,24.7,33.9,15.8,80.5,9.4,forecast,Open-Meteo / NASA POWER / IMD (synthetic)
WX001141,REG013,2026-07-31,21.2,31.3,5.4,88.6,6.4,forecast,Open-Meteo / NASA POWER / IMD (synthetic)
WX001142,REG013,2026-08-01,21.0,30.8,3.4,81.5,11.7,forecast,Open-Meteo / NASA POWER / IMD (synthetic)
WX001143,REG013,2026-08-02,21.2,34.0,7.1,77.6,9.5,forecast,Open-Meteo / NASA POWER / IMD (synthetic)
WX001144,REG013,2026-08-03,22.4,31.3,9.4,87.7,9.7,forecast,Open-Meteo / NASA POWER / IMD (synthetic)
WX001145,REG013,2026-08-04,21.0,33.6,4.8,78.6,10.9,forecast,Open-Meteo / NASA POWER / IMD (synthetic)
WX001146,REG013,2026-08-05,19.3,32.8,4.9,76.4,9.3,forecast,Open-Meteo / NASA POWER / IMD (synthetic)
WX001147,REG013,2026-08-06,21.1,33.8,2.0,77.9,11.1,forecast,Open-Meteo / NASA POWER / IMD (synthetic)
WX001148,REG013,2026-08-07,20.6,32.4,8.5,87.2,9.3,forecast,Open-Meteo / NASA POWER / IMD (synthetic)
WX001149,REG013,2026-08-08,21.1,34.9,3.3,80.3,6.8,forecast,Open-Meteo / NASA POWER / IMD (synthetic)
WX001150,REG013,2026-08-09,19.7,33.2,6.7,80.1,8.2,forecast,Open-Meteo / NASA POWER / IMD (synthetic)
WX001151,REG013,2026-08-10,25.6,33.4,4.2,78.7,9.3,forecast,Open-Meteo / NASA POWER / IMD (synthetic)
WX001152,REG013,2026-08-11,21.6,33.7,10.8,83.2,10.1,forecast,Open-Meteo / NASA POWER / IMD (synthetic)
WX001153,REG013,2026-08-12,19.6,30.5,1.5,77.5,9.1,forecast,Open-Meteo / NASA POWER / IMD (synthetic)
WX001154,REG013,2026-08-13,22.6,32.5,5.9,78.7,6.7,forecast,Open-Meteo / NASA POWER / IMD (synthetic)
WX001155,REG013,2026-08-14,19.2,31.4,6.3,87.0,7.9,forecast,Open-Meteo / NASA POWER / IMD (synthetic)
WX001156,REG013,2026-08-15,22.0,34.1,0.5,80.5,13.7,forecast,Open-Meteo / NASA POWER / IMD (synthetic)
WX001157,REG013,2026-08-16,21.1,32.3,6.6,84.5,6.0,forecast,Open-Meteo / NASA POWER / IMD (synthetic)
WX001158,REG013,2026-08-17,21.2,33.0,9.3,81.6,10.4,forecast,Open-Meteo / NASA POWER / IMD (synthetic)
WX001159,REG013,2026-08-18,22.9,29.3,4.7,82.0,8.1,forecast,Open-Meteo / NASA POWER / IMD (synthetic)
WX001160,REG013,2026-08-19,20.6,31.3,2.8,86.0,8.1,forecast,Open-Meteo / NASA POWER / IMD (synthetic)
WX001161,REG013,2026-08-20,19.1,35.0,2.6,73.4,9.6,forecast,Open-Meteo / NASA POWER / IMD (synthetic)
WX001162,REG013,2026-08-21,20.8,30.8,5.4,79.8,11.1,forecast,Open-Meteo / NASA POWER / IMD (synthetic)
WX001163,REG013,2026-08-22,22.0,31.1,4.6,79.5,12.4,forecast,Open-Meteo / NASA POWER / IMD (synthetic)
WX001164,REG013,2026-08-23,21.6,34.9,0.9,91.6,7.5,forecast,Open-Meteo / NASA POWER / IMD (synthetic)
WX001165,REG013,2026-08-24,17.4,34.8,10.1,83.0,8.8,forecast,Open-Meteo / NASA POWER / IMD (synthetic)
WX001166,REG013,2026-08-25,20.4,32.3,2.1,77.8,7.2,forecast,Open-Meteo / NASA POWER / IMD (synthetic)
WX001167,REG013,2026-08-26,22.1,31.1,2.6,82.4,15.9,forecast,Open-Meteo / NASA POWER / IMD (synthetic)
WX001168,REG013,2026-08-27,19.5,34.8,2.9,75.0,11.3,forecast,Open-Meteo / NASA POWER / IMD (synthetic)
WX001169,REG013,2026-08-28,23.2,30.0,1.7,72.1,13.0,forecast,Open-Meteo / NASA POWER / IMD (synthetic)
WX001170,REG013,2026-08-29,20.4,34.0,11.9,75.3,8.2,forecast,Open-Meteo / NASA POWER / IMD (synthetic)
WX001171,REG014,2026-06-01,21.4,30.1,13.3,69.3,10.6,observed,Open-Meteo / NASA POWER / IMD (synthetic)
WX001172,REG014,2026-06-02,21.6,29.3,1.3,76.7,7.8,observed,Open-Meteo / NASA POWER / IMD (synthetic)
WX001173,REG014,2026-06-03,21.5,33.4,9.0,78.6,6.3,observed,Open-Meteo / NASA POWER / IMD (synthetic)
WX001174,REG014,2026-06-04,22.2,31.7,2.7,84.7,7.2,observed,Open-Meteo / NASA POWER / IMD (synthetic)
WX001175,REG014,2026-06-05,19.8,35.1,3.9,85.0,8.4,observed,Open-Meteo / NASA POWER / IMD (synthetic)
WX001176,REG014,2026-06-06,20.1,31.8,9.8,75.6,8.3,observed,Open-Meteo / NASA POWER / IMD (synthetic)
WX001177,REG014,2026-06-07,17.2,34.1,3.4,73.1,12.2,observed,Open-Meteo / NASA POWER / IMD (synthetic)
WX001178,REG014,2026-06-08,21.2,30.6,0.7,80.7,8.6,observed,Open-Meteo / NASA POWER / IMD (synthetic)
WX001179,REG014,2026-06-09,17.8,30.2,14.6,87.6,12.8,observed,Open-Meteo / NASA POWER / IMD (synthetic)
WX001180,REG014,2026-06-10,21.1,35.1,3.2,82.9,10.9,observed,Open-Meteo / NASA POWER / IMD (synthetic)
WX001181,REG014,2026-06-11,20.9,32.1,5.0,91.0,3.5,observed,Open-Meteo / NASA POWER / IMD (synthetic)
WX001182,REG014,2026-06-12,21.7,35.9,2.2,72.1,10.0,forecast,Open-Meteo / NASA POWER / IMD (synthetic)
WX001183,REG014,2026-06-13,21.6,32.3,8.2,75.7,10.0,forecast,Open-Meteo / NASA POWER / IMD (synthetic)
WX001184,REG014,2026-06-14,21.5,26.0,9.5,75.4,11.3,forecast,Open-Meteo / NASA POWER / IMD (synthetic)
WX001185,REG014,2026-06-15,18.7,32.5,3.7,77.7,9.3,forecast,Open-Meteo / NASA POWER / IMD (synthetic)
WX001186,REG014,2026-06-16,18.3,30.6,8.5,76.1,11.8,forecast,Open-Meteo / NASA POWER / IMD (synthetic)
WX001187,REG014,2026-06-17,19.8,32.9,3.0,83.7,10.1,forecast,Open-Meteo / NASA POWER / IMD (synthetic)
WX001188,REG014,2026-06-18,21.2,31.7,10.3,71.0,11.6,forecast,Open-Meteo / NASA POWER / IMD (synthetic)
WX001189,REG014,2026-06-19,21.1,32.3,18.8,84.1,7.5,forecast,Open-Meteo / NASA POWER / IMD (synthetic)
WX001190,REG014,2026-06-20,20.7,34.9,7.6,77.7,11.1,forecast,Open-Meteo / NASA POWER / IMD (synthetic)
WX001191,REG014,2026-06-21,19.3,33.8,13.8,77.1,11.1,forecast,Open-Meteo / NASA POWER / IMD (synthetic)
WX001192,REG014,2026-06-22,20.8,33.9,6.7,76.4,11.0,forecast,Open-Meteo / NASA POWER / IMD (synthetic)
WX001193,REG014,2026-06-23,24.9,32.3,2.3,79.0,9.1,forecast,Open-Meteo / NASA POWER / IMD (synthetic)
WX001194,REG014,2026-06-24,20.8,35.3,4.3,79.0,7.4,forecast,Open-Meteo / NASA POWER / IMD (synthetic)
WX001195,REG014,2026-06-25,22.0,32.1,2.0,79.4,11.1,forecast,Open-Meteo / NASA POWER / IMD (synthetic)
WX001196,REG014,2026-06-26,19.9,30.3,12.0,84.7,10.4,forecast,Open-Meteo / NASA POWER / IMD (synthetic)
WX001197,REG014,2026-06-27,20.9,29.3,11.2,85.8,10.8,forecast,Open-Meteo / NASA POWER / IMD (synthetic)
WX001198,REG014,2026-06-28,17.9,31.3,15.2,73.3,10.6,forecast,Open-Meteo / NASA POWER / IMD (synthetic)
WX001199,REG014,2026-06-29,20.1,33.3,8.8,83.1,9.6,forecast,Open-Meteo / NASA POWER / IMD (synthetic)
WX001200,REG014,2026-06-30,18.0,31.0,11.6,73.4,6.3,forecast,Open-Meteo / NASA POWER / IMD (synthetic)
WX001201,REG014,2026-07-01,18.6,31.0,4.7,83.5,10.1,forecast,Open-Meteo / NASA POWER / IMD (synthetic)
WX001202,REG014,2026-07-02,19.8,32.2,16.1,80.4,10.5,forecast,Open-Meteo / NASA POWER / IMD (synthetic)
WX001203,REG014,2026-07-03,22.3,32.7,6.1,83.3,8.2,forecast,Open-Meteo / NASA POWER / IMD (synthetic)
WX001204,REG014,2026-07-04,20.0,34.3,5.3,88.7,4.1,forecast,Open-Meteo / NASA POWER / IMD (synthetic)
WX001205,REG014,2026-07-05,18.7,32.8,5.1,83.2,9.2,forecast,Open-Meteo / NASA POWER / IMD (synthetic)
WX001206,REG014,2026-07-06,19.2,30.5,5.2,82.0,6.3,forecast,Open-Meteo / NASA POWER / IMD (synthetic)
WX001207,REG014,2026-07-07,22.0,34.7,11.2,78.6,8.6,forecast,Open-Meteo / NASA POWER / IMD (synthetic)
WX001208,REG014,2026-07-08,18.4,34.6,2.3,82.4,6.3,forecast,Open-Meteo / NASA POWER / IMD (synthetic)
WX001209,REG014,2026-07-09,23.1,35.1,9.1,78.6,14.4,forecast,Open-Meteo / NASA POWER / IMD (synthetic)
WX001210,REG014,2026-07-10,25.2,32.5,9.7,69.1,12.4,forecast,Open-Meteo / NASA POWER / IMD (synthetic)
WX001211,REG014,2026-07-11,20.8,33.0,10.8,87.3,9.0,forecast,Open-Meteo / NASA POWER / IMD (synthetic)
WX001212,REG014,2026-07-12,21.0,32.2,6.7,78.3,10.9,forecast,Open-Meteo / NASA POWER / IMD (synthetic)
WX001213,REG014,2026-07-13,22.1,36.2,6.4,77.0,8.3,forecast,Open-Meteo / NASA POWER / IMD (synthetic)
WX001214,REG014,2026-07-14,22.8,32.6,1.3,80.1,7.7,forecast,Open-Meteo / NASA POWER / IMD (synthetic)
WX001215,REG014,2026-07-15,19.0,29.4,2.0,80.0,7.1,forecast,Open-Meteo / NASA POWER / IMD (synthetic)
WX001216,REG014,2026-07-16,18.3,34.3,16.7,80.6,12.5,forecast,Open-Meteo / NASA POWER / IMD (synthetic)
WX001217,REG014,2026-07-17,19.2,33.8,4.4,75.6,4.1,forecast,Open-Meteo / NASA POWER / IMD (synthetic)
WX001218,REG014,2026-07-18,19.8,33.7,21.7,89.0,7.2,forecast,Open-Meteo / NASA POWER / IMD (synthetic)
WX001219,REG014,2026-07-19,23.6,33.0,1.7,78.4,15.4,forecast,Open-Meteo / NASA POWER / IMD (synthetic)
WX001220,REG014,2026-07-20,20.1,32.2,5.0,84.7,11.2,forecast,Open-Meteo / NASA POWER / IMD (synthetic)
WX001221,REG014,2026-07-21,20.8,35.8,15.7,83.9,9.6,forecast,Open-Meteo / NASA POWER / IMD (synthetic)
WX001222,REG014,2026-07-22,20.7,30.7,20.8,78.3,8.8,forecast,Open-Meteo / NASA POWER / IMD (synthetic)
WX001223,REG014,2026-07-23,19.2,32.7,7.3,93.0,9.2,forecast,Open-Meteo / NASA POWER / IMD (synthetic)
WX001224,REG014,2026-07-24,19.8,30.8,8.0,92.9,6.3,forecast,Open-Meteo / NASA POWER / IMD (synthetic)
WX001225,REG014,2026-07-25,19.0,32.4,5.2,82.6,5.1,forecast,Open-Meteo / NASA POWER / IMD (synthetic)
WX001226,REG014,2026-07-26,21.9,30.2,8.7,68.1,11.4,forecast,Open-Meteo / NASA POWER / IMD (synthetic)
WX001227,REG014,2026-07-27,19.4,30.6,4.8,80.0,9.1,forecast,Open-Meteo / NASA POWER / IMD (synthetic)
WX001228,REG014,2026-07-28,20.7,34.0,11.9,77.6,10.0,forecast,Open-Meteo / NASA POWER / IMD (synthetic)
WX001229,REG014,2026-07-29,19.2,31.6,11.2,84.8,7.8,forecast,Open-Meteo / NASA POWER / IMD (synthetic)
WX001230,REG014,2026-07-30,18.9,31.8,1.6,74.0,11.8,forecast,Open-Meteo / NASA POWER / IMD (synthetic)
WX001231,REG014,2026-07-31,22.6,31.8,11.5,84.8,6.3,forecast,Open-Meteo / NASA POWER / IMD (synthetic)
WX001232,REG014,2026-08-01,17.9,32.4,2.1,79.2,2.7,forecast,Open-Meteo / NASA POWER / IMD (synthetic)
WX001233,REG014,2026-08-02,20.2,33.4,4.9,89.3,13.8,forecast,Open-Meteo / NASA POWER / IMD (synthetic)
WX001234,REG014,2026-08-03,19.7,34.6,6.0,71.8,2.9,forecast,Open-Meteo / NASA POWER / IMD (synthetic)
WX001235,REG014,2026-08-04,19.7,31.4,2.0,81.9,9.2,forecast,Open-Meteo / NASA POWER / IMD (synthetic)
WX001236,REG014,2026-08-05,19.6,32.1,9.2,79.0,4.9,forecast,Open-Meteo / NASA POWER / IMD (synthetic)
WX001237,REG014,2026-08-06,21.6,32.5,9.8,77.7,7.3,forecast,Open-Meteo / NASA POWER / IMD (synthetic)
WX001238,REG014,2026-08-07,18.2,36.2,6.3,82.8,12.9,forecast,Open-Meteo / NASA POWER / IMD (synthetic)
WX001239,REG014,2026-08-08,19.4,31.4,2.1,76.2,6.7,forecast,Open-Meteo / NASA POWER / IMD (synthetic)
WX001240,REG014,2026-08-09,21.5,32.4,4.9,76.5,12.4,forecast,Open-Meteo / NASA POWER / IMD (synthetic)
WX001241,REG014,2026-08-10,22.5,31.7,15.0,72.4,9.1,forecast,Open-Meteo / NASA POWER / IMD (synthetic)
WX001242,REG014,2026-08-11,18.2,31.4,16.2,78.8,9.1,forecast,Open-Meteo / NASA POWER / IMD (synthetic)
WX001243,REG014,2026-08-12,21.1,33.0,8.4,77.0,12.1,forecast,Open-Meteo / NASA POWER / IMD (synthetic)
WX001244,REG014,2026-08-13,17.6,32.7,10.5,71.8,15.3,forecast,Open-Meteo / NASA POWER / IMD (synthetic)
WX001245,REG014,2026-08-14,20.3,32.8,1.3,76.1,9.0,forecast,Open-Meteo / NASA POWER / IMD (synthetic)
WX001246,REG014,2026-08-15,17.7,31.7,2.0,79.2,11.1,forecast,Open-Meteo / NASA POWER / IMD (synthetic)
WX001247,REG014,2026-08-16,21.8,32.5,6.2,69.2,9.4,forecast,Open-Meteo / NASA POWER / IMD (synthetic)
WX001248,REG014,2026-08-17,21.4,33.3,9.8,74.4,11.6,forecast,Open-Meteo / NASA POWER / IMD (synthetic)
WX001249,REG014,2026-08-18,20.2,33.7,9.8,77.0,6.4,forecast,Open-Meteo / NASA POWER / IMD (synthetic)
WX001250,REG014,2026-08-19,20.6,31.7,6.5,80.1,13.1,forecast,Open-Meteo / NASA POWER / IMD (synthetic)
WX001251,REG014,2026-08-20,20.7,30.8,4.8,77.1,12.6,forecast,Open-Meteo / NASA POWER / IMD (synthetic)
WX001252,REG014,2026-08-21,19.5,30.1,8.1,77.7,5.9,forecast,Open-Meteo / NASA POWER / IMD (synthetic)
WX001253,REG014,2026-08-22,21.7,34.0,12.6,77.0,4.1,forecast,Open-Meteo / NASA POWER / IMD (synthetic)
WX001254,REG014,2026-08-23,19.0,35.6,3.1,80.9,13.2,forecast,Open-Meteo / NASA POWER / IMD (synthetic)
WX001255,REG014,2026-08-24,20.5,35.1,20.9,75.8,13.6,forecast,Open-Meteo / NASA POWER / IMD (synthetic)
WX001256,REG014,2026-08-25,18.6,32.5,18.6,85.7,12.4,forecast,Open-Meteo / NASA POWER / IMD (synthetic)
WX001257,REG014,2026-08-26,21.0,31.0,15.1,77.4,2.4,forecast,Open-Meteo / NASA POWER / IMD (synthetic)
WX001258,REG014,2026-08-27,19.5,31.4,4.7,81.7,12.4,forecast,Open-Meteo / NASA POWER / IMD (synthetic)
WX001259,REG014,2026-08-28,18.7,31.9,5.2,78.8,7.8,forecast,Open-Meteo / NASA POWER / IMD (synthetic)
WX001260,REG014,2026-08-29,21.2,32.9,2.7,74.9,2,forecast,Open-Meteo / NASA POWER / IMD (synthetic)
WX001261,REG015,2026-06-01,20.7,31.0,7.5,75.0,9.2,observed,Open-Meteo / NASA POWER / IMD (synthetic)
WX001262,REG015,2026-06-02,21.8,32.1,10.2,78.1,11.4,observed,Open-Meteo / NASA POWER / IMD (synthetic)
WX001263,REG015,2026-06-03,19.9,31.5,1.7,74.8,14.6,observed,Open-Meteo / NASA POWER / IMD (synthetic)
WX001264,REG015,2026-06-04,21.0,35.7,22.2,85.0,10.7,observed,Open-Meteo / NASA POWER / IMD (synthetic)
WX001265,REG015,2026-06-05,21.9,31.9,28.1,77.3,12.7,observed,Open-Meteo / NASA POWER / IMD (synthetic)
WX001266,REG015,2026-06-06,21.4,33.0,8.0,79.5,10.8,observed,Open-Meteo / NASA POWER / IMD (synthetic)
WX001267,REG015,2026-06-07,21.0,34.6,6.7,81.0,7.5,observed,Open-Meteo / NASA POWER / IMD (synthetic)
WX001268,REG015,2026-06-08,18.0,30.8,8.9,80.4,9.7,observed,Open-Meteo / NASA POWER / IMD (synthetic)
WX001269,REG015,2026-06-09,18.9,31.7,3.1,78.7,9.4,observed,Open-Meteo / NASA POWER / IMD (synthetic)
WX001270,REG015,2026-06-10,18.7,32.1,0.9,81.8,11.0,observed,Open-Meteo / NASA POWER / IMD (synthetic)
WX001271,REG015,2026-06-11,21.1,32.2,12.9,71.3,9.5,observed,Open-Meteo / NASA POWER / IMD (synthetic)
WX001272,REG015,2026-06-12,21.1,35.1,2.1,77.1,9.0,forecast,Open-Meteo / NASA POWER / IMD (synthetic)
WX001273,REG015,2026-06-13,23.5,32.7,12.2,79.1,13.0,forecast,Open-Meteo / NASA POWER / IMD (synthetic)
WX001274,REG015,2026-06-14,22.6,29.8,8.9,74.9,12.8,forecast,Open-Meteo / NASA POWER / IMD (synthetic)
WX001275,REG015,2026-06-15,20.9,30.7,2.8,77.0,10.8,forecast,Open-Meteo / NASA POWER / IMD (synthetic)
WX001276,REG015,2026-06-16,19.5,30.6,4.6,82.2,9.8,forecast,Open-Meteo / NASA POWER / IMD (synthetic)
WX001277,REG015,2026-06-17,19.1,34.6,30.1,72.4,11.8,forecast,Open-Meteo / NASA POWER / IMD (synthetic)
WX001278,REG015,2026-06-18,21.1,32.5,20.7,82.8,5.6,forecast,Open-Meteo / NASA POWER / IMD (synthetic)
WX001279,REG015,2026-06-19,22.7,32.7,2.1,79.8,6.7,forecast,Open-Meteo / NASA POWER / IMD (synthetic)
WX001280,REG015,2026-06-20,22.2,30.3,5.4,79.7,9.0,forecast,Open-Meteo / NASA POWER / IMD (synthetic)
WX001281,REG015,2026-06-21,22.2,34.7,25.6,85.2,7.9,forecast,Open-Meteo / NASA POWER / IMD (synthetic)
WX001282,REG015,2026-06-22,23.2,33.4,7.2,78.9,7.5,forecast,Open-Meteo / NASA POWER / IMD (synthetic)
WX001283,REG015,2026-06-23,18.5,32.0,8.2,74.8,10.9,forecast,Open-Meteo / NASA POWER / IMD (synthetic)
WX001284,REG015,2026-06-24,19.5,31.7,10.2,76.7,8.4,forecast,Open-Meteo / NASA POWER / IMD (synthetic)
WX001285,REG015,2026-06-25,19.6,35.5,6.2,84.9,10.2,forecast,Open-Meteo / NASA POWER / IMD (synthetic)
WX001286,REG015,2026-06-26,22.2,33.7,0.5,81.3,9.5,forecast,Open-Meteo / NASA POWER / IMD (synthetic)
WX001287,REG015,2026-06-27,20.1,32.1,16.9,83.9,3.0,forecast,Open-Meteo / NASA POWER / IMD (synthetic)
WX001288,REG015,2026-06-28,22.3,34.4,4.1,72.3,14.0,forecast,Open-Meteo / NASA POWER / IMD (synthetic)
WX001289,REG015,2026-06-29,21.0,32.4,6.7,84.1,14.5,forecast,Open-Meteo / NASA POWER / IMD (synthetic)
WX001290,REG015,2026-06-30,17.4,33.0,4.4,85.7,12.2,forecast,Open-Meteo / NASA POWER / IMD (synthetic)
WX001291,REG015,2026-07-01,20.7,29.7,11.2,84.5,12.1,forecast,Open-Meteo / NASA POWER / IMD (synthetic)
WX001292,REG015,2026-07-02,19.0,34.7,9.6,83.0,10.7,forecast,Open-Meteo / NASA POWER / IMD (synthetic)
WX001293,REG015,2026-07-03,22.2,29.8,5.7,80.4,9.3,forecast,Open-Meteo / NASA POWER / IMD (synthetic)
WX001294,REG015,2026-07-04,19.8,34.9,3.6,78.3,11.9,forecast,Open-Meteo / NASA POWER / IMD (synthetic)
WX001295,REG015,2026-07-05,20.7,31.9,6.2,72.4,9.5,forecast,Open-Meteo / NASA POWER / IMD (synthetic)
WX001296,REG015,2026-07-06,21.1,34.3,1.7,78.3,10.6,forecast,Open-Meteo / NASA POWER / IMD (synthetic)
WX001297,REG015,2026-07-07,20.0,31.6,7.4,76.8,9.4,forecast,Open-Meteo / NASA POWER / IMD (synthetic)
WX001298,REG015,2026-07-08,20.1,35.1,10.1,74.7,14.7,forecast,Open-Meteo / NASA POWER / IMD (synthetic)
WX001299,REG015,2026-07-09,20.5,34.8,19.7,78.1,9.3,forecast,Open-Meteo / NASA POWER / IMD (synthetic)
WX001300,REG015,2026-07-10,22.3,30.0,1.5,74.1,12.1,forecast,Open-Meteo / NASA POWER / IMD (synthetic)
WX001301,REG015,2026-07-11,24.2,33.9,2.2,80.5,7.6,forecast,Open-Meteo / NASA POWER / IMD (synthetic)
WX001302,REG015,2026-07-12,21.1,32.3,1.5,83.8,5.0,forecast,Open-Meteo / NASA POWER / IMD (synthetic)
WX001303,REG015,2026-07-13,20.8,33.4,8.9,87.6,6.7,forecast,Open-Meteo / NASA POWER / IMD (synthetic)
WX001304,REG015,2026-07-14,17.4,33.0,10.9,82.6,11.7,forecast,Open-Meteo / NASA POWER / IMD (synthetic)
WX001305,REG015,2026-07-15,20.2,34.1,7.0,85.7,13.7,forecast,Open-Meteo / NASA POWER / IMD (synthetic)
WX001306,REG015,2026-07-16,22.8,30.7,10.7,82.5,8.1,forecast,Open-Meteo / NASA POWER / IMD (synthetic)
WX001307,REG015,2026-07-17,21.1,33.7,4.1,77.7,9.9,forecast,Open-Meteo / NASA POWER / IMD (synthetic)
WX001308,REG015,2026-07-18,19.4,32.1,7.5,79.3,13.5,forecast,Open-Meteo / NASA POWER / IMD (synthetic)
WX001309,REG015,2026-07-19,17.8,31.5,4.8,82.5,7.9,forecast,Open-Meteo / NASA POWER / IMD (synthetic)
WX001310,REG015,2026-07-20,21.0,34.1,3.2,82.6,8.2,forecast,Open-Meteo / NASA POWER / IMD (synthetic)
WX001311,REG015,2026-07-21,18.2,33.1,9.3,84.1,11.9,forecast,Open-Meteo / NASA POWER / IMD (synthetic)
WX001312,REG015,2026-07-22,21.5,32.1,7.0,80.1,10.0,forecast,Open-Meteo / NASA POWER / IMD (synthetic)
WX001313,REG015,2026-07-23,20.0,32.8,12.1,77.0,2.9,forecast,Open-Meteo / NASA POWER / IMD (synthetic)
WX001314,REG015,2026-07-24,17.9,34.4,5.8,70.7,3.3,forecast,Open-Meteo / NASA POWER / IMD (synthetic)
WX001315,REG015,2026-07-25,17.4,33.8,1.7,80.6,16.6,forecast,Open-Meteo / NASA POWER / IMD (synthetic)
WX001316,REG015,2026-07-26,22.1,32.1,13.1,73.9,10.6,forecast,Open-Meteo / NASA POWER / IMD (synthetic)
WX001317,REG015,2026-07-27,19.1,32.7,4.9,77.5,14.1,forecast,Open-Meteo / NASA POWER / IMD (synthetic)
WX001318,REG015,2026-07-28,22.0,35.0,8.8,77.0,10.3,forecast,Open-Meteo / NASA POWER / IMD (synthetic)
WX001319,REG015,2026-07-29,17.2,29.4,4.0,86.1,8.6,forecast,Open-Meteo / NASA POWER / IMD (synthetic)
WX001320,REG015,2026-07-30,20.8,33.0,3.5,75.9,12.1,forecast,Open-Meteo / NASA POWER / IMD (synthetic)
WX001321,REG015,2026-07-31,19.1,33.6,8.9,78.3,10.7,forecast,Open-Meteo / NASA POWER / IMD (synthetic)
WX001322,REG015,2026-08-01,20.4,34.1,12.6,75.2,12.8,forecast,Open-Meteo / NASA POWER / IMD (synthetic)
WX001323,REG015,2026-08-02,20.8,33.8,2.2,87.0,10.3,forecast,Open-Meteo / NASA POWER / IMD (synthetic)
WX001324,REG015,2026-08-03,19.5,31.7,3.4,75.3,10.3,forecast,Open-Meteo / NASA POWER / IMD (synthetic)
WX001325,REG015,2026-08-04,20.9,32.4,8.8,92.4,12.2,forecast,Open-Meteo / NASA POWER / IMD (synthetic)
WX001326,REG015,2026-08-05,22.7,33.8,12.6,82.3,10.2,forecast,Open-Meteo / NASA POWER / IMD (synthetic)
WX001327,REG015,2026-08-06,20.2,29.5,9.8,75.5,7.3,forecast,Open-Meteo / NASA POWER / IMD (synthetic)
WX001328,REG015,2026-08-07,21.7,32.9,19.0,79.8,2.2,forecast,Open-Meteo / NASA POWER / IMD (synthetic)
WX001329,REG015,2026-08-08,19.6,33.2,7.5,73.4,7.0,forecast,Open-Meteo / NASA POWER / IMD (synthetic)
WX001330,REG015,2026-08-09,20.8,32.0,5.2,78.4,5.4,forecast,Open-Meteo / NASA POWER / IMD (synthetic)
WX001331,REG015,2026-08-10,19.3,30.6,7.0,85.6,14.5,forecast,Open-Meteo / NASA POWER / IMD (synthetic)
WX001332,REG015,2026-08-11,21.0,33.1,2.8,78.1,8.2,forecast,Open-Meteo / NASA POWER / IMD (synthetic)
WX001333,REG015,2026-08-12,21.4,30.9,4.0,78.7,10.4,forecast,Open-Meteo / NASA POWER / IMD (synthetic)
WX001334,REG015,2026-08-13,21.8,32.6,4.1,76.6,10.0,forecast,Open-Meteo / NASA POWER / IMD (synthetic)
WX001335,REG015,2026-08-14,19.9,32.9,7.7,77.7,13.5,forecast,Open-Meteo / NASA POWER / IMD (synthetic)
WX001336,REG015,2026-08-15,20.1,35.9,15.2,82.1,9.8,forecast,Open-Meteo / NASA POWER / IMD (synthetic)
WX001337,REG015,2026-08-16,18.9,32.7,9.9,76.8,11.7,forecast,Open-Meteo / NASA POWER / IMD (synthetic)
WX001338,REG015,2026-08-17,21.3,32.8,36.4,76.5,11.7,forecast,Open-Meteo / NASA POWER / IMD (synthetic)
WX001339,REG015,2026-08-18,19.1,34.2,6.0,77.2,6.4,forecast,Open-Meteo / NASA POWER / IMD (synthetic)
WX001340,REG015,2026-08-19,21.2,27.4,10.3,85.4,8.7,forecast,Open-Meteo / NASA POWER / IMD (synthetic)
WX001341,REG015,2026-08-20,19.5,31.7,3.0,80.0,8.3,forecast,Open-Meteo / NASA POWER / IMD (synthetic)
WX001342,REG015,2026-08-21,20.8,34.3,8.2,75.5,5.2,forecast,Open-Meteo / NASA POWER / IMD (synthetic)
WX001343,REG015,2026-08-22,21.9,33.7,5.1,75.2,12.9,forecast,Open-Meteo / NASA POWER / IMD (synthetic)
WX001344,REG015,2026-08-23,22.1,32.8,0.9,84.2,10.5,forecast,Open-Meteo / NASA POWER / IMD (synthetic)
WX001345,REG015,2026-08-24,18.4,30.8,5.4,78.4,8.6,forecast,Open-Meteo / NASA POWER / IMD (synthetic)
WX001346,REG015,2026-08-25,18.3,31.7,5.6,76.9,14.3,forecast,Open-Meteo / NASA POWER / IMD (synthetic)
WX001347,REG015,2026-08-26,21.4,30.6,4.2,76.2,11.8,forecast,Open-Meteo / NASA POWER / IMD (synthetic)
WX001348,REG015,2026-08-27,20.3,32.7,8.9,81.7,15.1,forecast,Open-Meteo / NASA POWER / IMD (synthetic)
WX001349,REG015,2026-08-28,21.9,34.4,0.4,81.3,15.8,forecast,Open-Meteo / NASA POWER / IMD (synthetic)
WX001350,REG015,2026-08-29,22.0,30.3,6.0,90.5,9.9,forecast,Open-Meteo / NASA POWER / IMD (synthetic)
WX001351,REG016,2026-06-01,19.0,31.0,4.6,77.2,6.6,observed,Open-Meteo / NASA POWER / IMD (synthetic)
WX001352,REG016,2026-06-02,20.6,33.0,3.9,89.4,9.3,observed,Open-Meteo / NASA POWER / IMD (synthetic)
WX001353,REG016,2026-06-03,25.0,32.2,12.8,82.0,8.4,observed,Open-Meteo / NASA POWER / IMD (synthetic)
WX001354,REG016,2026-06-04,20.8,33.8,13.4,77.5,11.3,observed,Open-Meteo / NASA POWER / IMD (synthetic)
WX001355,REG016,2026-06-05,20.3,32.3,19.6,79.7,13.5,observed,Open-Meteo / NASA POWER / IMD (synthetic)
WX001356,REG016,2026-06-06,22.6,32.4,5.5,79.3,13.1,observed,Open-Meteo / NASA POWER / IMD (synthetic)
WX001357,REG016,2026-06-07,23.6,34.6,12.9,81.6,6.9,observed,Open-Meteo / NASA POWER / IMD (synthetic)
WX001358,REG016,2026-06-08,24.7,32.3,6.1,79.1,8.1,observed,Open-Meteo / NASA POWER / IMD (synthetic)
WX001359,REG016,2026-06-09,21.5,33.6,17.2,79.2,7.7,observed,Open-Meteo / NASA POWER / IMD (synthetic)
WX001360,REG016,2026-06-10,22.4,34.8,7.6,78.1,11.3,observed,Open-Meteo / NASA POWER / IMD (synthetic)
WX001361,REG016,2026-06-11,20.6,32.0,13.7,79.9,14.2,observed,Open-Meteo / NASA POWER / IMD (synthetic)
WX001362,REG016,2026-06-12,19.9,32.4,4.0,81.6,5.7,forecast,Open-Meteo / NASA POWER / IMD (synthetic)
WX001363,REG016,2026-06-13,21.2,35.7,11.5,83.5,10.5,forecast,Open-Meteo / NASA POWER / IMD (synthetic)
WX001364,REG016,2026-06-14,22.5,31.7,16.2,86.7,6.8,forecast,Open-Meteo / NASA POWER / IMD (synthetic)
WX001365,REG016,2026-06-15,22.1,30.9,9.3,80.1,9.8,forecast,Open-Meteo / NASA POWER / IMD (synthetic)
WX001366,REG016,2026-06-16,23.6,34.6,1.4,79.0,10.5,forecast,Open-Meteo / NASA POWER / IMD (synthetic)
WX001367,REG016,2026-06-17,21.2,34.7,10.4,74.4,9.3,forecast,Open-Meteo / NASA POWER / IMD (synthetic)
WX001368,REG016,2026-06-18,22.2,33.9,3.2,81.4,3.4,forecast,Open-Meteo / NASA POWER / IMD (synthetic)
WX001369,REG016,2026-06-19,20.1,33.4,6.3,84.8,11.6,forecast,Open-Meteo / NASA POWER / IMD (synthetic)
WX001370,REG016,2026-06-20,20.3,31.5,14.2,86.0,10.7,forecast,Open-Meteo / NASA POWER / IMD (synthetic)
WX001371,REG016,2026-06-21,21.5,34.9,4.0,65.5,12.7,forecast,Open-Meteo / NASA POWER / IMD (synthetic)
WX001372,REG016,2026-06-22,20.1,31.5,8.5,77.8,13.7,forecast,Open-Meteo / NASA POWER / IMD (synthetic)
WX001373,REG016,2026-06-23,20.8,35.4,8.9,84.4,8.9,forecast,Open-Meteo / NASA POWER / IMD (synthetic)
WX001374,REG016,2026-06-24,18.1,34.3,20.4,77.7,9.4,forecast,Open-Meteo / NASA POWER / IMD (synthetic)
WX001375,REG016,2026-06-25,23.2,37.2,3.2,77.5,7.3,forecast,Open-Meteo / NASA POWER / IMD (synthetic)
WX001376,REG016,2026-06-26,22.6,34.6,20.1,77.0,7.3,forecast,Open-Meteo / NASA POWER / IMD (synthetic)
WX001377,REG016,2026-06-27,22.2,32.5,12.9,82.5,10.9,forecast,Open-Meteo / NASA POWER / IMD (synthetic)
WX001378,REG016,2026-06-28,20.6,31.7,2.5,82.4,6.6,forecast,Open-Meteo / NASA POWER / IMD (synthetic)
WX001379,REG016,2026-06-29,19.0,33.3,12.3,75.9,10.3,forecast,Open-Meteo / NASA POWER / IMD (synthetic)
WX001380,REG016,2026-06-30,22.0,35.6,10.6,80.3,11.8,forecast,Open-Meteo / NASA POWER / IMD (synthetic)
WX001381,REG016,2026-07-01,23.6,35.8,22.5,79.5,9.0,forecast,Open-Meteo / NASA POWER / IMD (synthetic)
WX001382,REG016,2026-07-02,19.7,35.0,12.4,83.4,8.3,forecast,Open-Meteo / NASA POWER / IMD (synthetic)
WX001383,REG016,2026-07-03,23.2,34.7,6.2,76.6,9.5,forecast,Open-Meteo / NASA POWER / IMD (synthetic)
WX001384,REG016,2026-07-04,19.7,36.3,8.7,80.0,11.1,forecast,Open-Meteo / NASA POWER / IMD (synthetic)
WX001385,REG016,2026-07-05,22.0,33.8,2.4,82.6,6.5,forecast,Open-Meteo / NASA POWER / IMD (synthetic)
WX001386,REG016,2026-07-06,18.1,34.8,9.8,73.3,12.2,forecast,Open-Meteo / NASA POWER / IMD (synthetic)
WX001387,REG016,2026-07-07,21.9,31.3,16.3,87.5,11.1,forecast,Open-Meteo / NASA POWER / IMD (synthetic)
WX001388,REG016,2026-07-08,19.9,34.2,2.7,75.5,10.6,forecast,Open-Meteo / NASA POWER / IMD (synthetic)
WX001389,REG016,2026-07-09,22.1,33.8,2.0,77.5,9.3,forecast,Open-Meteo / NASA POWER / IMD (synthetic)
WX001390,REG016,2026-07-10,20.8,33.2,6.8,82.6,7.4,forecast,Open-Meteo / NASA POWER / IMD (synthetic)
WX001391,REG016,2026-07-11,21.7,35.9,4.9,75.1,12.5,forecast,Open-Meteo / NASA POWER / IMD (synthetic)
WX001392,REG016,2026-07-12,20.8,32.3,2.6,85.0,16.3,forecast,Open-Meteo / NASA POWER / IMD (synthetic)
WX001393,REG016,2026-07-13,22.1,34.3,6.1,84.0,7.0,forecast,Open-Meteo / NASA POWER / IMD (synthetic)
WX001394,REG016,2026-07-14,22.3,34.4,4.5,80.8,10.7,forecast,Open-Meteo / NASA POWER / IMD (synthetic)
WX001395,REG016,2026-07-15,23.7,31.8,7.1,75.1,8.1,forecast,Open-Meteo / NASA POWER / IMD (synthetic)
WX001396,REG016,2026-07-16,21.9,35.4,5.7,75.5,9.8,forecast,Open-Meteo / NASA POWER / IMD (synthetic)
WX001397,REG016,2026-07-17,24.5,34.0,9.7,78.4,12.6,forecast,Open-Meteo / NASA POWER / IMD (synthetic)
WX001398,REG016,2026-07-18,20.9,33.7,2.2,80.4,11.0,forecast,Open-Meteo / NASA POWER / IMD (synthetic)
WX001399,REG016,2026-07-19,20.8,33.9,1.8,71.9,12.0,forecast,Open-Meteo / NASA POWER / IMD (synthetic)
WX001400,REG016,2026-07-20,22.9,31.3,2.5,78.9,9.3,forecast,Open-Meteo / NASA POWER / IMD (synthetic)
WX001401,REG016,2026-07-21,19.0,34.4,5.2,79.9,8.8,forecast,Open-Meteo / NASA POWER / IMD (synthetic)
WX001402,REG016,2026-07-22,20.7,32.8,3.7,74.3,13.1,forecast,Open-Meteo / NASA POWER / IMD (synthetic)
WX001403,REG016,2026-07-23,20.1,30.8,9.2,77.9,10.5,forecast,Open-Meteo / NASA POWER / IMD (synthetic)
WX001404,REG016,2026-07-24,22.6,32.2,5.2,82.1,13.4,forecast,Open-Meteo / NASA POWER / IMD (synthetic)
WX001405,REG016,2026-07-25,19.9,32.5,4.7,80.8,11.0,forecast,Open-Meteo / NASA POWER / IMD (synthetic)
WX001406,REG016,2026-07-26,20.0,36.5,2.5,83.7,4.8,forecast,Open-Meteo / NASA POWER / IMD (synthetic)
WX001407,REG016,2026-07-27,23.0,35.8,2.4,83.8,17.0,forecast,Open-Meteo / NASA POWER / IMD (synthetic)
WX001408,REG016,2026-07-28,20.9,33.8,1.9,86.4,9.7,forecast,Open-Meteo / NASA POWER / IMD (synthetic)
WX001409,REG016,2026-07-29,21.7,32.2,9.7,77.5,7.8,forecast,Open-Meteo / NASA POWER / IMD (synthetic)
WX001410,REG016,2026-07-30,19.0,34.3,2.5,77.6,9.3,forecast,Open-Meteo / NASA POWER / IMD (synthetic)
WX001411,REG016,2026-07-31,24.5,34.8,3.8,79.7,13.2,forecast,Open-Meteo / NASA POWER / IMD (synthetic)
WX001412,REG016,2026-08-01,24.3,33.1,5.1,79.7,16.2,forecast,Open-Meteo / NASA POWER / IMD (synthetic)
WX001413,REG016,2026-08-02,23.1,33.1,20.1,84.4,5.2,forecast,Open-Meteo / NASA POWER / IMD (synthetic)
WX001414,REG016,2026-08-03,21.7,34.5,1.7,78.8,8.4,forecast,Open-Meteo / NASA POWER / IMD (synthetic)
WX001415,REG016,2026-08-04,19.9,32.1,2.8,82.9,6.2,forecast,Open-Meteo / NASA POWER / IMD (synthetic)
WX001416,REG016,2026-08-05,22.1,34.9,1.9,78.1,8.0,forecast,Open-Meteo / NASA POWER / IMD (synthetic)
WX001417,REG016,2026-08-06,22.7,30.3,7.1,74.2,14.5,forecast,Open-Meteo / NASA POWER / IMD (synthetic)
WX001418,REG016,2026-08-07,23.3,33.0,3.6,82.6,10.5,forecast,Open-Meteo / NASA POWER / IMD (synthetic)
WX001419,REG016,2026-08-08,21.4,34.9,16.2,85.7,8.5,forecast,Open-Meteo / NASA POWER / IMD (synthetic)
WX001420,REG016,2026-08-09,21.1,31.9,6.9,79.4,6.3,forecast,Open-Meteo / NASA POWER / IMD (synthetic)
WX001421,REG016,2026-08-10,21.5,34.5,3.9,82.2,8.5,forecast,Open-Meteo / NASA POWER / IMD (synthetic)
WX001422,REG016,2026-08-11,22.2,32.7,3.6,76.2,10.2,forecast,Open-Meteo / NASA POWER / IMD (synthetic)
WX001423,REG016,2026-08-12,21.6,33.5,2.0,82.9,8.4,forecast,Open-Meteo / NASA POWER / IMD (synthetic)
WX001424,REG016,2026-08-13,22.2,33.8,12.7,79.7,8.7,forecast,Open-Meteo / NASA POWER / IMD (synthetic)
WX001425,REG016,2026-08-14,21.1,34.5,19.7,83.1,12.2,forecast,Open-Meteo / NASA POWER / IMD (synthetic)
WX001426,REG016,2026-08-15,22.5,35.0,12.0,77.0,9.5,forecast,Open-Meteo / NASA POWER / IMD (synthetic)
WX001427,REG016,2026-08-16,20.6,34.9,12.0,89.5,7.8,forecast,Open-Meteo / NASA POWER / IMD (synthetic)
WX001428,REG016,2026-08-17,22.1,32.8,1.4,89.1,8.2,forecast,Open-Meteo / NASA POWER / IMD (synthetic)
WX001429,REG016,2026-08-18,21.0,32.7,6.3,75.3,5.5,forecast,Open-Meteo / NASA POWER / IMD (synthetic)
WX001430,REG016,2026-08-19,22.4,35.3,8.6,74.5,13.1,forecast,Open-Meteo / NASA POWER / IMD (synthetic)
WX001431,REG016,2026-08-20,20.0,33.9,5.3,79.5,9.4,forecast,Open-Meteo / NASA POWER / IMD (synthetic)
WX001432,REG016,2026-08-21,22.1,35.8,1.4,75.3,6.2,forecast,Open-Meteo / NASA POWER / IMD (synthetic)
WX001433,REG016,2026-08-22,19.7,36.7,2.0,77.2,11.1,forecast,Open-Meteo / NASA POWER / IMD (synthetic)
WX001434,REG016,2026-08-23,20.1,33.1,2.1,87.2,9.6,forecast,Open-Meteo / NASA POWER / IMD (synthetic)
WX001435,REG016,2026-08-24,22.4,33.3,17.3,73.7,8.1,forecast,Open-Meteo / NASA POWER / IMD (synthetic)
WX001436,REG016,2026-08-25,17.1,28.6,5.5,75.7,11.5,forecast,Open-Meteo / NASA POWER / IMD (synthetic)
WX001437,REG016,2026-08-26,21.1,34.7,4.6,72.9,11.6,forecast,Open-Meteo / NASA POWER / IMD (synthetic)
WX001438,REG016,2026-08-27,23.0,30.9,2.6,78.9,4.6,forecast,Open-Meteo / NASA POWER / IMD (synthetic)
WX001439,REG016,2026-08-28,21.8,34.6,5.5,76.8,7.2,forecast,Open-Meteo / NASA POWER / IMD (synthetic)
WX001440,REG016,2026-08-29,22.7,36.4,17.0,81.3,11.4,forecast,Open-Meteo / NASA POWER / IMD (synthetic)
WX001441,REG017,2026-06-01,21.2,36.8,10.7,86.6,6.9,observed,Open-Meteo / NASA POWER / IMD (synthetic)
WX001442,REG017,2026-06-02,22.1,33.7,9.2,77.1,8.0,observed,Open-Meteo / NASA POWER / IMD (synthetic)
WX001443,REG017,2026-06-03,21.5,33.3,8.7,73.7,8.2,observed,Open-Meteo / NASA POWER / IMD (synthetic)
WX001444,REG017,2026-06-04,22.5,33.9,8.9,84.8,10.9,observed,Open-Meteo / NASA POWER / IMD (synthetic)
WX001445,REG017,2026-06-05,21.2,32.9,10.2,77.4,11.6,observed,Open-Meteo / NASA POWER / IMD (synthetic)
WX001446,REG017,2026-06-06,23.0,34.5,21.7,84.4,21.0,observed,Open-Meteo / NASA POWER / IMD (synthetic)
WX001447,REG017,2026-06-07,20.1,34.2,34.2,79.0,10.1,observed,Open-Meteo / NASA POWER / IMD (synthetic)
WX001448,REG017,2026-06-08,20.7,33.1,2.4,88.2,9.7,observed,Open-Meteo / NASA POWER / IMD (synthetic)
WX001449,REG017,2026-06-09,23.4,38.2,0.6,80.4,8.3,observed,Open-Meteo / NASA POWER / IMD (synthetic)
WX001450,REG017,2026-06-10,20.2,34.9,4.9,78.0,9.7,observed,Open-Meteo / NASA POWER / IMD (synthetic)
WX001451,REG017,2026-06-11,25.4,33.7,9.8,76.2,10.7,observed,Open-Meteo / NASA POWER / IMD (synthetic)
WX001452,REG017,2026-06-12,22.0,32.6,19.1,84.9,7.9,forecast,Open-Meteo / NASA POWER / IMD (synthetic)
WX001453,REG017,2026-06-13,23.5,33.2,3.2,90.1,7.4,forecast,Open-Meteo / NASA POWER / IMD (synthetic)
WX001454,REG017,2026-06-14,22.1,32.9,5.0,83.9,11.0,forecast,Open-Meteo / NASA POWER / IMD (synthetic)
WX001455,REG017,2026-06-15,23.4,36.8,25.6,79.9,6.8,forecast,Open-Meteo / NASA POWER / IMD (synthetic)
WX001456,REG017,2026-06-16,22.2,33.2,28.6,87.2,8.4,forecast,Open-Meteo / NASA POWER / IMD (synthetic)
WX001457,REG017,2026-06-17,22.8,36.0,10.2,84.8,6.9,forecast,Open-Meteo / NASA POWER / IMD (synthetic)
WX001458,REG017,2026-06-18,19.4,32.8,11.6,80.9,8.8,forecast,Open-Meteo / NASA POWER / IMD (synthetic)
WX001459,REG017,2026-06-19,23.1,35.2,13.5,81.9,11.0,forecast,Open-Meteo / NASA POWER / IMD (synthetic)
WX001460,REG017,2026-06-20,24.4,36.2,7.9,85.4,13.7,forecast,Open-Meteo / NASA POWER / IMD (synthetic)
WX001461,REG017,2026-06-21,21.4,36.0,8.9,75.9,6.0,forecast,Open-Meteo / NASA POWER / IMD (synthetic)
WX001462,REG017,2026-06-22,20.9,30.7,2.3,82.2,12.1,forecast,Open-Meteo / NASA POWER / IMD (synthetic)
WX001463,REG017,2026-06-23,21.4,34.2,9.0,71.1,11.5,forecast,Open-Meteo / NASA POWER / IMD (synthetic)
WX001464,REG017,2026-06-24,22.9,36.2,16.1,82.0,14.4,forecast,Open-Meteo / NASA POWER / IMD (synthetic)
WX001465,REG017,2026-06-25,25.2,37.5,5.6,76.1,11.3,forecast,Open-Meteo / NASA POWER / IMD (synthetic)
WX001466,REG017,2026-06-26,22.8,36.4,6.1,65.4,10.8,forecast,Open-Meteo / NASA POWER / IMD (synthetic)
WX001467,REG017,2026-06-27,22.4,36.3,6.4,74.9,6.5,forecast,Open-Meteo / NASA POWER / IMD (synthetic)
WX001468,REG017,2026-06-28,20.5,33.1,7.6,73.9,11.2,forecast,Open-Meteo / NASA POWER / IMD (synthetic)
WX001469,REG017,2026-06-29,21.2,31.5,4.0,78.6,9.7,forecast,Open-Meteo / NASA POWER / IMD (synthetic)
WX001470,REG017,2026-06-30,22.5,33.5,1.9,80.9,14.9,forecast,Open-Meteo / NASA POWER / IMD (synthetic)
WX001471,REG017,2026-07-01,17.2,33.1,12.0,79.4,8.5,forecast,Open-Meteo / NASA POWER / IMD (synthetic)
WX001472,REG017,2026-07-02,21.3,32.5,8.3,83.5,12.4,forecast,Open-Meteo / NASA POWER / IMD (synthetic)
WX001473,REG017,2026-07-03,19.7,38.7,3.0,76.7,6.9,forecast,Open-Meteo / NASA POWER / IMD (synthetic)
WX001474,REG017,2026-07-04,21.6,34.8,10.0,71.4,10.7,forecast,Open-Meteo / NASA POWER / IMD (synthetic)
WX001475,REG017,2026-07-05,22.3,33.9,11.9,82.3,8.6,forecast,Open-Meteo / NASA POWER / IMD (synthetic)
WX001476,REG017,2026-07-06,22.2,35.0,9.5,87.3,9.0,forecast,Open-Meteo / NASA POWER / IMD (synthetic)
WX001477,REG017,2026-07-07,23.3,35.1,4.9,84.2,6.6,forecast,Open-Meteo / NASA POWER / IMD (synthetic)
WX001478,REG017,2026-07-08,19.7,34.0,1.6,91.3,10.5,forecast,Open-Meteo / NASA POWER / IMD (synthetic)
WX001479,REG017,2026-07-09,21.3,34.5,3.8,77.8,14.7,forecast,Open-Meteo / NASA POWER / IMD (synthetic)
WX001480,REG017,2026-07-10,22.2,30.8,13.2,78.3,15.9,forecast,Open-Meteo / NASA POWER / IMD (synthetic)
WX001481,REG017,2026-07-11,21.2,35.0,5.2,82.2,4.8,forecast,Open-Meteo / NASA POWER / IMD (synthetic)
WX001482,REG017,2026-07-12,22.3,34.3,11.1,90.3,4.0,forecast,Open-Meteo / NASA POWER / IMD (synthetic)
WX001483,REG017,2026-07-13,22.9,34.3,12.0,77.3,8.5,forecast,Open-Meteo / NASA POWER / IMD (synthetic)
WX001484,REG017,2026-07-14,23.6,34.8,3.2,82.6,7.3,forecast,Open-Meteo / NASA POWER / IMD (synthetic)
WX001485,REG017,2026-07-15,22.0,34.6,29.0,82.8,10.1,forecast,Open-Meteo / NASA POWER / IMD (synthetic)
WX001486,REG017,2026-07-16,19.5,31.8,4.2,72.7,5.2,forecast,Open-Meteo / NASA POWER / IMD (synthetic)
WX001487,REG017,2026-07-17,20.2,33.3,11.3,77.6,9.1,forecast,Open-Meteo / NASA POWER / IMD (synthetic)
WX001488,REG017,2026-07-18,23.9,33.8,5.9,85.0,14.2,forecast,Open-Meteo / NASA POWER / IMD (synthetic)
WX001489,REG017,2026-07-19,22.2,37.2,2.8,78.9,7.7,forecast,Open-Meteo / NASA POWER / IMD (synthetic)
WX001490,REG017,2026-07-20,25.5,34.3,12.5,86.0,18.6,forecast,Open-Meteo / NASA POWER / IMD (synthetic)
WX001491,REG017,2026-07-21,24.3,36.9,7.0,81.4,13.9,forecast,Open-Meteo / NASA POWER / IMD (synthetic)
WX001492,REG017,2026-07-22,19.7,31.7,9.2,80.4,9.4,forecast,Open-Meteo / NASA POWER / IMD (synthetic)
WX001493,REG017,2026-07-23,24.6,34.7,2.1,73.6,5.9,forecast,Open-Meteo / NASA POWER / IMD (synthetic)
WX001494,REG017,2026-07-24,22.0,31.7,9.9,77.2,7.1,forecast,Open-Meteo / NASA POWER / IMD (synthetic)
WX001495,REG017,2026-07-25,21.4,29.8,16.0,73.5,13.8,forecast,Open-Meteo / NASA POWER / IMD (synthetic)
WX001496,REG017,2026-07-26,24.4,36.8,24.4,77.1,10.1,forecast,Open-Meteo / NASA POWER / IMD (synthetic)
WX001497,REG017,2026-07-27,23.3,35.6,12.4,81.4,8.9,forecast,Open-Meteo / NASA POWER / IMD (synthetic)
WX001498,REG017,2026-07-28,21.7,32.1,5.9,77.6,10.7,forecast,Open-Meteo / NASA POWER / IMD (synthetic)
WX001499,REG017,2026-07-29,22.9,35.1,13.5,77.5,10.1,forecast,Open-Meteo / NASA POWER / IMD (synthetic)
WX001500,REG017,2026-07-30,20.7,34.4,6.2,77.0,11.3,forecast,Open-Meteo / NASA POWER / IMD (synthetic)
WX001501,REG017,2026-07-31,23.6,33.8,1.8,69.4,9.1,forecast,Open-Meteo / NASA POWER / IMD (synthetic)
WX001502,REG017,2026-08-01,20.5,37.0,8.3,83.5,11.2,forecast,Open-Meteo / NASA POWER / IMD (synthetic)
WX001503,REG017,2026-08-02,21.0,35.0,6.7,70.7,8.2,forecast,Open-Meteo / NASA POWER / IMD (synthetic)
WX001504,REG017,2026-08-03,19.4,33.2,5.5,84.1,14.8,forecast,Open-Meteo / NASA POWER / IMD (synthetic)
WX001505,REG017,2026-08-04,22.7,33.2,9.6,73.9,5.1,forecast,Open-Meteo / NASA POWER / IMD (synthetic)
WX001506,REG017,2026-08-05,24.0,34.5,16.6,80.1,9.4,forecast,Open-Meteo / NASA POWER / IMD (synthetic)
WX001507,REG017,2026-08-06,21.0,36.2,12.6,89.8,9.6,forecast,Open-Meteo / NASA POWER / IMD (synthetic)
WX001508,REG017,2026-08-07,23.6,32.6,11.5,84.0,14.3,forecast,Open-Meteo / NASA POWER / IMD (synthetic)
WX001509,REG017,2026-08-08,22.2,34.2,2.8,86.1,13.8,forecast,Open-Meteo / NASA POWER / IMD (synthetic)
WX001510,REG017,2026-08-09,21.8,32.7,9.2,88.5,9.3,forecast,Open-Meteo / NASA POWER / IMD (synthetic)
WX001511,REG017,2026-08-10,22.2,30.5,13.6,80.5,8.0,forecast,Open-Meteo / NASA POWER / IMD (synthetic)
WX001512,REG017,2026-08-11,19.0,33.2,1.1,82.4,7.2,forecast,Open-Meteo / NASA POWER / IMD (synthetic)
WX001513,REG017,2026-08-12,20.0,31.7,3.2,79.0,14.5,forecast,Open-Meteo / NASA POWER / IMD (synthetic)
WX001514,REG017,2026-08-13,22.0,36.4,1.8,74.8,10.6,forecast,Open-Meteo / NASA POWER / IMD (synthetic)
WX001515,REG017,2026-08-14,22.5,32.2,5.7,79.5,8.7,forecast,Open-Meteo / NASA POWER / IMD (synthetic)
WX001516,REG017,2026-08-15,23.1,30.1,3.6,84.4,5.7,forecast,Open-Meteo / NASA POWER / IMD (synthetic)
WX001517,REG017,2026-08-16,20.1,35.5,14.2,85.2,11.2,forecast,Open-Meteo / NASA POWER / IMD (synthetic)
WX001518,REG017,2026-08-17,21.4,34.0,4.8,70.3,8.9,forecast,Open-Meteo / NASA POWER / IMD (synthetic)
WX001519,REG017,2026-08-18,21.5,34.8,11.8,78.0,13.2,forecast,Open-Meteo / NASA POWER / IMD (synthetic)
WX001520,REG017,2026-08-19,23.7,35.5,17.8,87.0,8.9,forecast,Open-Meteo / NASA POWER / IMD (synthetic)
WX001521,REG017,2026-08-20,21.9,32.7,3.8,84.6,8.5,forecast,Open-Meteo / NASA POWER / IMD (synthetic)
WX001522,REG017,2026-08-21,21.5,35.5,3.6,76.2,14.1,forecast,Open-Meteo / NASA POWER / IMD (synthetic)
WX001523,REG017,2026-08-22,22.7,37.2,18.9,81.8,8.8,forecast,Open-Meteo / NASA POWER / IMD (synthetic)
WX001524,REG017,2026-08-23,23.9,37.1,7.7,74.3,11.1,forecast,Open-Meteo / NASA POWER / IMD (synthetic)
WX001525,REG017,2026-08-24,26.2,35.6,1.8,81.6,10.7,forecast,Open-Meteo / NASA POWER / IMD (synthetic)
WX001526,REG017,2026-08-25,21.7,32.1,18.1,81.0,8.8,forecast,Open-Meteo / NASA POWER / IMD (synthetic)
WX001527,REG017,2026-08-26,21.0,33.4,34.3,83.1,3.9,forecast,Open-Meteo / NASA POWER / IMD (synthetic)
WX001528,REG017,2026-08-27,22.7,34.4,3.5,77.8,13.4,forecast,Open-Meteo / NASA POWER / IMD (synthetic)
WX001529,REG017,2026-08-28,23.9,33.4,5.2,80.0,6.5,forecast,Open-Meteo / NASA POWER / IMD (synthetic)
WX001530,REG017,2026-08-29,22.7,35.5,6.7,72.0,10.3,forecast,Open-Meteo / NASA POWER / IMD (synthetic)
WX001531,REG018,2026-06-01,22.8,31.0,1.7,87.7,13.4,observed,Open-Meteo / NASA POWER / IMD (synthetic)
WX001532,REG018,2026-06-02,20.2,31.7,8.2,69.3,15.8,observed,Open-Meteo / NASA POWER / IMD (synthetic)
WX001533,REG018,2026-06-03,22.5,34.9,8.6,85.5,11.2,observed,Open-Meteo / NASA POWER / IMD (synthetic)
WX001534,REG018,2026-06-04,21.4,32.6,15.1,80.9,10.4,observed,Open-Meteo / NASA POWER / IMD (synthetic)
WX001535,REG018,2026-06-05,20.8,33.3,4.1,77.3,14.6,observed,Open-Meteo / NASA POWER / IMD (synthetic)
WX001536,REG018,2026-06-06,20.7,32.7,4.8,73.6,12.6,observed,Open-Meteo / NASA POWER / IMD (synthetic)
WX001537,REG018,2026-06-07,21.0,35.5,0.6,78.0,7.6,observed,Open-Meteo / NASA POWER / IMD (synthetic)
WX001538,REG018,2026-06-08,22.6,32.5,6.1,76.5,9.1,observed,Open-Meteo / NASA POWER / IMD (synthetic)
WX001539,REG018,2026-06-09,20.7,32.2,20.3,75.5,15.8,observed,Open-Meteo / NASA POWER / IMD (synthetic)
WX001540,REG018,2026-06-10,21.1,32.2,13.7,82.5,9.5,observed,Open-Meteo / NASA POWER / IMD (synthetic)
WX001541,REG018,2026-06-11,19.9,34.8,2.0,78.9,11.7,observed,Open-Meteo / NASA POWER / IMD (synthetic)
WX001542,REG018,2026-06-12,20.5,33.6,8.3,77.3,12.1,forecast,Open-Meteo / NASA POWER / IMD (synthetic)
WX001543,REG018,2026-06-13,19.5,31.4,10.6,79.3,9.2,forecast,Open-Meteo / NASA POWER / IMD (synthetic)
WX001544,REG018,2026-06-14,20.2,31.1,10.7,75.8,14.6,forecast,Open-Meteo / NASA POWER / IMD (synthetic)
WX001545,REG018,2026-06-15,24.0,36.5,11.0,93.1,10.6,forecast,Open-Meteo / NASA POWER / IMD (synthetic)
WX001546,REG018,2026-06-16,21.7,32.5,9.1,77.0,10.1,forecast,Open-Meteo / NASA POWER / IMD (synthetic)
WX001547,REG018,2026-06-17,21.4,27.0,14.2,83.6,9.0,forecast,Open-Meteo / NASA POWER / IMD (synthetic)
WX001548,REG018,2026-06-18,20.5,32.3,3.6,76.4,9.8,forecast,Open-Meteo / NASA POWER / IMD (synthetic)
WX001549,REG018,2026-06-19,23.8,32.8,14.4,73.1,5.0,forecast,Open-Meteo / NASA POWER / IMD (synthetic)
WX001550,REG018,2026-06-20,18.1,33.6,1.3,77.7,10.3,forecast,Open-Meteo / NASA POWER / IMD (synthetic)
WX001551,REG018,2026-06-21,20.6,31.9,3.5,77.5,9.4,forecast,Open-Meteo / NASA POWER / IMD (synthetic)
WX001552,REG018,2026-06-22,21.2,34.0,9.3,86.1,10.4,forecast,Open-Meteo / NASA POWER / IMD (synthetic)
WX001553,REG018,2026-06-23,20.5,36.6,24.0,82.4,14.4,forecast,Open-Meteo / NASA POWER / IMD (synthetic)
WX001554,REG018,2026-06-24,23.8,34.2,4.7,77.4,10.6,forecast,Open-Meteo / NASA POWER / IMD (synthetic)
WX001555,REG018,2026-06-25,18.6,33.9,17.3,81.8,9.4,forecast,Open-Meteo / NASA POWER / IMD (synthetic)
WX001556,REG018,2026-06-26,20.6,31.8,5.6,76.3,13.4,forecast,Open-Meteo / NASA POWER / IMD (synthetic)
WX001557,REG018,2026-06-27,22.2,32.4,9.7,78.7,14.0,forecast,Open-Meteo / NASA POWER / IMD (synthetic)
WX001558,REG018,2026-06-28,19.9,33.5,5.4,76.9,11.4,forecast,Open-Meteo / NASA POWER / IMD (synthetic)
WX001559,REG018,2026-06-29,19.1,36.0,12.5,79.5,11.0,forecast,Open-Meteo / NASA POWER / IMD (synthetic)
WX001560,REG018,2026-06-30,20.0,32.4,2.4,76.9,7.5,forecast,Open-Meteo / NASA POWER / IMD (synthetic)
WX001561,REG018,2026-07-01,20.6,31.7,4.4,82.5,12.6,forecast,Open-Meteo / NASA POWER / IMD (synthetic)
WX001562,REG018,2026-07-02,20.9,34.5,11.3,67.9,8.0,forecast,Open-Meteo / NASA POWER / IMD (synthetic)
WX001563,REG018,2026-07-03,21.7,30.5,15.0,76.4,13.9,forecast,Open-Meteo / NASA POWER / IMD (synthetic)
WX001564,REG018,2026-07-04,23.4,32.8,1.7,87.0,9.6,forecast,Open-Meteo / NASA POWER / IMD (synthetic)
WX001565,REG018,2026-07-05,22.0,34.5,5.1,81.5,12.6,forecast,Open-Meteo / NASA POWER / IMD (synthetic)
WX001566,REG018,2026-07-06,19.8,36.0,10.0,79.3,11.8,forecast,Open-Meteo / NASA POWER / IMD (synthetic)
WX001567,REG018,2026-07-07,19.5,31.4,14.8,86.2,4.0,forecast,Open-Meteo / NASA POWER / IMD (synthetic)
WX001568,REG018,2026-07-08,21.0,33.8,22.3,79.3,13.8,forecast,Open-Meteo / NASA POWER / IMD (synthetic)
WX001569,REG018,2026-07-09,21.5,30.1,11.5,73.7,11.9,forecast,Open-Meteo / NASA POWER / IMD (synthetic)
WX001570,REG018,2026-07-10,20.3,33.9,8.0,80.2,11.1,forecast,Open-Meteo / NASA POWER / IMD (synthetic)
WX001571,REG018,2026-07-11,22.0,31.9,1.9,73.4,9.2,forecast,Open-Meteo / NASA POWER / IMD (synthetic)
WX001572,REG018,2026-07-12,21.0,33.0,9.6,80.8,11.5,forecast,Open-Meteo / NASA POWER / IMD (synthetic)
WX001573,REG018,2026-07-13,22.8,36.5,13.0,71.1,11.4,forecast,Open-Meteo / NASA POWER / IMD (synthetic)
WX001574,REG018,2026-07-14,20.0,32.3,4.6,82.4,11.2,forecast,Open-Meteo / NASA POWER / IMD (synthetic)
WX001575,REG018,2026-07-15,20.6,30.8,4.4,81.4,13.0,forecast,Open-Meteo / NASA POWER / IMD (synthetic)
WX001576,REG018,2026-07-16,19.4,33.8,9.0,80.4,2.5,forecast,Open-Meteo / NASA POWER / IMD (synthetic)
WX001577,REG018,2026-07-17,22.6,34.6,8.1,83.2,10.3,forecast,Open-Meteo / NASA POWER / IMD (synthetic)
WX001578,REG018,2026-07-18,21.0,31.8,5.5,68.5,10.3,forecast,Open-Meteo / NASA POWER / IMD (synthetic)
WX001579,REG018,2026-07-19,22.0,33.2,9.5,82.6,13.4,forecast,Open-Meteo / NASA POWER / IMD (synthetic)
WX001580,REG018,2026-07-20,18.5,32.9,18.3,91.5,14.2,forecast,Open-Meteo / NASA POWER / IMD (synthetic)
WX001581,REG018,2026-07-21,21.8,33.4,5.3,75.3,7.7,forecast,Open-Meteo / NASA POWER / IMD (synthetic)
WX001582,REG018,2026-07-22,20.9,30.8,2.7,91.7,7.4,forecast,Open-Meteo / NASA POWER / IMD (synthetic)
WX001583,REG018,2026-07-23,21.1,33.7,9.0,69.4,11.7,forecast,Open-Meteo / NASA POWER / IMD (synthetic)
WX001584,REG018,2026-07-24,21.8,33.0,11.8,75.2,12.4,forecast,Open-Meteo / NASA POWER / IMD (synthetic)
WX001585,REG018,2026-07-25,18.8,29.5,7.0,74.2,7.0,forecast,Open-Meteo / NASA POWER / IMD (synthetic)
WX001586,REG018,2026-07-26,22.3,29.1,4.3,78.6,10.9,forecast,Open-Meteo / NASA POWER / IMD (synthetic)
WX001587,REG018,2026-07-27,22.2,33.6,7.1,84.6,13.0,forecast,Open-Meteo / NASA POWER / IMD (synthetic)
WX001588,REG018,2026-07-28,21.1,32.0,15.0,71.4,9.3,forecast,Open-Meteo / NASA POWER / IMD (synthetic)
WX001589,REG018,2026-07-29,21.6,33.5,19.7,74.8,13.0,forecast,Open-Meteo / NASA POWER / IMD (synthetic)
WX001590,REG018,2026-07-30,21.8,31.9,1.6,70.8,5.8,forecast,Open-Meteo / NASA POWER / IMD (synthetic)
WX001591,REG018,2026-07-31,20.1,34.2,2.5,76.8,10.4,forecast,Open-Meteo / NASA POWER / IMD (synthetic)
WX001592,REG018,2026-08-01,22.5,33.3,10.1,77.9,11.0,forecast,Open-Meteo / NASA POWER / IMD (synthetic)
WX001593,REG018,2026-08-02,22.1,34.7,13.4,78.2,8.0,forecast,Open-Meteo / NASA POWER / IMD (synthetic)
WX001594,REG018,2026-08-03,20.7,33.1,26.3,75.4,3.8,forecast,Open-Meteo / NASA POWER / IMD (synthetic)
WX001595,REG018,2026-08-04,21.7,32.3,10.6,84.9,10.7,forecast,Open-Meteo / NASA POWER / IMD (synthetic)
WX001596,REG018,2026-08-05,20.3,32.8,4.7,78.8,5.4,forecast,Open-Meteo / NASA POWER / IMD (synthetic)
WX001597,REG018,2026-08-06,21.3,35.7,5.7,85.0,11.6,forecast,Open-Meteo / NASA POWER / IMD (synthetic)
WX001598,REG018,2026-08-07,19.6,34.4,21.5,75.5,6.1,forecast,Open-Meteo / NASA POWER / IMD (synthetic)
WX001599,REG018,2026-08-08,21.3,35.5,3.3,77.4,6.7,forecast,Open-Meteo / NASA POWER / IMD (synthetic)
WX001600,REG018,2026-08-09,20.9,34.9,0.5,81.1,8.6,forecast,Open-Meteo / NASA POWER / IMD (synthetic)
WX001601,REG018,2026-08-10,21.4,35.1,3.1,86.3,10.0,forecast,Open-Meteo / NASA POWER / IMD (synthetic)
WX001602,REG018,2026-08-11,20.7,33.0,13.6,72.1,2,forecast,Open-Meteo / NASA POWER / IMD (synthetic)
WX001603,REG018,2026-08-12,22.5,34.4,22.4,73.6,11.0,forecast,Open-Meteo / NASA POWER / IMD (synthetic)
WX001604,REG018,2026-08-13,22.2,31.5,7.5,86.6,13.5,forecast,Open-Meteo / NASA POWER / IMD (synthetic)
WX001605,REG018,2026-08-14,23.6,33.5,9.6,81.4,13.1,forecast,Open-Meteo / NASA POWER / IMD (synthetic)
WX001606,REG018,2026-08-15,24.2,31.5,0.8,81.8,6.5,forecast,Open-Meteo / NASA POWER / IMD (synthetic)
WX001607,REG018,2026-08-16,21.0,34.4,24.7,81.5,7.9,forecast,Open-Meteo / NASA POWER / IMD (synthetic)
WX001608,REG018,2026-08-17,20.2,34.5,8.5,77.8,8.5,forecast,Open-Meteo / NASA POWER / IMD (synthetic)
WX001609,REG018,2026-08-18,20.7,35.3,4.4,76.1,13.3,forecast,Open-Meteo / NASA POWER / IMD (synthetic)
WX001610,REG018,2026-08-19,23.0,34.4,2.0,77.8,6.7,forecast,Open-Meteo / NASA POWER / IMD (synthetic)
WX001611,REG018,2026-08-20,18.8,33.8,5.7,80.1,11.1,forecast,Open-Meteo / NASA POWER / IMD (synthetic)
WX001612,REG018,2026-08-21,24.4,36.1,8.9,72.9,9.3,forecast,Open-Meteo / NASA POWER / IMD (synthetic)
WX001613,REG018,2026-08-22,21.5,32.6,0.7,71.7,11.5,forecast,Open-Meteo / NASA POWER / IMD (synthetic)
WX001614,REG018,2026-08-23,20.3,32.3,12.7,80.7,9.6,forecast,Open-Meteo / NASA POWER / IMD (synthetic)
WX001615,REG018,2026-08-24,21.3,36.6,3.9,74.8,11.7,forecast,Open-Meteo / NASA POWER / IMD (synthetic)
WX001616,REG018,2026-08-25,19.9,31.1,6.5,87.1,11.0,forecast,Open-Meteo / NASA POWER / IMD (synthetic)
WX001617,REG018,2026-08-26,21.9,34.1,15.1,76.7,10.4,forecast,Open-Meteo / NASA POWER / IMD (synthetic)
WX001618,REG018,2026-08-27,20.4,31.6,2.1,74.3,7.7,forecast,Open-Meteo / NASA POWER / IMD (synthetic)
WX001619,REG018,2026-08-28,23.4,30.8,12.4,77.9,7.4,forecast,Open-Meteo / NASA POWER / IMD (synthetic)
WX001620,REG018,2026-08-29,21.8,32.1,15.8,76.9,8.2,forecast,Open-Meteo / NASA POWER / IMD (synthetic)
WX001621,REG019,2026-06-01,23.5,32.0,1.0,84.7,7.3,observed,Open-Meteo / NASA POWER / IMD (synthetic)
WX001622,REG019,2026-06-02,17.9,33.9,3.2,83.2,8.5,observed,Open-Meteo / NASA POWER / IMD (synthetic)
WX001623,REG019,2026-06-03,22.3,28.9,24.7,73.2,2.9,observed,Open-Meteo / NASA POWER / IMD (synthetic)
WX001624,REG019,2026-06-04,21.2,35.3,5.3,79.4,14.9,observed,Open-Meteo / NASA POWER / IMD (synthetic)
WX001625,REG019,2026-06-05,23.1,33.8,2.7,75.0,7.5,observed,Open-Meteo / NASA POWER / IMD (synthetic)
WX001626,REG019,2026-06-06,20.3,34.2,2.2,88.3,8.5,observed,Open-Meteo / NASA POWER / IMD (synthetic)
WX001627,REG019,2026-06-07,20.6,34.2,15.3,76.2,4.8,observed,Open-Meteo / NASA POWER / IMD (synthetic)
WX001628,REG019,2026-06-08,20.6,32.6,12.6,71.9,10.1,observed,Open-Meteo / NASA POWER / IMD (synthetic)
WX001629,REG019,2026-06-09,22.1,32.3,1.4,76.7,9.2,observed,Open-Meteo / NASA POWER / IMD (synthetic)
WX001630,REG019,2026-06-10,21.1,30.2,16.8,78.4,14.0,observed,Open-Meteo / NASA POWER / IMD (synthetic)
WX001631,REG019,2026-06-11,19.8,36.1,13.1,82.1,10.9,observed,Open-Meteo / NASA POWER / IMD (synthetic)
WX001632,REG019,2026-06-12,18.3,34.9,4.0,77.7,10.1,forecast,Open-Meteo / NASA POWER / IMD (synthetic)
WX001633,REG019,2026-06-13,20.9,30.4,7.7,80.9,13.5,forecast,Open-Meteo / NASA POWER / IMD (synthetic)
WX001634,REG019,2026-06-14,21.0,34.5,17.5,80.9,10.7,forecast,Open-Meteo / NASA POWER / IMD (synthetic)
WX001635,REG019,2026-06-15,19.0,34.3,2.2,77.0,10.0,forecast,Open-Meteo / NASA POWER / IMD (synthetic)
WX001636,REG019,2026-06-16,19.4,31.4,11.6,78.3,12.8,forecast,Open-Meteo / NASA POWER / IMD (synthetic)
WX001637,REG019,2026-06-17,19.9,31.6,10.7,70.1,9.7,forecast,Open-Meteo / NASA POWER / IMD (synthetic)
WX001638,REG019,2026-06-18,21.6,31.1,5.6,67.9,5.2,forecast,Open-Meteo / NASA POWER / IMD (synthetic)
WX001639,REG019,2026-06-19,20.3,32.6,15.1,89.1,13.2,forecast,Open-Meteo / NASA POWER / IMD (synthetic)
WX001640,REG019,2026-06-20,19.7,32.0,7.6,82.9,10.9,forecast,Open-Meteo / NASA POWER / IMD (synthetic)
WX001641,REG019,2026-06-21,20.0,31.2,17.5,80.6,4.8,forecast,Open-Meteo / NASA POWER / IMD (synthetic)
WX001642,REG019,2026-06-22,20.0,32.4,5.9,83.7,9.4,forecast,Open-Meteo / NASA POWER / IMD (synthetic)
WX001643,REG019,2026-06-23,20.5,30.4,36.2,84.3,8.0,forecast,Open-Meteo / NASA POWER / IMD (synthetic)
WX001644,REG019,2026-06-24,19.9,33.6,5.4,85.0,4.3,forecast,Open-Meteo / NASA POWER / IMD (synthetic)
WX001645,REG019,2026-06-25,19.1,32.4,7.2,75.3,11.4,forecast,Open-Meteo / NASA POWER / IMD (synthetic)
WX001646,REG019,2026-06-26,21.7,31.2,9.5,74.9,7.1,forecast,Open-Meteo / NASA POWER / IMD (synthetic)
WX001647,REG019,2026-06-27,19.7,32.8,1.2,80.6,15.3,forecast,Open-Meteo / NASA POWER / IMD (synthetic)
WX001648,REG019,2026-06-28,18.3,31.3,13.2,75.7,7.4,forecast,Open-Meteo / NASA POWER / IMD (synthetic)
WX001649,REG019,2026-06-29,23.8,31.9,6.8,82.5,10.2,forecast,Open-Meteo / NASA POWER / IMD (synthetic)
WX001650,REG019,2026-06-30,21.0,31.7,7.6,77.7,9.4,forecast,Open-Meteo / NASA POWER / IMD (synthetic)
WX001651,REG019,2026-07-01,18.9,31.7,3.3,85.8,9.6,forecast,Open-Meteo / NASA POWER / IMD (synthetic)
WX001652,REG019,2026-07-02,18.9,31.4,8.2,89.3,9.4,forecast,Open-Meteo / NASA POWER / IMD (synthetic)
WX001653,REG019,2026-07-03,23.4,32.6,21.3,78.2,7.0,forecast,Open-Meteo / NASA POWER / IMD (synthetic)
WX001654,REG019,2026-07-04,20.9,31.6,1.7,79.2,11.0,forecast,Open-Meteo / NASA POWER / IMD (synthetic)
WX001655,REG019,2026-07-05,20.8,34.7,19.8,75.2,9.8,forecast,Open-Meteo / NASA POWER / IMD (synthetic)
WX001656,REG019,2026-07-06,21.5,30.6,8.5,79.5,6.1,forecast,Open-Meteo / NASA POWER / IMD (synthetic)
WX001657,REG019,2026-07-07,21.1,32.3,5.5,82.0,11.0,forecast,Open-Meteo / NASA POWER / IMD (synthetic)
WX001658,REG019,2026-07-08,20.3,32.5,9.5,86.9,7.7,forecast,Open-Meteo / NASA POWER / IMD (synthetic)
WX001659,REG019,2026-07-09,17.1,35.3,19.5,81.3,10.0,forecast,Open-Meteo / NASA POWER / IMD (synthetic)
WX001660,REG019,2026-07-10,20.9,30.3,3.3,72.2,9.7,forecast,Open-Meteo / NASA POWER / IMD (synthetic)
WX001661,REG019,2026-07-11,23.0,34.1,5.5,78.3,14.5,forecast,Open-Meteo / NASA POWER / IMD (synthetic)
WX001662,REG019,2026-07-12,21.2,37.4,6.1,77.4,8.6,forecast,Open-Meteo / NASA POWER / IMD (synthetic)
WX001663,REG019,2026-07-13,24.9,32.5,5.9,66.3,7.4,forecast,Open-Meteo / NASA POWER / IMD (synthetic)
WX001664,REG019,2026-07-14,22.8,34.1,2.9,86.3,10.4,forecast,Open-Meteo / NASA POWER / IMD (synthetic)
WX001665,REG019,2026-07-15,19.2,37.5,7.6,75.8,12.5,forecast,Open-Meteo / NASA POWER / IMD (synthetic)
WX001666,REG019,2026-07-16,20.9,31.9,6.7,75.9,11.5,forecast,Open-Meteo / NASA POWER / IMD (synthetic)
WX001667,REG019,2026-07-17,20.7,27.5,10.2,76.4,5.1,forecast,Open-Meteo / NASA POWER / IMD (synthetic)
WX001668,REG019,2026-07-18,20.1,32.8,2.5,85.7,7.5,forecast,Open-Meteo / NASA POWER / IMD (synthetic)
WX001669,REG019,2026-07-19,23.5,31.3,6.3,71.7,7.6,forecast,Open-Meteo / NASA POWER / IMD (synthetic)
WX001670,REG019,2026-07-20,20.3,33.7,11.7,87.0,12.8,forecast,Open-Meteo / NASA POWER / IMD (synthetic)
WX001671,REG019,2026-07-21,20.7,34.4,2.1,85.6,11.6,forecast,Open-Meteo / NASA POWER / IMD (synthetic)
WX001672,REG019,2026-07-22,19.7,34.1,4.5,82.3,11.6,forecast,Open-Meteo / NASA POWER / IMD (synthetic)
WX001673,REG019,2026-07-23,18.0,32.5,3.2,80.1,9.8,forecast,Open-Meteo / NASA POWER / IMD (synthetic)
WX001674,REG019,2026-07-24,22.8,32.8,2.0,72.9,9.5,forecast,Open-Meteo / NASA POWER / IMD (synthetic)
WX001675,REG019,2026-07-25,21.1,31.2,4.7,80.9,9.3,forecast,Open-Meteo / NASA POWER / IMD (synthetic)
WX001676,REG019,2026-07-26,20.2,32.5,6.0,75.2,10.9,forecast,Open-Meteo / NASA POWER / IMD (synthetic)
WX001677,REG019,2026-07-27,18.1,30.0,1.8,73.2,10.5,forecast,Open-Meteo / NASA POWER / IMD (synthetic)
WX001678,REG019,2026-07-28,22.4,31.8,7.2,77.2,6.1,forecast,Open-Meteo / NASA POWER / IMD (synthetic)
WX001679,REG019,2026-07-29,19.3,33.9,15.3,80.2,4.6,forecast,Open-Meteo / NASA POWER / IMD (synthetic)
WX001680,REG019,2026-07-30,19.4,32.5,10.9,82.4,8.5,forecast,Open-Meteo / NASA POWER / IMD (synthetic)
WX001681,REG019,2026-07-31,21.6,31.2,8.9,84.7,14.2,forecast,Open-Meteo / NASA POWER / IMD (synthetic)
WX001682,REG019,2026-08-01,21.2,33.4,2.3,81.1,11.9,forecast,Open-Meteo / NASA POWER / IMD (synthetic)
WX001683,REG019,2026-08-02,22.4,32.1,5.4,84.7,7.5,forecast,Open-Meteo / NASA POWER / IMD (synthetic)
WX001684,REG019,2026-08-03,19.6,30.8,4.4,80.9,12.2,forecast,Open-Meteo / NASA POWER / IMD (synthetic)
WX001685,REG019,2026-08-04,22.3,33.4,14.8,82.9,11.6,forecast,Open-Meteo / NASA POWER / IMD (synthetic)
WX001686,REG019,2026-08-05,19.1,33.6,15.8,76.1,15.0,forecast,Open-Meteo / NASA POWER / IMD (synthetic)
WX001687,REG019,2026-08-06,20.6,30.7,9.0,88.3,6.0,forecast,Open-Meteo / NASA POWER / IMD (synthetic)
WX001688,REG019,2026-08-07,22.6,31.2,1.2,77.8,7.3,forecast,Open-Meteo / NASA POWER / IMD (synthetic)
WX001689,REG019,2026-08-08,19.3,31.5,5.6,70.8,3.6,forecast,Open-Meteo / NASA POWER / IMD (synthetic)
WX001690,REG019,2026-08-09,21.3,32.5,12.3,80.1,5.6,forecast,Open-Meteo / NASA POWER / IMD (synthetic)
WX001691,REG019,2026-08-10,21.5,30.5,3.7,79.6,11.6,forecast,Open-Meteo / NASA POWER / IMD (synthetic)
WX001692,REG019,2026-08-11,21.1,31.3,9.9,86.5,4.7,forecast,Open-Meteo / NASA POWER / IMD (synthetic)
WX001693,REG019,2026-08-12,20.3,33.4,3.6,82.5,11.7,forecast,Open-Meteo / NASA POWER / IMD (synthetic)
WX001694,REG019,2026-08-13,21.6,35.5,2.6,78.3,8.8,forecast,Open-Meteo / NASA POWER / IMD (synthetic)
WX001695,REG019,2026-08-14,20.7,29.9,2.5,77.2,9.4,forecast,Open-Meteo / NASA POWER / IMD (synthetic)
WX001696,REG019,2026-08-15,20.7,31.4,13.4,74.5,14.7,forecast,Open-Meteo / NASA POWER / IMD (synthetic)
WX001697,REG019,2026-08-16,18.3,31.9,5.5,75.9,5.9,forecast,Open-Meteo / NASA POWER / IMD (synthetic)
WX001698,REG019,2026-08-17,21.8,34.1,3.4,84.2,7.7,forecast,Open-Meteo / NASA POWER / IMD (synthetic)
WX001699,REG019,2026-08-18,21.4,33.3,17.4,71.2,12.3,forecast,Open-Meteo / NASA POWER / IMD (synthetic)
WX001700,REG019,2026-08-19,22.5,33.7,7.3,84.6,11.1,forecast,Open-Meteo / NASA POWER / IMD (synthetic)
WX001701,REG019,2026-08-20,21.1,36.2,3.3,77.6,11.6,forecast,Open-Meteo / NASA POWER / IMD (synthetic)
WX001702,REG019,2026-08-21,19.7,33.8,23.1,85.2,11.5,forecast,Open-Meteo / NASA POWER / IMD (synthetic)
WX001703,REG019,2026-08-22,21.3,31.9,12.0,71.3,9.8,forecast,Open-Meteo / NASA POWER / IMD (synthetic)
WX001704,REG019,2026-08-23,20.7,35.1,13.4,72.7,6.0,forecast,Open-Meteo / NASA POWER / IMD (synthetic)
WX001705,REG019,2026-08-24,21.3,33.7,2.7,78.5,7.6,forecast,Open-Meteo / NASA POWER / IMD (synthetic)
WX001706,REG019,2026-08-25,20.1,32.4,8.2,73.0,11.8,forecast,Open-Meteo / NASA POWER / IMD (synthetic)
WX001707,REG019,2026-08-26,18.9,33.1,15.0,80.4,9.9,forecast,Open-Meteo / NASA POWER / IMD (synthetic)
WX001708,REG019,2026-08-27,18.0,32.6,8.2,80.9,8.6,forecast,Open-Meteo / NASA POWER / IMD (synthetic)
WX001709,REG019,2026-08-28,20.8,33.3,3.6,85.1,11.9,forecast,Open-Meteo / NASA POWER / IMD (synthetic)
WX001710,REG019,2026-08-29,21.5,30.6,5.7,75.3,10.2,forecast,Open-Meteo / NASA POWER / IMD (synthetic)
WX001711,REG020,2026-06-01,20.8,34.1,0.9,81.8,9.7,observed,Open-Meteo / NASA POWER / IMD (synthetic)
WX001712,REG020,2026-06-02,21.9,30.5,14.0,90.2,13.8,observed,Open-Meteo / NASA POWER / IMD (synthetic)
WX001713,REG020,2026-06-03,19.7,37.1,12.3,86.5,13.0,observed,Open-Meteo / NASA POWER / IMD (synthetic)
WX001714,REG020,2026-06-04,23.0,33.2,19.5,78.9,11.3,observed,Open-Meteo / NASA POWER / IMD (synthetic)
WX001715,REG020,2026-06-05,22.0,29.3,6.0,86.6,8.6,observed,Open-Meteo / NASA POWER / IMD (synthetic)
WX001716,REG020,2026-06-06,22.1,32.4,2.1,76.7,12.5,observed,Open-Meteo / NASA POWER / IMD (synthetic)
WX001717,REG020,2026-06-07,20.0,33.1,4.8,79.4,14.4,observed,Open-Meteo / NASA POWER / IMD (synthetic)
WX001718,REG020,2026-06-08,17.7,29.3,7.6,73.5,4.8,observed,Open-Meteo / NASA POWER / IMD (synthetic)
WX001719,REG020,2026-06-09,17.3,32.4,5.3,82.4,11.5,observed,Open-Meteo / NASA POWER / IMD (synthetic)
WX001720,REG020,2026-06-10,21.9,32.7,13.3,83.2,15.1,observed,Open-Meteo / NASA POWER / IMD (synthetic)
WX001721,REG020,2026-06-11,18.8,30.2,4.5,81.9,11.7,observed,Open-Meteo / NASA POWER / IMD (synthetic)
WX001722,REG020,2026-06-12,19.9,30.2,2.3,78.7,12.1,forecast,Open-Meteo / NASA POWER / IMD (synthetic)
WX001723,REG020,2026-06-13,23.4,33.9,2.2,82.8,10.7,forecast,Open-Meteo / NASA POWER / IMD (synthetic)
WX001724,REG020,2026-06-14,21.7,32.9,7.5,79.6,12.5,forecast,Open-Meteo / NASA POWER / IMD (synthetic)
WX001725,REG020,2026-06-15,20.4,34.5,15.9,78.6,8.3,forecast,Open-Meteo / NASA POWER / IMD (synthetic)
WX001726,REG020,2026-06-16,19.1,32.4,9.8,76.1,11.8,forecast,Open-Meteo / NASA POWER / IMD (synthetic)
WX001727,REG020,2026-06-17,20.6,32.8,13.0,73.2,7.9,forecast,Open-Meteo / NASA POWER / IMD (synthetic)
WX001728,REG020,2026-06-18,20.9,30.7,6.0,74.3,7.3,forecast,Open-Meteo / NASA POWER / IMD (synthetic)
WX001729,REG020,2026-06-19,22.2,34.8,3.5,79.0,8.2,forecast,Open-Meteo / NASA POWER / IMD (synthetic)
WX001730,REG020,2026-06-20,21.4,32.0,3.9,76.1,7.3,forecast,Open-Meteo / NASA POWER / IMD (synthetic)
WX001731,REG020,2026-06-21,20.3,35.1,6.9,75.4,5.0,forecast,Open-Meteo / NASA POWER / IMD (synthetic)
WX001732,REG020,2026-06-22,22.4,30.9,13.6,83.9,9.1,forecast,Open-Meteo / NASA POWER / IMD (synthetic)
WX001733,REG020,2026-06-23,20.1,35.6,2.7,81.5,13.5,forecast,Open-Meteo / NASA POWER / IMD (synthetic)
WX001734,REG020,2026-06-24,21.7,30.4,8.5,75.3,8.2,forecast,Open-Meteo / NASA POWER / IMD (synthetic)
WX001735,REG020,2026-06-25,17.5,33.2,10.5,85.2,8.8,forecast,Open-Meteo / NASA POWER / IMD (synthetic)
WX001736,REG020,2026-06-26,21.4,33.2,9.1,79.1,10.2,forecast,Open-Meteo / NASA POWER / IMD (synthetic)
WX001737,REG020,2026-06-27,20.3,30.3,3.8,78.0,16.6,forecast,Open-Meteo / NASA POWER / IMD (synthetic)
WX001738,REG020,2026-06-28,21.1,33.4,1.0,76.1,12.9,forecast,Open-Meteo / NASA POWER / IMD (synthetic)
WX001739,REG020,2026-06-29,22.2,33.1,10.0,80.5,7.1,forecast,Open-Meteo / NASA POWER / IMD (synthetic)
WX001740,REG020,2026-06-30,19.0,36.2,9.0,87.3,2,forecast,Open-Meteo / NASA POWER / IMD (synthetic)
WX001741,REG020,2026-07-01,19.9,36.0,4.1,71.6,14.0,forecast,Open-Meteo / NASA POWER / IMD (synthetic)
WX001742,REG020,2026-07-02,18.2,29.6,2.9,80.9,11.9,forecast,Open-Meteo / NASA POWER / IMD (synthetic)
WX001743,REG020,2026-07-03,18.8,31.2,8.8,79.2,7.2,forecast,Open-Meteo / NASA POWER / IMD (synthetic)
WX001744,REG020,2026-07-04,19.5,32.3,6.8,74.7,11.5,forecast,Open-Meteo / NASA POWER / IMD (synthetic)
WX001745,REG020,2026-07-05,20.4,33.1,6.7,77.5,17.4,forecast,Open-Meteo / NASA POWER / IMD (synthetic)
WX001746,REG020,2026-07-06,17.7,29.7,9.9,71.9,13.1,forecast,Open-Meteo / NASA POWER / IMD (synthetic)
WX001747,REG020,2026-07-07,19.6,33.8,9.9,85.9,7.6,forecast,Open-Meteo / NASA POWER / IMD (synthetic)
WX001748,REG020,2026-07-08,19.9,34.3,17.5,82.0,13.9,forecast,Open-Meteo / NASA POWER / IMD (synthetic)
WX001749,REG020,2026-07-09,18.3,33.6,3.9,83.6,15.1,forecast,Open-Meteo / NASA POWER / IMD (synthetic)
WX001750,REG020,2026-07-10,23.2,33.4,2.4,85.2,14.7,forecast,Open-Meteo / NASA POWER / IMD (synthetic)
WX001751,REG020,2026-07-11,21.8,33.1,4.2,81.6,4.8,forecast,Open-Meteo / NASA POWER / IMD (synthetic)
WX001752,REG020,2026-07-12,18.4,32.8,5.5,85.6,10.2,forecast,Open-Meteo / NASA POWER / IMD (synthetic)
WX001753,REG020,2026-07-13,19.5,32.7,1.4,78.1,11.3,forecast,Open-Meteo / NASA POWER / IMD (synthetic)
WX001754,REG020,2026-07-14,18.3,29.6,11.6,85.8,8.8,forecast,Open-Meteo / NASA POWER / IMD (synthetic)
WX001755,REG020,2026-07-15,21.3,30.2,8.6,75.7,10.4,forecast,Open-Meteo / NASA POWER / IMD (synthetic)
WX001756,REG020,2026-07-16,20.5,32.9,25.0,88.5,9.0,forecast,Open-Meteo / NASA POWER / IMD (synthetic)
WX001757,REG020,2026-07-17,20.2,33.4,7.5,85.2,8.8,forecast,Open-Meteo / NASA POWER / IMD (synthetic)
WX001758,REG020,2026-07-18,21.6,31.4,7.2,70.1,9.4,forecast,Open-Meteo / NASA POWER / IMD (synthetic)
WX001759,REG020,2026-07-19,22.6,29.1,6.2,78.5,6.3,forecast,Open-Meteo / NASA POWER / IMD (synthetic)
WX001760,REG020,2026-07-20,20.0,30.9,10.8,82.4,11.7,forecast,Open-Meteo / NASA POWER / IMD (synthetic)
WX001761,REG020,2026-07-21,21.6,32.3,4.6,78.8,6.8,forecast,Open-Meteo / NASA POWER / IMD (synthetic)
WX001762,REG020,2026-07-22,22.5,32.1,9.8,69.3,9.1,forecast,Open-Meteo / NASA POWER / IMD (synthetic)
WX001763,REG020,2026-07-23,21.2,31.6,5.8,76.9,7.5,forecast,Open-Meteo / NASA POWER / IMD (synthetic)
WX001764,REG020,2026-07-24,20.6,34.4,4.7,91.0,11.0,forecast,Open-Meteo / NASA POWER / IMD (synthetic)
WX001765,REG020,2026-07-25,22.7,33.5,30.8,78.4,8.2,forecast,Open-Meteo / NASA POWER / IMD (synthetic)
WX001766,REG020,2026-07-26,20.4,32.0,9.1,77.8,11.3,forecast,Open-Meteo / NASA POWER / IMD (synthetic)
WX001767,REG020,2026-07-27,18.5,33.4,5.5,76.4,9.3,forecast,Open-Meteo / NASA POWER / IMD (synthetic)
WX001768,REG020,2026-07-28,20.5,35.7,2.1,76.4,12.0,forecast,Open-Meteo / NASA POWER / IMD (synthetic)
WX001769,REG020,2026-07-29,20.1,33.2,2.2,83.3,7.9,forecast,Open-Meteo / NASA POWER / IMD (synthetic)
WX001770,REG020,2026-07-30,19.9,31.6,6.9,87.5,9.4,forecast,Open-Meteo / NASA POWER / IMD (synthetic)
WX001771,REG020,2026-07-31,22.5,30.6,9.4,83.5,7.7,forecast,Open-Meteo / NASA POWER / IMD (synthetic)
WX001772,REG020,2026-08-01,22.1,29.6,3.6,81.3,7.6,forecast,Open-Meteo / NASA POWER / IMD (synthetic)
WX001773,REG020,2026-08-02,22.0,32.5,3.6,76.2,9.3,forecast,Open-Meteo / NASA POWER / IMD (synthetic)
WX001774,REG020,2026-08-03,23.3,35.6,3.7,86.3,11.0,forecast,Open-Meteo / NASA POWER / IMD (synthetic)
WX001775,REG020,2026-08-04,19.3,31.7,21.1,80.8,6.9,forecast,Open-Meteo / NASA POWER / IMD (synthetic)
WX001776,REG020,2026-08-05,18.9,32.7,5.2,83.2,10.4,forecast,Open-Meteo / NASA POWER / IMD (synthetic)
WX001777,REG020,2026-08-06,20.7,34.2,12.1,83.6,11.9,forecast,Open-Meteo / NASA POWER / IMD (synthetic)
WX001778,REG020,2026-08-07,23.4,34.4,1.5,78.2,11.0,forecast,Open-Meteo / NASA POWER / IMD (synthetic)
WX001779,REG020,2026-08-08,23.1,31.4,10.1,75.5,10.0,forecast,Open-Meteo / NASA POWER / IMD (synthetic)
WX001780,REG020,2026-08-09,20.8,32.6,6.7,91.5,5.3,forecast,Open-Meteo / NASA POWER / IMD (synthetic)
WX001781,REG020,2026-08-10,19.2,32.7,14.2,71.3,13.9,forecast,Open-Meteo / NASA POWER / IMD (synthetic)
WX001782,REG020,2026-08-11,22.9,33.2,7.4,76.8,13.3,forecast,Open-Meteo / NASA POWER / IMD (synthetic)
WX001783,REG020,2026-08-12,19.6,32.3,12.6,77.2,8.1,forecast,Open-Meteo / NASA POWER / IMD (synthetic)
WX001784,REG020,2026-08-13,19.2,32.5,11.9,79.2,14.5,forecast,Open-Meteo / NASA POWER / IMD (synthetic)
WX001785,REG020,2026-08-14,22.4,33.8,26.1,75.7,6.6,forecast,Open-Meteo / NASA POWER / IMD (synthetic)
WX001786,REG020,2026-08-15,19.3,31.5,20.2,84.6,13.5,forecast,Open-Meteo / NASA POWER / IMD (synthetic)
WX001787,REG020,2026-08-16,21.2,31.4,14.6,76.7,10.2,forecast,Open-Meteo / NASA POWER / IMD (synthetic)
WX001788,REG020,2026-08-17,22.2,31.4,14.6,87.3,2,forecast,Open-Meteo / NASA POWER / IMD (synthetic)
WX001789,REG020,2026-08-18,20.5,32.9,2.2,81.4,12.8,forecast,Open-Meteo / NASA POWER / IMD (synthetic)
WX001790,REG020,2026-08-19,20.6,30.6,5.1,79.3,8.8,forecast,Open-Meteo / NASA POWER / IMD (synthetic)
WX001791,REG020,2026-08-20,20.5,34.4,9.4,82.9,8.5,forecast,Open-Meteo / NASA POWER / IMD (synthetic)
WX001792,REG020,2026-08-21,19.1,31.7,10.4,86.3,7.6,forecast,Open-Meteo / NASA POWER / IMD (synthetic)
WX001793,REG020,2026-08-22,21.3,32.8,9.0,75.4,4.3,forecast,Open-Meteo / NASA POWER / IMD (synthetic)
WX001794,REG020,2026-08-23,20.5,33.3,12.2,74.8,9.2,forecast,Open-Meteo / NASA POWER / IMD (synthetic)
WX001795,REG020,2026-08-24,21.6,31.5,1.6,87.2,12.5,forecast,Open-Meteo / NASA POWER / IMD (synthetic)
WX001796,REG020,2026-08-25,22.5,32.8,2.9,78.7,4.9,forecast,Open-Meteo / NASA POWER / IMD (synthetic)
WX001797,REG020,2026-08-26,21.5,31.4,11.7,71.6,10.9,forecast,Open-Meteo / NASA POWER / IMD (synthetic)
WX001798,REG020,2026-08-27,20.0,35.9,8.4,82.5,8.1,forecast,Open-Meteo / NASA POWER / IMD (synthetic)
WX001799,REG020,2026-08-28,19.8,34.2,1.4,76.4,9.2,forecast,Open-Meteo / NASA POWER / IMD (synthetic)
WX001800,REG020,2026-08-29,21.3,32.7,3.5,82.9,6.6,forecast,Open-Meteo / NASA POWER / IMD (synthetic)
WX001801,REG021,2026-06-01,18.8,30.8,5.1,85.0,10.3,observed,Open-Meteo / NASA POWER / IMD (synthetic)
WX001802,REG021,2026-06-02,15.2,32.4,2.4,77.0,10.5,observed,Open-Meteo / NASA POWER / IMD (synthetic)
WX001803,REG021,2026-06-03,15.6,30.2,7.5,83.9,11.2,observed,Open-Meteo / NASA POWER / IMD (synthetic)
WX001804,REG021,2026-06-04,19.5,30.1,2.1,88.4,9.6,observed,Open-Meteo / NASA POWER / IMD (synthetic)
WX001805,REG021,2026-06-05,16.4,29.7,7.2,74.9,9.7,observed,Open-Meteo / NASA POWER / IMD (synthetic)
WX001806,REG021,2026-06-06,18.8,31.5,2.7,84.4,9.6,observed,Open-Meteo / NASA POWER / IMD (synthetic)
WX001807,REG021,2026-06-07,20.3,32.7,11.9,85.5,14.4,observed,Open-Meteo / NASA POWER / IMD (synthetic)
WX001808,REG021,2026-06-08,17.0,28.9,8.3,71.0,13.8,observed,Open-Meteo / NASA POWER / IMD (synthetic)
WX001809,REG021,2026-06-09,18.4,32.9,34.3,76.6,6.2,observed,Open-Meteo / NASA POWER / IMD (synthetic)
WX001810,REG021,2026-06-10,20.0,28.3,5.4,82.0,11.3,observed,Open-Meteo / NASA POWER / IMD (synthetic)
WX001811,REG021,2026-06-11,18.2,33.0,8.7,76.6,15.3,observed,Open-Meteo / NASA POWER / IMD (synthetic)
WX001812,REG021,2026-06-12,20.0,28.7,15.4,81.2,11.6,forecast,Open-Meteo / NASA POWER / IMD (synthetic)
WX001813,REG021,2026-06-13,18.8,27.7,12.0,82.4,11.0,forecast,Open-Meteo / NASA POWER / IMD (synthetic)
WX001814,REG021,2026-06-14,20.5,31.3,7.2,80.0,9.1,forecast,Open-Meteo / NASA POWER / IMD (synthetic)
WX001815,REG021,2026-06-15,18.6,29.2,3.4,79.5,13.1,forecast,Open-Meteo / NASA POWER / IMD (synthetic)
WX001816,REG021,2026-06-16,20.5,30.8,1.3,74.1,9.5,forecast,Open-Meteo / NASA POWER / IMD (synthetic)
WX001817,REG021,2026-06-17,19.0,27.6,4.3,87.3,12.5,forecast,Open-Meteo / NASA POWER / IMD (synthetic)
WX001818,REG021,2026-06-18,18.9,29.8,8.2,84.5,7.6,forecast,Open-Meteo / NASA POWER / IMD (synthetic)
WX001819,REG021,2026-06-19,19.2,29.0,6.4,84.4,13.0,forecast,Open-Meteo / NASA POWER / IMD (synthetic)
WX001820,REG021,2026-06-20,22.3,33.6,2.6,80.8,4.7,forecast,Open-Meteo / NASA POWER / IMD (synthetic)
WX001821,REG021,2026-06-21,19.5,30.6,4.7,88.5,3.0,forecast,Open-Meteo / NASA POWER / IMD (synthetic)
WX001822,REG021,2026-06-22,17.3,31.6,3.3,77.2,9.0,forecast,Open-Meteo / NASA POWER / IMD (synthetic)
WX001823,REG021,2026-06-23,21.6,32.8,9.0,73.0,10.3,forecast,Open-Meteo / NASA POWER / IMD (synthetic)
WX001824,REG021,2026-06-24,19.2,33.6,3.3,75.0,8.7,forecast,Open-Meteo / NASA POWER / IMD (synthetic)
WX001825,REG021,2026-06-25,19.0,30.4,0.5,76.2,4.3,forecast,Open-Meteo / NASA POWER / IMD (synthetic)
WX001826,REG021,2026-06-26,18.5,31.8,5.9,85.3,11.4,forecast,Open-Meteo / NASA POWER / IMD (synthetic)
WX001827,REG021,2026-06-27,17.6,29.2,1.1,81.7,9.2,forecast,Open-Meteo / NASA POWER / IMD (synthetic)
WX001828,REG021,2026-06-28,21.2,34.0,0.3,76.2,3.1,forecast,Open-Meteo / NASA POWER / IMD (synthetic)
WX001829,REG021,2026-06-29,19.6,31.4,23.5,79.9,6.0,forecast,Open-Meteo / NASA POWER / IMD (synthetic)
WX001830,REG021,2026-06-30,20.0,31.1,5.1,74.4,9.8,forecast,Open-Meteo / NASA POWER / IMD (synthetic)
WX001831,REG021,2026-07-01,17.8,31.9,2.4,80.3,10.4,forecast,Open-Meteo / NASA POWER / IMD (synthetic)
WX001832,REG021,2026-07-02,19.2,32.0,6.7,70.5,12.0,forecast,Open-Meteo / NASA POWER / IMD (synthetic)
WX001833,REG021,2026-07-03,19.9,30.5,10.2,75.9,10.9,forecast,Open-Meteo / NASA POWER / IMD (synthetic)
WX001834,REG021,2026-07-04,20.4,27.0,7.2,75.8,8.0,forecast,Open-Meteo / NASA POWER / IMD (synthetic)
WX001835,REG021,2026-07-05,18.0,32.9,11.0,78.8,10.6,forecast,Open-Meteo / NASA POWER / IMD (synthetic)
WX001836,REG021,2026-07-06,21.4,31.8,4.9,84.0,9.2,forecast,Open-Meteo / NASA POWER / IMD (synthetic)
WX001837,REG021,2026-07-07,17.9,33.5,3.4,73.6,4.6,forecast,Open-Meteo / NASA POWER / IMD (synthetic)
WX001838,REG021,2026-07-08,18.7,28.9,3.0,80.7,8.8,forecast,Open-Meteo / NASA POWER / IMD (synthetic)
WX001839,REG021,2026-07-09,19.2,30.9,2.2,68.8,12.0,forecast,Open-Meteo / NASA POWER / IMD (synthetic)
WX001840,REG021,2026-07-10,21.3,34.7,7.3,80.1,3.6,forecast,Open-Meteo / NASA POWER / IMD (synthetic)
WX001841,REG021,2026-07-11,16.8,29.1,13.9,81.1,9.3,forecast,Open-Meteo / NASA POWER / IMD (synthetic)
WX001842,REG021,2026-07-12,19.3,31.0,8.7,77.9,9.3,forecast,Open-Meteo / NASA POWER / IMD (synthetic)
WX001843,REG021,2026-07-13,21.0,31.9,11.0,80.9,8.4,forecast,Open-Meteo / NASA POWER / IMD (synthetic)
WX001844,REG021,2026-07-14,19.9,31.2,18.2,75.1,6.7,forecast,Open-Meteo / NASA POWER / IMD (synthetic)
WX001845,REG021,2026-07-15,19.7,31.9,3.5,77.8,7.6,forecast,Open-Meteo / NASA POWER / IMD (synthetic)
WX001846,REG021,2026-07-16,17.5,34.4,2.1,79.8,8.3,forecast,Open-Meteo / NASA POWER / IMD (synthetic)
WX001847,REG021,2026-07-17,19.0,29.8,11.1,78.5,10.4,forecast,Open-Meteo / NASA POWER / IMD (synthetic)
WX001848,REG021,2026-07-18,21.0,30.1,4.3,81.3,8.4,forecast,Open-Meteo / NASA POWER / IMD (synthetic)
WX001849,REG021,2026-07-19,19.0,30.6,11.2,86.6,9.7,forecast,Open-Meteo / NASA POWER / IMD (synthetic)
WX001850,REG021,2026-07-20,19.9,31.6,2.3,81.6,11.0,forecast,Open-Meteo / NASA POWER / IMD (synthetic)
WX001851,REG021,2026-07-21,18.4,28.8,13.8,97.5,9.2,forecast,Open-Meteo / NASA POWER / IMD (synthetic)
WX001852,REG021,2026-07-22,19.5,30.5,11.4,83.5,8.1,forecast,Open-Meteo / NASA POWER / IMD (synthetic)
WX001853,REG021,2026-07-23,21.5,35.9,7.4,77.0,13.4,forecast,Open-Meteo / NASA POWER / IMD (synthetic)
WX001854,REG021,2026-07-24,17.2,33.5,3.2,84.0,10.2,forecast,Open-Meteo / NASA POWER / IMD (synthetic)
WX001855,REG021,2026-07-25,19.7,32.3,5.9,85.8,11.4,forecast,Open-Meteo / NASA POWER / IMD (synthetic)
WX001856,REG021,2026-07-26,16.4,32.2,0.9,79.0,9.8,forecast,Open-Meteo / NASA POWER / IMD (synthetic)
WX001857,REG021,2026-07-27,16.7,28.6,4.5,91.2,8.4,forecast,Open-Meteo / NASA POWER / IMD (synthetic)
WX001858,REG021,2026-07-28,18.6,31.6,7.9,86.5,9.0,forecast,Open-Meteo / NASA POWER / IMD (synthetic)
WX001859,REG021,2026-07-29,19.6,34.4,6.6,74.6,11.7,forecast,Open-Meteo / NASA POWER / IMD (synthetic)
WX001860,REG021,2026-07-30,17.3,28.9,12.1,80.1,12.2,forecast,Open-Meteo / NASA POWER / IMD (synthetic)
WX001861,REG021,2026-07-31,19.6,32.4,10.8,82.7,10.3,forecast,Open-Meteo / NASA POWER / IMD (synthetic)
WX001862,REG021,2026-08-01,17.6,28.9,5.7,76.9,13.3,forecast,Open-Meteo / NASA POWER / IMD (synthetic)
WX001863,REG021,2026-08-02,20.2,28.3,1.3,75.6,8.1,forecast,Open-Meteo / NASA POWER / IMD (synthetic)
WX001864,REG021,2026-08-03,20.9,30.8,3.3,82.6,5.8,forecast,Open-Meteo / NASA POWER / IMD (synthetic)
WX001865,REG021,2026-08-04,20.2,34.0,7.0,74.5,8.6,forecast,Open-Meteo / NASA POWER / IMD (synthetic)
WX001866,REG021,2026-08-05,16.8,30.9,11.1,78.8,10.3,forecast,Open-Meteo / NASA POWER / IMD (synthetic)
WX001867,REG021,2026-08-06,17.3,32.7,17.7,87.5,14.8,forecast,Open-Meteo / NASA POWER / IMD (synthetic)
WX001868,REG021,2026-08-07,19.9,32.2,4.9,84.9,8.1,forecast,Open-Meteo / NASA POWER / IMD (synthetic)
WX001869,REG021,2026-08-08,20.7,30.9,5.0,78.8,13.5,forecast,Open-Meteo / NASA POWER / IMD (synthetic)
WX001870,REG021,2026-08-09,19.1,30.9,16.2,76.7,11.1,forecast,Open-Meteo / NASA POWER / IMD (synthetic)
WX001871,REG021,2026-08-10,17.2,30.2,7.7,76.1,12.8,forecast,Open-Meteo / NASA POWER / IMD (synthetic)
WX001872,REG021,2026-08-11,19.6,30.9,2.8,72.0,12.7,forecast,Open-Meteo / NASA POWER / IMD (synthetic)
WX001873,REG021,2026-08-12,19.1,31.4,2.1,84.0,13.8,forecast,Open-Meteo / NASA POWER / IMD (synthetic)
WX001874,REG021,2026-08-13,17.6,29.6,4.0,83.7,7.5,forecast,Open-Meteo / NASA POWER / IMD (synthetic)
WX001875,REG021,2026-08-14,18.0,33.6,6.9,84.1,4.8,forecast,Open-Meteo / NASA POWER / IMD (synthetic)
WX001876,REG021,2026-08-15,20.0,31.2,2.1,77.0,8.1,forecast,Open-Meteo / NASA POWER / IMD (synthetic)
WX001877,REG021,2026-08-16,16.4,31.4,18.0,78.5,4.0,forecast,Open-Meteo / NASA POWER / IMD (synthetic)
WX001878,REG021,2026-08-17,20.4,31.9,8.9,88.0,7.9,forecast,Open-Meteo / NASA POWER / IMD (synthetic)
WX001879,REG021,2026-08-18,18.2,29.3,5.6,82.6,11.6,forecast,Open-Meteo / NASA POWER / IMD (synthetic)
WX001880,REG021,2026-08-19,19.4,30.8,6.6,77.1,13.8,forecast,Open-Meteo / NASA POWER / IMD (synthetic)
WX001881,REG021,2026-08-20,18.9,30.3,15.1,80.3,14.2,forecast,Open-Meteo / NASA POWER / IMD (synthetic)
WX001882,REG021,2026-08-21,19.3,31.3,6.9,81.9,15.5,forecast,Open-Meteo / NASA POWER / IMD (synthetic)
WX001883,REG021,2026-08-22,17.8,35.2,3.1,81.9,7.9,forecast,Open-Meteo / NASA POWER / IMD (synthetic)
WX001884,REG021,2026-08-23,17.6,32.6,3.5,84.5,10.0,forecast,Open-Meteo / NASA POWER / IMD (synthetic)
WX001885,REG021,2026-08-24,19.1,31.2,2.4,85.1,2.6,forecast,Open-Meteo / NASA POWER / IMD (synthetic)
WX001886,REG021,2026-08-25,20.5,33.2,7.8,78.4,8.4,forecast,Open-Meteo / NASA POWER / IMD (synthetic)
WX001887,REG021,2026-08-26,20.8,28.5,6.2,80.6,12.2,forecast,Open-Meteo / NASA POWER / IMD (synthetic)
WX001888,REG021,2026-08-27,18.6,31.8,6.7,73.7,9.1,forecast,Open-Meteo / NASA POWER / IMD (synthetic)
WX001889,REG021,2026-08-28,16.7,28.6,2.9,86.4,14.0,forecast,Open-Meteo / NASA POWER / IMD (synthetic)
WX001890,REG021,2026-08-29,21.2,30.7,10.3,80.9,13.0,forecast,Open-Meteo / NASA POWER / IMD (synthetic)
WX001891,REG022,2026-06-01,20.0,32.9,1.4,82.7,9.0,observed,Open-Meteo / NASA POWER / IMD (synthetic)
WX001892,REG022,2026-06-02,20.4,33.0,6.4,77.3,9.3,observed,Open-Meteo / NASA POWER / IMD (synthetic)
WX001893,REG022,2026-06-03,19.6,30.9,2.5,85.2,8.6,observed,Open-Meteo / NASA POWER / IMD (synthetic)
WX001894,REG022,2026-06-04,20.7,28.9,4.7,72.0,13.2,observed,Open-Meteo / NASA POWER / IMD (synthetic)
WX001895,REG022,2026-06-05,20.2,36.1,5.8,83.7,9.7,observed,Open-Meteo / NASA POWER / IMD (synthetic)
WX001896,REG022,2026-06-06,22.2,31.3,17.1,76.1,14.2,observed,Open-Meteo / NASA POWER / IMD (synthetic)
WX001897,REG022,2026-06-07,18.9,32.1,5.7,81.2,11.1,observed,Open-Meteo / NASA POWER / IMD (synthetic)
WX001898,REG022,2026-06-08,19.3,29.2,8.2,79.6,7.6,observed,Open-Meteo / NASA POWER / IMD (synthetic)
WX001899,REG022,2026-06-09,17.8,34.6,10.5,80.8,12.0,observed,Open-Meteo / NASA POWER / IMD (synthetic)
WX001900,REG022,2026-06-10,19.8,34.0,4.5,75.3,8.4,observed,Open-Meteo / NASA POWER / IMD (synthetic)
WX001901,REG022,2026-06-11,19.8,31.8,4.1,77.8,14.8,observed,Open-Meteo / NASA POWER / IMD (synthetic)
WX001902,REG022,2026-06-12,18.5,32.3,28.2,80.1,11.9,forecast,Open-Meteo / NASA POWER / IMD (synthetic)
WX001903,REG022,2026-06-13,20.4,34.9,5.3,75.0,13.6,forecast,Open-Meteo / NASA POWER / IMD (synthetic)
WX001904,REG022,2026-06-14,21.4,28.2,6.7,84.5,9.5,forecast,Open-Meteo / NASA POWER / IMD (synthetic)
WX001905,REG022,2026-06-15,19.4,32.1,5.2,81.0,2.1,forecast,Open-Meteo / NASA POWER / IMD (synthetic)
WX001906,REG022,2026-06-16,19.5,30.3,12.6,84.8,9.4,forecast,Open-Meteo / NASA POWER / IMD (synthetic)
WX001907,REG022,2026-06-17,22.2,29.8,6.7,74.9,9.3,forecast,Open-Meteo / NASA POWER / IMD (synthetic)
WX001908,REG022,2026-06-18,19.4,31.9,0.9,76.8,7.9,forecast,Open-Meteo / NASA POWER / IMD (synthetic)
WX001909,REG022,2026-06-19,20.3,30.9,8.2,75.5,15.3,forecast,Open-Meteo / NASA POWER / IMD (synthetic)
WX001910,REG022,2026-06-20,18.6,31.5,12.4,86.3,9.8,forecast,Open-Meteo / NASA POWER / IMD (synthetic)
WX001911,REG022,2026-06-21,19.2,33.2,5.0,79.0,8.5,forecast,Open-Meteo / NASA POWER / IMD (synthetic)
WX001912,REG022,2026-06-22,20.8,32.4,7.4,85.8,7.8,forecast,Open-Meteo / NASA POWER / IMD (synthetic)
WX001913,REG022,2026-06-23,18.5,33.3,4.9,80.3,5.9,forecast,Open-Meteo / NASA POWER / IMD (synthetic)
WX001914,REG022,2026-06-24,17.4,29.9,10.4,79.5,2.8,forecast,Open-Meteo / NASA POWER / IMD (synthetic)
WX001915,REG022,2026-06-25,18.8,32.7,6.7,83.8,11.6,forecast,Open-Meteo / NASA POWER / IMD (synthetic)
WX001916,REG022,2026-06-26,19.0,30.8,1.5,82.8,14.8,forecast,Open-Meteo / NASA POWER / IMD (synthetic)
WX001917,REG022,2026-06-27,18.0,32.4,15.7,82.7,16.6,forecast,Open-Meteo / NASA POWER / IMD (synthetic)
WX001918,REG022,2026-06-28,18.1,32.5,6.9,85.4,5.5,forecast,Open-Meteo / NASA POWER / IMD (synthetic)
WX001919,REG022,2026-06-29,20.8,30.0,15.0,72.0,13.7,forecast,Open-Meteo / NASA POWER / IMD (synthetic)
WX001920,REG022,2026-06-30,20.0,29.4,0.4,76.3,12.8,forecast,Open-Meteo / NASA POWER / IMD (synthetic)
WX001921,REG022,2026-07-01,21.6,32.1,6.7,86.1,13.2,forecast,Open-Meteo / NASA POWER / IMD (synthetic)
WX001922,REG022,2026-07-02,20.3,33.9,3.3,85.2,6.0,forecast,Open-Meteo / NASA POWER / IMD (synthetic)
WX001923,REG022,2026-07-03,20.9,31.3,18.3,91.4,3.8,forecast,Open-Meteo / NASA POWER / IMD (synthetic)
WX001924,REG022,2026-07-04,16.3,32.9,11.9,81.7,6.4,forecast,Open-Meteo / NASA POWER / IMD (synthetic)
WX001925,REG022,2026-07-05,20.1,33.0,14.6,73.6,5.7,forecast,Open-Meteo / NASA POWER / IMD (synthetic)
WX001926,REG022,2026-07-06,18.3,33.1,2.7,77.2,8.7,forecast,Open-Meteo / NASA POWER / IMD (synthetic)
WX001927,REG022,2026-07-07,21.1,31.4,12.6,84.5,10.6,forecast,Open-Meteo / NASA POWER / IMD (synthetic)
WX001928,REG022,2026-07-08,22.1,30.6,15.6,68.9,8.4,forecast,Open-Meteo / NASA POWER / IMD (synthetic)
WX001929,REG022,2026-07-09,20.5,27.4,4.3,70.5,10.1,forecast,Open-Meteo / NASA POWER / IMD (synthetic)
WX001930,REG022,2026-07-10,19.2,33.1,2.1,77.5,4.9,forecast,Open-Meteo / NASA POWER / IMD (synthetic)
WX001931,REG022,2026-07-11,19.2,32.6,5.9,81.9,11.9,forecast,Open-Meteo / NASA POWER / IMD (synthetic)
WX001932,REG022,2026-07-12,22.2,30.4,5.4,87.9,9.9,forecast,Open-Meteo / NASA POWER / IMD (synthetic)
WX001933,REG022,2026-07-13,18.5,32.3,13.3,76.5,13.4,forecast,Open-Meteo / NASA POWER / IMD (synthetic)
WX001934,REG022,2026-07-14,21.3,29.3,0.9,83.1,11.5,forecast,Open-Meteo / NASA POWER / IMD (synthetic)
WX001935,REG022,2026-07-15,18.7,29.5,3.9,78.8,14.2,forecast,Open-Meteo / NASA POWER / IMD (synthetic)
WX001936,REG022,2026-07-16,20.3,31.4,12.7,83.3,11.7,forecast,Open-Meteo / NASA POWER / IMD (synthetic)
WX001937,REG022,2026-07-17,17.9,32.8,18.2,84.8,8.9,forecast,Open-Meteo / NASA POWER / IMD (synthetic)
WX001938,REG022,2026-07-18,23.4,29.4,13.4,80.9,10.9,forecast,Open-Meteo / NASA POWER / IMD (synthetic)
WX001939,REG022,2026-07-19,21.0,32.8,11.9,81.5,13.2,forecast,Open-Meteo / NASA POWER / IMD (synthetic)
WX001940,REG022,2026-07-20,18.7,31.4,7.7,75.9,8.8,forecast,Open-Meteo / NASA POWER / IMD (synthetic)
WX001941,REG022,2026-07-21,17.5,31.0,15.5,71.8,11.5,forecast,Open-Meteo / NASA POWER / IMD (synthetic)
WX001942,REG022,2026-07-22,21.6,35.8,12.1,84.2,9.4,forecast,Open-Meteo / NASA POWER / IMD (synthetic)
WX001943,REG022,2026-07-23,21.0,34.8,8.5,83.0,16.5,forecast,Open-Meteo / NASA POWER / IMD (synthetic)
WX001944,REG022,2026-07-24,18.8,30.0,5.8,78.6,10.0,forecast,Open-Meteo / NASA POWER / IMD (synthetic)
WX001945,REG022,2026-07-25,18.6,32.4,9.3,79.7,7.2,forecast,Open-Meteo / NASA POWER / IMD (synthetic)
WX001946,REG022,2026-07-26,21.5,35.3,4.7,84.4,13.2,forecast,Open-Meteo / NASA POWER / IMD (synthetic)
WX001947,REG022,2026-07-27,18.5,30.3,14.1,84.2,8.4,forecast,Open-Meteo / NASA POWER / IMD (synthetic)
WX001948,REG022,2026-07-28,17.4,32.3,13.8,89.1,10.2,forecast,Open-Meteo / NASA POWER / IMD (synthetic)
WX001949,REG022,2026-07-29,19.6,29.7,0.2,75.0,9.9,forecast,Open-Meteo / NASA POWER / IMD (synthetic)
WX001950,REG022,2026-07-30,19.1,31.7,5.2,72.2,8.6,forecast,Open-Meteo / NASA POWER / IMD (synthetic)
WX001951,REG022,2026-07-31,17.2,31.1,9.6,78.5,2,forecast,Open-Meteo / NASA POWER / IMD (synthetic)
WX001952,REG022,2026-08-01,18.5,30.4,25.4,78.5,6.5,forecast,Open-Meteo / NASA POWER / IMD (synthetic)
WX001953,REG022,2026-08-02,18.5,33.6,12.7,84.0,10.6,forecast,Open-Meteo / NASA POWER / IMD (synthetic)
WX001954,REG022,2026-08-03,18.4,31.9,4.2,87.5,5.6,forecast,Open-Meteo / NASA POWER / IMD (synthetic)
WX001955,REG022,2026-08-04,18.0,29.6,7.2,77.3,11.7,forecast,Open-Meteo / NASA POWER / IMD (synthetic)
WX001956,REG022,2026-08-05,18.1,32.6,0.6,79.0,11.2,forecast,Open-Meteo / NASA POWER / IMD (synthetic)
WX001957,REG022,2026-08-06,20.9,31.2,11.8,72.7,9.4,forecast,Open-Meteo / NASA POWER / IMD (synthetic)
WX001958,REG022,2026-08-07,21.5,28.3,1.0,83.9,9.8,forecast,Open-Meteo / NASA POWER / IMD (synthetic)
WX001959,REG022,2026-08-08,18.4,33.4,8.1,79.3,9.0,forecast,Open-Meteo / NASA POWER / IMD (synthetic)
WX001960,REG022,2026-08-09,20.4,30.3,7.6,75.4,13.2,forecast,Open-Meteo / NASA POWER / IMD (synthetic)
WX001961,REG022,2026-08-10,20.8,28.2,2.9,83.0,6.2,forecast,Open-Meteo / NASA POWER / IMD (synthetic)
WX001962,REG022,2026-08-11,19.8,27.3,12.1,70.7,3.7,forecast,Open-Meteo / NASA POWER / IMD (synthetic)
WX001963,REG022,2026-08-12,19.8,32.3,26.4,74.1,10.8,forecast,Open-Meteo / NASA POWER / IMD (synthetic)
WX001964,REG022,2026-08-13,19.4,32.6,4.3,73.7,18.9,forecast,Open-Meteo / NASA POWER / IMD (synthetic)
WX001965,REG022,2026-08-14,20.2,30.9,3.9,81.4,12.5,forecast,Open-Meteo / NASA POWER / IMD (synthetic)
WX001966,REG022,2026-08-15,16.9,33.5,1.0,75.4,10.4,forecast,Open-Meteo / NASA POWER / IMD (synthetic)
WX001967,REG022,2026-08-16,23.2,29.5,9.3,82.7,11.0,forecast,Open-Meteo / NASA POWER / IMD (synthetic)
WX001968,REG022,2026-08-17,19.3,33.0,9.3,76.8,7.2,forecast,Open-Meteo / NASA POWER / IMD (synthetic)
WX001969,REG022,2026-08-18,21.0,33.3,4.0,72.0,9.0,forecast,Open-Meteo / NASA POWER / IMD (synthetic)
WX001970,REG022,2026-08-19,19.7,31.3,7.5,85.4,10.4,forecast,Open-Meteo / NASA POWER / IMD (synthetic)
WX001971,REG022,2026-08-20,18.5,29.1,6.3,73.9,10.8,forecast,Open-Meteo / NASA POWER / IMD (synthetic)
WX001972,REG022,2026-08-21,17.9,32.6,9.5,77.7,10.3,forecast,Open-Meteo / NASA POWER / IMD (synthetic)
WX001973,REG022,2026-08-22,21.8,31.8,5.8,86.2,10.4,forecast,Open-Meteo / NASA POWER / IMD (synthetic)
WX001974,REG022,2026-08-23,21.7,31.5,26.6,86.0,11.9,forecast,Open-Meteo / NASA POWER / IMD (synthetic)
WX001975,REG022,2026-08-24,18.4,32.7,12.3,73.9,9.0,forecast,Open-Meteo / NASA POWER / IMD (synthetic)
WX001976,REG022,2026-08-25,18.8,29.6,1.7,78.5,11.0,forecast,Open-Meteo / NASA POWER / IMD (synthetic)
WX001977,REG022,2026-08-26,23.4,30.3,6.9,75.6,8.3,forecast,Open-Meteo / NASA POWER / IMD (synthetic)
WX001978,REG022,2026-08-27,15.9,32.6,3.5,85.6,5.3,forecast,Open-Meteo / NASA POWER / IMD (synthetic)
WX001979,REG022,2026-08-28,18.2,29.5,5.8,77.5,10.3,forecast,Open-Meteo / NASA POWER / IMD (synthetic)
WX001980,REG022,2026-08-29,21.0,32.6,2.6,87.8,10.9,forecast,Open-Meteo / NASA POWER / IMD (synthetic)
WX001981,REG023,2026-06-01,22.7,35.8,6.1,73.2,9.3,observed,Open-Meteo / NASA POWER / IMD (synthetic)
WX001982,REG023,2026-06-02,25.5,33.7,12.2,83.7,9.9,observed,Open-Meteo / NASA POWER / IMD (synthetic)
WX001983,REG023,2026-06-03,25.5,34.3,9.9,79.6,10.8,observed,Open-Meteo / NASA POWER / IMD (synthetic)
WX001984,REG023,2026-06-04,21.4,37.2,16.8,86.2,13.9,observed,Open-Meteo / NASA POWER / IMD (synthetic)
WX001985,REG023,2026-06-05,23.9,37.9,10.1,83.8,12.9,observed,Open-Meteo / NASA POWER / IMD (synthetic)
WX001986,REG023,2026-06-06,21.9,34.9,14.5,88.0,9.8,observed,Open-Meteo / NASA POWER / IMD (synthetic)
WX001987,REG023,2026-06-07,25.1,36.4,10.1,81.2,10.7,observed,Open-Meteo / NASA POWER / IMD (synthetic)
WX001988,REG023,2026-06-08,22.0,32.6,1.6,77.7,12.9,observed,Open-Meteo / NASA POWER / IMD (synthetic)
WX001989,REG023,2026-06-09,21.4,34.6,2.0,77.7,12.3,observed,Open-Meteo / NASA POWER / IMD (synthetic)
WX001990,REG023,2026-06-10,22.0,33.5,18.9,71.0,8.2,observed,Open-Meteo / NASA POWER / IMD (synthetic)
WX001991,REG023,2026-06-11,26.2,37.0,15.0,81.6,10.8,observed,Open-Meteo / NASA POWER / IMD (synthetic)
WX001992,REG023,2026-06-12,22.3,37.9,2.7,76.3,9.9,forecast,Open-Meteo / NASA POWER / IMD (synthetic)
WX001993,REG023,2026-06-13,22.3,31.7,1.1,81.1,9.2,forecast,Open-Meteo / NASA POWER / IMD (synthetic)
WX001994,REG023,2026-06-14,23.3,34.4,1.3,78.1,10.0,forecast,Open-Meteo / NASA POWER / IMD (synthetic)
WX001995,REG023,2026-06-15,23.9,35.0,6.3,80.6,8.7,forecast,Open-Meteo / NASA POWER / IMD (synthetic)
WX001996,REG023,2026-06-16,25.3,33.4,5.7,77.5,9.3,forecast,Open-Meteo / NASA POWER / IMD (synthetic)
WX001997,REG023,2026-06-17,25.6,36.3,6.5,84.9,12.1,forecast,Open-Meteo / NASA POWER / IMD (synthetic)
WX001998,REG023,2026-06-18,22.1,34.7,3.6,84.2,5.7,forecast,Open-Meteo / NASA POWER / IMD (synthetic)
WX001999,REG023,2026-06-19,21.4,33.8,6.1,74.0,11.3,forecast,Open-Meteo / NASA POWER / IMD (synthetic)
WX002000,REG023,2026-06-20,23.2,37.0,4.2,86.8,6.5,forecast,Open-Meteo / NASA POWER / IMD (synthetic)
WX002001,REG023,2026-06-21,26.0,37.2,10.9,89.1,5.0,forecast,Open-Meteo / NASA POWER / IMD (synthetic)
WX002002,REG023,2026-06-22,24.6,32.6,13.0,78.8,14.3,forecast,Open-Meteo / NASA POWER / IMD (synthetic)
WX002003,REG023,2026-06-23,24.5,34.9,15.3,77.2,5.6,forecast,Open-Meteo / NASA POWER / IMD (synthetic)
WX002004,REG023,2026-06-24,21.6,34.7,5.9,73.6,12.5,forecast,Open-Meteo / NASA POWER / IMD (synthetic)
WX002005,REG023,2026-06-25,24.7,37.7,2.1,85.8,5.3,forecast,Open-Meteo / NASA POWER / IMD (synthetic)
WX002006,REG023,2026-06-26,20.8,36.6,5.8,84.4,14.0,forecast,Open-Meteo / NASA POWER / IMD (synthetic)
WX002007,REG023,2026-06-27,24.7,32.5,18.7,85.4,5.7,forecast,Open-Meteo / NASA POWER / IMD (synthetic)
WX002008,REG023,2026-06-28,21.2,32.6,2.0,76.8,6.6,forecast,Open-Meteo / NASA POWER / IMD (synthetic)
WX002009,REG023,2026-06-29,22.0,32.8,1.0,80.8,4.5,forecast,Open-Meteo / NASA POWER / IMD (synthetic)
WX002010,REG023,2026-06-30,24.6,35.1,5.6,80.7,9.2,forecast,Open-Meteo / NASA POWER / IMD (synthetic)
WX002011,REG023,2026-07-01,23.4,32.8,5.3,78.8,11.7,forecast,Open-Meteo / NASA POWER / IMD (synthetic)
WX002012,REG023,2026-07-02,25.1,32.6,3.2,78.9,13.5,forecast,Open-Meteo / NASA POWER / IMD (synthetic)
WX002013,REG023,2026-07-03,24.4,34.6,19.6,75.1,7.8,forecast,Open-Meteo / NASA POWER / IMD (synthetic)
WX002014,REG023,2026-07-04,25.0,33.9,5.1,91.8,7.9,forecast,Open-Meteo / NASA POWER / IMD (synthetic)
WX002015,REG023,2026-07-05,21.5,34.2,13.1,90.4,14.5,forecast,Open-Meteo / NASA POWER / IMD (synthetic)
WX002016,REG023,2026-07-06,23.4,33.7,6.8,81.4,9.2,forecast,Open-Meteo / NASA POWER / IMD (synthetic)
WX002017,REG023,2026-07-07,23.2,35.4,16.6,89.1,8.6,forecast,Open-Meteo / NASA POWER / IMD (synthetic)
WX002018,REG023,2026-07-08,24.1,36.0,2.1,74.8,7.2,forecast,Open-Meteo / NASA POWER / IMD (synthetic)
WX002019,REG023,2026-07-09,21.1,37.8,1.0,81.3,7.5,forecast,Open-Meteo / NASA POWER / IMD (synthetic)
WX002020,REG023,2026-07-10,23.6,33.5,11.2,81.8,13.3,forecast,Open-Meteo / NASA POWER / IMD (synthetic)
WX002021,REG023,2026-07-11,23.6,34.5,8.0,78.9,10.5,forecast,Open-Meteo / NASA POWER / IMD (synthetic)
WX002022,REG023,2026-07-12,23.8,35.2,0.9,83.0,11.3,forecast,Open-Meteo / NASA POWER / IMD (synthetic)
WX002023,REG023,2026-07-13,23.9,34.5,5.5,71.7,12.1,forecast,Open-Meteo / NASA POWER / IMD (synthetic)
WX002024,REG023,2026-07-14,25.3,34.3,1.4,78.9,11.4,forecast,Open-Meteo / NASA POWER / IMD (synthetic)
WX002025,REG023,2026-07-15,24.1,39.0,4.6,86.1,12.2,forecast,Open-Meteo / NASA POWER / IMD (synthetic)
WX002026,REG023,2026-07-16,21.6,34.6,2.8,81.7,8.2,forecast,Open-Meteo / NASA POWER / IMD (synthetic)
WX002027,REG023,2026-07-17,21.2,34.5,8.6,87.1,13.0,forecast,Open-Meteo / NASA POWER / IMD (synthetic)
WX002028,REG023,2026-07-18,23.6,31.5,6.0,74.4,12.7,forecast,Open-Meteo / NASA POWER / IMD (synthetic)
WX002029,REG023,2026-07-19,20.6,37.5,3.6,85.8,7.7,forecast,Open-Meteo / NASA POWER / IMD (synthetic)
WX002030,REG023,2026-07-20,23.0,33.6,9.2,85.5,10.3,forecast,Open-Meteo / NASA POWER / IMD (synthetic)
WX002031,REG023,2026-07-21,21.7,34.2,8.7,76.5,10.4,forecast,Open-Meteo / NASA POWER / IMD (synthetic)
WX002032,REG023,2026-07-22,21.1,31.9,10.7,89.5,12.6,forecast,Open-Meteo / NASA POWER / IMD (synthetic)
WX002033,REG023,2026-07-23,25.5,34.5,2.0,80.3,10.1,forecast,Open-Meteo / NASA POWER / IMD (synthetic)
WX002034,REG023,2026-07-24,20.5,37.9,2.7,89.0,12.4,forecast,Open-Meteo / NASA POWER / IMD (synthetic)
WX002035,REG023,2026-07-25,22.1,35.1,3.6,74.2,15.3,forecast,Open-Meteo / NASA POWER / IMD (synthetic)
WX002036,REG023,2026-07-26,23.0,36.0,12.6,70.1,6.7,forecast,Open-Meteo / NASA POWER / IMD (synthetic)
WX002037,REG023,2026-07-27,20.2,32.1,6.6,81.2,7.9,forecast,Open-Meteo / NASA POWER / IMD (synthetic)
WX002038,REG023,2026-07-28,23.0,32.0,3.8,85.0,7.5,forecast,Open-Meteo / NASA POWER / IMD (synthetic)
WX002039,REG023,2026-07-29,24.5,33.7,1.3,69.1,12.6,forecast,Open-Meteo / NASA POWER / IMD (synthetic)
WX002040,REG023,2026-07-30,21.7,36.3,12.5,83.2,8.4,forecast,Open-Meteo / NASA POWER / IMD (synthetic)
WX002041,REG023,2026-07-31,23.8,32.8,6.3,83.3,5.4,forecast,Open-Meteo / NASA POWER / IMD (synthetic)
WX002042,REG023,2026-08-01,22.4,35.6,1.8,81.7,2.3,forecast,Open-Meteo / NASA POWER / IMD (synthetic)
WX002043,REG023,2026-08-02,23.1,36.4,13.5,70.2,6.6,forecast,Open-Meteo / NASA POWER / IMD (synthetic)
WX002044,REG023,2026-08-03,22.7,33.0,2.1,76.1,9.6,forecast,Open-Meteo / NASA POWER / IMD (synthetic)
WX002045,REG023,2026-08-04,26.4,36.4,7.0,81.7,14.7,forecast,Open-Meteo / NASA POWER / IMD (synthetic)
WX002046,REG023,2026-08-05,25.7,34.8,4.3,75.5,9.5,forecast,Open-Meteo / NASA POWER / IMD (synthetic)
WX002047,REG023,2026-08-06,24.1,34.4,6.9,79.3,11.7,forecast,Open-Meteo / NASA POWER / IMD (synthetic)
WX002048,REG023,2026-08-07,23.6,37.1,3.9,87.0,7.9,forecast,Open-Meteo / NASA POWER / IMD (synthetic)
WX002049,REG023,2026-08-08,25.0,34.5,12.1,81.5,13.8,forecast,Open-Meteo / NASA POWER / IMD (synthetic)
WX002050,REG023,2026-08-09,21.5,30.7,5.9,81.2,5.9,forecast,Open-Meteo / NASA POWER / IMD (synthetic)
WX002051,REG023,2026-08-10,22.2,35.4,1.5,83.1,16.0,forecast,Open-Meteo / NASA POWER / IMD (synthetic)
WX002052,REG023,2026-08-11,22.0,32.6,7.0,91.8,7.4,forecast,Open-Meteo / NASA POWER / IMD (synthetic)
WX002053,REG023,2026-08-12,23.4,31.6,7.4,65.2,10.2,forecast,Open-Meteo / NASA POWER / IMD (synthetic)
WX002054,REG023,2026-08-13,25.5,32.9,15.9,76.6,9.6,forecast,Open-Meteo / NASA POWER / IMD (synthetic)
WX002055,REG023,2026-08-14,22.0,32.6,5.1,76.6,13.2,forecast,Open-Meteo / NASA POWER / IMD (synthetic)
WX002056,REG023,2026-08-15,21.1,35.7,19.7,81.0,10.8,forecast,Open-Meteo / NASA POWER / IMD (synthetic)
WX002057,REG023,2026-08-16,24.7,34.1,14.2,85.3,10.2,forecast,Open-Meteo / NASA POWER / IMD (synthetic)
WX002058,REG023,2026-08-17,24.4,33.7,4.0,77.0,10.5,forecast,Open-Meteo / NASA POWER / IMD (synthetic)
WX002059,REG023,2026-08-18,21.9,30.2,6.2,77.2,11.9,forecast,Open-Meteo / NASA POWER / IMD (synthetic)
WX002060,REG023,2026-08-19,22.1,35.5,9.3,75.2,10.6,forecast,Open-Meteo / NASA POWER / IMD (synthetic)
WX002061,REG023,2026-08-20,23.6,32.5,17.3,80.7,5.9,forecast,Open-Meteo / NASA POWER / IMD (synthetic)
WX002062,REG023,2026-08-21,24.0,35.5,3.2,83.4,13.6,forecast,Open-Meteo / NASA POWER / IMD (synthetic)
WX002063,REG023,2026-08-22,21.8,34.3,1.8,75.3,10.5,forecast,Open-Meteo / NASA POWER / IMD (synthetic)
WX002064,REG023,2026-08-23,24.8,34.7,10.4,79.3,12.8,forecast,Open-Meteo / NASA POWER / IMD (synthetic)
WX002065,REG023,2026-08-24,23.8,35.9,1.3,84.0,11.3,forecast,Open-Meteo / NASA POWER / IMD (synthetic)
WX002066,REG023,2026-08-25,23.4,36.9,10.5,75.3,15.0,forecast,Open-Meteo / NASA POWER / IMD (synthetic)
WX002067,REG023,2026-08-26,23.8,34.9,3.1,84.9,10.5,forecast,Open-Meteo / NASA POWER / IMD (synthetic)
WX002068,REG023,2026-08-27,22.9,34.4,6.2,80.0,9.4,forecast,Open-Meteo / NASA POWER / IMD (synthetic)
WX002069,REG023,2026-08-28,21.7,33.9,2.6,81.9,5.3,forecast,Open-Meteo / NASA POWER / IMD (synthetic)
WX002070,REG023,2026-08-29,21.2,36.2,5.8,87.6,8.9,forecast,Open-Meteo / NASA POWER / IMD (synthetic)
WX002071,REG024,2026-06-01,21.8,36.3,0.2,79.1,12.2,observed,Open-Meteo / NASA POWER / IMD (synthetic)
WX002072,REG024,2026-06-02,22.0,35.9,3.2,84.8,13.0,observed,Open-Meteo / NASA POWER / IMD (synthetic)
WX002073,REG024,2026-06-03,27.1,35.2,2.8,76.6,7.5,observed,Open-Meteo / NASA POWER / IMD (synthetic)
WX002074,REG024,2026-06-04,23.5,38.5,6.6,82.4,9.9,observed,Open-Meteo / NASA POWER / IMD (synthetic)
WX002075,REG024,2026-06-05,24.3,36.6,4.9,87.3,10.6,observed,Open-Meteo / NASA POWER / IMD (synthetic)
WX002076,REG024,2026-06-06,23.0,35.7,3.5,84.3,9.3,observed,Open-Meteo / NASA POWER / IMD (synthetic)
WX002077,REG024,2026-06-07,21.3,35.4,5.3,76.1,9.7,observed,Open-Meteo / NASA POWER / IMD (synthetic)
WX002078,REG024,2026-06-08,25.0,33.1,4.5,94.3,13.3,observed,Open-Meteo / NASA POWER / IMD (synthetic)
WX002079,REG024,2026-06-09,24.6,38.6,14.7,84.0,8.8,observed,Open-Meteo / NASA POWER / IMD (synthetic)
WX002080,REG024,2026-06-10,22.3,35.7,15.2,79.4,12.4,observed,Open-Meteo / NASA POWER / IMD (synthetic)
WX002081,REG024,2026-06-11,23.5,38.7,15.8,71.7,11.6,observed,Open-Meteo / NASA POWER / IMD (synthetic)
WX002082,REG024,2026-06-12,23.4,34.0,17.1,78.9,6.8,forecast,Open-Meteo / NASA POWER / IMD (synthetic)
WX002083,REG024,2026-06-13,27.4,34.3,8.6,88.0,8.7,forecast,Open-Meteo / NASA POWER / IMD (synthetic)
WX002084,REG024,2026-06-14,21.5,35.5,1.2,85.1,4.2,forecast,Open-Meteo / NASA POWER / IMD (synthetic)
WX002085,REG024,2026-06-15,25.4,38.2,2.9,72.6,10.0,forecast,Open-Meteo / NASA POWER / IMD (synthetic)
WX002086,REG024,2026-06-16,23.5,37.0,9.1,94.9,17.6,forecast,Open-Meteo / NASA POWER / IMD (synthetic)
WX002087,REG024,2026-06-17,26.1,35.1,1.9,84.6,12.2,forecast,Open-Meteo / NASA POWER / IMD (synthetic)
WX002088,REG024,2026-06-18,23.8,40.5,3.1,76.9,14.7,forecast,Open-Meteo / NASA POWER / IMD (synthetic)
WX002089,REG024,2026-06-19,23.6,36.1,11.8,82.1,8.9,forecast,Open-Meteo / NASA POWER / IMD (synthetic)
WX002090,REG024,2026-06-20,26.8,36.2,8.7,76.0,8.9,forecast,Open-Meteo / NASA POWER / IMD (synthetic)
WX002091,REG024,2026-06-21,21.7,31.1,2.5,79.0,12.6,forecast,Open-Meteo / NASA POWER / IMD (synthetic)
WX002092,REG024,2026-06-22,25.0,37.8,8.3,79.5,7.9,forecast,Open-Meteo / NASA POWER / IMD (synthetic)
WX002093,REG024,2026-06-23,24.3,37.9,2.8,78.0,10.8,forecast,Open-Meteo / NASA POWER / IMD (synthetic)
WX002094,REG024,2026-06-24,23.7,35.8,18.3,72.2,7.6,forecast,Open-Meteo / NASA POWER / IMD (synthetic)
WX002095,REG024,2026-06-25,23.8,35.2,3.6,95.7,8.2,forecast,Open-Meteo / NASA POWER / IMD (synthetic)
WX002096,REG024,2026-06-26,24.1,34.4,11.1,84.9,11.0,forecast,Open-Meteo / NASA POWER / IMD (synthetic)
WX002097,REG024,2026-06-27,22.3,34.7,1.9,80.4,16.3,forecast,Open-Meteo / NASA POWER / IMD (synthetic)
WX002098,REG024,2026-06-28,23.4,34.9,3.5,84.1,11.8,forecast,Open-Meteo / NASA POWER / IMD (synthetic)
WX002099,REG024,2026-06-29,24.2,36.0,0.4,82.5,10.0,forecast,Open-Meteo / NASA POWER / IMD (synthetic)
WX002100,REG024,2026-06-30,23.8,37.6,4.9,81.4,8.7,forecast,Open-Meteo / NASA POWER / IMD (synthetic)
WX002101,REG024,2026-07-01,25.0,36.8,14.4,82.9,8.5,forecast,Open-Meteo / NASA POWER / IMD (synthetic)
WX002102,REG024,2026-07-02,24.4,34.9,6.6,76.3,4.6,forecast,Open-Meteo / NASA POWER / IMD (synthetic)
WX002103,REG024,2026-07-03,24.0,35.7,3.3,79.0,7.2,forecast,Open-Meteo / NASA POWER / IMD (synthetic)
WX002104,REG024,2026-07-04,26.9,34.5,2.6,85.1,11.6,forecast,Open-Meteo / NASA POWER / IMD (synthetic)
WX002105,REG024,2026-07-05,23.2,36.9,3.2,82.3,13.4,forecast,Open-Meteo / NASA POWER / IMD (synthetic)
WX002106,REG024,2026-07-06,24.5,37.3,4.9,79.3,7.0,forecast,Open-Meteo / NASA POWER / IMD (synthetic)
WX002107,REG024,2026-07-07,25.1,34.2,13.3,79.8,7.3,forecast,Open-Meteo / NASA POWER / IMD (synthetic)
WX002108,REG024,2026-07-08,23.6,38.7,8.0,86.5,6.1,forecast,Open-Meteo / NASA POWER / IMD (synthetic)
WX002109,REG024,2026-07-09,23.3,37.4,7.0,79.1,9.5,forecast,Open-Meteo / NASA POWER / IMD (synthetic)
WX002110,REG024,2026-07-10,25.4,41.0,5.0,76.1,12.8,forecast,Open-Meteo / NASA POWER / IMD (synthetic)
WX002111,REG024,2026-07-11,25.0,37.3,11.8,72.7,8.5,forecast,Open-Meteo / NASA POWER / IMD (synthetic)
WX002112,REG024,2026-07-12,23.3,37.7,17.7,68.6,11.5,forecast,Open-Meteo / NASA POWER / IMD (synthetic)
WX002113,REG024,2026-07-13,22.9,37.2,6.2,83.4,8.5,forecast,Open-Meteo / NASA POWER / IMD (synthetic)
WX002114,REG024,2026-07-14,23.3,37.3,13.5,78.3,19.8,forecast,Open-Meteo / NASA POWER / IMD (synthetic)
WX002115,REG024,2026-07-15,21.1,35.3,12.5,74.0,12.5,forecast,Open-Meteo / NASA POWER / IMD (synthetic)
WX002116,REG024,2026-07-16,24.1,36.7,2.0,73.2,8.3,forecast,Open-Meteo / NASA POWER / IMD (synthetic)
WX002117,REG024,2026-07-17,21.7,36.3,5.2,79.8,10.8,forecast,Open-Meteo / NASA POWER / IMD (synthetic)
WX002118,REG024,2026-07-18,24.7,38.8,4.1,84.6,8.8,forecast,Open-Meteo / NASA POWER / IMD (synthetic)
WX002119,REG024,2026-07-19,21.9,37.2,3.9,83.7,11.5,forecast,Open-Meteo / NASA POWER / IMD (synthetic)
WX002120,REG024,2026-07-20,24.0,39.1,10.0,79.5,9.7,forecast,Open-Meteo / NASA POWER / IMD (synthetic)
WX002121,REG024,2026-07-21,26.4,37.9,12.4,74.7,15.7,forecast,Open-Meteo / NASA POWER / IMD (synthetic)
WX002122,REG024,2026-07-22,24.6,37.7,9.3,78.7,14.2,forecast,Open-Meteo / NASA POWER / IMD (synthetic)
WX002123,REG024,2026-07-23,25.7,37.3,4.9,75.4,11.3,forecast,Open-Meteo / NASA POWER / IMD (synthetic)
WX002124,REG024,2026-07-24,22.1,35.0,20.9,79.7,9.1,forecast,Open-Meteo / NASA POWER / IMD (synthetic)
WX002125,REG024,2026-07-25,21.9,35.0,20.4,83.8,14.6,forecast,Open-Meteo / NASA POWER / IMD (synthetic)
WX002126,REG024,2026-07-26,22.9,37.0,12.1,76.6,12.1,forecast,Open-Meteo / NASA POWER / IMD (synthetic)
WX002127,REG024,2026-07-27,26.0,32.4,6.9,78.4,9.8,forecast,Open-Meteo / NASA POWER / IMD (synthetic)
WX002128,REG024,2026-07-28,23.9,36.6,7.1,75.9,10.9,forecast,Open-Meteo / NASA POWER / IMD (synthetic)
WX002129,REG024,2026-07-29,24.5,37.3,4.9,71.0,3.9,forecast,Open-Meteo / NASA POWER / IMD (synthetic)
WX002130,REG024,2026-07-30,21.8,37.5,3.4,70.6,7.5,forecast,Open-Meteo / NASA POWER / IMD (synthetic)
WX002131,REG024,2026-07-31,24.4,36.7,9.5,83.9,9.8,forecast,Open-Meteo / NASA POWER / IMD (synthetic)
WX002132,REG024,2026-08-01,23.9,37.1,5.1,80.0,9.2,forecast,Open-Meteo / NASA POWER / IMD (synthetic)
WX002133,REG024,2026-08-02,21.5,36.6,9.3,73.0,9.1,forecast,Open-Meteo / NASA POWER / IMD (synthetic)
WX002134,REG024,2026-08-03,24.4,35.0,11.9,91.9,12.8,forecast,Open-Meteo / NASA POWER / IMD (synthetic)
WX002135,REG024,2026-08-04,24.0,37.8,1.0,78.3,8.3,forecast,Open-Meteo / NASA POWER / IMD (synthetic)
WX002136,REG024,2026-08-05,24.5,36.3,1.5,93.2,8.2,forecast,Open-Meteo / NASA POWER / IMD (synthetic)
WX002137,REG024,2026-08-06,25.1,37.6,8.8,80.8,15.0,forecast,Open-Meteo / NASA POWER / IMD (synthetic)
WX002138,REG024,2026-08-07,24.5,35.7,13.1,75.3,15.0,forecast,Open-Meteo / NASA POWER / IMD (synthetic)
WX002139,REG024,2026-08-08,24.3,33.9,9.5,76.9,12.4,forecast,Open-Meteo / NASA POWER / IMD (synthetic)
WX002140,REG024,2026-08-09,23.0,36.4,0.3,84.5,7.1,forecast,Open-Meteo / NASA POWER / IMD (synthetic)
WX002141,REG024,2026-08-10,23.2,33.2,8.0,78.9,10.4,forecast,Open-Meteo / NASA POWER / IMD (synthetic)
WX002142,REG024,2026-08-11,25.2,35.7,9.4,87.0,8.9,forecast,Open-Meteo / NASA POWER / IMD (synthetic)
WX002143,REG024,2026-08-12,26.3,38.4,0.9,85.7,13.0,forecast,Open-Meteo / NASA POWER / IMD (synthetic)
WX002144,REG024,2026-08-13,28.1,34.9,3.1,80.5,13.2,forecast,Open-Meteo / NASA POWER / IMD (synthetic)
WX002145,REG024,2026-08-14,24.3,34.9,10.2,86.7,6.5,forecast,Open-Meteo / NASA POWER / IMD (synthetic)
WX002146,REG024,2026-08-15,25.9,36.3,10.1,78.4,11.3,forecast,Open-Meteo / NASA POWER / IMD (synthetic)
WX002147,REG024,2026-08-16,27.9,36.0,4.5,80.8,11.8,forecast,Open-Meteo / NASA POWER / IMD (synthetic)
WX002148,REG024,2026-08-17,25.1,33.0,6.4,82.8,8.7,forecast,Open-Meteo / NASA POWER / IMD (synthetic)
WX002149,REG024,2026-08-18,22.7,37.7,20.9,86.0,7.2,forecast,Open-Meteo / NASA POWER / IMD (synthetic)
WX002150,REG024,2026-08-19,23.0,36.3,1.8,78.1,6.8,forecast,Open-Meteo / NASA POWER / IMD (synthetic)
WX002151,REG024,2026-08-20,24.7,34.1,6.3,89.9,7.7,forecast,Open-Meteo / NASA POWER / IMD (synthetic)
WX002152,REG024,2026-08-21,22.1,36.5,9.7,81.9,9.2,forecast,Open-Meteo / NASA POWER / IMD (synthetic)
WX002153,REG024,2026-08-22,23.5,34.9,7.2,81.7,11.2,forecast,Open-Meteo / NASA POWER / IMD (synthetic)
WX002154,REG024,2026-08-23,24.9,39.2,10.2,82.3,9.1,forecast,Open-Meteo / NASA POWER / IMD (synthetic)
WX002155,REG024,2026-08-24,25.5,33.0,10.5,82.4,12.2,forecast,Open-Meteo / NASA POWER / IMD (synthetic)
WX002156,REG024,2026-08-25,24.7,37.8,5.1,90.6,12.9,forecast,Open-Meteo / NASA POWER / IMD (synthetic)
WX002157,REG024,2026-08-26,24.0,38.6,4.0,76.8,11.8,forecast,Open-Meteo / NASA POWER / IMD (synthetic)
WX002158,REG024,2026-08-27,23.3,36.0,17.6,84.5,7.6,forecast,Open-Meteo / NASA POWER / IMD (synthetic)
WX002159,REG024,2026-08-28,26.0,35.8,5.7,79.4,14.8,forecast,Open-Meteo / NASA POWER / IMD (synthetic)
WX002160,REG024,2026-08-29,26.8,37.2,7.6,77.7,11.8,forecast,Open-Meteo / NASA POWER / IMD (synthetic)
WX002161,REG025,2026-06-01,22.4,35.2,15.9,82.1,15.4,observed,Open-Meteo / NASA POWER / IMD (synthetic)
WX002162,REG025,2026-06-02,24.0,34.4,12.4,86.1,11.7,observed,Open-Meteo / NASA POWER / IMD (synthetic)
WX002163,REG025,2026-06-03,25.1,39.2,8.6,79.2,11.5,observed,Open-Meteo / NASA POWER / IMD (synthetic)
WX002164,REG025,2026-06-04,20.9,34.9,8.3,74.0,8.2,observed,Open-Meteo / NASA POWER / IMD (synthetic)
WX002165,REG025,2026-06-05,22.1,33.6,2.1,74.6,13.4,observed,Open-Meteo / NASA POWER / IMD (synthetic)
WX002166,REG025,2026-06-06,24.2,34.7,2.1,80.4,9.4,observed,Open-Meteo / NASA POWER / IMD (synthetic)
WX002167,REG025,2026-06-07,26.3,35.4,11.0,81.3,8.1,observed,Open-Meteo / NASA POWER / IMD (synthetic)
WX002168,REG025,2026-06-08,22.3,32.6,3.4,68.0,12.8,observed,Open-Meteo / NASA POWER / IMD (synthetic)
WX002169,REG025,2026-06-09,22.0,36.5,2.6,82.9,9.3,observed,Open-Meteo / NASA POWER / IMD (synthetic)
WX002170,REG025,2026-06-10,22.1,36.8,25.1,90.0,15.0,observed,Open-Meteo / NASA POWER / IMD (synthetic)
WX002171,REG025,2026-06-11,23.1,35.0,2.0,81.6,15.6,observed,Open-Meteo / NASA POWER / IMD (synthetic)
WX002172,REG025,2026-06-12,22.8,31.3,23.0,74.1,5.4,forecast,Open-Meteo / NASA POWER / IMD (synthetic)
WX002173,REG025,2026-06-13,23.5,32.5,5.1,80.8,4.3,forecast,Open-Meteo / NASA POWER / IMD (synthetic)
WX002174,REG025,2026-06-14,22.4,37.7,9.5,82.7,9.5,forecast,Open-Meteo / NASA POWER / IMD (synthetic)
WX002175,REG025,2026-06-15,22.1,33.1,4.1,86.1,7.8,forecast,Open-Meteo / NASA POWER / IMD (synthetic)
WX002176,REG025,2026-06-16,21.6,36.5,6.6,71.2,12.1,forecast,Open-Meteo / NASA POWER / IMD (synthetic)
WX002177,REG025,2026-06-17,22.0,32.5,3.2,82.4,13.0,forecast,Open-Meteo / NASA POWER / IMD (synthetic)
WX002178,REG025,2026-06-18,22.1,36.7,12.5,76.2,12.2,forecast,Open-Meteo / NASA POWER / IMD (synthetic)
WX002179,REG025,2026-06-19,19.4,35.7,5.4,88.2,12.2,forecast,Open-Meteo / NASA POWER / IMD (synthetic)
WX002180,REG025,2026-06-20,21.7,34.1,2.1,78.5,7.2,forecast,Open-Meteo / NASA POWER / IMD (synthetic)
WX002181,REG025,2026-06-21,21.6,35.7,13.4,83.4,9.8,forecast,Open-Meteo / NASA POWER / IMD (synthetic)
WX002182,REG025,2026-06-22,21.3,31.4,6.8,81.8,8.1,forecast,Open-Meteo / NASA POWER / IMD (synthetic)
WX002183,REG025,2026-06-23,21.5,32.8,7.9,85.7,8.7,forecast,Open-Meteo / NASA POWER / IMD (synthetic)
WX002184,REG025,2026-06-24,24.6,32.8,1.7,85.1,8.1,forecast,Open-Meteo / NASA POWER / IMD (synthetic)
WX002185,REG025,2026-06-25,21.7,33.7,0.9,77.1,13.4,forecast,Open-Meteo / NASA POWER / IMD (synthetic)
WX002186,REG025,2026-06-26,25.5,36.5,3.3,83.0,13.9,forecast,Open-Meteo / NASA POWER / IMD (synthetic)
WX002187,REG025,2026-06-27,22.0,33.2,12.0,79.2,12.8,forecast,Open-Meteo / NASA POWER / IMD (synthetic)
WX002188,REG025,2026-06-28,21.9,35.0,4.1,75.6,6.5,forecast,Open-Meteo / NASA POWER / IMD (synthetic)
WX002189,REG025,2026-06-29,20.9,35.5,5.6,79.2,9.1,forecast,Open-Meteo / NASA POWER / IMD (synthetic)
WX002190,REG025,2026-06-30,20.2,36.7,17.0,83.9,8.5,forecast,Open-Meteo / NASA POWER / IMD (synthetic)
WX002191,REG025,2026-07-01,19.6,33.1,17.6,81.5,7.8,forecast,Open-Meteo / NASA POWER / IMD (synthetic)
WX002192,REG025,2026-07-02,22.4,33.7,2.2,81.0,8.8,forecast,Open-Meteo / NASA POWER / IMD (synthetic)
WX002193,REG025,2026-07-03,24.7,33.1,3.1,92.4,10.5,forecast,Open-Meteo / NASA POWER / IMD (synthetic)
WX002194,REG025,2026-07-04,22.0,31.4,5.3,80.9,12.8,forecast,Open-Meteo / NASA POWER / IMD (synthetic)
WX002195,REG025,2026-07-05,22.5,35.3,5.9,80.4,10.8,forecast,Open-Meteo / NASA POWER / IMD (synthetic)
WX002196,REG025,2026-07-06,21.9,34.0,7.1,78.6,10.7,forecast,Open-Meteo / NASA POWER / IMD (synthetic)
WX002197,REG025,2026-07-07,21.2,34.8,4.8,87.5,16.8,forecast,Open-Meteo / NASA POWER / IMD (synthetic)
WX002198,REG025,2026-07-08,22.3,33.6,10.2,85.1,5.8,forecast,Open-Meteo / NASA POWER / IMD (synthetic)
WX002199,REG025,2026-07-09,21.8,37.3,3.9,71.1,10.3,forecast,Open-Meteo / NASA POWER / IMD (synthetic)
WX002200,REG025,2026-07-10,23.6,38.3,4.8,74.6,6.6,forecast,Open-Meteo / NASA POWER / IMD (synthetic)
WX002201,REG025,2026-07-11,23.1,33.9,8.9,80.3,13.7,forecast,Open-Meteo / NASA POWER / IMD (synthetic)
WX002202,REG025,2026-07-12,22.3,37.0,9.6,85.2,13.0,forecast,Open-Meteo / NASA POWER / IMD (synthetic)
WX002203,REG025,2026-07-13,27.3,35.3,10.3,84.5,12.1,forecast,Open-Meteo / NASA POWER / IMD (synthetic)
WX002204,REG025,2026-07-14,21.7,36.7,9.1,79.9,6.1,forecast,Open-Meteo / NASA POWER / IMD (synthetic)
WX002205,REG025,2026-07-15,22.9,33.7,1.7,75.3,11.4,forecast,Open-Meteo / NASA POWER / IMD (synthetic)
WX002206,REG025,2026-07-16,24.0,35.0,11.3,76.3,12.9,forecast,Open-Meteo / NASA POWER / IMD (synthetic)
WX002207,REG025,2026-07-17,21.1,35.5,1.3,77.6,10.9,forecast,Open-Meteo / NASA POWER / IMD (synthetic)
WX002208,REG025,2026-07-18,22.6,33.3,0.4,83.4,12.2,forecast,Open-Meteo / NASA POWER / IMD (synthetic)
WX002209,REG025,2026-07-19,21.3,34.9,9.8,75.6,8.7,forecast,Open-Meteo / NASA POWER / IMD (synthetic)
WX002210,REG025,2026-07-20,21.4,33.0,2.4,78.1,10.0,forecast,Open-Meteo / NASA POWER / IMD (synthetic)
WX002211,REG025,2026-07-21,21.9,37.5,4.5,88.1,10.5,forecast,Open-Meteo / NASA POWER / IMD (synthetic)
WX002212,REG025,2026-07-22,23.2,36.3,18.5,83.0,9.0,forecast,Open-Meteo / NASA POWER / IMD (synthetic)
WX002213,REG025,2026-07-23,22.0,36.7,8.4,83.6,11.6,forecast,Open-Meteo / NASA POWER / IMD (synthetic)
WX002214,REG025,2026-07-24,17.3,30.3,1.3,91.2,5.7,forecast,Open-Meteo / NASA POWER / IMD (synthetic)
WX002215,REG025,2026-07-25,20.6,33.1,2.9,78.6,3.3,forecast,Open-Meteo / NASA POWER / IMD (synthetic)
WX002216,REG025,2026-07-26,22.2,32.5,15.6,87.5,11.3,forecast,Open-Meteo / NASA POWER / IMD (synthetic)
WX002217,REG025,2026-07-27,25.9,34.4,6.9,84.5,11.0,forecast,Open-Meteo / NASA POWER / IMD (synthetic)
WX002218,REG025,2026-07-28,22.1,31.9,7.2,75.5,8.7,forecast,Open-Meteo / NASA POWER / IMD (synthetic)
WX002219,REG025,2026-07-29,21.9,34.4,0.0,75.0,6.9,forecast,Open-Meteo / NASA POWER / IMD (synthetic)
WX002220,REG025,2026-07-30,22.5,38.1,6.8,80.7,9.0,forecast,Open-Meteo / NASA POWER / IMD (synthetic)
WX002221,REG025,2026-07-31,22.2,33.5,10.1,83.2,4.7,forecast,Open-Meteo / NASA POWER / IMD (synthetic)
WX002222,REG025,2026-08-01,24.7,33.3,0.4,80.4,9.8,forecast,Open-Meteo / NASA POWER / IMD (synthetic)
WX002223,REG025,2026-08-02,23.4,31.3,6.1,82.2,7.4,forecast,Open-Meteo / NASA POWER / IMD (synthetic)
WX002224,REG025,2026-08-03,22.5,35.6,10.4,79.7,7.9,forecast,Open-Meteo / NASA POWER / IMD (synthetic)
WX002225,REG025,2026-08-04,21.4,31.9,1.5,89.5,14.5,forecast,Open-Meteo / NASA POWER / IMD (synthetic)
WX002226,REG025,2026-08-05,23.3,38.3,4.7,83.0,13.4,forecast,Open-Meteo / NASA POWER / IMD (synthetic)
WX002227,REG025,2026-08-06,25.1,33.7,8.9,78.1,9.5,forecast,Open-Meteo / NASA POWER / IMD (synthetic)
WX002228,REG025,2026-08-07,20.9,31.3,2.2,88.3,5.8,forecast,Open-Meteo / NASA POWER / IMD (synthetic)
WX002229,REG025,2026-08-08,23.6,35.7,20.5,81.3,11.2,forecast,Open-Meteo / NASA POWER / IMD (synthetic)
WX002230,REG025,2026-08-09,21.0,38.3,12.8,79.3,4.3,forecast,Open-Meteo / NASA POWER / IMD (synthetic)
WX002231,REG025,2026-08-10,22.1,32.5,8.3,76.2,14.5,forecast,Open-Meteo / NASA POWER / IMD (synthetic)
WX002232,REG025,2026-08-11,23.7,35.9,9.6,70.9,11.8,forecast,Open-Meteo / NASA POWER / IMD (synthetic)
WX002233,REG025,2026-08-12,21.1,30.8,14.8,72.0,8.4,forecast,Open-Meteo / NASA POWER / IMD (synthetic)
WX002234,REG025,2026-08-13,21.6,35.0,3.7,81.4,9.9,forecast,Open-Meteo / NASA POWER / IMD (synthetic)
WX002235,REG025,2026-08-14,23.2,33.3,10.6,78.6,15.7,forecast,Open-Meteo / NASA POWER / IMD (synthetic)
WX002236,REG025,2026-08-15,22.1,35.5,4.4,70.0,7.5,forecast,Open-Meteo / NASA POWER / IMD (synthetic)
WX002237,REG025,2026-08-16,24.4,34.2,8.1,77.8,9.5,forecast,Open-Meteo / NASA POWER / IMD (synthetic)
WX002238,REG025,2026-08-17,23.4,35.3,11.9,74.0,8.3,forecast,Open-Meteo / NASA POWER / IMD (synthetic)
WX002239,REG025,2026-08-18,24.8,34.4,5.4,88.3,14.2,forecast,Open-Meteo / NASA POWER / IMD (synthetic)
WX002240,REG025,2026-08-19,24.3,33.1,14.6,83.9,11.2,forecast,Open-Meteo / NASA POWER / IMD (synthetic)
WX002241,REG025,2026-08-20,19.8,35.1,4.3,76.0,15.3,forecast,Open-Meteo / NASA POWER / IMD (synthetic)
WX002242,REG025,2026-08-21,22.6,32.2,2.0,82.3,5.2,forecast,Open-Meteo / NASA POWER / IMD (synthetic)
WX002243,REG025,2026-08-22,21.4,36.0,1.7,78.9,11.1,forecast,Open-Meteo / NASA POWER / IMD (synthetic)
WX002244,REG025,2026-08-23,22.2,32.8,8.1,82.9,14.6,forecast,Open-Meteo / NASA POWER / IMD (synthetic)
WX002245,REG025,2026-08-24,23.7,33.1,6.6,69.5,5.4,forecast,Open-Meteo / NASA POWER / IMD (synthetic)
WX002246,REG025,2026-08-25,22.1,35.6,6.3,76.0,9.3,forecast,Open-Meteo / NASA POWER / IMD (synthetic)
WX002247,REG025,2026-08-26,23.6,36.3,9.7,80.9,10.4,forecast,Open-Meteo / NASA POWER / IMD (synthetic)
WX002248,REG025,2026-08-27,20.3,34.8,18.8,81.7,7.0,forecast,Open-Meteo / NASA POWER / IMD (synthetic)
WX002249,REG025,2026-08-28,24.1,32.6,23.5,72.7,7.3,forecast,Open-Meteo / NASA POWER / IMD (synthetic)
WX002250,REG025,2026-08-29,23.2,34.2,11.4,84.4,6.8,forecast,Open-Meteo / NASA POWER / IMD (synthetic)
WX002251,REG026,2026-06-01,22.4,34.1,6.9,80.7,12.9,observed,Open-Meteo / NASA POWER / IMD (synthetic)
WX002252,REG026,2026-06-02,24.3,34.0,3.4,82.4,7.2,observed,Open-Meteo / NASA POWER / IMD (synthetic)
WX002253,REG026,2026-06-03,21.7,31.8,3.0,89.7,6.1,observed,Open-Meteo / NASA POWER / IMD (synthetic)
WX002254,REG026,2026-06-04,21.5,33.3,0.9,81.5,8.2,observed,Open-Meteo / NASA POWER / IMD (synthetic)
WX002255,REG026,2026-06-05,21.6,33.7,9.2,80.1,10.9,observed,Open-Meteo / NASA POWER / IMD (synthetic)
WX002256,REG026,2026-06-06,23.5,36.1,7.7,86.8,6.9,observed,Open-Meteo / NASA POWER / IMD (synthetic)
WX002257,REG026,2026-06-07,22.9,36.5,15.8,78.2,10.4,observed,Open-Meteo / NASA POWER / IMD (synthetic)
WX002258,REG026,2026-06-08,23.3,32.9,15.3,78.5,10.5,observed,Open-Meteo / NASA POWER / IMD (synthetic)
WX002259,REG026,2026-06-09,22.6,37.5,6.2,83.1,7.6,observed,Open-Meteo / NASA POWER / IMD (synthetic)
WX002260,REG026,2026-06-10,26.5,39.2,1.2,77.3,12.8,observed,Open-Meteo / NASA POWER / IMD (synthetic)
WX002261,REG026,2026-06-11,25.2,33.4,6.2,81.5,3.7,observed,Open-Meteo / NASA POWER / IMD (synthetic)
WX002262,REG026,2026-06-12,21.6,32.3,7.0,82.2,12.1,forecast,Open-Meteo / NASA POWER / IMD (synthetic)
WX002263,REG026,2026-06-13,22.3,34.3,0.5,86.3,13.0,forecast,Open-Meteo / NASA POWER / IMD (synthetic)
WX002264,REG026,2026-06-14,21.5,35.1,9.7,80.8,9.7,forecast,Open-Meteo / NASA POWER / IMD (synthetic)
WX002265,REG026,2026-06-15,20.6,34.4,1.2,79.2,11.0,forecast,Open-Meteo / NASA POWER / IMD (synthetic)
WX002266,REG026,2026-06-16,23.2,37.3,4.8,78.1,7.0,forecast,Open-Meteo / NASA POWER / IMD (synthetic)
WX002267,REG026,2026-06-17,21.5,35.8,5.9,92.8,16.9,forecast,Open-Meteo / NASA POWER / IMD (synthetic)
WX002268,REG026,2026-06-18,23.1,34.9,3.0,85.5,7.3,forecast,Open-Meteo / NASA POWER / IMD (synthetic)
WX002269,REG026,2026-06-19,22.9,35.3,7.4,74.9,11.0,forecast,Open-Meteo / NASA POWER / IMD (synthetic)
WX002270,REG026,2026-06-20,23.1,35.7,4.8,82.5,12.2,forecast,Open-Meteo / NASA POWER / IMD (synthetic)
WX002271,REG026,2026-06-21,22.0,33.1,5.4,73.5,9.5,forecast,Open-Meteo / NASA POWER / IMD (synthetic)
WX002272,REG026,2026-06-22,23.4,37.9,9.5,78.2,9.8,forecast,Open-Meteo / NASA POWER / IMD (synthetic)
WX002273,REG026,2026-06-23,20.7,33.7,3.6,82.2,9.5,forecast,Open-Meteo / NASA POWER / IMD (synthetic)
WX002274,REG026,2026-06-24,24.3,33.6,11.0,77.4,10.7,forecast,Open-Meteo / NASA POWER / IMD (synthetic)
WX002275,REG026,2026-06-25,21.8,35.1,7.1,76.1,8.5,forecast,Open-Meteo / NASA POWER / IMD (synthetic)
WX002276,REG026,2026-06-26,21.2,36.2,4.9,80.5,6.7,forecast,Open-Meteo / NASA POWER / IMD (synthetic)
WX002277,REG026,2026-06-27,21.8,33.4,20.9,75.9,7.1,forecast,Open-Meteo / NASA POWER / IMD (synthetic)
WX002278,REG026,2026-06-28,22.7,36.7,8.2,80.9,10.7,forecast,Open-Meteo / NASA POWER / IMD (synthetic)
WX002279,REG026,2026-06-29,22.4,33.4,5.0,74.7,8.3,forecast,Open-Meteo / NASA POWER / IMD (synthetic)
WX002280,REG026,2026-06-30,22.4,35.5,11.0,77.8,12.2,forecast,Open-Meteo / NASA POWER / IMD (synthetic)
WX002281,REG026,2026-07-01,24.0,34.8,3.2,76.7,13.2,forecast,Open-Meteo / NASA POWER / IMD (synthetic)
WX002282,REG026,2026-07-02,23.5,34.2,4.1,73.3,7.9,forecast,Open-Meteo / NASA POWER / IMD (synthetic)
WX002283,REG026,2026-07-03,22.8,32.3,3.9,84.8,7.0,forecast,Open-Meteo / NASA POWER / IMD (synthetic)
WX002284,REG026,2026-07-04,20.3,37.5,7.8,77.3,11.5,forecast,Open-Meteo / NASA POWER / IMD (synthetic)
WX002285,REG026,2026-07-05,23.4,34.2,2.8,81.2,9.7,forecast,Open-Meteo / NASA POWER / IMD (synthetic)
WX002286,REG026,2026-07-06,23.5,34.6,3.1,77.3,11.8,forecast,Open-Meteo / NASA POWER / IMD (synthetic)
WX002287,REG026,2026-07-07,23.0,35.5,1.6,78.6,9.1,forecast,Open-Meteo / NASA POWER / IMD (synthetic)
WX002288,REG026,2026-07-08,21.2,34.0,23.9,78.1,9.3,forecast,Open-Meteo / NASA POWER / IMD (synthetic)
WX002289,REG026,2026-07-09,23.4,33.9,15.1,70.7,8.4,forecast,Open-Meteo / NASA POWER / IMD (synthetic)
WX002290,REG026,2026-07-10,22.1,37.1,0.9,78.2,6.5,forecast,Open-Meteo / NASA POWER / IMD (synthetic)
WX002291,REG026,2026-07-11,20.0,35.0,8.1,75.4,8.6,forecast,Open-Meteo / NASA POWER / IMD (synthetic)
WX002292,REG026,2026-07-12,23.8,37.6,5.6,80.3,11.2,forecast,Open-Meteo / NASA POWER / IMD (synthetic)
WX002293,REG026,2026-07-13,22.3,35.7,1.4,82.9,12.4,forecast,Open-Meteo / NASA POWER / IMD (synthetic)
WX002294,REG026,2026-07-14,21.0,38.3,6.5,72.0,8.9,forecast,Open-Meteo / NASA POWER / IMD (synthetic)
WX002295,REG026,2026-07-15,24.7,35.2,12.5,79.7,9.4,forecast,Open-Meteo / NASA POWER / IMD (synthetic)
WX002296,REG026,2026-07-16,25.1,32.4,4.3,84.1,13.3,forecast,Open-Meteo / NASA POWER / IMD (synthetic)
WX002297,REG026,2026-07-17,21.7,32.3,8.0,73.6,11.2,forecast,Open-Meteo / NASA POWER / IMD (synthetic)
WX002298,REG026,2026-07-18,23.0,36.8,1.9,79.7,11.1,forecast,Open-Meteo / NASA POWER / IMD (synthetic)
WX002299,REG026,2026-07-19,23.5,35.9,1.5,84.0,7.3,forecast,Open-Meteo / NASA POWER / IMD (synthetic)
WX002300,REG026,2026-07-20,21.7,35.2,1.4,89.8,10.1,forecast,Open-Meteo / NASA POWER / IMD (synthetic)
WX002301,REG026,2026-07-21,24.3,34.5,16.6,82.4,14.8,forecast,Open-Meteo / NASA POWER / IMD (synthetic)
WX002302,REG026,2026-07-22,23.5,36.6,13.3,73.5,11.0,forecast,Open-Meteo / NASA POWER / IMD (synthetic)
WX002303,REG026,2026-07-23,22.0,33.4,10.9,83.5,10.9,forecast,Open-Meteo / NASA POWER / IMD (synthetic)
WX002304,REG026,2026-07-24,23.5,33.5,4.1,78.0,7.2,forecast,Open-Meteo / NASA POWER / IMD (synthetic)
WX002305,REG026,2026-07-25,22.0,35.0,7.3,86.2,14.8,forecast,Open-Meteo / NASA POWER / IMD (synthetic)
WX002306,REG026,2026-07-26,24.3,32.4,3.9,84.8,15.0,forecast,Open-Meteo / NASA POWER / IMD (synthetic)
WX002307,REG026,2026-07-27,22.0,33.6,6.7,87.6,14.8,forecast,Open-Meteo / NASA POWER / IMD (synthetic)
WX002308,REG026,2026-07-28,22.9,35.5,10.1,85.8,14.8,forecast,Open-Meteo / NASA POWER / IMD (synthetic)
WX002309,REG026,2026-07-29,20.4,34.3,7.5,82.8,6.9,forecast,Open-Meteo / NASA POWER / IMD (synthetic)
WX002310,REG026,2026-07-30,23.4,35.3,5.2,84.1,14.1,forecast,Open-Meteo / NASA POWER / IMD (synthetic)
WX002311,REG026,2026-07-31,22.1,36.3,5.4,77.3,11.9,forecast,Open-Meteo / NASA POWER / IMD (synthetic)
WX002312,REG026,2026-08-01,22.7,34.6,7.5,81.8,8.2,forecast,Open-Meteo / NASA POWER / IMD (synthetic)
WX002313,REG026,2026-08-02,24.4,35.6,10.2,85.5,11.1,forecast,Open-Meteo / NASA POWER / IMD (synthetic)
WX002314,REG026,2026-08-03,24.6,32.2,16.2,85.4,8.8,forecast,Open-Meteo / NASA POWER / IMD (synthetic)
WX002315,REG026,2026-08-04,23.7,34.4,4.6,85.9,5.6,forecast,Open-Meteo / NASA POWER / IMD (synthetic)
WX002316,REG026,2026-08-05,22.7,35.8,8.8,81.5,18.2,forecast,Open-Meteo / NASA POWER / IMD (synthetic)
WX002317,REG026,2026-08-06,23.4,34.3,12.7,72.9,9.4,forecast,Open-Meteo / NASA POWER / IMD (synthetic)
WX002318,REG026,2026-08-07,22.2,34.5,7.0,84.4,11.8,forecast,Open-Meteo / NASA POWER / IMD (synthetic)
WX002319,REG026,2026-08-08,22.1,33.9,6.0,82.1,13.3,forecast,Open-Meteo / NASA POWER / IMD (synthetic)
WX002320,REG026,2026-08-09,24.6,33.5,3.6,81.5,6.8,forecast,Open-Meteo / NASA POWER / IMD (synthetic)
WX002321,REG026,2026-08-10,22.5,34.0,7.1,75.1,5.2,forecast,Open-Meteo / NASA POWER / IMD (synthetic)
WX002322,REG026,2026-08-11,20.5,34.5,3.3,86.3,8.8,forecast,Open-Meteo / NASA POWER / IMD (synthetic)
WX002323,REG026,2026-08-12,20.7,35.7,2.6,83.5,7.8,forecast,Open-Meteo / NASA POWER / IMD (synthetic)
WX002324,REG026,2026-08-13,21.2,33.7,4.3,79.1,9.0,forecast,Open-Meteo / NASA POWER / IMD (synthetic)
WX002325,REG026,2026-08-14,22.1,34.7,6.4,80.4,15.9,forecast,Open-Meteo / NASA POWER / IMD (synthetic)
WX002326,REG026,2026-08-15,24.8,35.5,7.6,75.3,7.9,forecast,Open-Meteo / NASA POWER / IMD (synthetic)
WX002327,REG026,2026-08-16,23.4,33.3,7.6,80.6,6.1,forecast,Open-Meteo / NASA POWER / IMD (synthetic)
WX002328,REG026,2026-08-17,21.8,37.0,1.4,83.3,9.5,forecast,Open-Meteo / NASA POWER / IMD (synthetic)
WX002329,REG026,2026-08-18,22.3,36.5,14.2,86.6,13.1,forecast,Open-Meteo / NASA POWER / IMD (synthetic)
WX002330,REG026,2026-08-19,21.3,35.2,12.8,81.3,13.2,forecast,Open-Meteo / NASA POWER / IMD (synthetic)
WX002331,REG026,2026-08-20,22.8,37.1,9.9,78.4,5.1,forecast,Open-Meteo / NASA POWER / IMD (synthetic)
WX002332,REG026,2026-08-21,22.5,33.1,3.3,72.1,5.1,forecast,Open-Meteo / NASA POWER / IMD (synthetic)
WX002333,REG026,2026-08-22,21.2,37.1,5.8,86.9,10.9,forecast,Open-Meteo / NASA POWER / IMD (synthetic)
WX002334,REG026,2026-08-23,22.3,36.8,4.7,80.3,11.6,forecast,Open-Meteo / NASA POWER / IMD (synthetic)
WX002335,REG026,2026-08-24,23.4,36.1,10.5,88.6,5.9,forecast,Open-Meteo / NASA POWER / IMD (synthetic)
WX002336,REG026,2026-08-25,21.3,37.5,12.6,75.0,9.4,forecast,Open-Meteo / NASA POWER / IMD (synthetic)
WX002337,REG026,2026-08-26,22.5,34.5,9.6,82.1,12.1,forecast,Open-Meteo / NASA POWER / IMD (synthetic)
WX002338,REG026,2026-08-27,21.3,31.6,4.8,80.6,6.6,forecast,Open-Meteo / NASA POWER / IMD (synthetic)
WX002339,REG026,2026-08-28,21.7,34.2,0.7,72.5,10.2,forecast,Open-Meteo / NASA POWER / IMD (synthetic)
WX002340,REG026,2026-08-29,22.1,38.7,5.3,78.3,12.2,forecast,Open-Meteo / NASA POWER / IMD (synthetic)
WX002341,REG027,2026-06-01,25.1,37.6,15.4,81.9,10.6,observed,Open-Meteo / NASA POWER / IMD (synthetic)
WX002342,REG027,2026-06-02,20.6,36.9,4.4,81.8,9.4,observed,Open-Meteo / NASA POWER / IMD (synthetic)
WX002343,REG027,2026-06-03,24.7,37.8,5.0,87.6,14.3,observed,Open-Meteo / NASA POWER / IMD (synthetic)
WX002344,REG027,2026-06-04,21.9,37.6,2.7,78.8,7.5,observed,Open-Meteo / NASA POWER / IMD (synthetic)
WX002345,REG027,2026-06-05,24.1,37.8,15.2,81.0,9.6,observed,Open-Meteo / NASA POWER / IMD (synthetic)
WX002346,REG027,2026-06-06,25.7,41.7,10.6,83.9,7.7,observed,Open-Meteo / NASA POWER / IMD (synthetic)
WX002347,REG027,2026-06-07,26.1,41.0,7.2,85.7,11.5,observed,Open-Meteo / NASA POWER / IMD (synthetic)
WX002348,REG027,2026-06-08,26.2,36.5,2.4,75.6,15.0,observed,Open-Meteo / NASA POWER / IMD (synthetic)
WX002349,REG027,2026-06-09,22.5,35.1,8.1,78.6,13.1,observed,Open-Meteo / NASA POWER / IMD (synthetic)
WX002350,REG027,2026-06-10,24.5,36.4,13.4,86.0,14.7,observed,Open-Meteo / NASA POWER / IMD (synthetic)
WX002351,REG027,2026-06-11,24.8,38.9,1.4,80.6,3.6,observed,Open-Meteo / NASA POWER / IMD (synthetic)
WX002352,REG027,2026-06-12,24.5,37.4,17.5,76.7,10.5,forecast,Open-Meteo / NASA POWER / IMD (synthetic)
WX002353,REG027,2026-06-13,25.6,36.7,4.7,82.9,7.8,forecast,Open-Meteo / NASA POWER / IMD (synthetic)
WX002354,REG027,2026-06-14,22.8,35.6,7.2,82.1,14.2,forecast,Open-Meteo / NASA POWER / IMD (synthetic)
WX002355,REG027,2026-06-15,25.7,37.1,8.4,79.6,10.2,forecast,Open-Meteo / NASA POWER / IMD (synthetic)
WX002356,REG027,2026-06-16,23.6,40.9,10.6,76.9,11.3,forecast,Open-Meteo / NASA POWER / IMD (synthetic)
WX002357,REG027,2026-06-17,27.7,37.2,10.2,69.9,14.5,forecast,Open-Meteo / NASA POWER / IMD (synthetic)
WX002358,REG027,2026-06-18,24.5,36.1,9.1,89.7,7.0,forecast,Open-Meteo / NASA POWER / IMD (synthetic)
WX002359,REG027,2026-06-19,24.5,38.5,13.7,79.5,8.5,forecast,Open-Meteo / NASA POWER / IMD (synthetic)
WX002360,REG027,2026-06-20,25.0,35.6,10.8,88.5,9.6,forecast,Open-Meteo / NASA POWER / IMD (synthetic)
WX002361,REG027,2026-06-21,25.3,35.8,8.9,76.5,13.7,forecast,Open-Meteo / NASA POWER / IMD (synthetic)
WX002362,REG027,2026-06-22,22.3,34.7,8.5,80.1,9.9,forecast,Open-Meteo / NASA POWER / IMD (synthetic)
WX002363,REG027,2026-06-23,27.0,36.9,1.3,70.5,9.3,forecast,Open-Meteo / NASA POWER / IMD (synthetic)
WX002364,REG027,2026-06-24,23.7,37.0,9.9,80.9,13.2,forecast,Open-Meteo / NASA POWER / IMD (synthetic)
WX002365,REG027,2026-06-25,25.4,35.4,12.1,86.6,9.3,forecast,Open-Meteo / NASA POWER / IMD (synthetic)
WX002366,REG027,2026-06-26,23.9,37.2,11.3,75.9,4.0,forecast,Open-Meteo / NASA POWER / IMD (synthetic)
WX002367,REG027,2026-06-27,27.1,37.0,7.5,85.8,6.8,forecast,Open-Meteo / NASA POWER / IMD (synthetic)
WX002368,REG027,2026-06-28,23.7,35.5,9.9,78.0,12.3,forecast,Open-Meteo / NASA POWER / IMD (synthetic)
WX002369,REG027,2026-06-29,23.6,33.6,0.3,84.3,12.6,forecast,Open-Meteo / NASA POWER / IMD (synthetic)
WX002370,REG027,2026-06-30,27.1,36.7,9.8,85.0,8.4,forecast,Open-Meteo / NASA POWER / IMD (synthetic)
WX002371,REG027,2026-07-01,26.5,41.0,11.0,79.7,5.8,forecast,Open-Meteo / NASA POWER / IMD (synthetic)
WX002372,REG027,2026-07-02,24.9,36.2,4.9,93.0,11.6,forecast,Open-Meteo / NASA POWER / IMD (synthetic)
WX002373,REG027,2026-07-03,23.8,37.4,5.9,81.3,8.5,forecast,Open-Meteo / NASA POWER / IMD (synthetic)
WX002374,REG027,2026-07-04,26.0,39.1,19.2,78.4,9.0,forecast,Open-Meteo / NASA POWER / IMD (synthetic)
WX002375,REG027,2026-07-05,25.7,37.0,12.5,71.8,12.0,forecast,Open-Meteo / NASA POWER / IMD (synthetic)
WX002376,REG027,2026-07-06,22.4,37.7,9.0,79.7,8.5,forecast,Open-Meteo / NASA POWER / IMD (synthetic)
WX002377,REG027,2026-07-07,26.3,39.9,6.6,75.4,9.2,forecast,Open-Meteo / NASA POWER / IMD (synthetic)
WX002378,REG027,2026-07-08,24.6,35.7,7.7,85.2,9.8,forecast,Open-Meteo / NASA POWER / IMD (synthetic)
WX002379,REG027,2026-07-09,25.1,33.2,3.4,76.5,15.1,forecast,Open-Meteo / NASA POWER / IMD (synthetic)
WX002380,REG027,2026-07-10,27.1,39.9,4.3,81.0,11.0,forecast,Open-Meteo / NASA POWER / IMD (synthetic)
WX002381,REG027,2026-07-11,24.3,34.5,18.6,78.7,11.2,forecast,Open-Meteo / NASA POWER / IMD (synthetic)
WX002382,REG027,2026-07-12,25.6,36.9,3.1,77.3,9.6,forecast,Open-Meteo / NASA POWER / IMD (synthetic)
WX002383,REG027,2026-07-13,25.2,34.9,22.6,78.7,11.6,forecast,Open-Meteo / NASA POWER / IMD (synthetic)
WX002384,REG027,2026-07-14,26.8,36.3,20.2,71.9,12.6,forecast,Open-Meteo / NASA POWER / IMD (synthetic)
WX002385,REG027,2026-07-15,25.0,37.3,17.5,81.2,9.2,forecast,Open-Meteo / NASA POWER / IMD (synthetic)
WX002386,REG027,2026-07-16,23.7,35.5,8.7,78.2,12.4,forecast,Open-Meteo / NASA POWER / IMD (synthetic)
WX002387,REG027,2026-07-17,23.6,36.6,6.7,73.9,11.1,forecast,Open-Meteo / NASA POWER / IMD (synthetic)
WX002388,REG027,2026-07-18,24.4,33.5,6.6,78.4,12.4,forecast,Open-Meteo / NASA POWER / IMD (synthetic)
WX002389,REG027,2026-07-19,25.1,39.7,8.5,80.5,16.5,forecast,Open-Meteo / NASA POWER / IMD (synthetic)
WX002390,REG027,2026-07-20,24.0,35.8,4.4,78.1,12.2,forecast,Open-Meteo / NASA POWER / IMD (synthetic)
WX002391,REG027,2026-07-21,27.6,40.2,8.5,76.6,11.9,forecast,Open-Meteo / NASA POWER / IMD (synthetic)
WX002392,REG027,2026-07-22,23.8,33.5,4.4,89.0,13.1,forecast,Open-Meteo / NASA POWER / IMD (synthetic)
WX002393,REG027,2026-07-23,25.3,36.3,15.3,79.5,10.1,forecast,Open-Meteo / NASA POWER / IMD (synthetic)
WX002394,REG027,2026-07-24,23.5,35.0,4.5,81.9,11.4,forecast,Open-Meteo / NASA POWER / IMD (synthetic)
WX002395,REG027,2026-07-25,21.1,34.7,4.8,83.5,11.1,forecast,Open-Meteo / NASA POWER / IMD (synthetic)
WX002396,REG027,2026-07-26,24.6,35.9,4.5,83.7,13.0,forecast,Open-Meteo / NASA POWER / IMD (synthetic)
WX002397,REG027,2026-07-27,24.0,36.2,9.0,80.3,13.3,forecast,Open-Meteo / NASA POWER / IMD (synthetic)
WX002398,REG027,2026-07-28,25.1,34.1,4.2,80.9,8.3,forecast,Open-Meteo / NASA POWER / IMD (synthetic)
WX002399,REG027,2026-07-29,26.0,38.3,5.5,82.5,13.2,forecast,Open-Meteo / NASA POWER / IMD (synthetic)
WX002400,REG027,2026-07-30,26.1,34.1,3.1,74.9,10.2,forecast,Open-Meteo / NASA POWER / IMD (synthetic)
WX002401,REG027,2026-07-31,24.2,37.8,9.8,77.4,10.7,forecast,Open-Meteo / NASA POWER / IMD (synthetic)
WX002402,REG027,2026-08-01,23.2,36.4,14.7,75.6,16.5,forecast,Open-Meteo / NASA POWER / IMD (synthetic)
WX002403,REG027,2026-08-02,22.2,36.6,1.7,73.2,13.9,forecast,Open-Meteo / NASA POWER / IMD (synthetic)
WX002404,REG027,2026-08-03,26.8,37.4,9.3,76.4,12.3,forecast,Open-Meteo / NASA POWER / IMD (synthetic)
WX002405,REG027,2026-08-04,27.6,37.1,2.5,82.1,8.3,forecast,Open-Meteo / NASA POWER / IMD (synthetic)
WX002406,REG027,2026-08-05,25.8,38.4,2.4,83.0,7.2,forecast,Open-Meteo / NASA POWER / IMD (synthetic)
WX002407,REG027,2026-08-06,27.4,37.4,10.0,84.3,11.4,forecast,Open-Meteo / NASA POWER / IMD (synthetic)
WX002408,REG027,2026-08-07,25.5,34.5,8.6,80.8,4.6,forecast,Open-Meteo / NASA POWER / IMD (synthetic)
WX002409,REG027,2026-08-08,27.4,35.0,7.1,78.4,16.2,forecast,Open-Meteo / NASA POWER / IMD (synthetic)
WX002410,REG027,2026-08-09,23.2,36.3,9.6,81.2,7.0,forecast,Open-Meteo / NASA POWER / IMD (synthetic)
WX002411,REG027,2026-08-10,22.5,36.0,4.5,82.9,4.7,forecast,Open-Meteo / NASA POWER / IMD (synthetic)
WX002412,REG027,2026-08-11,26.2,38.1,18.6,79.3,13.4,forecast,Open-Meteo / NASA POWER / IMD (synthetic)
WX002413,REG027,2026-08-12,25.7,37.0,5.4,86.5,12.3,forecast,Open-Meteo / NASA POWER / IMD (synthetic)
WX002414,REG027,2026-08-13,25.4,41.0,8.9,81.3,10.6,forecast,Open-Meteo / NASA POWER / IMD (synthetic)
WX002415,REG027,2026-08-14,23.6,34.7,12.6,81.2,3.6,forecast,Open-Meteo / NASA POWER / IMD (synthetic)
WX002416,REG027,2026-08-15,24.1,40.9,5.4,78.3,6.2,forecast,Open-Meteo / NASA POWER / IMD (synthetic)
WX002417,REG027,2026-08-16,26.3,31.5,10.6,77.7,8.1,forecast,Open-Meteo / NASA POWER / IMD (synthetic)
WX002418,REG027,2026-08-17,24.7,39.3,4.3,83.8,10.0,forecast,Open-Meteo / NASA POWER / IMD (synthetic)
WX002419,REG027,2026-08-18,26.3,37.4,9.2,77.3,8.8,forecast,Open-Meteo / NASA POWER / IMD (synthetic)
WX002420,REG027,2026-08-19,22.5,36.2,8.2,71.0,12.7,forecast,Open-Meteo / NASA POWER / IMD (synthetic)
WX002421,REG027,2026-08-20,27.3,39.4,5.3,76.9,10.9,forecast,Open-Meteo / NASA POWER / IMD (synthetic)
WX002422,REG027,2026-08-21,22.9,37.3,9.8,85.4,14.9,forecast,Open-Meteo / NASA POWER / IMD (synthetic)
WX002423,REG027,2026-08-22,24.3,36.8,1.9,75.1,11.7,forecast,Open-Meteo / NASA POWER / IMD (synthetic)
WX002424,REG027,2026-08-23,23.2,33.3,2.7,90.4,12.6,forecast,Open-Meteo / NASA POWER / IMD (synthetic)
WX002425,REG027,2026-08-24,25.1,39.6,11.5,79.9,6.6,forecast,Open-Meteo / NASA POWER / IMD (synthetic)
WX002426,REG027,2026-08-25,24.3,35.6,15.7,75.3,9.5,forecast,Open-Meteo / NASA POWER / IMD (synthetic)
WX002427,REG027,2026-08-26,25.3,40.2,5.0,80.9,10.7,forecast,Open-Meteo / NASA POWER / IMD (synthetic)
WX002428,REG027,2026-08-27,25.7,36.2,6.4,96.3,11.4,forecast,Open-Meteo / NASA POWER / IMD (synthetic)
WX002429,REG027,2026-08-28,27.0,34.6,1.6,82.7,11.4,forecast,Open-Meteo / NASA POWER / IMD (synthetic)
WX002430,REG027,2026-08-29,23.0,36.7,9.2,85.8,4.7,forecast,Open-Meteo / NASA POWER / IMD (synthetic)
WX002431,REG028,2026-06-01,26.5,35.0,3.5,67.3,13.4,observed,Open-Meteo / NASA POWER / IMD (synthetic)
WX002432,REG028,2026-06-02,28.3,38.0,7.3,79.0,10.7,observed,Open-Meteo / NASA POWER / IMD (synthetic)
WX002433,REG028,2026-06-03,25.7,37.2,5.6,71.7,7.8,observed,Open-Meteo / NASA POWER / IMD (synthetic)
WX002434,REG028,2026-06-04,23.6,37.5,6.9,79.2,11.5,observed,Open-Meteo / NASA POWER / IMD (synthetic)
WX002435,REG028,2026-06-05,23.0,34.4,6.5,79.3,7.8,observed,Open-Meteo / NASA POWER / IMD (synthetic)
WX002436,REG028,2026-06-06,26.4,35.6,11.4,75.5,16.1,observed,Open-Meteo / NASA POWER / IMD (synthetic)
WX002437,REG028,2026-06-07,23.9,33.6,1.2,77.1,8.4,observed,Open-Meteo / NASA POWER / IMD (synthetic)
WX002438,REG028,2026-06-08,23.1,36.2,4.0,76.7,2.3,observed,Open-Meteo / NASA POWER / IMD (synthetic)
WX002439,REG028,2026-06-09,22.8,38.8,8.1,79.1,6.9,observed,Open-Meteo / NASA POWER / IMD (synthetic)
WX002440,REG028,2026-06-10,25.6,35.4,2.2,79.6,12.1,observed,Open-Meteo / NASA POWER / IMD (synthetic)
WX002441,REG028,2026-06-11,27.1,37.5,7.1,73.3,8.6,observed,Open-Meteo / NASA POWER / IMD (synthetic)
WX002442,REG028,2026-06-12,26.3,35.9,12.4,78.5,5.7,forecast,Open-Meteo / NASA POWER / IMD (synthetic)
WX002443,REG028,2026-06-13,26.3,36.5,5.2,83.4,13.8,forecast,Open-Meteo / NASA POWER / IMD (synthetic)
WX002444,REG028,2026-06-14,24.2,37.6,10.0,81.9,11.2,forecast,Open-Meteo / NASA POWER / IMD (synthetic)
WX002445,REG028,2026-06-15,25.2,37.1,13.8,82.3,5.6,forecast,Open-Meteo / NASA POWER / IMD (synthetic)
WX002446,REG028,2026-06-16,26.1,35.4,6.0,73.8,12.2,forecast,Open-Meteo / NASA POWER / IMD (synthetic)
WX002447,REG028,2026-06-17,25.3,36.1,5.7,83.3,11.5,forecast,Open-Meteo / NASA POWER / IMD (synthetic)
WX002448,REG028,2026-06-18,25.1,36.4,8.1,89.8,14.8,forecast,Open-Meteo / NASA POWER / IMD (synthetic)
WX002449,REG028,2026-06-19,22.9,37.8,6.3,73.8,7.3,forecast,Open-Meteo / NASA POWER / IMD (synthetic)
WX002450,REG028,2026-06-20,24.7,35.3,2.1,81.2,8.6,forecast,Open-Meteo / NASA POWER / IMD (synthetic)
WX002451,REG028,2026-06-21,27.5,35.0,13.1,83.4,13.8,forecast,Open-Meteo / NASA POWER / IMD (synthetic)
WX002452,REG028,2026-06-22,25.3,36.4,5.8,76.5,12.2,forecast,Open-Meteo / NASA POWER / IMD (synthetic)
WX002453,REG028,2026-06-23,26.5,36.8,4.2,77.0,9.5,forecast,Open-Meteo / NASA POWER / IMD (synthetic)
WX002454,REG028,2026-06-24,22.4,35.6,7.1,80.7,6.5,forecast,Open-Meteo / NASA POWER / IMD (synthetic)
WX002455,REG028,2026-06-25,23.1,39.1,8.0,73.4,10.6,forecast,Open-Meteo / NASA POWER / IMD (synthetic)
WX002456,REG028,2026-06-26,23.7,33.6,7.4,70.5,10.4,forecast,Open-Meteo / NASA POWER / IMD (synthetic)
WX002457,REG028,2026-06-27,22.5,34.9,11.6,86.6,4.7,forecast,Open-Meteo / NASA POWER / IMD (synthetic)
WX002458,REG028,2026-06-28,24.7,37.1,3.4,82.8,11.1,forecast,Open-Meteo / NASA POWER / IMD (synthetic)
WX002459,REG028,2026-06-29,23.4,41.1,6.9,82.9,15.3,forecast,Open-Meteo / NASA POWER / IMD (synthetic)
WX002460,REG028,2026-06-30,25.5,38.6,11.0,80.7,4.3,forecast,Open-Meteo / NASA POWER / IMD (synthetic)
WX002461,REG028,2026-07-01,20.3,36.7,2.0,76.7,5.8,forecast,Open-Meteo / NASA POWER / IMD (synthetic)
WX002462,REG028,2026-07-02,22.3,37.6,5.0,82.6,13.6,forecast,Open-Meteo / NASA POWER / IMD (synthetic)
WX002463,REG028,2026-07-03,24.4,37.5,3.7,76.1,3.4,forecast,Open-Meteo / NASA POWER / IMD (synthetic)
WX002464,REG028,2026-07-04,24.0,37.4,12.7,79.2,13.7,forecast,Open-Meteo / NASA POWER / IMD (synthetic)
WX002465,REG028,2026-07-05,23.9,38.3,8.8,71.7,11.1,forecast,Open-Meteo / NASA POWER / IMD (synthetic)
WX002466,REG028,2026-07-06,22.8,34.3,3.6,91.7,10.9,forecast,Open-Meteo / NASA POWER / IMD (synthetic)
WX002467,REG028,2026-07-07,24.7,35.5,4.9,71.7,16.7,forecast,Open-Meteo / NASA POWER / IMD (synthetic)
WX002468,REG028,2026-07-08,25.5,36.6,1.7,74.4,12.1,forecast,Open-Meteo / NASA POWER / IMD (synthetic)
WX002469,REG028,2026-07-09,26.7,34.3,7.9,82.9,10.4,forecast,Open-Meteo / NASA POWER / IMD (synthetic)
WX002470,REG028,2026-07-10,27.3,37.6,8.6,87.5,6.9,forecast,Open-Meteo / NASA POWER / IMD (synthetic)
WX002471,REG028,2026-07-11,25.0,33.8,3.8,79.4,6.5,forecast,Open-Meteo / NASA POWER / IMD (synthetic)
WX002472,REG028,2026-07-12,22.7,37.1,10.4,84.3,7.2,forecast,Open-Meteo / NASA POWER / IMD (synthetic)
WX002473,REG028,2026-07-13,23.3,33.3,2.3,75.5,11.2,forecast,Open-Meteo / NASA POWER / IMD (synthetic)
WX002474,REG028,2026-07-14,23.6,38.0,23.4,82.8,11.5,forecast,Open-Meteo / NASA POWER / IMD (synthetic)
WX002475,REG028,2026-07-15,24.5,36.7,3.2,86.0,12.9,forecast,Open-Meteo / NASA POWER / IMD (synthetic)
WX002476,REG028,2026-07-16,24.9,33.3,15.7,78.6,13.8,forecast,Open-Meteo / NASA POWER / IMD (synthetic)
WX002477,REG028,2026-07-17,24.3,37.2,2.4,89.0,8.3,forecast,Open-Meteo / NASA POWER / IMD (synthetic)
WX002478,REG028,2026-07-18,25.8,37.8,5.8,80.8,11.6,forecast,Open-Meteo / NASA POWER / IMD (synthetic)
WX002479,REG028,2026-07-19,23.2,35.6,7.6,75.3,10.7,forecast,Open-Meteo / NASA POWER / IMD (synthetic)
WX002480,REG028,2026-07-20,26.5,37.8,11.3,85.9,6.4,forecast,Open-Meteo / NASA POWER / IMD (synthetic)
WX002481,REG028,2026-07-21,22.8,35.8,14.2,71.2,11.1,forecast,Open-Meteo / NASA POWER / IMD (synthetic)
WX002482,REG028,2026-07-22,26.4,39.4,16.9,76.2,12.2,forecast,Open-Meteo / NASA POWER / IMD (synthetic)
WX002483,REG028,2026-07-23,25.1,36.6,21.7,80.8,10.5,forecast,Open-Meteo / NASA POWER / IMD (synthetic)
WX002484,REG028,2026-07-24,25.8,40.1,3.2,83.0,5.8,forecast,Open-Meteo / NASA POWER / IMD (synthetic)
WX002485,REG028,2026-07-25,24.4,37.0,2.5,84.2,12.0,forecast,Open-Meteo / NASA POWER / IMD (synthetic)
WX002486,REG028,2026-07-26,24.5,37.2,7.5,85.2,6.6,forecast,Open-Meteo / NASA POWER / IMD (synthetic)
WX002487,REG028,2026-07-27,27.4,37.5,11.8,79.0,9.7,forecast,Open-Meteo / NASA POWER / IMD (synthetic)
WX002488,REG028,2026-07-28,23.3,35.5,7.4,83.6,13.1,forecast,Open-Meteo / NASA POWER / IMD (synthetic)
WX002489,REG028,2026-07-29,23.9,40.7,3.8,75.7,10.5,forecast,Open-Meteo / NASA POWER / IMD (synthetic)
WX002490,REG028,2026-07-30,24.8,33.4,0.9,78.4,4.5,forecast,Open-Meteo / NASA POWER / IMD (synthetic)
WX002491,REG028,2026-07-31,24.5,34.8,5.1,85.1,15.3,forecast,Open-Meteo / NASA POWER / IMD (synthetic)
WX002492,REG028,2026-08-01,24.2,38.1,5.8,82.4,6.0,forecast,Open-Meteo / NASA POWER / IMD (synthetic)
WX002493,REG028,2026-08-02,27.1,35.4,2.3,76.0,9.8,forecast,Open-Meteo / NASA POWER / IMD (synthetic)
WX002494,REG028,2026-08-03,27.2,37.4,0.6,77.1,4.8,forecast,Open-Meteo / NASA POWER / IMD (synthetic)
WX002495,REG028,2026-08-04,25.0,35.9,8.7,79.5,13.4,forecast,Open-Meteo / NASA POWER / IMD (synthetic)
WX002496,REG028,2026-08-05,22.0,35.8,20.6,92.5,8.1,forecast,Open-Meteo / NASA POWER / IMD (synthetic)
WX002497,REG028,2026-08-06,23.6,37.4,14.9,73.9,5.6,forecast,Open-Meteo / NASA POWER / IMD (synthetic)
WX002498,REG028,2026-08-07,25.5,32.3,2.3,70.7,13.5,forecast,Open-Meteo / NASA POWER / IMD (synthetic)
WX002499,REG028,2026-08-08,22.2,41.0,6.9,78.6,2.5,forecast,Open-Meteo / NASA POWER / IMD (synthetic)
WX002500,REG028,2026-08-09,26.3,38.0,2.9,71.8,9.6,forecast,Open-Meteo / NASA POWER / IMD (synthetic)
WX002501,REG028,2026-08-10,24.9,33.8,5.0,81.8,7.9,forecast,Open-Meteo / NASA POWER / IMD (synthetic)
WX002502,REG028,2026-08-11,22.5,38.4,6.0,77.8,14.8,forecast,Open-Meteo / NASA POWER / IMD (synthetic)
WX002503,REG028,2026-08-12,24.5,34.2,3.8,79.5,9.9,forecast,Open-Meteo / NASA POWER / IMD (synthetic)
WX002504,REG028,2026-08-13,25.2,37.9,9.9,78.5,11.3,forecast,Open-Meteo / NASA POWER / IMD (synthetic)
WX002505,REG028,2026-08-14,24.0,37.3,17.8,81.0,6.8,forecast,Open-Meteo / NASA POWER / IMD (synthetic)
WX002506,REG028,2026-08-15,24.5,37.4,7.6,73.6,8.5,forecast,Open-Meteo / NASA POWER / IMD (synthetic)
WX002507,REG028,2026-08-16,23.8,35.3,2.7,78.6,14.1,forecast,Open-Meteo / NASA POWER / IMD (synthetic)
WX002508,REG028,2026-08-17,25.2,38.0,7.8,82.4,10.4,forecast,Open-Meteo / NASA POWER / IMD (synthetic)
WX002509,REG028,2026-08-18,22.6,37.7,21.3,79.0,7.5,forecast,Open-Meteo / NASA POWER / IMD (synthetic)
WX002510,REG028,2026-08-19,24.6,36.8,21.5,81.0,14.5,forecast,Open-Meteo / NASA POWER / IMD (synthetic)
WX002511,REG028,2026-08-20,27.3,36.4,4.2,75.4,7.7,forecast,Open-Meteo / NASA POWER / IMD (synthetic)
WX002512,REG028,2026-08-21,23.4,36.1,21.9,85.6,8.3,forecast,Open-Meteo / NASA POWER / IMD (synthetic)
WX002513,REG028,2026-08-22,25.1,36.0,17.5,82.9,12.3,forecast,Open-Meteo / NASA POWER / IMD (synthetic)
WX002514,REG028,2026-08-23,25.9,38.4,11.8,77.2,14.9,forecast,Open-Meteo / NASA POWER / IMD (synthetic)
WX002515,REG028,2026-08-24,24.2,34.9,5.5,69.6,7.7,forecast,Open-Meteo / NASA POWER / IMD (synthetic)
WX002516,REG028,2026-08-25,23.4,37.6,4.3,78.3,8.1,forecast,Open-Meteo / NASA POWER / IMD (synthetic)
WX002517,REG028,2026-08-26,22.7,37.3,6.2,89.9,17.2,forecast,Open-Meteo / NASA POWER / IMD (synthetic)
WX002518,REG028,2026-08-27,25.0,38.2,14.8,90.9,8.2,forecast,Open-Meteo / NASA POWER / IMD (synthetic)
WX002519,REG028,2026-08-28,24.6,37.4,5.9,75.6,9.6,forecast,Open-Meteo / NASA POWER / IMD (synthetic)
WX002520,REG028,2026-08-29,24.6,38.5,3.6,75.7,9.1,forecast,Open-Meteo / NASA POWER / IMD (synthetic)
